Ngram,Count,Katz_Prob
"गया है । </s>",94329,0.996634864285186
"रहा है । </s>",92139,0.9956828546110786
"रही है । </s>",73230,0.9958590583947562
"रहे हैं । </s>",71056,0.9925754676128348
"गई है । </s>",51554,0.9978804947447883
"किया है । </s>",41571,0.9958198586657084
"जाता है । </s>",39065,0.9976377148402584
". . . </s>",36231,0.6773448746471237
"सकता है । </s>",35669,0.9912873103218276
"<s> उन्होंने कहा कि",35620,0.9401261613175675
"नहीं है । </s>",34051,0.9892649622312609
"सकते हैं । </s>",33636,0.9927833530106257
"किया गया । </s>",32979,0.9989549571380971
"गया था । </s>",32789,0.998431790499391
"जा रहा है ।",32599,0.6246119946349875
"दिया है । </s>",32158,0.9964520327218641
"की है । </s>",31156,0.9969440977888707
"होता है । </s>",25081,0.9946264276649747
"गए हैं । </s>",24967,0.997423195237905
"का कहना है कि",24737,0.9879583033788641
"किया गया है ।",24595,0.755382536318683
"जा रही है ।",22481,0.7756175821142699
"हो गई । </s>",22273,0.9990804288341631
"कर दिया । </s>",21664,0.9974446337308348
"हुआ है । </s>",20837,0.9963896327467483
"दी है । </s>",20629,0.9975579089897965
"कर रहे हैं ।",19949,0.6568056104306598
"हुई है । </s>",19160,0.9970597418817652
"करते हैं । </s>",18859,0.991508937960042
"किया था । </s>",18851,0.9981203007518797
"सकती है । </s>",18238,0.992517006802721
"गया है . </s>",17982,0.9852336858254342
"रहे थे । </s>",17940,0.9974701139838754
"हो गया । </s>",17892,0.997630199620832
"रहा है . </s>",17848,0.9779987944544907
"गई थी । </s>",17411,0.9983657319800447
"रहे हैं . </s>",16950,0.9747254011156479
"होती है । </s>",16924,0.996144564129731
"किया जा रहा है",16722,0.9221076431013566
"दिया गया है ।",16558,0.7601459921035718
"<s> बता दें कि",16530,0.9775563309480159
"रहा था । </s>",16461,0.9980294670466259
"किया जाएगा । </s>",16416,0.994336422557393
"रही हैं । </s>",16105,0.9953952654675814
"जाती है । </s>",16004,0.9961097970870161
"करता है । </s>",15941,0.9950374531835205
". . . .",15408,0.28804987941445903
"की थी । </s>",15065,0.9981778425655977
"रही है . </s>",14734,0.9787099774146406
"की गई । </s>",14561,0.9999656616990591
"लिया है । </s>",13892,0.997093023255814
"नई दिल्ली । </s>",13624,0.9999633000587199
"दिया गया । </s>",13518,0.9978223961024582
"चुके हैं । </s>",13478,0.9983333333333333
"जा सकता है ।",13323,0.6602815086484611
"हो गए । </s>",12909,0.9999612673328685
"कर सकते हैं ।",12899,0.6882136378188027
"दिया था । </s>",12782,0.9983986877050461
"की जा रही है",12582,0.8540832258502478
"कर दिया है ।",12120,0.7306185194116228
"की गई है ।",12097,0.8000330687830688
"हो गया है ।",11967,0.7410056350238405
"गए थे । </s>",11897,0.9977774050155163
"<s> उन्होंने बताया कि",11817,0.9796468247388492
"चुकी है । </s>",11594,0.9972903225806452
"जाते हैं । </s>",11537,0.9970184080891885
"कर रही है ।",11510,0.7262888874865905
"<s> नई दिल्ली ।",11359,0.7268974785613721
"हो गई है ।",11301,0.7659798007184979
"चुका है । </s>",11219,0.9978208663168193
"रही थी । </s>",10762,0.9975435669262143
"जा रहा है कि",10761,0.2061793447020502
"हुए हैं । </s>",10686,0.996595784368588
"हुआ था । </s>",10569,0.9999526918346107
"मौत हो गई ।",10438,0.6269898480206644
"किया है . </s>",10054,0.9841899167890358
"<s> इसके साथ ही",9848,0.9605442840421381
"हो रहा है ।",9838,0.691661393517542
"हो रही है ।",9478,0.7368605193593531
"की जाएगी । </s>",9453,0.9938492272105982
"किया गया था ।",9434,0.7186333511084025
"की मौत हो गई",9270,0.7359082248332804
"दी गई है ।",9205,0.7890022286987828
"हुई थी । </s>",9082,0.9999449460471261
"के साथ - साथ",9032,0.999944641275465
"<s> गौरतलब है कि",8895,0.9937988826815642
"होते हैं । </s>",8759,0.9963030371971334
"गई है . </s>",8714,0.9861362607514712
"जा रहे हैं ।",8686,0.7108773940088394
"ने कहा है कि",8671,0.9925022893772893
"किया जा सकता है",8440,0.8663005543009649
"कर दिया गया है",8403,0.5044728626320846
"किया जाता है ।",8356,0.707134394041977
"हो सकता है ।",8134,0.6277301844562785
"सकते हैं . </s>",8047,0.9818791946308725
"दी गई । </s>",8044,0.9999378418697166
"में है । </s>",8043,0.9951125958921059
"कर दी । </s>",7967,0.9999372411196185
"शामिल हैं । </s>",7918,0.9967896260858617
"सकता है . </s>",7874,0.9789257739649384
"जाता है . </s>",7862,0.9834250688016012
"नहीं है . </s>",7740,0.9575034022021527
"दिया है . </s>",7692,0.9843230099820834
"कर रहा है ।",7598,0.6939623675557179
"बताया जा रहा है",7405,0.9705728142613711
"कर दी है ।",7098,0.8110501656953492
"की है . </s>",7094,0.9857559755419678
"आया है । </s>",7062,0.9959802538787024
"दी थी । </s>",6640,0.9999246987951808
"गया था . </s>",6635,0.9908154121863799
"करते हुए कहा कि",6622,0.8130525540275049
"आई है । </s>",6574,0.9964377747460967
"रहता है । </s>",6514,0.9967100229533282
"करती है । </s>",6284,0.9929677623261695
"कर लिया । </s>",6239,0.9999198589517551
"हो सकती है ।",6238,0.7315857377433732
"<s> आपको बता दें",6176,0.9380981315509646
"गई हैं । </s>",6175,0.9962084543401097
"चल रहा है ।",6157,0.7659243592933566
"रहते हैं । </s>",6148,0.9949020877164589
"में हैं । </s>",6147,0.9944183789030901
"- - - -",6091,0.9999179116729601
"दिया जाएगा । </s>",6079,0.9941936539090612
"कहा गया है कि",6015,0.7184065934065934
"जारी है । </s>",5968,0.9964100851561195
"कर रहे थे ।",5858,0.7250278499814333
"आपको बता दें कि",5850,0.9654233371843538
"है । ' </s>",5844,0.9999144421629022
"<s> इस मौके पर",5772,0.999913374913375
"<s> इस अवसर पर",5731,0.9999127551910661
"जा रहा है .",5707,0.10934086989844798
"हो चुकी है ।",5675,0.7255466052934407
"<s> हाल ही में",5568,0.9883720930232558
"देते हैं । </s>",5565,0.9913593443791199
"कर लिया है ।",5550,0.780300899887514
"का आयोजन किया गया",5541,0.6400023102691463
"होता है . </s>",5356,0.9730196220930233
"दिए हैं । </s>",5251,0.9999047800418968
"देता है । </s>",5231,0.9999044159816479
"सिंह ने बताया कि",5221,0.9790885221305327
"<s> इस मामले में",5185,0.7630997939358257
"कर रहे हैं .",5183,0.17063413670485975
"मिली है । </s>",5088,0.9938464543856222
"<s> बताया जा रहा",5024,0.9999004777070064
"जानकारी दी । </s>",4989,0.9998997795149328
"करना चाहिए । </s>",4952,0.9885206628069475
"नहीं हैं । </s>",4927,0.986483780536644
"हुए थे । </s>",4906,0.9998980839788014
"लिया था । </s>",4893,0.995219690805533
"भी है । </s>",4885,0.9954147136743428
"किया था . </s>",4875,0.9931744091279544
"ली है । </s>",4854,0.999896992171405
"की बात करें तो",4836,0.9998966087675765
"रहे है । </s>",4834,0.9998965659908978
"हो गए हैं ।",4800,0.7439931793520385
"का है । </s>",4780,0.9998953974895397
"कर दिया गया ।",4771,0.28641330451488956
"आ रहे हैं ।",4730,0.7158316936582413
"मिला है । </s>",4677,0.9956355120289546
"रही हैं . </s>",4656,0.9848741273535012
"रहती है । </s>",4635,0.9998921251348436
"जरूरत है । </s>",4606,0.9788522848034006
"शामिल है । </s>",4560,0.999890350877193
"करना होगा । </s>",4535,0.98704832390074
"लिया गया है ।",4534,0.7770826191292424
"आयोजन किया गया ।",4479,0.7990187332738626
"दी है . </s>",4449,0.9927471546529792
"हो जाता है ।",4447,0.6246838999719022
"किया गया है .",4437,0.13626032740563285
"गए हैं . </s>",4415,0.9862600536193029
"हो जाएगा । </s>",4407,0.9868980963045912
"पर है । </s>",4383,0.9998859228838695
"लगा है । </s>",4378,0.9998857925993604
"की जरूरत है ।",4358,0.7163406214039125
"जा सके । </s>",4341,0.9889496468443837
"आए हैं । </s>",4308,0.9948036951501155
"लोगों की मौत हो",4307,0.669751166407465
"की गई थी ।",4283,0.7759557890922268
"किए हैं । </s>",4279,0.9998831502687544
"कर दिया था ।",4268,0.7144650929181315
"हुआ है . </s>",4263,0.9846384846384847
"में कहा गया है",4253,0.7696832579185521
"सकती है . </s>",4221,0.9835702633418784
"जरूरी है । </s>",4219,0.9911889097744361
"दिया गया था ।",4139,0.7502719361856418
"सिंह ने कहा कि",4134,0.8889247311827957
"<s> डॉ . </s>",4124,0.9998787584869059
"चाहते हैं । </s>",4115,0.9794096643656273
"में भर्ती कराया गया",4059,0.743723657687374
"हुई है . </s>",4049,0.9891277791351087
"वाला है । </s>",4048,0.9998764822134387
"होना चाहिए । </s>",4044,0.9871826171875
"लिया गया । </s>",4035,0.9998760842627014
"आता है । </s>",3974,0.993871935967984
"हो चुका है ।",3968,0.7197931785195936
"की थी . </s>",3954,0.9933417085427135
"<s> इतना ही नहीं",3953,0.975925925925926
"करते हैं . </s>",3941,0.967468696292659
"नहीं था । </s>",3935,0.9925580221997982
"सकती हैं । </s>",3919,0.9940385591070523
"है । "" </s>",3895,0.9998716302952503
"करते थे । </s>",3895,0.9998716302952503
"करना है । </s>",3885,0.9881709488679725
"शुरू कर दी है",3885,0.4811122120386426
"दी जाएगी । </s>",3879,0.9919437340153453
"मिलता है । </s>",3877,0.9998710343048749
"<s> जानकारी के अनुसार",3863,0.5346760797342193
"गयी है । </s>",3853,0.9998702309888399
"की मांग की है",3852,0.367544613035595
"हो गई थी ।",3781,0.7732665166700757
"हो रहे हैं ।",3777,0.7604712041884817
"माना जाता है ।",3767,0.5737242955064737
"आते हैं । </s>",3740,0.9998663101604278
"की जाती है ।",3739,0.7423550436854647
"को संबोधित करते हुए",3738,0.9761034212588143
"किए गए हैं ।",3737,0.8231989424983477
"जा रही है .",3708,0.12791540160088324
"आ रही है ।",3702,0.6612182922472312
"जा रहा था ।",3694,0.6928343650347026
"कर सकता है ।",3683,0.7035727932747421
"अस्पताल में भर्ती कराया",3671,0.6554464285714285
"<s> उल्लेखनीय है कि",3644,0.9998627881448957
"लगी है । </s>",3637,0.9998625240582898
"माना जा रहा है",3619,0.890378937007874
"होती है . </s>",3610,0.9765963203463204
"चल रही है ।",3592,0.7538832913518052
"हो गया था ।",3588,0.7422925719015104
"चुके हैं . </s>",3576,0.9929186337128575
"को गिरफ्तार कर लिया",3562,0.8081461311549807
"ने कहा था कि",3527,0.9645787746170679
"<s> इस संबंध में",3523,0.999858075503832
"घायल हो गए ।",3517,0.7322990420658059
"बात यह है कि",3508,0.985252808988764
"जाना चाहिए । </s>",3499,0.9802465676660129
"का मानना है कि",3494,0.9916264547260857
"रखा है । </s>",3481,0.9998563631140477
"दे रहे हैं ।",3464,0.7062601957585645
"प्रधानमंत्री नरेंद्र मोदी ने",3433,0.3688480550182678
"कर दिया . </s>",3432,0.9731990924560409
"पड़ता है । </s>",3425,0.9914591777649102
"कोविड - 19 के",3415,0.3232509703682666
"संभावना है । </s>",3408,0.9911285631180919
"किया जाए । </s>",3407,0.9902616279069767
"मांग की है ।",3406,0.7396828844483058
"कुमार ने बताया कि",3401,0.9785611510791367
"दिया गया है .",3380,0.15515104214489028
"रहे थे . </s>",3370,0.9826480023330417
"कर दी गई है",3353,0.4675732217573222
"जा सकती है ।",3341,0.7400310146211786
"लगे हैं । </s>",3336,0.9998501199040767
"दिया जा रहा है",3332,0.9090040927694406
"सामने आया है ।",3311,0.6430652680652681
"<s> प्रधानमंत्री नरेंद्र मोदी",3299,0.9998484389208852
"जाती है . </s>",3295,0.9849028400597908
"हो जाती है ।",3284,0.6357212003872217
"मांग की । </s>",3280,0.9998475609756098
"हो सकते हैं ।",3260,0.7285426911041574
"मिले हैं । </s>",3239,0.9998456313677061
"लगता है । </s>",3214,0.9998444306160548
"कर सकते हैं .",3201,0.17076619357592573
"किए गए । </s>",3189,0.9998432110379429
"किया गया . </s>",3159,0.98888541014402
"दिए गए हैं ।",3158,0.8032307300941236
"ने किया । </s>",3152,0.9998413705583756
"आए थे । </s>",3134,0.9998404594767071
"आ रहा है ।",3134,0.679865480581471
"दिया था . </s>",3132,0.9922370088719898
"बनाया गया है ।",3110,0.799357326478149
"की मांग की ।",3105,0.29625918503674015
"कर रही हैं ।",3090,0.6992983250339521
"चुकी हैं । </s>",3084,0.9998378728923476
"गंभीर रूप से घायल",3075,0.8107858649789029
"हो चुके हैं ।",3055,0.7044511070110702
"करती हैं । </s>",3040,0.9998355263157894
"करता था । </s>",3030,0.9998349834983499
"कराया गया । </s>",3024,0.999834656084656
"में से एक है",3022,0.4531343731253749
"मिल रहा है ।",3014,0.7546957175056349
"की संभावना है ।",3004,0.7876999737739313
"लगाया है । </s>",2990,0.9998327759197324
"नई दिल्ली . </s>",2986,0.9998325519089082
"ही है । </s>",2986,0.9912018592297477
"रखा गया है ।",2985,0.7872592983381693
"जा सकता है .",2972,0.14727164593348863
"गई थी . </s>",2961,0.9998311381290105
"के बारे में जानकारी",2948,0.10260739399846829
"मामला सामने आया है",2942,0.8585814360770578
"करता है . </s>",2941,0.9785357737104825
"हो जाएगी । </s>",2932,0.9857094821788837
"गिरफ्तार किया है ।",2930,0.8355675984027382
"जाती हैं । </s>",2926,0.9998291182501708
"लिया है . </s>",2922,0.9998288843258042
"सरकार की ओर से",2917,0.9998285910181693
"<s> उत्तर प्रदेश के",2913,0.47636571802420674
"<s> जानकारी के मुताबिक",2909,0.40261627906976744
"पड़ रहा है ।",2905,0.8423723897911833
"एक बार फिर से",2901,0.5614595431668602
"<s> नई दिल्ली .",2895,0.18523614488672724
"जा चुका है ।",2879,0.776294498381877
"निर्देश दिए । </s>",2879,0.9998263285863147
"प्रदर्शन किया । </s>",2878,0.9998262682418346
"कर ली । </s>",2854,0.9998248072880168
"कर दिया है .",2852,0.1719013744875814
"शुरू कर दिया है",2852,0.3746058854440357
"<s> भोपाल । </s>",2841,0.9998240056318198
"वाले हैं । </s>",2840,0.9998239436619718
"आया था । </s>",2825,0.9998230088495575
"नहीं होगा । </s>",2812,0.9864912280701754
"होने की वजह से",2809,0.9998220007119971
"मौजूद थे । </s>",2798,0.9998213009292352
"मिलती है । </s>",2768,0.9998193641618497
"दिया जाता है ।",2766,0.7111082540498843
"रहा था . </s>",2749,0.974645390070922
"कहा जाता है ।",2741,0.4879807692307692
"बात कही । </s>",2736,0.9998172514619883
"कहा है । </s>",2731,0.9998169168802636
"पहुंच गए । </s>",2709,0.9998154300479882
"जाता था । </s>",2706,0.9998152254249815
"का आरोप है कि",2688,0.7634943181818182
"वाली है । </s>",2684,0.9998137108792846
"होती हैं । </s>",2674,0.99981301421092
"है . . .",2654,0.6678832116788321
"होनी चाहिए । </s>",2648,0.9864008941877794
"चुकी है . </s>",2640,0.9908033033033034
"हैं । ' </s>",2640,0.999810606060606
"<s> मुंबई । </s>",2629,0.999809813617345
"हो गई . </s>",2618,0.9799700486709098
"सकते है । </s>",2600,0.9998076923076923
"शुरू कर दिया ।",2588,0.33992380451918025
"भी हैं । </s>",2585,0.9998065764023211
"कर रही है .",2583,0.1629645989777245
"बताया जाता है कि",2576,0.8625251172136638
"कर लिया गया है",2548,0.5873875951118285
"काम कर रहे हैं",2541,0.7565515187611673
"लेते हैं । </s>",2538,0.9998029944838456
"निरीक्षण किया । </s>",2523,0.9998018232263178
"को रोकने के लिए",2513,0.949187759727994
"से बचने के लिए",2512,0.9484516616314199
"हुई हैं । </s>",2500,0.9998
"हो गया . </s>",2495,0.9767032106499608
"मच गया । </s>",2485,0.9997987927565393
"बना हुआ है ।",2478,0.7862583306886702
"नजर आ रहे हैं",2474,0.8473792394655704
"देते हुए कहा कि",2470,0.7802527646129542
"ने हाल ही में",2469,0.9997974888618874
"नहीं थी । </s>",2455,0.99979633401222
"<s> 🔊 पूरी खबर",2453,0.999796167957603
"🔊 पूरी खबर सुने",2449,0.999795835034708
"देती है । </s>",2448,0.9997957516339869
"कराया गया है ।",2444,0.8345286885245902
"जाते हैं . </s>",2443,0.9836890857833266
"<s> आरोप है कि",2443,0.9997953336062219
"मुझे लगता है कि",2437,0.9997948297086582
"जा रही हैं ।",2431,0.768173198482933
"हो गया है .",2424,0.1500712118397424
"नहीं हुआ । </s>",2422,0.9916052416052417
"ले गए । </s>",2418,0.999793217535153
"<s> 1 . </s>",2417,0.9997931319817956
"ध्यान में रखते हुए",2417,0.9823170731707317
"आती है । </s>",2409,0.9997924449979244
"यह भी कहा कि",2400,0.6297900262467192
"को गिरफ्तार किया है",2396,0.4313107670147641
"हुए हैं . </s>",2395,0.9997912317327766
"मौजूद रहे । </s>",2392,0.9997909698996655
"आवश्यकता है । </s>",2390,0.9997907949790795
"<s> बताया जाता है",2389,0.9997907074089577
"को कहा । </s>",2389,0.9997907074089577
"नहीं किया । </s>",2383,0.9997901804448175
"का फैसला किया है",2380,0.525740167918692
"कर रहा था ।",2379,0.7097881229483736
"चुका है . </s>",2371,0.9997891185153943
"हो जाते हैं ।",2358,0.6855190462343704
"लग गई । </s>",2350,0.9997872340425532
"की मांग को लेकर",2346,0.9245171462357115
"पर हैं । </s>",2336,0.9997859589041096
"बनी हुई है ।",2330,0.7994166094715168
"कर दिया गया था",2326,0.13961935638808837
"का कहना था कि",2324,0.9997848537005164
"<s> 2 . </s>",2313,0.9997838305231301
"ने कहा कि इस",2310,0.03734758562696077
"दी गई थी ।",2308,0.7771977096665544
"किए जा रहे हैं",2292,0.7953835473793821
"उनका कहना है कि",2290,0.9997816593886463
"जा रहे थे ।",2282,0.7291466922339406
"कहते हैं । </s>",2269,0.999779638607316
"ने बताया कि इस",2266,0.0480803921984762
"<s> 3 . </s>",2257,0.9997784669915818
"अधिकारी ने बताया कि",2251,0.9849015317286652
"मार दी । </s>",2251,0.9997778764993336
"जा रही थी ।",2248,0.7504173622704507
"बताया गया है कि",2247,0.6269885570750767
"से निपटने के लिए",2242,0.9616044616044616
"मौत हो चुकी है",2240,0.8482954545454545
"की जा सकती है",2240,0.7966915688367129
"को ध्यान में रखते",2236,0.6313188364868682
"हुआ था . </s>",2233,0.9997760859829825
"को दी । </s>",2231,0.9997758852532497
"रूप से घायल हो",2229,0.7993185078909613
"गए थे . </s>",2227,0.9997754827121689
"मिली जानकारी के अनुसार",2226,0.6437662713335262
"हो गई है .",2226,0.15085067443909714
"आ गया । </s>",2226,0.9997753818508536
"हो रहा है .",2219,0.15597975110736131
"हो गए थे ।",2218,0.7471361185983828
"का सामना करना पड़ा",2217,0.29964850615114236
"पुलिस ने बताया कि",2200,0.9651162790697675
"कहा जा रहा है",2195,0.8917106867127184
"दी जा रही है",2193,0.8320683111954459
"की बात कही ।",2190,0.33648378669125556
"ने कहा कि यह",2190,0.035407031275267634
"जा सकता है कि",2188,0.10841552262477078
"<s> उनका कहना है",2181,0.717505758473182
"शुरू हो गया है",2177,0.5735177865612648
"भेज दिया । </s>",2172,0.9997697974217311
"रहती हैं । </s>",2157,0.9997681965693093
"कर चुके हैं ।",2156,0.6679578555934305
"बनाया है । </s>",2153,0.9997677659080353
"करने लगे । </s>",2151,0.999767549976755
"करने की मांग की",2150,0.6555352241537054
"की आवश्यकता है ।",2140,0.7811244979919679
"जाना है । </s>",2135,0.9997658079625292
"गिरफ्तार कर लिया ।",2130,0.3390383696863557
"रही थी . </s>",2128,0.9786108555657773
"पहुंच गया । </s>",2099,0.9997617913292044
"किए जाएंगे । </s>",2092,0.9997609942638623
"रन बनाए । </s>",2088,0.9997605363984674
"कम है । </s>",2087,0.9898007590132827
"है . "" </s>",2082,0.9997598463016331
"शुरू हो गई है",2070,0.5335137922144882
"कर ली है ।",2066,0.7621771217712177
"की मौत हो चुकी",2065,0.163901238488409
"का मामला सामने आया",2058,0.9288939051918735
"गयी है . </s>",2050,0.9997560975609756
"उम्मीद है । </s>",2046,0.9853082851637764
"के निर्देश दिए ।",2042,0.41646266829865364
"मौत हो गई थी",2033,0.12209407100378447
"<s> लखनऊ । </s>",2028,0.9997534516765286
"करने के निर्देश दिए",2024,0.7957137239480928
"है . ' </s>",2023,0.9997528423133959
"मनाया गया । </s>",2023,0.9997528423133959
"किया जाएगा . </s>",2022,0.9997527200791295
"जारी किया है ।",2015,0.7494419642857143
"कर सकती है ।",2014,0.7077328646748682
"वायरल हो रहा है",2011,0.9633445136559655
"मोदी ने कहा कि",2008,0.8739660426643447
"नहीं किया जा सकता",2006,0.6208978328173375
"दिया गया . </s>",2005,0.9884122287968442
"हुई थी . </s>",2003,0.9997503744383425
"किया गया था .",1998,0.15216728879408853
"पाया है । </s>",1998,0.9997497497497497
"जा सकते हैं ।",1992,0.7563615647550322
"का आरोप लगाया है",1991,0.44922139471902506
"नहीं किया गया है",1991,0.5021442986881938
"आई थी । </s>",1989,0.9997486173956762
"मिली थी । </s>",1985,0.9997481108312343
"नहीं होगी । </s>",1978,0.9843205574912892
"जाना जाता है ।",1976,0.772887323943662
"<s> सोशल मीडिया पर",1967,0.7856572113463843
"के बाद से ही",1965,0.48362875430822255
"चल रहा था ।",1963,0.775691699604743
"पड़ रहा है ।",1958,0.9375
"में है . </s>",1956,0.9846424974823766
"<s> जी . </s>",1956,0.9997443762781186
"किया जा चुका है",1953,0.9680218145761031
"दे दी है ।",1951,0.7938542938542938
"आ रही हैं ।",1949,0.6146687697160883
"में हुई । </s>",1949,0.9997434581836839
"की जाए । </s>",1947,0.9997431946584489
"गिरफ्तार कर लिया है",1947,0.3099028817067346
"बताया है । </s>",1946,0.999743062692703
"ने कहा कि वह",1944,0.03142889485429671
"जा रहे हैं .",1944,0.1590685873301686
"कार्रवाई की जाएगी ।",1936,0.9065573770491804
"ले लिया । </s>",1933,0.9997413347128815
"शुरू कर दी ।",1933,0.23934852613326726
"यही वजह है कि",1930,0.9879672299027138
"पड़ता है । </s>",1923,0.999739989599584
"मुख्यमंत्री ने कहा कि",1922,0.9498269896193772
"पर पहुंचे । </s>",1919,0.9997394476289734
"दिए थे । </s>",1916,0.9997390396659708
"ली थी । </s>",1916,0.9997390396659708
"<s> 4 . </s>",1914,0.9997387669801463
"विभाग की ओर से",1914,0.9997387669801463
"हो रही है .",1913,0.14869382677655107
"की उम्मीद है ।",1912,0.7856555692560625
"समय - समय पर",1906,0.9997376705141658
"में कोविड - 19",1902,0.9997371188222923
"हो सके । </s>",1902,0.9997371188222923
"शामिल हुए । </s>",1900,0.9997368421052631
"दे रहा है ।",1897,0.7425606891151135
"कहा गया है ।",1889,0.2255733397037745
"दे रही है ।",1889,0.7224560061208876
"पहुंच गई । </s>",1889,0.9997353096876654
"पहुंचे थे । </s>",1884,0.9997346072186837
"सूचना दी । </s>",1882,0.9997343251859724
"गए है । </s>",1877,0.9997336174746937
"एक है । </s>",1864,0.9997317596566524
"जा सकता । </s>",1862,0.9859639830508474
"<s> इस बारे में",1856,0.9997306034482759
"हो गयी । </s>",1855,0.9997304582210242
"की गई है .",1854,0.12258597883597884
"<s> पुलिस ने बताया",1852,0.16341571050308915
"शामिल थे । </s>",1850,0.9997297297297297
"पूरा करने के लिए",1849,0.8012570437798006
"रही थीं । </s>",1847,0.9997292907417433
"कर दी गई ।",1846,0.2573919107391911
"होते हैं . </s>",1845,0.9874197002141327
"आरोप लगाया है ।",1845,0.5425
"उपस्थित थे । </s>",1842,0.999728555917481
"पड़ा है । </s>",1841,0.9997284084736556
"आवश्यक है । </s>",1840,0.9997282608695652
"कहा जाता है कि",1839,0.32736823361823364
"हो सकता है .",1839,0.1418924133672918
"यही कारण है कि",1839,0.9842077087794433
"कराया है । </s>",1835,0.9997275204359674
"हो गए . </s>",1833,0.9878706199460916
"मिल रही है ।",1827,0.7424796747967479
"में हैं . </s>",1817,0.999724821133737
"दे दी । </s>",1815,0.9997245179063361
"स्थित है । </s>",1809,0.9997236042012161
"पर ही मौत हो",1806,0.9997231450719822
"के बारे में बताया",1803,0.06274803314070876
"नजर आए । </s>",1794,0.999721293199554
"चले गए । </s>",1794,0.999721293199554
"अधिक है । </s>",1793,0.9997211377579476
"पता चलता है कि",1793,0.8237591911764706
"नहीं हुआ है ।",1791,0.725486223662885
"में शामिल होने के",1788,0.4227767265846736
"आया है . </s>",1785,0.9853672004417449
"नहीं हुई । </s>",1779,0.9997189432265318
"दर्ज किया गया है",1779,0.4669204515620898
"की हैं । </s>",1778,0.999718785151856
"में कहा है कि",1776,0.9997184684684685
"<s> यहां तक कि",1773,0.8352968897266729
"करना पड़ा । </s>",1768,0.9997171945701357
"का दावा है कि",1768,0.9868788386376326
"बात है । </s>",1766,0.9835654596100278
"की घोषणा की है",1761,0.3375191717791411
"स्वागत किया । </s>",1760,0.9997159090909091
"ही मौत हो गई",1760,0.900460593654043
"के बारे में बात",1759,0.061216319710366916
"भर्ती कराया गया है",1752,0.41514576913960655
"हत्या कर दी गई",1752,0.36300518134715026
"आ गए । </s>",1752,0.9997146118721462
"काम कर रही है",1746,0.6776009316770186
"एक बयान में कहा",1746,0.9119644723092999
"नहीं होता । </s>",1744,0.9997133027522935
"कर सकेंगे । </s>",1739,0.9997124784358827
"का सामना करना पड़",1737,0.23475733405434634
"नहीं मिला । </s>",1737,0.9997121473805411
"शर्मा ने बताया कि",1730,0.9738175675675675
"<s> इस दौरान उन्होंने",1730,0.14985703145308032
"से मिली जानकारी के",1729,0.9771057094403618
"रहा हूं । </s>",1725,0.9501377410468319
"कर रहा है .",1725,0.15751735476799417
"या नहीं । </s>",1725,0.9781622234827
"जान से मारने की",1722,0.9469196919691969
"फैसला किया है ।",1719,0.666343544009306
"<s> पुलिस के मुताबिक",1718,0.4262844378257632
"ने एक बार फिर",1718,0.9525790349417638
"न हो । </s>",1717,0.9997087944088526
"गये हैं । </s>",1716,0.9997086247086248
"पर पहुंची पुलिस ने",1715,0.9004726890756303
"कोशिश की । </s>",1713,0.9997081144191476
"<s> इसी के साथ",1712,0.5936524453694069
"उपलब्ध है । </s>",1708,0.9997072599531616
"हैं । "" </s>",1706,0.9997069167643611
"सामने आई है ।",1704,0.648458317472402
"देखा जा सकता है",1697,0.9628263337116912
"नजर आ रही हैं",1697,0.5271908017402113
"दी जाती है ।",1695,0.683266129032258
"फरार हो गए ।",1694,0.785482374768089
"की मौत के बाद",1693,0.6810865191146881
"<s> पुलिस के अनुसार",1691,0.4195830230826508
"पाई है । </s>",1691,0.9997043169722057
"रखा था । </s>",1690,0.9997041420118343
"प्रदान करता है ।",1690,0.8655225409836066
"करने के लिए एक",1687,0.053314576549805585
"ने बताया कि वह",1683,0.035707464080307304
"भाग लिया । </s>",1681,0.9997025580011898
"<s> रायपुर । </s>",1680,0.999702380952381
"लगाया गया है ।",1677,0.7378961267605634
"से एक है ।",1676,0.7007528230865746
"<s> घटना के बाद",1676,0.6068453458891706
"न करें । </s>",1675,0.9997014925373134
"दिए गए । </s>",1671,0.9997007779772591
"की जरूरत नहीं है",1669,0.6407450076804916
"मिला था । </s>",1666,0.9996998799519808
"लिया जाएगा । </s>",1666,0.9872554831061056
"पा रहा है ।",1666,0.8249133234274393
"होने के बाद भी",1660,0.22251273799946367
"सका है । </s>",1660,0.9996987951807229
"की जानकारी दी ।",1659,0.5087423312883436
"ने आरोप लगाया कि",1657,0.6281759575274933
"मृत घोषित कर दिया",1656,0.9996980676328503
"तैयार है । </s>",1655,0.9996978851963746
"रखते हैं । </s>",1653,0.999697519661222
"<s> मुख्यमंत्री ने कहा",1652,0.7978260869565217
"<s> इस वजह से",1649,0.9996967859308672
"सम्मानित किया गया ।",1646,0.7264900662251655
"नहीं थे । </s>",1644,0.9996958637469586
"कर रहे हैं और",1641,0.05401356512577374
"मंत्री ने कहा कि",1640,0.9548631333721608
"मौत हो गई है",1639,0.0984261428485613
"जा चुकी है ।",1639,0.7877403846153846
"पता चला है कि",1639,0.841983556012333
"जांच की जा रही",1638,0.9022038567493113
"से इनकार कर दिया",1635,0.9372133027522935
"नईदुनिया प्रतिनिधि) । </s>",1634,0.9996940024479805
"करने की कोशिश की",1634,0.41094339622641507
"ने की । </s>",1630,0.9996932515337423
"ने इस मामले में",1629,0.6748860339825943
"को पूरा करने के",1628,0.5959355547418528
"शुरू किया । </s>",1625,0.9996923076923077
"करने का निर्देश दिया",1622,0.8894679100383982
"है और न ही",1622,0.9833232261976955
"दी थी . </s>",1619,0.9996911673872761
"की मौत हुई है",1618,0.654063890012131
"शामिल हैं . </s>",1617,0.9996907854050712
"<s> यही वजह है",1616,0.9020100502512562
"आ गई । </s>",1613,0.9996900185988841
"भी किया । </s>",1612,0.9996898263027295
"कर दी थी ।",1609,0.763407688656858
"करना पड़ रहा है",1609,0.9523386619301362
"के रूप में हुई",1606,0.07661655929372464
"उसकी मौत हो गई",1605,0.8705914270211611
"निर्देश दिया । </s>",1605,0.9996884735202493
"का आरोप लगाते हुए",1603,0.9607314148681055
"के अलग - अलग",1601,0.9996876951905059
"कर रही थी ।",1599,0.7120267260579065
"कुमार ने कहा कि",1598,0.908703071672355
"काम किया है ।",1597,0.7011418533157664
"होना है । </s>",1596,0.99968671679198
"<s> स) ता .",1594,0.9996863237139272
"घोषणा की । </s>",1592,0.9996859296482412
"में थे । </s>",1590,0.9996855345911949
"<s> पीएम मोदी ने",1590,0.7533175355450237
"कराया जाएगा । </s>",1587,0.9996849401386263
"भेजा गया है ।",1585,0.8588075880758808
"जम्मू - कश्मीर के",1584,0.33449514152936205
"सोशल मीडिया पर वायरल",1576,0.1830061563480079
"नहीं हुई है ।",1572,0.7764328063241107
"साल की उम्र में",1572,0.7537170263788969
"हुए है । </s>",1569,0.9996813256851498
"को गिरफ्तार किया गया",1568,0.2822290241267555
"आ गया है ।",1567,0.6623678646934461
"का निरीक्षण किया ।",1561,0.7244661095636026
"करना शुरू कर दिया",1557,0.8073132780082988
"करने का फैसला किया",1556,0.6417079207920792
"देना चाहिए । </s>",1555,0.9813762626262627
"करने की बात कही",1554,0.6058892355694228
"दी गई है .",1554,0.13316475227155838
"में एक बार फिर",1553,0.9094903339191565
"चला गया । </s>",1551,0.9996776273372018
"की कोशिश की ।",1550,0.26873048907388136
"करनी चाहिए । </s>",1550,0.982561826252378
"हत्या कर दी ।",1549,0.3209326424870466
"<s> सूत्रों के मुताबिक",1548,0.551300320627004
"घायल हो गया ।",1547,0.7606984751598622
"<s> 5 . </s>",1545,0.9996763754045307
"मनाया जाता है ।",1540,0.817578332448221
"दर्ज की गई है",1535,0.44607558139534886
"<s> मालूम हो कि",1532,0.9996736292428199
"टक्कर मार दी ।",1529,0.8407590759075908
"नहीं किया है ।",1528,0.6782859680284192
"मौके पर ही मौत",1528,0.8064941921858501
"की ओर से जारी",1523,0.09321048120484879
"किए थे । </s>",1520,0.999671052631579
"<s> जम्मू - कश्मीर",1518,0.982200647249191
"<s> उत्तर प्रदेश में",1517,0.24803729146221787
"के लिए भेज दिया",1510,0.9541719342604298
"सूत्रों ने बताया कि",1508,0.9620293554562859
"मुलाकात की । </s>",1507,0.9996682149966821
"के बारे में भी",1507,0.05244377915477268
"को कहा है ।",1507,0.720468675274988
"किया जाना चाहिए ।",1507,0.716698382492864
"भारतीय जनता पार्टी के",1505,0.32571985278198745
"प्रधानमंत्री नरेंद्र मोदी के",1502,0.16134751773049646
"के लिए । </s>",1495,0.9996655518394649
"पहुंच गया है ।",1491,0.7983395822174612
"फरार हो गया ।",1491,0.7422808764940239
"हो जाएंगे । </s>",1489,0.9996642041638684
"<s> सुप्रीम कोर्ट ने",1489,0.5758220502901354
"चाहती है । </s>",1487,0.9996637525218561
"ने यह भी कहा",1484,0.6337035454933789
"हो सकती है .",1484,0.17399718508092893
"<s> कोविड - 19",1483,0.9996628455832771
"शामिल किया गया है",1483,0.6671917191719172
"प्रयास किया । </s>",1480,0.9996621621621622
"सामने आए हैं ।",1480,0.6734182976786527
"से मारने की धमकी",1479,0.8826865671641791
"कराया था । </s>",1478,0.9996617050067659
"गिरफ्तार कर लिया गया",1477,0.23507403279732528
"मामले सामने आए हैं",1475,0.6285166240409207
"जारी है . </s>",1474,0.9996607869742198
"<s> इस फिल्म में",1473,0.46465762070053646
"दिया जाए । </s>",1472,0.9996603260869565
"से बात करते हुए",1469,0.9341603053435115
"कर दिया जाएगा ।",1468,0.845821325648415
"कराया जा रहा है",1464,0.9286167512690355
"जम्मू - कश्मीर में",1464,0.3091465990705534
"अधिकारियों ने बताया कि",1464,0.9828744123572868
"हो सकता है कि",1461,0.11271899359419618
"लगती है । </s>",1461,0.9996577686516085
"<s> यही कारण है",1459,0.9219342604298356
"हुए कहा है कि",1457,0.9996568291008923
"सामने आने के बाद",1453,0.9298975672215108
"के हैं । </s>",1452,0.9996556473829201
"कम करने के लिए",1451,0.9099749058971142
"दर्ज किया है ।",1451,0.8716947115384616
"लगाया जा सकता है",1450,0.952365308804205
"<s> माना जा रहा",1449,0.9996549344375432
"<s> डा . </s>",1448,0.9996546961325967
"जा चुके हैं ।",1444,0.7819609967497292
"काम करता है ।",1444,0.7014091350826045
"का नाम नहीं ले",1443,0.8758348512446873
"घोषित कर दिया ।",1442,0.500868658790827
"किया जाता है .",1441,0.1219109681787407
"होने की संभावना है",1439,0.6740862230552952
"क्या है ? </s>",1437,0.9845784784098698
"जा सकेगा । </s>",1437,0.999652052887961
"ले रहे हैं ।",1436,0.757120253164557
"करने के लिए कहा",1433,0.045284987196914615
"भेज दिया है ।",1430,0.8379249706916765
"जानकारी ली । </s>",1428,0.9996498599439776
"दूर करने के लिए",1427,0.9005681818181818
"<s> नई दिल्‍ ली",1420,0.8972819216182049
"हो रही हैं ।",1418,0.7678764897074756
"करने का आरोप लगाया",1415,0.5854718543046358
"हो गई हैं ।",1414,0.8123563218390805
"मिल सकता है ।",1414,0.8237179487179487
"बन गया है ।",1412,0.75
"लिए हैं । </s>",1409,0.9996451383960255
"की कोशिश कर रहे",1408,0.461173001310616
"में कोरोना वायरस के",1404,0.3773863941919871
"चुकी थी । </s>",1404,0.9996438746438746
"प्राप्त करने के लिए",1403,0.8520656136087484
"माना जाता है कि",1403,0.21363290175171362
"में कम से कम",1403,0.9996436208125445
"अपील की । </s>",1401,0.9996431120628123
"निर्देश दिए हैं ।",1400,0.7536348949919225
"की जांच के लिए",1398,0.611597374179431
"आने वाले दिनों में",1397,0.9996420901932713
"पहुंच गई है ।",1396,0.8061813980358175
"रखी है । </s>",1396,0.9996418338108882
"चर्चा की । </s>",1395,0.9996415770609319
"को मिला । </s>",1394,0.9996413199426112
"ले सकते हैं ।",1393,0.7470493562231759
"चाहता है । </s>",1390,0.9996402877697842
"एक के बाद एक",1390,0.9996402877697842
"नजर आ रहा है",1385,0.9120553359683794
"<s> मिली जानकारी के",1383,0.9627437325905293
"उन्होंने कहा कि इस",1383,0.055213866368465196
"घोषणा की है ।",1382,0.6485915492957747
"यादव ने कहा कि",1382,0.8827476038338659
"नहीं की । </s>",1381,0.999637943519189
"लगते हैं । </s>",1380,0.9996376811594203
"गिरफ्तार किया गया है",1380,0.4545304777594728
"का निर्णय लिया है",1377,0.4197926197011284
"हमला कर दिया ।",1376,0.6953993933265925
"बताई जा रही है",1373,0.9261133603238867
"रहते हैं . </s>",1371,0.9796283059328091
"जांच शुरू कर दी",1370,0.9996350364963503
"ने कहा कि सरकार",1370,0.02214657653869789
"से बचाव के लिए",1369,0.8880597014925373
"करने का निर्णय लिया",1368,0.8699109414758269
"रहता था । </s>",1368,0.9996345029239766
"<s> इसके बाद भी",1367,0.07032938754503346
"चली गई । </s>",1367,0.9996342355523044
"मुख्यमंत्री शिवराज सिंह चौहान",1366,0.9663835810332626
"को बचाने के लिए",1366,0.8675349428208387
"शामिल होंगे । </s>",1364,0.999633431085044
"आवेदन कर सकते हैं",1361,0.9312114989733059
"काम किया । </s>",1359,0.9996320824135394
"भी शामिल हैं ।",1357,0.7755860491709549
"लोग घायल हो गए",1356,0.8982770046388336
"कर दी है .",1348,0.15398240201119873
"आई है . </s>",1348,0.9996290801186943
"पर रोक लगा दी",1348,0.9210526315789473
"मच गई । </s>",1347,0.9996288047512992
"भी शामिल है ।",1347,0.8010113027959548
"ने बताया है कि",1338,0.999626307922272
"नए मामले सामने आए",1337,0.7720970537261699
"जांच कर रही है",1336,0.8284739454094293
"किया जा सके ।",1335,0.7643184421534936
"की बात कही है",1334,0.2049331489165514
"ज्यादा है । </s>",1334,0.9996251874062968
"में हुआ था ।",1333,0.7423398328690808
"आग लग गई ।",1332,0.7643513203214696
"<s> भारतीय जनता पार्टी",1332,0.9606782106782107
"<s> इंदौर । </s>",1330,0.999624060150376
"जारी किया गया है",1326,0.6069139194139194
"आ रहे हैं .",1322,0.2000151354623884
"पा रहे हैं ।",1320,0.7658154381892048
"देखा जा रहा है",1318,0.9390591589451176
"शर्मा ने कहा कि",1315,0.9003424657534247
"हो चुकी है .",1311,0.16756169287814857
"किया गया है कि",1309,0.040188580730366415
"लोगों की मौत हुई",1308,0.20334370139968896
"भी की । </s>",1308,0.9996177370030581
"करते है । </s>",1308,0.9996177370030581
"का निर्देश दिया ।",1308,0.3683098591549296
"परेशान हैं । </s>",1307,0.9996174445294568
"कर दी . </s>",1306,0.9793698424606152
"दे दिया । </s>",1306,0.9996171516079633
"ने एक बयान में",1306,0.8357874519846351
"नहीं हैं . </s>",1304,0.9634146341463414
"के निर्देश दिए हैं",1303,0.2657078743370053
"कर दिए हैं ।",1302,0.8114089775561097
"होने जा रहा है",1301,0.9800301431801055
"की मांग की थी",1300,0.12400992461112702
"तैयार हैं । </s>",1298,0.9697309417040358
"लोगों का कहना है",1297,0.856906807666887
"सामना करना पड़ रहा",1295,0.7268388545760809
"किया जायेगा । </s>",1293,0.9996133023975251
"की चपेट में आ",1291,0.36239820275203594
"यह जानकारी दी ।",1290,0.6220453449107574
"जरूरत नहीं है ।",1289,0.7350256702795208
"भेजा है । </s>",1288,0.999611801242236
"निर्णय लिया है ।",1287,0.7712829736211031
"नहीं दिया । </s>",1286,0.999611197511664
"का प्रयास किया ।",1284,0.33767429623783213
"पा रही है ।",1282,0.8381294964028777
"मुख्यमंत्री योगी आदित्यनाथ ने",1279,0.5199267995119967
"दर्ज कर लिया है",1278,0.5566448801742919
"कही है । </s>",1274,0.999607535321821
"करने के साथ ही",1274,0.7106584821428571
"का है . </s>",1272,0.9996069182389937
"जा रही है कि",1271,0.043834529395528565
"<s> इसी क्रम में",1270,0.9996062992125985
"<s> जयपुर । </s>",1270,0.9996062992125985
"लाया गया । </s>",1269,0.9996059889676912
"नजर आ रही है",1269,0.394188937228092
"चुके थे । </s>",1267,0.999605367008682
"दी हैं । </s>",1265,0.999604743083004
"चल रहे हैं ।",1262,0.7300347222222222
"करती है . </s>",1261,0.983229329173167
"बात की । </s>",1260,0.9996031746031746
"बंद कर दिया गया",1257,0.3857844642308873
"रखता है । </s>",1257,0.9996022275258553
"में मदद करता है",1257,0.9996022275258553
"पड़ सकता है ।",1257,0.803388746803069
"से मना कर दिया",1255,0.959831675592961
"हिरासत में ले लिया",1254,0.9996012759170654
"देना होगा । </s>",1251,0.9996003197442046
"की हत्या कर दी",1249,0.8886120996441281
"की गई . </s>",1249,0.999599679743795
"दोनों देशों के बीच",1245,0.8139306736429038
"के विकास के लिए",1244,0.8856837606837606
"करने की जरूरत है",1244,0.6635538954108858
"में हुई है ।",1243,0.8261303191489362
"आ गई है ।",1241,0.7748282323547783
"आने वाले समय में",1241,0.9593967517401392
"इस बात की जानकारी",1240,0.34886011820996343
"प्रशासन की ओर से",1239,0.9995964487489911
"जाते थे । </s>",1238,0.9995961227786753
"सम्मानित किया । </s>",1234,0.9995948136142626
"के एक अधिकारी ने",1233,0.8470790378006873
"कहा जा सकता है",1232,0.8177290836653387
"मौत हुई है ।",1229,0.7109375
"बढ़ रहा है ।",1229,0.7555350553505535
"शामिल होने के लिए",1227,0.7016590389016019
"बनाई है । </s>",1225,0.9995918367346939
"की घोषणा की ।",1223,0.234375
"नईदुनिया न्यूज) । </s>",1223,0.9995911692559281
"की अपील की ।",1221,0.3992476283938502
"की मौके पर ही",1219,0.8544880785413744
"है . . </s>",1218,0.30644349358167633
"जताई है । </s>",1218,0.9995894909688013
"बात कर रहे हैं",1217,0.7267025089605734
"<s> वीर अर्जुन संवाददाता",1213,0.9630659253375695
"गयी थी । </s>",1211,0.999587118084228
"बढ़ गई है ।",1208,0.8153274814314653
"को बढ़ावा देने के",1206,0.6576650300054555
"महत्वपूर्ण है । </s>",1206,0.9995854063018242
"से घायल हो गए",1206,0.46187739463601535
"पाया गया । </s>",1205,0.9995850622406639
"भेज दिया गया है",1204,0.46774193548387094
"गिरफ्तार किया । </s>",1204,0.9995847176079734
"खबर है । </s>",1203,0.9995843724023276
"करता हूं । </s>",1202,0.929953560371517
"को मिल रहा है",1202,0.9705169628432956
"बनाए रखने के लिए",1200,0.9482213438735178
"भर्ती कराया गया ।",1199,0.28407205498933397
"पड़ा था । </s>",1197,0.9995822890559732
"में कहा था कि",1196,0.9571657325860689
"कराया गया था ।",1196,0.7885883905013192
"का हवाला देते हुए",1196,0.9995819397993311
"की मांग की गई",1195,0.1139898845309667
"मौके पर पहुंची पुलिस",1192,0.4051343080584835
"कर सके । </s>",1191,0.9758196721311475
"दिख रहा है ।",1191,0.6308956014838368
"<s> उदाहरण के लिए",1190,0.8418259023354565
"देते हैं . </s>",1189,0.9995794785534062
"भेजा गया । </s>",1189,0.9995794785534062
"लगा दी । </s>",1187,0.9995787700084247
"को कहा गया है",1187,0.6455386289445049
"कोविड - 19 महामारी",1187,0.11232604373757456
"लगाया था । </s>",1187,0.9995787700084247
"की चपेट में आने",1186,0.3329121033417579
"भी कहा जाता है",1185,0.9246682279469165
"कराई है । </s>",1183,0.9995773457311918
"की मांग कर रहे",1182,0.6724530449630052
"जायजा लिया । </s>",1182,0.9995769881556683
"से है । </s>",1180,0.9995762711864407
"रहते थे । </s>",1180,0.9995762711864407
"को दूर करने के",1180,0.6133645345813833
"कोविड - 19 से",1179,0.11156868313925968
"मामले में पुलिस ने",1178,0.7681017612524462
"मिल सकती है ।",1178,0.7892091152815014
"कोशिश कर रहे हैं",1177,0.7770805812417437
"गई थीं । </s>",1176,0.9995748299319728
"करते रहे । </s>",1172,0.9995733788395904
"करनी होगी । </s>",1172,0.9995733788395904
"आरोप लगाया है कि",1172,0.34455882352941175
"हासिल की । </s>",1171,0.9995730145175064
"की आवश्यकता होती है",1171,0.9995730145175064
"शुरू की । </s>",1171,0.9995730145175064
"<s> कोरोना वायरस के",1170,0.3717418944691672
"<s> सूत्रों के अनुसार",1168,0.4159244745279658
"लगाया गया । </s>",1167,0.9995715509854327
"<s> उन्होंने आगे कहा",1167,0.8039283252929015
"कर रहे है ।",1165,0.6874262101534829
"की जाएगी . </s>",1165,0.9818718381112985
"कर दिए । </s>",1165,0.9995708154506437
"<s> . . .",1164,0.8394660894660895
"<s> उन्होंने यह भी",1164,0.9615702479338843
"ने कहा कि हम",1163,0.018799120282027234
"एक - दूसरे के",1161,0.29863612969634584
"निधन हो गया ।",1161,0.5153197158081705
"चाहते हैं . </s>",1159,0.9519309778142975
"में अलग - अलग",1157,0.9995678478824547
"नहीं होती । </s>",1156,0.9995674740484429
"आनन - फानन में",1156,0.9995674740484429
"भी है . </s>",1153,0.9995663486556808
"ली गई है ।",1153,0.8711262282690854
"सुनिश्चित करने के लिए",1152,0.8435897435897436
"करना चाहते हैं ।",1152,0.44425154320987653
"नहीं हो रहा है",1152,0.7233040201005025
"चुका था । </s>",1150,0.9995652173913043
"सकी है । </s>",1150,0.9995652173913043
"आम आदमी पार्टी के",1150,0.3615916955017301
"हो गये । </s>",1149,0.9995648389904265
"कर लिया था ।",1148,0.7322910019144863
"कर दी गई थी",1147,0.1599023709902371
"नहीं मिली । </s>",1146,0.9995636998254799
"काम करने के लिए",1143,0.6623188405797101
"तोड़ दिया । </s>",1142,0.9995621716287215
"करने लगा । </s>",1139,0.9995610184372257
"नहीं होता है ।",1138,0.6333518930957683
"दर्ज की गई ।",1138,0.33066860465116277
"ली है . </s>",1138,0.9995606326889279
"लगाया जा रहा है",1137,0.9099279423538831
"अधिकारी ने कहा कि",1137,0.9615059221658206
"किसी भी तरह की",1137,0.4077861499820596
"कहा था । </s>",1136,0.9995598591549296
"देखने को मिला ।",1134,0.49780412823891085
"के लिए कहा गया",1134,0.26354336200883516
"आई हैं । </s>",1133,0.999558693733451
"चलाया जा रहा है",1132,0.9184253246753247
"भी हो सकता है",1129,0.9645299145299145
"पुलिस को बताया कि",1129,0.8734520123839009
"होता था । </s>",1124,0.9995551601423488
"में ले लिया ।",1124,0.43095512082853854
"<s> मौसम विभाग के",1123,0.4962422634836428
"को सूचना दी ।",1123,0.6174367436743674
"संबोधित करते हुए कहा",1122,0.5315165876777251
"दावा किया है कि",1119,0.6669648181276088
"को पूरी तरह से",1119,0.9367671691792295
"रहे है . </s>",1119,0.981140350877193
"मौजूद हैं । </s>",1118,0.9995527728085868
"होने के साथ ही",1117,0.6533060269163253
"मौत हो गई .",1116,0.06700907070343005
"दर्ज किया गया ।",1116,0.2928590181149908
"वाला है . </s>",1116,0.9995519713261649
"कर रहे थे .",1115,0.13795024136650574
"सूत्रों का कहना है",1115,0.9995515695067264
"<s> उन्‍ होंने कहा",1114,0.6843884449907806
"लगी थी । </s>",1114,0.9995511669658886
"रहने वाला है ।",1114,0.7637174211248285
"पाए गए हैं ।",1112,0.8376036171816127
"बात ये है कि",1112,0.9707423580786027
"पुलिस ने शव को",1111,0.7277195281782438
"से मौत हो गई",1109,0.8340857787810384
"संबोधित किया । </s>",1108,0.9995487364620939
"चल रहा है .",1108,0.13778303060462802
"नहीं आया । </s>",1108,0.9995487364620939
"किए गए थे ।",1106,0.8098901098901099
"खास बात यह है",1105,0.7855618776671408
"हुए थे . </s>",1104,0.9995471014492754
"रहता है . </s>",1104,0.979148181011535
"ले लिया है ।",1103,0.7635041551246537
"का निर्णय लिया गया",1103,0.33623055809698077
"पुलिस मौके पर पहुंची",1101,0.7317154255319149
"हिस्सा लिया । </s>",1101,0.9995458673932789
"में काम करने वाले",1101,0.4048933038999264
"की जांच कर रही",1100,0.6156215005599104
"सरकार की तरफ से",1100,0.9995454545454545
"की गयी । </s>",1099,0.9995450409463148
"पोस्टमार्टम के लिए भेज",1099,0.5787671232876712
"का गठन किया गया",1099,0.473083548664944
"यह भी है कि",1097,0.9807692307692307
"बनाए गए हैं ।",1097,0.885702746365105
"किया जा रहा था",1096,0.0604113819344877
"की सुरक्षा के लिए",1096,0.8324468085106383
"में था । </s>",1094,0.9995429616087751
"परेशानी का सामना करना",1094,0.9052152317880795
"- आर . </s>",1093,0.9995425434583715
"उन्होंने कहा कि यह",1092,0.04359199648548265
"काम करते हैं ।",1091,0.6649390243902439
"चपेट में आने से",1089,0.822129909365559
"कर लिया है .",1089,0.1530511811023622
"पिछले 24 घंटे में",1089,0.8510555121188429
"करने के मामले में",1089,0.9193412162162162
"आरोप लगाया । </s>",1088,0.9995404411764706
"लिखा है । </s>",1087,0.999540018399264
"मौजूद है । </s>",1087,0.999540018399264
"जताई जा रही है",1087,0.8840520748576078
"बात कही है ।",1083,0.7699146514935988
"इलाज चल रहा है",1083,0.7815884476534296
"पर निशाना साधते हुए",1082,0.9995378927911276
"कर लिया गया ।",1081,0.24913534701406503
"मिली जानकारी के मुताबिक",1080,0.3122649696268441
"ने कहा कि भारत",1079,0.017440732235842037
"बताया गया है ।",1079,0.30100474462740723
"सकता था । </s>",1077,0.999535747446611
"गई हैं . </s>",1077,0.999535747446611
"लिया था . </s>",1075,0.9995348837209302
"<s> इसके बाद उन्होंने",1074,0.055249613998970666
"कर सकें । </s>",1074,0.9812614259597806
"लगा था । </s>",1073,0.9995340167753961
"<s> बताया गया कि",1073,0.5928689883913765
"का पालन करते हुए",1072,0.8848059454995871
"की जा रही थी",1071,0.07266987984522436
"बयान में कहा गया",1071,0.4270043877143997
"की घोषणा की थी",1070,0.20504217791411042
"पुलिस को सूचना दी",1070,0.6239789964994166
"ऐसा लगता है कि",1069,0.9132478632478632
"देखने को मिल रहा",1068,0.4054310672236992
"रखा गया । </s>",1068,0.9995318352059925
"में रखा गया है",1066,0.6364994026284349
"गृह मंत्री अमित शाह",1065,0.9995305164319249
"बैठक हुई । </s>",1064,0.9995300751879699
"बंद हुआ । </s>",1062,0.9995291902071564
"बंद है । </s>",1061,0.9995287464655985
"<s> घटना की सूचना",1061,0.4995289684408855
"दिए जाएंगे । </s>",1060,0.9995283018867924
"पर है . </s>",1060,0.9995283018867924
"कर लें । </s>",1060,0.9995283018867924
"<s> इस घटना के",1059,0.34591503267973855
"हैं . . .",1059,0.6940983606557377
"कर देते हैं ।",1058,0.7223360655737705
"मौके पर पहुंचे ।",1058,0.47315436241610737
"हो गईं । </s>",1058,0.9995274102079396
"मामले की जांच कर",1057,0.25238891543239367
"काम कर रहा है",1057,0.710013440860215
"नहीं किया गया ।",1057,0.26652371342078707
"की रिपोर्ट के मुताबिक",1056,0.4705751226036558
"बनाता है । </s>",1056,0.9995265151515151
"मिली है . </s>",1055,0.999526066350711
"मिल सके । </s>",1055,0.999526066350711
"आ चुके हैं ।",1055,0.7247422680412371
"रिपोर्ट में कहा गया",1054,0.768978102189781
"पेश किया । </s>",1054,0.9995256166982922
"को पोस्टमार्टम के लिए",1053,0.9088946459412781
"हो रही थी ।",1053,0.7125930941096817
"होने वाला है ।",1052,0.6805825242718446
"हार का सामना करना",1052,0.9736111111111111
"जा रहा है और",1051,0.020128377083732517
"रूप में हुई है",1050,0.6701787994891443
"आता है . </s>",1050,0.969067405355494
"उन्होंने कहा है कि",1050,0.9995238095238095
"पुलिस का कहना है",1049,0.9663594470046083
"के लिए तैयार है",1049,0.22998464575564817
"जाया गया । </s>",1048,0.9995229007633588
"मिले थे । </s>",1048,0.9995229007633588
"में हुआ । </s>",1048,0.9995229007633588
"बढ़ रही है ।",1047,0.7480343102215868
"देखा गया । </s>",1046,0.9995219885277247
"का रहने वाला है",1045,0.6908068783068783
"नहीं था . </s>",1045,0.9743470149253731
"<s> कहा जाता है",1044,0.9995210727969349
"जारी कर दिया है",1044,0.45787626151820976
"नहीं कर रहे हैं",1043,0.7398864442867282
"कर सकते है ।",1042,0.6934087882822902
"सामना करना पड़ा ।",1042,0.49383594120436225
"से बचाने के लिए",1042,0.9724556489262371
"ले जाया गया ।",1039,0.5120808678500987
"<s> मुझे लगता है",1039,0.9995187680461982
"भर्ती कराया गया था",1037,0.24567433041004977
"के बाद पुलिस ने",1037,0.6510678391959799
"आए हैं . </s>",1037,0.9995178399228544
"शुरू हुआ । </s>",1037,0.9995178399228544
"में आने के बाद",1036,0.7161134163208852
"प्राप्त कर सकते हैं",1036,0.9212633451957295
"जानी चाहिए । </s>",1035,0.9995169082125603
"कहा गया था कि",1032,0.723859649122807
"कर ली गई है",1030,0.6548982188295165
"करने के लिए तैयार",1029,0.032513514367906934
"पीएम मोदी ने कहा",1029,0.6925925925925925
"शिवराज सिंह चौहान ने",1029,0.5672917815774958
"<s> केंद्र सरकार ने",1028,0.4469334493257938
"भर्ती कराया । </s>",1027,0.9995131450827653
"कर चुकी है ।",1025,0.7250530785562632
"चाहते थे । </s>",1023,0.9995112414467253
"शुरू हो गया ।",1023,0.269433465085639
"पर पहुंची । </s>",1022,0.9995107632093934
"देता है . </s>",1022,0.9728571428571429
"<s> वहीं दूसरी ओर",1022,0.6168478260869565
"<s> इस वीडियो में",1022,0.5891003460207612
"बढ़ावा देने के लिए",1021,0.8951754385964912
"<s> इसके बाद से",1021,0.05252187339166238
"ने पुलिस को बताया",1021,0.4346252129471891
"जाती थी । </s>",1021,0.9995102840352595
"मिला है . </s>",1018,0.99950884086444
"इस घटना के बाद",1018,0.6993127147766323
"का जिक्र करते हुए",1016,0.9689885496183206
"बता दें कि इस",1016,0.08904770256050508
"भी थे । </s>",1015,0.9995073891625615
"बनाया गया । </s>",1015,0.9995073891625615
"के खिलाफ मामला दर्ज",1013,0.9995064165844028
"जारी रहा । </s>",1013,0.9995064165844028
"यादव ने बताया कि",1012,0.9995059288537549
"कांग्रेस अध्यक्ष राहुल गांधी",1012,0.9995059288537549
"वीडियो सोशल मीडिया पर",1012,0.9178765880217786
"नहीं होने के कारण",1011,0.7913077525450274
"बनाया जा रहा है",1011,0.9087230215827338
"शुरू होगा । </s>",1010,0.9995049504950495
"से मुलाकात की ।",1009,0.49679802955665026
"नहीं की गई है",1008,0.4990094105993066
"बयान में कहा कि",1008,0.40187475069804546
"रखा जाएगा । </s>",1008,0.9995039682539683
"लिया गया था ।",1007,0.7642369020501139
"वाले हैं . </s>",1007,0.9995034756703078
"लोगों को गिरफ्तार किया",1006,0.7437130177514792
"का निर्देश दिया है",1006,0.2832394366197183
"पाए गए । </s>",1005,0.9995024875621891
"के नाम से जाना",1005,0.28659058487874467
"मुश्किल है । </s>",1004,0.9995019920318725
"से घायल हो गया",1003,0.38409961685823757
"नहीं मिला है ।",1003,0.8257825370675453
"मारकर हत्या कर दी",1003,0.9995014955134596
"शुरू कर दी गई",1003,0.12416398315580877
"बना है । </s>",1003,0.9995014955134596
"कर दिया था .",1002,0.16767118700820358
"के मुख्यमंत्री योगी आदित्यनाथ",1002,0.9995009980039921
"में बताया गया है",1001,0.5515435501653804
"ने सोशल मीडिया पर",1001,0.8558597091531224
"उन्होंने यह भी कहा",999,0.7558667676003028
"का जायजा लिया ।",999,0.783751962323391
"शुरू हो गई ।",999,0.2574117040474349
"हो सका । </s>",998,0.999498997995992
"ने बताया कि यह",997,0.021148581251724356
"करना होगा . </s>",997,0.9994984954864594
"दिवस के अवसर पर",997,0.9994984954864594
"को कम करने के",994,0.4989954796584631
"करती थी । </s>",994,0.9994969818913481
"में मौत हो गई",994,0.9106324472960586
"बैठक की । </s>",994,0.9994969818913481
"हैं . "" </s>",993,0.999496475327291
"<s> मध्य प्रदेश के",993,0.4246897732135216
"योजना है । </s>",991,0.9994954591321897
"एक - दूसरे को",991,0.25488934637159033
"के साथ आता है",991,0.9994954591321897
"गिर गया । </s>",990,0.9994949494949495
"लेता है । </s>",990,0.9994949494949495
"उन्होंने कहा था कि",989,0.9691176470588235
"अधिकारी डॉ . </s>",989,0.9994944388270981
"की पुष्टि हुई है",989,0.6643145161290323
"हो गए हैं .",989,0.1532320570454193
"की जा चुकी है",988,0.8542387543252595
"छात्र - छात्राओं को",986,0.3532258064516129
"कहना है कि इस",985,0.06534147474613393
"आ रही है .",982,0.17533047516970346
"आयोजित किया गया ।",980,0.6512632978723404
"स) ता . </s>",980,0.7139212827988338
"लिए है । </s>",979,0.9994892747701737
"भेज दिया गया ।",979,0.3802953750485814
"कोविड - 19 की",979,0.09263466818138787
"मिलते हैं । </s>",979,0.9994892747701737
"की जांच की जा",978,0.3007692307692308
"जारी रहेगा । </s>",977,0.9994882292732856
"ने भाग लिया ।",976,0.7937347436940602
"करने का प्रयास किया",976,0.4989769820971867
"सकती हैं . </s>",975,0.9994871794871795
"उत्तर प्रदेश के मुख्यमंत्री",973,0.20669500531349627
"के लिए तैयार हैं",972,0.21309497696863347
"मदद मिलेगी । </s>",972,0.9657057654075547
"हुए उन्होंने कहा कि",972,0.9543222003929273
"<s> जबलपुर । </s>",970,0.9994845360824742
"देख सकते हैं ।",970,0.5280501089324618
"रुपये है । </s>",970,0.9994845360824742
"कर लिया . </s>",970,0.9994845360824742
"प्रधानमंत्री नरेंद्र मोदी की",969,0.10407264130668387
"के खिलाफ मुकदमा दर्ज",969,0.966566866267465
"की बात कही थी",967,0.14853234977716306
"खत्म होने के बाद",966,0.9082784571966134
"<s> 6 . </s>",966,0.9994824016563147
"निर्देश दिए गए हैं",965,0.6516891891891892
"का इंतजार कर रहे",965,0.6624313186813187
"में होगा । </s>",964,0.9994813278008299
"मदद करता है ।",964,0.7354961832061069
"डीएसपी - बीआर एफएमपी",964,0.9282273603082851
"की सूचना मिलते ही",963,0.9994807892004154
"लग रहा है ।",963,0.44997662459093035
"करना पड़ता है ।",963,0.7857142857142857
"सामने आ रहे हैं",962,0.9019699812382739
"शव को कब्जे में",962,0.9994802494802495
"भी नहीं है ।",961,0.6698047419804742
"दिल्‍ ली । </s>",961,0.9994797086368367
"को कब्जे में लेकर",961,0.6693379790940767
"फैसला लिया है ।",960,0.6932803468208093
"के लिए कहा ।",960,0.2230876540339456
"बनाया था । </s>",960,0.9994791666666667
"<s> खास बात यह",959,0.641566265060241
"प्राप्त किया । </s>",959,0.9994786235662148
"गलत है । </s>",959,0.9994786235662148
"का सामना करना पड़",958,0.12944436933892117
"सामने आया है .",957,0.18580031080031081
"की जरूरत होती है",957,0.9760204081632653
"की गयी है ।",957,0.6351261620185923
"की घोषणा कर दी",957,0.8427312775330397
"बनाया जाएगा । </s>",956,0.9994769874476988
"कराई जाएगी । </s>",955,0.9994764397905759
"लिए कहा । </s>",955,0.9994764397905759
"ही हैं । </s>",955,0.9994764397905759
"बधाई दी । </s>",954,0.999475890985325
"बन गया । </s>",953,0.9994753410283316
"मामला दर्ज किया गया",950,0.4754631947921883
"किसी भी प्रकार की",950,0.48717290918419703
"का आरोप लगाया ।",949,0.21406003159557663
"लगाई है । </s>",949,0.9994731296101159
"हिस्सा है । </s>",947,0.9994720168954594
"उठाया है । </s>",947,0.9994720168954594
"सवाल के जवाब में",946,0.9994714587737844
"करना चाहिए . </s>",946,0.9727366255144033
"में रहते हैं ।",946,0.6861393323657474
"लगे थे । </s>",946,0.9994714587737844
"बाकी है । </s>",945,0.9994708994708995
"हो जाता है .",945,0.13269176735037932
"पिछले कुछ दिनों से",944,0.7359594383775351
"देती हैं । </s>",943,0.9994697773064687
"कि इस मामले में",943,0.7054640718562875
"करना पड़ रहा है",943,0.9510595358224017
"आ गए हैं ।",943,0.7643957826439578
"हो चुकी हैं ।",942,0.7679445350734094
"करने जा रही है",938,0.7572697899838449
"ने आगे कहा कि",938,0.882768361581921
"में से एक हैं",938,0.14059688062387524
"हुए कहा था कि",938,0.9994669509594882
"फैसला किया । </s>",938,0.9994669509594882
"जागरण संवाददाता । </s>",938,0.9994669509594882
"की मदद के लिए",938,0.9735202492211839
"जाते है । </s>",938,0.9994669509594882
"माना जाता है .",937,0.14265041888804264
"की बात कही गई",937,0.14392193022898417
"कर दिया है कि",935,0.05633590547383651
"ने दावा किया कि",935,0.45921375921375923
"नाम से जाना जाता",935,0.8581267217630854
"का आदेश दिया है",935,0.4055989583333333
"को मिली । </s>",935,0.9994652406417113
"संभव है । </s>",934,0.9994646680942184
"उपस्थित रहे । </s>",934,0.9994646680942184
"कार्रवाई की मांग की",934,0.7999143101970866
"ने कहा कि देश",933,0.015079724441282059
"निर्देश दिया है ।",932,0.6315254237288136
"दे सकते हैं ।",932,0.7243390357698289
"की अपील की है",932,0.30471050049067716
"के निर्देश दिए गए",931,0.18982048143614852
"मनाया जाएगा । </s>",931,0.9994629430719656
"की रिपोर्ट के अनुसार",930,0.41440035666518055
"सामने आ रही है",930,0.6625089094796864
"हो रहा था ।",930,0.7041666666666667
"शव को पोस्टमार्टम के",929,0.9994617868675996
"के हवाले कर दिया",929,0.9671875
"उन्‍ होंने कहा कि",929,0.9138779527559056
"आधारित है । </s>",929,0.9994617868675996
"जरूरत है . </s>",928,0.9763157894736842
"कार्यक्रम का आयोजन किया",928,0.8652052238805971
"मांग की थी ।",927,0.7013626040878123
"को एक बार फिर",927,0.9651041666666667
"की बात है कि",926,0.3642266824085006
"व्यवस्था की गई है",926,0.7191142191142191
"रेफर कर दिया गया",926,0.49176408076514344
"करने जा रहे हैं",926,0.8390752493200363
"नई दिल्‍ ली ।",925,0.7068042813455657
"उपलब्ध हैं । </s>",924,0.9994588744588745
"मामला दर्ज कर लिया",924,0.5637973137973138
"कर सकती हैं ।",924,0.7683028286189684
"करने की अपील की",924,0.8535120147874307
"को इलाज के लिए",923,0.8605410447761194
"रहती हैं . </s>",923,0.9994582881906826
"ले रहा है ।",923,0.7877882152006832
"को हिरासत में लिया",922,0.4006521739130435
"कराई थी । </s>",920,0.9994565217391305
"अनुमान है । </s>",919,0.999455930359086
"कर रही हैं .",919,0.20789950203712088
"मीडिया पर वायरल हो",918,0.6112591605596269
"कि कोविड - 19",918,0.9994553376906318
"रह गए । </s>",918,0.9994553376906318
"पहुंच रहे हैं ।",918,0.8566760037348272
"<s> इस तरह के",917,0.3004918032786885
"लगा दी है ।",917,0.7682313495389773
"किए जाने के बाद",917,0.4721792890262751
"<s> इसके बाद वह",916,0.04711785898095728
"का फैसला किया ।",915,0.20205479452054795
"नजर आएंगे । </s>",914,0.99945295404814
"गोली मारकर हत्या कर",914,0.8569418386491557
"किया जाना है ।",914,0.8991141732283464
"पाते हैं । </s>",914,0.99945295404814
"बारे में जानकारी दी",913,0.33230152949745084
"करते थे . </s>",913,0.9994523548740416
"बनाया गया था ।",913,0.7907279029462738
"दे रहे हैं .",913,0.1860725938009788
"बना रहे हैं ।",913,0.6646030589949017
"लगा दिया । </s>",912,0.9994517543859649
"इस योजना के तहत",912,0.7065891472868217
"अपने परिवार के साथ",911,0.7768771331058021
"दिया गया था .",911,0.16506526468455401
"जानते हैं । </s>",910,0.9994505494505495
"में शामिल किया गया",909,0.5153148043108338
"करने का आदेश दिया",908,0.7830025884383088
"से इंकार कर दिया",907,0.9175101214574899
"पर पहुंच गया ।",907,0.4783641160949868
"शुरू करने के लिए",907,0.7708333333333334
"हासिल करने के लिए",906,0.759010896898575
"ने कहा कि आज",905,0.014626928425886995
"उनका कहना था कि",904,0.9994469026548672
"कहा है कि वह",904,0.10351741521539871
"की बात है ।",903,0.35517512790240063
"दिया जाएगा . </s>",903,0.9994462901439646
"दे दिया है ।",903,0.6665435745937962
"आस - पास के",902,0.7329268292682927
"दी गई . </s>",901,0.9994450610432852
"बनता है । </s>",900,0.9994444444444445
"माना गया है ।",900,0.7265751211631664
"में . . .",899,0.9320539419087137
"मंत्री डॉ . </s>",898,0.9994432071269488
"बढ़ता जा रहा है",898,0.9598930481283422
"में भर्ती कराया ।",898,0.16446765622136705
"चल रही थी ।",898,0.7326530612244898
"को शामिल किया गया",898,0.6241307371349096
"<s> साथ ही उन्होंने",897,0.10299862132352941
"शुरू हुई । </s>",897,0.9994425863991081
"तैयार किया गया है",897,0.7520973154362416
"से पता चलता है",897,0.9994425863991081
"शामिल है . </s>",896,0.9994419642857143
"पर पहुंच गए ।",895,0.5440997566909975
"न होने के कारण",895,0.735608552631579
"का अनुमान है ।",894,0.6400429799426934
"विभाग की टीम ने",894,0.6862519201228878
"में डॉ . </s>",894,0.9994407158836689
"पड़ती है । </s>",892,0.999439461883408
"आ रही हैं .",892,0.28123028391167193
"वाली हैं । </s>",891,0.999438832772166
"मरने वालों की संख्या",890,0.8833167825223436
"आयोजित की गई ।",889,0.6337375178316691
"एसएल एफटीपी सीरीज -",889,0.999437570303712
"<s> ov . i",888,0.9994369369369369
"ov . i </s>",888,0.9994369369369369
"में कहा गया कि",888,0.16063348416289594
"की जरूरत है .",888,0.14589840539207627
"प्राप्त जानकारी के अनुसार",888,0.8372641509433962
"शुरू होगी । </s>",888,0.9994369369369369
"मिल रहे हैं ।",885,0.7625
"गिरफ्तार किया था ।",885,0.7925627240143369
"जानकारी दी गई ।",885,0.543638598647818
"नुकसान हुआ है ।",884,0.8342776203966006
"चलता है । </s>",884,0.9994343891402715
"लग गया । </s>",881,0.9994324631101021
"इस बात को लेकर",880,0.5548895899053627
"अस्पताल ले जाया गया",880,0.9643640350877193
"<s> उन्होंने कहा है",880,0.02321315456081081
"जांच की । </s>",880,0.9994318181818181
"सोशल मीडिया पर काफी",880,0.1021605296782437
"ने कहा कि अगर",880,0.014222646269284258
"के रूप में भी",880,0.04197089000238607
"बने हुए हैं ।",879,0.7836752899197146
"<s> सूचना मिलते ही",879,0.9994311717861206
"पुलिस को दी ।",879,0.43361303060217177
"ने कहा कि जब",879,0.01420647498302015
"ले गया । </s>",878,0.9994305239179955
"<s> आम आदमी पार्टी",878,0.903707518022657
"से हराया । </s>",876,0.9994292237442922
"हो जाए । </s>",875,0.9994285714285714
"नहीं हो पाया है",874,0.5297149787750152
"एक - दूसरे से",874,0.22478126608337623
"दर्ज की । </s>",873,0.9994272623138603
"ही नहीं है ।",872,0.6667941851568477
"की गई हैं ।",871,0.8235572374645223
"नहीं हो पा रहा",871,0.5108568075117371
"करने को कहा ।",870,0.3023296244784423
"नहीं किया जाएगा ।",870,0.8524509803921568
"बन गई है ।",869,0.7782258064516129
"भी जाना जाता है",869,0.9586092715231788
"ने कहा कि भाजपा",868,0.014028590834114946
"करने की कोशिश कर",868,0.21823899371069183
"के बारे में पता",868,0.03019912274594444
"रखा गया था ।",867,0.7620932277924363
"पड़ा है । </s>",867,0.9994232987312572
"दिखाई दे रहे हैं",867,0.8621890547263682
"आ रहे थे ।",866,0.7839673913043478
"होती थी । </s>",866,0.9994226327944573
"हैं . ' </s>",866,0.9994226327944573
"अध्यक्ष डॉ . </s>",865,0.999421965317919
"की मौत हो गयी",865,0.06863289933312162
"किए जाते हैं ।",865,0.8296545105566219
"से सम्मानित किया गया",864,0.6735569422776911
"दर्ज कराई है ।",864,0.7885844748858447
"को देखने के लिए",864,0.642963514519732
"वाली है . </s>",864,0.9994212962962963
"भाग निकले । </s>",863,0.9994206257242179
"हाल ही में एक",863,0.12880824372759855
"पर आधारित है ।",863,0.6743549648162627
"<s> कहा जा रहा",862,0.9425601750547046
"को खारिज कर दिया",862,0.9394765539803708
"कर रहे हैं कि",862,0.028364941393388646
"चुके है । </s>",862,0.9994199535962877
"गये थे । </s>",862,0.9994199535962877
"के . . .",861,0.9994192799070848
"से जाना जाता है",860,0.8476331360946746
"कर दें । </s>",860,0.9994186046511628
"प्रदान करने के लिए",860,0.891597510373444
"नारेबाजी की । </s>",859,0.9994179278230501
"बिड़ला एसएल एफटीपी सीरीज",859,0.7184100418410042
"को ध्यान में रखकर",858,0.2421632307257837
"<s> उनका कहना था",858,0.28216518591641987
"परेशानियों का सामना करना",856,0.969954648526077
"कर सकते हैं और",855,0.045592786255469
"कराई गई । </s>",855,0.9994152046783625
"<s> घटना की जानकारी",855,0.4024964672633066
"भारतीय जनता पार्टी भाजपा)",855,0.18499675254384065
"आत्महत्या कर ली ।",854,0.6374159820761762
"रखी थी । </s>",854,0.9994145199063232
"का ऐलान किया है",853,0.484650369528141
"दिए हैं . </s>",851,0.999412455934195
"आती हैं । </s>",851,0.999412455934195
"निकाला गया । </s>",851,0.999412455934195
"की व्यवस्था की गई",851,0.44021739130434784
"मांगी है । </s>",850,0.9994117647058823
"कहना है कि वह",850,0.05638149598460211
"लगा है . </s>",850,0.9994117647058823
"देखने को मिल रही",849,0.32225598176984427
"का फैसला लिया है",849,0.46723568281938327
"कह रहे हैं कि",849,0.5855762594893029
"पूछताछ की । </s>",848,0.9994103773584906
"लिया गया है .",848,0.1452691121014741
"तो पता चला कि",847,0.9619318181818182
"प्रदेश के मुख्यमंत्री योगी",847,0.5529065969954279
"चुकी हैं . </s>",847,0.999409681227863
"नहीं की है ।",846,0.7307692307692307
"देते हुए बताया कि",846,0.8966065747613998
"जानकारी के लिए बता",846,0.7410166520595969
"रहना चाहिए । </s>",845,0.9994082840236687
"मौके पर पहुंच गए",845,0.4317484662576687
"के लिए कहा है",845,0.1963496861195071
"से कहा है कि",844,0.9994075829383886
"बनाते हैं । </s>",844,0.9994075829383886
"मांगा है । </s>",844,0.9994075829383886
"<s> इसके बाद पुलिस",844,0.04341224909933093
"में नहीं है ।",843,0.736451048951049
"पर निर्भर करता है",843,0.9994068801897983
"<s> 7 . </s>",842,0.9994061757719715
"कर सकता है .",841,0.16058463889950325
"आ रहा था ।",840,0.73
"ने कहा कि प्रदेश",840,0.01357579481871988
"काम चल रहा है",839,0.8512690355329949
"के रहने वाले हैं",839,0.5794747753973739
"अनिवार्य है । </s>",839,0.9994040524433849
"नहीं मिली है ।",839,0.8204500978473581
"अच्छा है । </s>",839,0.9994040524433849
"दम तोड़ दिया ।",839,0.7917847025495751
"होती जा रही है",839,0.8452620967741935
"कर दिए गए हैं",839,0.5900774102744546
"मिलता है . </s>",839,0.9994040524433849
"भेजा जाएगा । </s>",838,0.9994033412887828
"हो गयी है ।",837,0.5640593391773432
"होने वाली है ।",837,0.6856557377049181
"सिंह का कहना है",837,0.9462669683257918
"हो चुका है .",835,0.15139695210449927
"दिन है । </s>",835,0.9994011976047904
"कोरोना वायरस से संक्रमित",835,0.46232686980609417
"दर्ज है । </s>",834,0.999400479616307
"करने की आवश्यकता है",834,0.6079504011670314
"नहीं होती है ।",834,0.7160652920962199
"ने कहा कि राज्य",834,0.013478767101135224
"दिखाई दे रहा है",833,0.900974025974026
"विरोध किया । </s>",833,0.9993997599039616
"पर हमला कर दिया",832,0.8979481641468683
"पर बंद हुआ ।",832,0.649609375
"वृद्धि होगी । </s>",832,0.9993990384615384
"लेना चाहिए । </s>",831,0.9993983152827918
"<s> इससे पहले भी",830,0.1600424464595794
"करने की घोषणा की",829,0.8227408142999006
"ने यह जानकारी दी",829,0.9340473506200676
"होने जा रही है",828,0.8821961620469083
"सकता है ? </s>",828,0.9993961352657005
"ने इस संबंध में",825,0.9993939393939394
"आदेश दिया है ।",825,0.690536013400335
"बढ़ती जा रही है",824,0.8081452404317959
"जरूरी है . </s>",824,0.9993932038834952
"दी जाए । </s>",824,0.9993932038834952
"रहे हैं ? </s>",824,0.9676850763807285
". . । </s>",823,0.9993924665856622
"सकते है . </s>",823,0.9993924665856622
"की जांच की गई",822,0.25276923076923075
"<s> कोरोना काल में",822,0.7779356060606061
"<s> रिपोर्ट के मुताबिक",821,0.5798586572438162
"नहीं हो रही है",820,0.7144725370531823
"लिए थे । </s>",820,0.999390243902439
"आश्वासन दिया । </s>",820,0.999390243902439
"सूत्रों की मानें तो",819,0.9993894993894994
"भाग गए । </s>",819,0.9993894993894994
"<s> ग्वालियर । </s>",818,0.9993887530562348
"कोरोना वायरस के संक्रमण",817,0.2013067061143984
"होने की उम्मीद है",817,0.810824230387289
"ने कहा कि कोरोना",817,0.013203855234645364
"आज के समय में",817,0.9163860830527497
"करने को कहा है",817,0.2839012517385257
"से बचें । </s>",817,0.9993880048959608
"जाने के बाद भी",816,0.30451829723674384
"इस मामले की जांच",816,0.5015375153751538
"के लोगों के लिए",816,0.466533180778032
"ने कहा कि मैं",815,0.013171512662117146
"हासिल की है ।",815,0.7683962264150943
"के तहत मामला दर्ज",815,0.9707985697258641
"शुरुआत की । </s>",815,0.9993865030674847
"महत्व है । </s>",815,0.9993865030674847
"शिकायत की । </s>",814,0.9993857493857494
"<s> इस योजना के",814,0.5245003223726628
"ली गई । </s>",814,0.9993857493857494
"के निर्माण के लिए",813,0.7820019249278152
"हड़कंप मच गया ।",813,0.6192835365853658
"की कोशिश कर रही",813,0.26621887287024903
"रखा है . </s>",813,0.9993849938499385
"बारे में बात करते",813,0.37861136999068035
"के इलाज के लिए",812,0.9128233970753655
"जाना था । </s>",812,0.999384236453202
"के आस - पास",812,0.999384236453202
"दिख रही है ।",812,0.6971649484536082
"के खिलाफ कार्रवाई की",812,0.4773529411764706
"मांग कर रहे हैं",812,0.6204128440366973
"आयोजन किया जा रहा",811,0.9993834771886559
"किए हैं . </s>",811,0.9993834771886559
"ने कहा कि वे",810,0.013090656230796598
"निकाली गई । </s>",810,0.9993827160493827
"<s> इस घटना में",810,0.2645424836601307
"की जा रही हैं",810,0.054952141741904825
"मानते हैं । </s>",810,0.9993827160493827
"को मिल रही है",809,0.8483735571878279
"आते हैं . </s>",809,0.9993819530284301
"दिया जा सकता है",808,0.8654876741693462
"लगाया जाएगा । </s>",808,0.9993811881188119
"यह भी बताया कि",808,0.6937285223367697
"नहीं किया जा रहा",807,0.24969040247678018
"में लिखा है कि",807,0.7906862745098039
"अपील की है ।",807,0.4732981220657277
"<s> इस तरह की",807,0.2644262295081967
"समीक्षा की । </s>",806,0.999379652605459
"में हुई थी ।",806,0.7535079513564079
"कराई जा रही है",805,0.864124597207304
"लोगों ने बताया कि",805,0.9993788819875776
"<s> ज्ञात हो कि",805,0.9704463208685162
"को कोविड - 19",805,0.9993788819875776
"दिख रहे हैं ।",805,0.6977450130095403
"पाता है । </s>",805,0.9993788819875776
"जताया है । </s>",804,0.9993781094527363
"लाभ मिलेगा । </s>",804,0.9993781094527363
"लग रहा है कि",804,0.3756428237494156
"<s> मोदी ने कहा",804,0.7816147859922179
"दिवस के मौके पर",804,0.9993781094527363
"जिला अस्पताल में भर्ती",804,0.7180518319928507
"जाने की मांग की",804,0.666804979253112
"से इस्तीफा दे दिया",803,0.9298957126303592
"भी कर सकते हैं",803,0.901685393258427
"कोरोना वायरस संक्रमण के",802,0.5608817354793562
"के मुख्यमंत्री अरविंद केजरीवाल",802,0.9993765586034913
"पकड़ लिया । </s>",802,0.9993765586034913
"बना सकते हैं ।",800,0.7402777777777778
"कर पाएंगे । </s>",800,0.999375
"होता जा रहा है",800,0.9428066037735849
"करना पड़ा । </s>",800,0.999375
"है या नहीं ।",799,0.651305057096248
"किया गया है और",798,0.024493995515832794
"कोहराम मच गया ।",798,0.8744517543859649
"कर चुका है ।",798,0.7107843137254902
"दे दी गई है",798,0.5466072652501713
"बन गए हैं ।",797,0.745088868101029
"दिल्ली के मुख्यमंत्री अरविंद",796,0.8684497816593887
"पहुंचा है । </s>",796,0.9993718592964824
"रहती है . </s>",796,0.9993718592964824
"नहीं करेंगे । </s>",796,0.9993718592964824
"होने के बाद से",795,0.10652990077768838
"<s> इसकी वजह से",795,0.7119175627240143
"रोक लगा दी है",795,0.4339158929546696
"में पता चला कि",794,0.5155945419103314
"होना चाहिए . </s>",794,0.9712362301101591
"मौके पर पहुंची और",793,0.2694661679700782
"बताया था । </s>",793,0.9993694829760403
"का था । </s>",792,0.9993686868686869
"<s> मीडिया रिपोर्ट्स के",792,0.8176652892561983
"सूचना पर पहुंची पुलिस",792,0.9993686868686869
"से रोकने के लिए",792,0.9993686868686869
"जानकारी देते हुए बताया",791,0.6308858739026337
"बनी है । </s>",791,0.9993678887484198
"<s> इसमें कहा गया",791,0.9343971631205674
"नहीं मिल रहा है",791,0.7734833659491194
"<s> इस बैठक में",790,0.8147574819401445
"सामना करना पड़ रहा",790,0.8164426059979317
"का निर्देश दिया गया",789,0.22211267605633803
"करती हैं . </s>",788,0.9993654822335025
"अधिकारियों का कहना है",788,0.9499396863691194
"उपयोग किया जाता है",788,0.9603658536585366
"में काम कर रहे",787,0.43718732629238466
"इनकार कर दिया ।",787,0.41113434396236276
"को लगता है कि",787,0.9993646759847522
"में आग लग गई",787,0.8758351893095768
"के लिए है ।",786,0.6391375101708706
"<s> मौके पर पहुंची",786,0.42163177670424046
"फैल गई । </s>",785,0.9993630573248408
"जा सके . </s>",784,0.9993622448979592
"एक अधिकारी ने बताया",784,0.5097592713077423
"जारी की है ।",783,0.7801595214356929
"ने ट्वीट कर कहा",783,0.6103744149765991
"हो चुकी थी ।",782,0.8040123456790124
"में पेश किया गया",782,0.44003378378378377
"<s> मुंबई . </s>",781,0.9993597951344431
"निर्णय लिया गया है",781,0.4044041450777202
"हो जाती है .",781,0.15111326234269118
"हो जाएगा . </s>",780,0.9993589743589744
"का आयोजन किया जा",780,0.09004273997920757
"ने दावा किया है",779,0.38255528255528254
"जा सका । </s>",779,0.9993581514762516
"के लिए प्रेरित किया",778,0.48991808443604284
"बढ़ गया है ।",778,0.7570593962999026
"<s> इस बात की",778,0.3160569105691057
"कोरोना की दूसरी लहर",778,0.9993573264781491
"हो जाने के बाद",777,0.6865605658709107
"<s> अधिकारियों ने बताया",777,0.6042801556420233
"लगता है . </s>",776,0.9574074074074074
"हत्या के मामले में",776,0.8913793103448275
"<s> उन्होंने कहा था",775,0.020441828547297296
"दर्ज हैं । </s>",774,0.9993540051679587
"हो सकी । </s>",774,0.9993540051679587
"चर्चा की गई ।",774,0.7766064257028112
"<s> राज्य सरकार ने",774,0.472799511002445
"आ रहा है .",773,0.1676068561510089
"हासिल किया । </s>",773,0.999353169469599
"कर रहा हूं ।",772,0.6221774193548387
"की गिरावट के साथ",772,0.9306393244873341
"गिरावट दर्ज की गई",772,0.7978283350568769
"करने के आरोप में",771,0.8599330357142857
"तय है । </s>",771,0.9993514915693904
"नहीं करते । </s>",771,0.9993514915693904
"नहीं आया है ।",769,0.7825865580448065
"मौके पर पहुंचे और",769,0.34384787472035794
"मौके से फरार हो",769,0.9715549936788875
"हो पाया है ।",769,0.7786220871327254
"मना कर दिया ।",769,0.4393939393939394
"कही थी । </s>",768,0.9993489583333334
"के नाम से भी",766,0.21840228245363766
"गिरफ्तार किया गया था",766,0.25222405271828663
"देखने को मिली ।",766,0.4458357600465929
"मंजूरी दे दी है",765,0.5831426392067124
"होने लगी । </s>",765,0.9993464052287582
"<s> इस हादसे में",765,0.8609234234234234
"। . . .",765,0.9015330188679245
"हो पा रहा है",765,0.8124335812964931
"बढ़ी है । </s>",765,0.9993464052287582
"<s> बिलासपुर । </s>",764,0.9726114649681529
"हो सकती हैं ।",763,0.7417315175097277
"करते हुए उन्होंने कहा",763,0.8324235807860262
"की सुविधा के लिए",763,0.9109916367980884
"<s> सूत्रों ने बताया",762,0.6340549542048293
"लगी हैं । </s>",761,0.9993429697766097
"के लिए किया जाता",760,0.3567402536402067
"आयोजन किया । </s>",759,0.9993412384716732
"पहले बल्लेबाजी करते हुए",759,0.9993412384716732
"पिछले 24 घंटों में",759,0.7342691190706679
"का आयोजन किया जाएगा",759,0.08761695737553425
"में उन्होंने कहा कि",759,0.8437152391546162
"अलग है । </s>",759,0.9993412384716732
"नहीं ले रहा है",759,0.8619318181818182
"पड़ रही है ।",757,0.8116952789699571
"मौत हो गयी ।",757,0.5217241379310344
"में होगी । </s>",757,0.9993394980184941
"<s> हो सकता है",757,0.9993394980184941
"मनाया जा रहा है",757,0.9539722572509458
"<s> सूचना मिलने पर",756,0.7756673511293635
"ही होगा । </s>",756,0.9993386243386243
"की कोशिश की है",756,0.13102670828997573
"हंगामा किया । </s>",755,0.9993377483443708
"बताते हुए कहा कि",755,0.8544733861834655
"जाती हैं . </s>",755,0.9993377483443708
"कर देता है ।",754,0.6944700460829493
"को मंजूरी दे दी",754,0.9993368700265252
"के रूप में काम",754,0.03595800524934383
"में ले लिया है",754,0.2890295358649789
"ने कहा कि कांग्रेस",753,0.012168892913742358
"पारी खेली । </s>",753,0.99933598937583
"खराब है । </s>",752,0.9993351063829787
"होने की बात कही",752,0.4154228855721393
"<s> ऐसी स्थिति में",752,0.9993351063829787
"में कोहराम मच गया",751,0.9993342210386151
"स्‍ वास्‍ थ्‍ य",750,0.9993333333333333
"समय है । </s>",750,0.9993333333333333
"अतिथि के रूप में",750,0.9993333333333333
"पड़ता है . </s>",749,0.9993324432576769
"धमकी दी । </s>",749,0.9993324432576769
"आशंका है । </s>",749,0.9993324432576769
"करने के बारे में",749,0.9993324432576769
"<s> पुलिस का कहना",748,0.7581135902636917
"चाहिए था । </s>",748,0.9993315508021391
"<s> सूचना पर पहुंची",748,0.5219972067039106
"हो रहे हैं .",748,0.1505235602094241
"जा सकती है .",748,0.1655959237926451
"के लिए जाना जाता",747,0.9669689119170984
"गये हैं . </s>",747,0.999330655957162
"की रक्षा के लिए",746,0.9508928571428571
"हजारों की संख्या में",746,0.9993297587131368
"इंतजार कर रहे हैं",745,0.6142739273927392
"में हड़कंप मच गया",745,0.9993288590604027
"लिए गए । </s>",744,0.9993279569892473
"की तैयारी में है",744,0.45557598039215685
"पुलिस ने गिरफ्तार कर",744,0.6431660899653979
"देने की घोषणा की",744,0.9111519607843137
"का काम किया है",743,0.3729281767955801
"को पुलिस ने गिरफ्तार",743,0.547566371681416
"पुष्टि हुई है ।",743,0.7857142857142857
"आ सकती है ।",742,0.7922008547008547
"कहना है कि यह",742,0.04921351297537665
"कर दिया जाता है",742,0.928035043804756
"गुप्ता ने बताया कि",741,0.9993252361673415
"की गई थी .",740,0.1339916651567313
"सामने आए । </s>",740,0.9993243243243243
"को हिरासत में ले",740,0.3215217391304348
"कब्जे में लेकर पोस्टमार्टम",740,0.8162251655629139
"<s> पुलिस ने शव",739,0.06518093556928509
"रेफर कर दिया ।",739,0.3924017003188098
"के साथ मौके पर",739,0.9993234100135318
"माहौल है । </s>",739,0.9993234100135318
"किया जा सकता ।",738,0.07570314103880106
"अपने माता - पिता",738,0.9993224932249323
"शुरू की है ।",738,0.8305180180180181
"की तैयारी कर रहे",738,0.3515252621544328
"को अलग - अलग",738,0.9082512315270936
"संभावना है . </s>",738,0.9993224932249323
"तो यह है कि",737,0.9993215739484396
"की योजना है ।",737,0.8219866071428571
"जुटी है । </s>",737,0.9993215739484396
"की तेजी के साथ",737,0.9678055190538765
"<s> बताते चलें कि",737,0.9993215739484396
"नहीं आ रहा है",736,0.6384548611111112
"रह गया । </s>",736,0.9993206521739131
"का आश्वासन दिया ।",736,0.5396184886280264
"जारी कर दिया गया",736,0.322729267222466
"सोशल मीडिया पर एक",736,0.08543384829829248
"को गिरफ्तार किया ।",736,0.13242707958228303
"लगा रहे हैं ।",736,0.6785055350553506
"को बंद कर दिया",735,0.9501940491591203
"चल रही हैं ।",735,0.778072033898305
"लगाए गए हैं ।",735,0.8365603644646925
"ही नहीं । </s>",735,0.9993197278911564
"में बताया । </s>",734,0.9993188010899182
"नईदुनिया प्रतिनिधि । </s>",734,0.9993188010899182
"अंजाम दिया । </s>",733,0.9993178717598908
"का सामना करना पड़ता",732,0.09889144247667973
"शुभारंभ किया । </s>",732,0.9993169398907104
"घोषणा की थी ।",731,0.5555133079847909
"का आरोप लगाया था",731,0.16486120514556535
"थमने का नाम नहीं",730,0.8694874851013111
"उन्होंने कहा कि सरकार",730,0.029134550101841128
"आयोजन किया जाएगा ।",730,0.9304846938775511
"कर दिया गया .",730,0.043798030739673394
"बात करते हुए कहा",729,0.7285
"में थी । </s>",729,0.9993141289437586
"मिल गई है ।",729,0.8240950226244343
"- 19 महामारी के",728,0.6017369727047146
"कम से कम एक",728,0.16091572660915726
"पर उन्होंने कहा कि",728,0.9993131868131868
"पिछले कई दिनों से",728,0.9993131868131868
". . ' </s>",728,0.9993131868131868
"ने कहा कि उन्होंने",728,0.011764610757139624
"बारिश हुई । </s>",727,0.9993122420907841
"देना है । </s>",727,0.9993122420907841
"पर रहे । </s>",726,0.9993112947658402
"में स्थित है ।",726,0.8124300111982082
"में किया गया ।",725,0.46681701030927836
"<s> जिसकी वजह से",725,0.9993103448275862
"जा रहे है ।",725,0.731079717457114
"शेयर किया है ।",725,0.5513698630136986
"ने कहा कि उन्हें",725,0.011716096898347295
"में चल रहा है",725,0.7723880597014925
"को मिलेगा । </s>",724,0.9993093922651933
"पर पहुंच गई ।",724,0.4584917617237009
"बना रहेगा । </s>",724,0.9993093922651933
"कुलपति प्रो . </s>",723,0.9993084370677732
"आ रही थी ।",722,0.7243975903614458
"के रूप में जाना",722,0.03443092340730136
"आवश्यकता होती है ।",722,0.8143340857787811
"में मदद मिलेगी ।",722,0.7626849894291755
"रखना चाहिए । </s>",722,0.9993074792243767
"मदद करने के लिए",721,0.9993065187239945
"कि प्रधानमंत्री नरेंद्र मोदी",721,0.9993065187239945
"सराहना की । </s>",720,0.9993055555555556
"के माता - पिता",720,0.9993055555555556
"का सामना करना पड़ा",720,0.09726916317425983
"होनी है । </s>",720,0.9993055555555556
"से हुई । </s>",719,0.9993045897079277
"अभियान चलाया । </s>",719,0.9993045897079277
"संभव नहीं है ।",719,0.8249138920780712
"कर रहे हैं तो",719,0.02365665744764915
"नहीं हो सका ।",719,0.44351851851851853
"के रूप में की",718,0.03424003817704605
"ठीक नहीं है ।",718,0.738928939237899
"मौत हो गई और",718,0.04310085901363609
"निर्देश दिया गया है",717,0.6046413502109704
"भेजा था । </s>",717,0.999302649930265
"लगे हुए हैं ।",717,0.8041526374859708
"चल रही है .",717,0.15039882451721243
"बने हैं । </s>",716,0.9993016759776536
"बताने जा रहे हैं",716,0.8243087557603687
"रह चुके हैं ।",716,0.6879807692307692
"आए थे . </s>",716,0.9993016759776536
"करना है . </s>",715,0.9993006993006993
"खेला जाएगा । </s>",714,0.9992997198879552
"चलाया गया । </s>",714,0.9992997198879552
"सामना करना पड़ता है",713,0.9338138925294889
"घर - घर जाकर",713,0.5650277557494052
"हो गया था .",712,0.14721704945168632
"का काम करता है",712,0.6575785582255084
"<s> राहुल गांधी ने",712,0.6102058319039451
"<s> बताया गया है",712,0.3933112216694306
"की कोशिश कर रहा",711,0.23279816513761467
"होते है । </s>",711,0.9992967651195499
"रहा है ? </s>",711,0.9706284153005464
"<s> मौसम विभाग ने",711,0.3141025641025641
"शुरू किया है ।",710,0.8155172413793104
"बना दिया । </s>",710,0.9992957746478873
"परेशान है । </s>",709,0.9992947813822285
"ने बताया था कि",709,0.9992947813822285
"का आयोजन किया ।",708,0.08172577105232759
"गयी थी . </s>",708,0.9992937853107344
"कांग्रेस के वरिष्ठ नेता",708,0.9164507772020726
"जानकारी दी है ।",708,0.5339622641509434
"अवगत कराया । </s>",708,0.9992937853107344
"नाम नहीं ले रहा",708,0.4889426399447132
"रहती थी । </s>",707,0.9992927864214993
"के साथ काम करने",707,0.32452916858061553
"में शामिल हो गए",706,0.38913403199117486
"दिक्कतों का सामना करना",706,0.9992917847025495
"ने गिरफ्तार कर लिया",706,0.907979407979408
"हो गयी . </s>",706,0.9992917847025495
"जा रहा था कि",706,0.13233914837741512
"लाभ होगा । </s>",706,0.9992917847025495
"<s> कुछ दिन पहले",705,0.7338541666666667
"गिरफ्तार किया गया ।",705,0.23212520593080724
"परेशानी हो रही है",705,0.83570581257414
"ज्ञापन सौंपा । </s>",705,0.999290780141844
"कहा गया । </s>",704,0.9992897727272727
"लिया जाता है ।",704,0.7260061919504643
"जानकारी दी . </s>",704,0.9992897727272727
"दुष्कर्म किया । </s>",703,0.9992887624466572
"<s> मध्य प्रदेश में",703,0.3005990586221652
"के लिए पूरी तरह",703,0.8197199533255543
"करते हुए कहा है",703,0.08625982318271119
"की कमी के कारण",703,0.661487758945386
"लगा हुआ है ।",702,0.8063218390804597
"बन गए । </s>",702,0.9992877492877493
"<s> इस तरह से",702,0.23
"मेरा मानना है कि",702,0.9992877492877493
"मिल रहा है .",701,0.17543200601051842
"जांच की गई ।",701,0.5489811912225705
"जारी किया । </s>",701,0.9992867332382311
"देने की बात कही",701,0.6639810426540285
"करना पड़ सकता है",700,0.9992857142857143
"की आशंका है ।",700,0.7895033860045146
"नहीं हो पाई है",700,0.5627514078841512
"बातचीत की । </s>",700,0.9992857142857143
"के साथ बैठक की",700,0.3832876712328767
"में बात करते हुए",700,0.7669956140350878
"पर था । </s>",700,0.9992857142857143
"से होगा । </s>",699,0.9992846924177397
"<s> मुख्यमंत्री योगी आदित्यनाथ",699,0.9263925729442971
"देते थे । </s>",699,0.9992846924177397
"में भाग लेने के",699,0.47100472016183415
"हुई हैं . </s>",698,0.9992836676217765
"रुपए है । </s>",698,0.9992836676217765
"बढ़ा है । </s>",697,0.9992826398852224
"हो गई थी .",697,0.14246267130292492
"ले जाने के लिए",696,0.7849887133182845
"शुरू हो चुका है",696,0.9646324549237171
"कोर्ट ने कहा कि",696,0.675242718446602
"की गोली मारकर हत्या",696,0.9992816091954023
"माता - पिता के",696,0.20395894428152492
"भी किया गया ।",696,0.5268939393939394
"मांग की है कि",695,0.15084708948740225
"एक वरिष्ठ अधिकारी ने",694,0.8856960408684547
"के बारे में पूछा",694,0.02414189236231985
"कोशिश कर रही है",694,0.7409188034188035
"अपील की है कि",694,0.4069835680751174
"की . . .",694,0.9029947916666666
"आरोप है । </s>",693,0.9992784992784993
"कहा कि देश में",693,0.42510742786985883
"कहा था कि वह",693,0.13794820717131473
"<s> इसी कड़ी में",692,0.9992774566473989
"ने बताया कि पुलिस",692,0.014675608565546807
"घायल कर दिया ।",691,0.7148033126293996
"भी हैं . </s>",691,0.9992764109985528
"<s> कोरोना महामारी के",691,0.5484511517077045
"पसंद करते हैं ।",691,0.6471415182755389
"के थे । </s>",690,0.9992753623188406
"ले रही है ।",690,0.7980324074074074
"नही है । </s>",690,0.9992753623188406
"को यह जानकारी दी",690,0.9549861495844876
"बनी रहती है ।",690,0.8267386091127098
"मामले की जांच की",690,0.16471571906354515
"पहुंच गए हैं ।",689,0.75909592061742
"स्वागत किया गया ।",689,0.9241610738255034
"<s> देश में कोरोना",689,0.37317073170731707
"आरोप लगाते हुए कहा",689,0.6464788732394366
"दी गई हैं ।",689,0.8033838973162194
"लगाए हैं । </s>",689,0.9992743105950653
"सकते थे । </s>",689,0.9992743105950653
"में भारतीय जनता पार्टी",688,0.9683098591549296
"करने के बाद भी",688,0.1408811475409836
"नहीं रहा । </s>",687,0.9992721979621543
"लिए किया जाता है",687,0.9378415300546448
"शिविर का आयोजन किया",686,0.9176706827309237
"करने का फैसला लिया",685,0.2823844884488449
"करते हुए बताया कि",685,0.8809523809523809
"शुरू कर दिया गया",685,0.08992380451918024
"प्रयास किया जा रहा",685,0.9992700729927008
"कर ली थी ।",685,0.7673766816143498
"कर देंगे । </s>",684,0.964033850493653
"ऐलान किया है ।",684,0.6168772563176895
"व्यक्त किया । </s>",683,0.9992679355783309
"कमी है । </s>",683,0.9992679355783309
"वाले थे । </s>",683,0.9992679355783309
"की जायेगी । </s>",683,0.9992679355783309
"पर हैं . </s>",683,0.9992679355783309
"पाया गया है ।",682,0.6156278229448962
"विषय है । </s>",682,0.999266862170088
"सूचना के आधार पर",682,0.999266862170088
"जेल भेज दिया गया",682,0.3900973096737264
"<s> इसी वजह से",682,0.999266862170088
"नहीं हो सका है",682,0.420679012345679
"ने दी । </s>",681,0.9992657856093979
"से चल रहा है",681,0.8238498789346247
"गंभीर है । </s>",681,0.9992657856093979
"हो गया है कि",680,0.04207690878692179
"तैयारी है । </s>",680,0.9992647058823529
"इसके साथ ही उन्होंने",680,0.16715867158671588
"घटना के बारे में",679,0.9992636229749632
"से हैं । </s>",679,0.9992636229749632
"वारदात को अंजाम दिया",679,0.48603151862464183
"को दी गई ।",679,0.504460966542751
"चर्चा हुई । </s>",678,0.9992625368731564
"उद्घाटन किया । </s>",678,0.9992625368731564
"लगाए जा रहे हैं",678,0.7519422863485017
"<s> प्रधानमंत्री ने कहा",677,0.7722602739726028
"करना था । </s>",677,0.9992614475627769
"देखा है । </s>",677,0.9992614475627769
"जाना चाहिए . </s>",677,0.9992614475627769
"जोर दिया । </s>",677,0.9992614475627769
"कर सकते । </s>",677,0.9992614475627769
"को अंजाम देने के",676,0.44705493050959627
"रह गया है ।",676,0.8412204234122043
"ने किया है ।",676,0.7342391304347826
"कुमार सिंह ने बताया",676,0.6782128514056225
"लगाई गई है ।",676,0.8738680465717982
"का माहौल है ।",676,0.7818287037037037
"निशाना साधते हुए कहा",675,0.9139566395663956
"में प्रधानमंत्री नरेंद्र मोदी",675,0.9992592592592593
"भी हुई । </s>",675,0.9992592592592593
"करने जा रहा है",675,0.8097238895558223
"कुछ समय के लिए",674,0.8439849624060151
"में जुटी है ।",674,0.8075539568345323
"चुना गया । </s>",673,0.9992570579494799
"जा रही है और",673,0.023202456527739442
"बन सकता है ।",673,0.7949172576832151
"भारतीय क्रिकेट टीम के",673,0.6752008032128514
"नहीं होना चाहिए ।",671,0.6984375
"के बारे में कहा",671,0.02334122397827752
"अधिकारी डा . </s>",671,0.9992548435171386
"नहीं होगा . </s>",670,0.9992537313432835
"बात की जाए तो",670,0.9992537313432835
"हो पाई है ।",669,0.8889627659574468
"मौके पर पहुंची ।",669,0.2273036382182931
"बारे में बताया ।",669,0.3569140416444207
"दर्ज कर लिया गया",669,0.2912854030501089
"भी हो सकती है",669,0.878449408672799
"जारी कर दी है",669,0.5075930144267274
"नहीं कर सकते ।",669,0.3619382782891175
"की रोकथाम के लिए",668,0.9335664335664335
"खेला गया । </s>",668,0.999251497005988
"के लिए रवाना हो",667,0.3448008277289188
"ने आरोप लगाया है",666,0.25237011755783084
"चौहान ने कहा कि",666,0.8195812807881774
"करा दिया । </s>",666,0.9992492492492493
"कोशिश की जा रही",666,0.9992492492492493
"नहीं करना चाहिए ।",666,0.7020042194092827
"लौट रहे थे ।",665,0.7808460634547592
"आग पर काबू पाया",665,0.5917186108637578
"के मामले में पुलिस",664,0.11074945751961275
"हो सकते हैं .",664,0.14830129637907913
"कराई गई है ।",664,0.9240947075208914
"शाह ने कहा कि",664,0.8834886817576565
"हो चुके हैं .",663,0.15279059040590406
"हूं । ' </s>",663,0.9992458521870287
"बंद कर दिया है",663,0.20340804421246547
"वित्त मंत्री निर्मला सीतारमण",663,0.9992458521870287
"दी गयी है ।",662,0.6119333950046254
"प्राप्त होगा । </s>",662,0.9992447129909365
"लिए जाना जाता है",661,0.932909604519774
"ही है . </s>",661,0.9656432748538012
"में पूछे जाने पर",661,0.9600290697674418
"<s> प्राप्त जानकारी के",661,0.9600290697674418
"है कि इस बार",660,0.15057077625570775
"कि हाल ही में",660,0.9992424242424243
"<s> एक बार फिर",660,0.5612765957446808
"शुरू हो जाएगा ।",659,0.846401028277635
"भाग गया । </s>",659,0.9992412746585736
"बात कही थी ।",659,0.7577675489067894
"के आदेश के बाद",659,0.5874219446922391
"ने बताया कि एक",658,0.013954031282497507
"पहुंचे हैं । </s>",658,0.9992401215805471
"में जुट गई है",658,0.7062298603651987
"इंतजार है । </s>",658,0.9992401215805471
"मांग की गई है",658,0.4522008253094911
"इसका मतलब है कि",658,0.9992401215805471
"मीडिया रिपोर्ट्स के मुताबिक",657,0.7143634385201306
"नियुक्त किया गया है",657,0.5814880425155005
"जीत दर्ज की ।",657,0.38481828839390386
"<s> लखनऊ . </s>",657,0.9992389649923896
"की संभावना है .",657,0.17217414109624968
"तरह - तरह के",656,0.5602564102564103
"मामला दर्ज किया है",655,0.3277416124186279
"जारी किए हैं ।",655,0.8222361809045227
"ने बताया कि उनके",654,0.013869139837432883
"कराने की मांग की",654,0.7661195779601406
"में वृद्धि होगी ।",654,0.8819163292847504
"मारपीट की । </s>",654,0.9992354740061162
"डिग्री सेल्सियस दर्ज किया",653,0.9539473684210527
"प्रधानमंत्री ने कहा कि",652,0.9241134751773049
"लगे हैं . </s>",652,0.9992331288343558
"<s> कभी - कभी",652,0.9469476744186046
"माता - पिता को",652,0.19105571847507333
"भी था । </s>",651,0.999231950844854
"की बात की जाए",651,0.45713281799016164
"बनाए हैं । </s>",651,0.999231950844854
"होनी चाहिए . </s>",650,0.9992307692307693
"नहीं कर सकते हैं",650,0.35165132647536546
"सकते हैं ? </s>",650,0.9992307692307693
"का सामना कर रहे",650,0.560880829015544
"प्रधानमंत्री नरेंद्र मोदी और",650,0.06979368149580915
"की धमकी दी ।",649,0.4331997327989312
"घोषित कर दिया गया",649,0.22533009034051424
"इस मामले में पुलिस",649,0.12587344720496896
"तेजी से वायरल हो",649,0.9467153284671533
"चाहता था । </s>",649,0.9992295839753467
"की कोशिश की गई",649,0.11246964967048213
"स्थान पर है ।",649,0.766548463356974
"मुकदमा दर्ज कर लिया",649,0.6630879345603272
"मारने की धमकी दी",648,0.4218241042345277
"को होगा । </s>",648,0.9992283950617284
"हत्या कर दी थी",647,0.1339896373056995
"को अस्पताल में भर्ती",647,0.9663677130044843
"की पुष्टि की है",647,0.5151394422310757
"बंद हैं । </s>",647,0.999227202472952
"<s> ic . i",646,0.9992260061919505
"ic . i </s>",646,0.9992260061919505
"घटना को अंजाम दिया",646,0.46539293439077145
"बन रहा है ।",646,0.846002621231979
"प्रयास कर रही है",646,0.8254475703324808
". . . ।",645,0.01204920637888164
"नहीं की जा सकती",645,0.5461864406779661
"नहीं हुए । </s>",644,0.9992236024844721
"पर पहुंच गया है",643,0.3390501319261214
"करने को कहा गया",643,0.22340055632823366
"देने की मांग की",643,0.6945945945945946
"मौके पर पहुंच गई",643,0.3284764826175869
"<s> इस मैच में",643,0.6699687174139729
"पता लगाने के लिए",643,0.9992223950233281
"देती है . </s>",643,0.9992223950233281
"के बारे में कुछ",642,0.022331685581006754
"रूप में जाना जाता",642,0.946165191740413
"सूचना मिली थी कि",642,0.6453722334004024
"पूछताछ की जा रही",642,0.9560357675111774
"के एक वरिष्ठ अधिकारी",641,0.8159235668789809
"तक चलेगा । </s>",641,0.999219968798752
"आरोप लगाया था कि",641,0.4539333805811481
"नहीं हो पा रही",641,0.37588028169014087
"सुशांत सिंह राजपूत की",641,0.3687392055267703
"से फरार हो गया",640,0.539662447257384
"बात सामने आई है",640,0.6239024390243902
"मुख्यमंत्री अरविंद केजरीवाल ने",640,0.6084681255946718
"<s> माना जाता है",640,0.99921875
"कहा कि प्रदेश में",640,0.47405485544848036
"कर रही है और",640,0.040354641257020256
"में लेकर पोस्टमार्टम के",640,0.9188218390804598
"ग्रामीणों ने बताया कि",639,0.9992175273865415
"हो पाया । </s>",639,0.9992175273865415
"सेल्सियस दर्ज किया गया",638,0.9992163009404389
"जानकारी नहीं है ।",638,0.7526564344746163
"सामने आ चुके हैं",638,0.9615384615384616
"की घोषणा की गई",638,0.12222009202453987
"कर चुके हैं .",638,0.1975519057948559
"<s> ऐसे में अब",636,0.05736595053258711
"उन्होंने बताया कि इस",635,0.12216018482864845
"दे रही हैं ।",635,0.7081473214285714
"को अंजाम दिया ।",635,0.3095121951219512
"लिए अलग - अलग",635,0.9992125984251968
"विकेट के नुकसान पर",635,0.9992125984251968
"तैयार करने के लिए",635,0.769090909090909
"<s> प्रो . </s>",635,0.9992125984251968
"भेजा गया था ।",633,0.8366402116402116
"थाना क्षेत्र के ग्राम",633,0.31847935548841894
"लिए तैयार है ।",633,0.7203872437357631
"<s> धीरे - धीरे",632,0.9992088607594937
"<s> हादसे के बाद",632,0.8397606382978723
"के आदेश दिए हैं",632,0.3956766917293233
"<s> स्वास्थ्य विभाग के",632,0.35799319727891155
"हो सका है ।",632,0.8309210526315789
"के डॉ . </s>",632,0.9992088607594937
"सीएम ने कहा कि",631,0.9992076069730587
"में कोरोना संक्रमण के",631,0.4406009783368274
"करने के उद्देश्य से",631,0.9992076069730587
"<s> सूत्रों का कहना",631,0.9085014409221902
"हरा दिया । </s>",631,0.9992076069730587
"की जानकारी देते हुए",630,0.9992063492063492
"है . A </s>",630,0.9992063492063492
"तैयार किया है ।",629,0.7508960573476703
"की होगी । </s>",629,0.9992050874403816
"आह्वान किया । </s>",629,0.9992050874403816
"की जानकारी ली ।",629,0.7508960573476703
"शराब के नशे में",628,0.9992038216560509
"रहने वाले हैं ।",628,0.716324200913242
"ने कहा कि एक",628,0.010147482130728679
"हो जाती हैं ।",628,0.7074408117249155
"<s> पश्चिम बंगाल में",628,0.4066753078418665
"किया जा सकेगा ।",628,0.8202614379084967
"नहीं कर पा रहे",627,0.5313825275657337
"<s> थाना क्षेत्र के",627,0.8886524822695036
"रही हूं । </s>",626,0.9308035714285714
"उन्होंने आगे कहा कि",626,0.9637904468412943
"बन रहे हैं ।",625,0.8531420765027322
"के एक गांव में",624,0.5398268398268399
"नहीं करते हैं ।",624,0.6142857142857143
"की आवश्यकता नहीं है",624,0.6927777777777778
"देखते हैं । </s>",624,0.999198717948718
"शुरू होने के बाद",624,0.6191658391261172
"मामला है । </s>",624,0.999198717948718
"शुरू होने से पहले",624,0.8611878453038674
"<s> के . </s>",623,0.9991974317817014
"<s> लोगों का कहना",623,0.8147905759162304
"स्वास्थ्य विभाग की टीम",623,0.5422473867595818
"शुरू हो चुकी है",623,0.8755274261603375
"नजर आई । </s>",622,0.9991961414790996
"ने इस बारे में",622,0.9991961414790996
"मिश्रा ने बताया कि",621,0.999194847020934
"गिर गई । </s>",621,0.999194847020934
"भाग लेने के लिए",621,0.8594182825484764
"को संबोधित किया ।",620,0.6741022850924918
"शामिल रहे । </s>",620,0.9991935483870967
"में कोरोना वायरस संक्रमण",620,0.16657703683785963
"क्या है । </s>",620,0.9991935483870967
"लेकर पोस्टमार्टम के लिए",620,0.9649532710280374
"से कम नहीं है",619,0.6093596059113301
"इस मामले को लेकर",619,0.8011658031088082
"एक निजी अस्पताल में",619,0.8963768115942029
"सलाह दी जाती है",618,0.9991909385113269
"रहा है कि इस",618,0.09346148024822158
"रखा जाता है ।",618,0.732502965599051
"दो अलग - अलग",618,0.9991909385113269
"की जाती है .",618,0.12261715647339158
"भी कर रहे हैं",618,0.8333333333333334
"बना दिया है ।",618,0.7439759036144579
"से की । </s>",618,0.9991909385113269
"नहीं की गई ।",618,0.30584447746409116
"दर्ज कराया है ।",618,0.8672752808988764
"वितरण किया गया ।",617,0.9
"अभियान चलाया जा रहा",617,0.9991896272285251
"पर भर्ती के लिए",616,0.9991883116883117
"करने के लिए भी",616,0.01945752853033225
"प्रयास कर रहे हैं",616,0.7850765306122449
"कहा कि केंद्र सरकार",615,0.6502645502645502
"के लिए बता दें",615,0.7448484848484849
"निर्णय लिया गया ।",615,0.3183937823834197
"बना लिया । </s>",614,0.999185667752443
"क्षेत्र के एक गांव",613,0.9991843393148451
"संबोधित कर रहे थे",613,0.8889695210449927
"जीता था । </s>",613,0.9991843393148451
"ने मौके पर पहुंचकर",613,0.5226109215017065
"चल रहे थे ।",613,0.8091149273447821
"देखी गई । </s>",613,0.9991843393148451
"महिला एवं बाल विकास",613,0.9452160493827161
"दबोच लिया । </s>",612,0.9991830065359477
"विधानसभा चुनाव के लिए",612,0.39785296031229667
"बनाई गई है ।",612,0.8376712328767123
"तोड़ दिया । </s>",612,0.9991830065359477
"समस्या है । </s>",612,0.9991830065359477
"को गिरफ्तार किया था",612,0.11010082823190494
"रहीं हैं । </s>",612,0.9991830065359477
"साबित हो सकता है",611,0.9991816693944353
"हो गया है और",611,0.03780419840237786
"किसी भी तरह के",611,0.21905274488697524
"पर काम कर रहे",611,0.3961713173264114
"लेती है । </s>",611,0.9991816693944353
"<s> 8 . </s>",611,0.9991816693944353
"लगाया है . </s>",610,0.9991803278688525
"के कई हिस्सों में",610,0.9508580343213728
"से भी जाना जाता",610,0.9991803278688525
"लगा दिया है ।",610,0.7905317769130998
"भी मौजूद थे ।",610,0.8315143246930423
"दी जा सकती है",610,0.803030303030303
"निशाना साधा । </s>",610,0.9991803278688525
"का आरोप है ।",609,0.1728693181818182
"<s> कोरोना संक्रमण के",609,0.3805503439649781
"जरूरत होती है ।",609,0.694634703196347
"पिछले कुछ समय से",609,0.8102529960053262
"भारत और पाकिस्तान के",608,0.7138660399529965
"में एक - एक",608,0.6186354378818737
"कर रखा है ।",608,0.8121657754010695
"ऐसा नहीं है कि",608,0.5357142857142857
"- बीआर एफएमपी -",608,0.6553398058252428
"कार्रवाई की । </s>",607,0.999176276771005
"<s> पटना । </s>",607,0.999176276771005
"किया गया था और",606,0.046126304563114194
"की अध्यक्षता में हुई",606,0.27189043556353837
"को टक्कर मार दी",606,0.9991749174917491
"पहुंची थी । </s>",606,0.9991749174917491
"सवार थे । </s>",606,0.9991749174917491
"कमी आई है ।",605,0.7651898734177215
"हो रहा है और",605,0.042501581944737396
"नहीं थी . </s>",605,0.9991735537190083
"छात्र - छात्राओं ने",605,0.21666666666666667
"आप जानते हैं कि",605,0.9343122102009274
"पर थे । </s>",605,0.9991735537190083
"उसे मृत घोषित कर",604,0.9991721854304636
"अध्यक्ष राहुल गांधी ने",604,0.4759463722397476
"बढ़ रहे हैं ।",604,0.7324029126213593
"जा सकता है और",603,0.02986073251722258
"में लगे हुए हैं",603,0.7521847690387016
"के लिए अलग -",603,0.5355555555555556
"में जाना जाता है",603,0.9032983508245878
"लिए कहा गया है",603,0.5754536771728749
"<s> उसने बताया कि",603,0.9991708126036484
"की मुख्यमंत्री ममता बनर्जी",602,0.9991694352159468
"से अपील की है",602,0.5058873002523129
"के खिलाफ केस दर्ज",602,0.9991694352159468
"ने प्रधानमंत्री नरेंद्र मोदी",601,0.9991680532445923
"कहा जाता है .",601,0.10692663817663818
"<s> अधिकारी ने कहा",601,0.5114991482112436
"<s> इनमें से एक",600,0.22236646884272998
"उनकी मौत हो गई",600,0.8455571227080395
"हो सकता । </s>",600,0.9991666666666666
"<s> देखते ही देखते",600,0.9991666666666666
"मजबूर हैं । </s>",600,0.9991666666666666
"के बाद पहली बार",600,0.9991666666666666
"डाउनलोड कर सकते हैं",599,0.7948207171314741
"बेहतर है । </s>",599,0.9991652754590985
"सूचना पुलिस को दी",599,0.875
"सौंप दिया । </s>",599,0.9991652754590985
"को संबोधित कर रहे",598,0.9025679758308157
"की तैयारी कर रही",598,0.2847950428979981
"किए गए हैं .",598,0.13163692443269442
"नहीं हो सकता ।",598,0.43016558675305977
"जुट गई है ।",598,0.8535714285714285
"चाहता हूं । </s>",598,0.9544728434504792
"के विधानसभा चुनाव में",598,0.7104637336504162
"ने लिखा है कि",597,0.7221549636803875
"बंद कर दिया ।",597,0.1831439975437519
"लिया जा रहा है",597,0.9134762633996937
"Rojgarlive . c </s>",597,0.9991624790619765
"शुरू कर दिया था",597,0.07836311087756175
"को निलंबित कर दिया",597,0.9991624790619765
"ने बताया कि कोरोना",597,0.012659436745261996
"पास है । </s>",597,0.9991624790619765
"नाम से भी जाना",596,0.8968373493975904
"कब्जे में ले लिया",596,0.9452380952380952
"में बड़ी संख्या में",596,0.9991610738255033
"आ सकते हैं ।",596,0.7713730569948186
"प्रतिशत है । </s>",596,0.9991610738255033
"की जाएंगी । </s>",595,0.9991596638655462
"प्रावधान है । </s>",595,0.9991596638655462
"कुछ दिन पहले ही",594,0.800944669365722
"से बातचीत में कहा",594,0.7167874396135265
"भी कहा है कि",594,0.8186206896551724
"की तैयारी है ।",594,0.8805637982195845
"में शामिल हुए ।",594,0.4615085536547434
"<s> एस . </s>",594,0.9991582491582491
"ने कहा कि केंद्र",594,0.009597658397748957
"इस बात की पुष्टि",593,0.1667604840979454
"दर्शाता है । </s>",593,0.9991568296795953
"रोक दिया । </s>",593,0.9991568296795953
"पूजा की जाती है",592,0.9991554054054054
"बता दें कि इससे",592,0.05186776569624693
"लिए तैयार हैं ।",591,0.6963443396226415
"साथ है । </s>",591,0.9991539763113367
"तैयारी में है ।",591,0.8212795549374131
"अधिकार है । </s>",591,0.9991539763113367
"आरोप लगाया था ।",591,0.4184975194897236
"बना रही है ।",591,0.7852393617021277
"प्रधानमंत्री नरेंद्र मोदी को",591,0.06345368579411133
"देखी जा रही है",590,0.8759286775631501
"मिलती है . </s>",590,0.9991525423728813
"काम करता था ।",590,0.8064295485636115
"का प्रयास किया गया",590,0.15509076558800317
"मामले की जांच के",589,0.14058767319636886
"के बारे में पूछे",589,0.020486667130822252
"पश्चिम बंगाल की मुख्यमंत्री",589,0.7642857142857142
"रहा हैं । </s>",589,0.9991511035653651
"पकड़ लिया । </s>",589,0.9991511035653651
"हाल के दिनों में",588,0.9991496598639455
"फैसला किया है .",588,0.22780147343931756
"की जानकारी मिलते ही",588,0.9991496598639455
"प्रेरित किया । </s>",588,0.9991496598639455
"की बात यह है",588,0.822829131652661
"बना रहता है ।",588,0.7928475033738192
"नहीं आई । </s>",587,0.9991482112436116
"की समीक्षा की ।",587,0.5213333333333333
"ठाकुर ने कहा कि",586,0.9249605055292259
"नहीं मिल पा रहा",586,0.5560303893637227
"को होगी । </s>",586,0.9991467576791809
"देश में कोरोना वायरस",586,0.39163879598662205
"नहीं आई है ।",586,0.8388252148997135
"पुष्टि की है ।",586,0.6448237885462555
"सूचना मिलने के बाद",586,0.9991467576791809
"को . . .",586,0.9551386623164764
"हो सकेगा । </s>",585,0.9991452991452991
"पुलिस ने इस मामले",585,0.7793333333333333
"तैनात किया गया है",585,0.6900826446280992
"दावा किया था कि",585,0.7640522875816993
"सहयोग मिलेगा । </s>",585,0.9991452991452991
"बताया है . </s>",585,0.9991452991452991
"मिल जाएगी । </s>",584,0.9991438356164384
"<s> पुलिस ने इस",584,0.05150044130626655
"करना पड़ता है ।",584,0.8631656804733728
"की शुरुआत की थी",584,0.25480349344978165
"ने कहा कि अब",584,0.009435945535107862
"की शुरुआत की ।",584,0.25480349344978165
"किसी बात को लेकर",584,0.9991438356164384
"प्रस्तुत किया । </s>",584,0.9991438356164384
"<s> इसे देखते हुए",584,0.9991438356164384
"पर निशाना साधा है",584,0.4911616161616162
"में बताया गया कि",584,0.321664829106946
"थाना क्षेत्र के गांव",584,0.2938066465256798
"करना होता है ।",583,0.7410941475826972
"बात नहीं है ।",583,0.6170550847457628
"<s> इस कार्यक्रम में",583,0.5790258449304175
". . ! </s>",582,0.9991408934707904
"दिवस के रूप में",582,0.9991408934707904
"के साथ । </s>",582,0.9991408934707904
"है कि भारत में",582,0.3428655660377358
"खत्म करने के लिए",582,0.8489051094890511
"का ऐलान कर दिया",582,0.860207100591716
"पहुंचा था । </s>",582,0.9991408934707904
"उपयोग कर सकते हैं",582,0.9439935064935064
"प्राचार्य डॉ . </s>",582,0.9991408934707904
"रखती है । </s>",581,0.9991394148020654
"कर रहा है और",581,0.05302338326635002
"<s> उन्होंने आरोप लगाया",581,0.9141732283464566
"दी गयी । </s>",580,0.9991379310344828
"के लिए सरकार ने",580,0.3640075376884422
"दें कि इससे पहले",580,0.9991379310344828
"साथ आता है ।",580,0.7289308176100628
"शुरू किया था ।",580,0.7198757763975155
"में होता है ।",580,0.704131227217497
"से कहा गया है",579,0.5855263157894737
"दर्ज कराई । </s>",579,0.9991364421416234
"दर्ज कराई थी ।",579,0.7682602921646746
"पूछताछ कर रही है",579,0.9514802631578947
"वाला था । </s>",579,0.9991364421416234
"के रूप में मनाया",579,0.027606776425674065
"किए जा चुके हैं",579,0.9546204620462047
"किसी भी तरह का",578,0.20721205597416578
"के बारे में बताने",578,0.02010373877323679
"को याद करते हुए",578,0.8530280649926145
"काम करेंगे । </s>",578,0.9991349480968859
"नहीं होंगे । </s>",577,0.9991334488734835
"चलाया जाएगा । </s>",577,0.9991334488734835
"साबित होगा । </s>",577,0.9991334488734835
"<s> वहीं दूसरी तरफ",577,0.3481280193236715
"कर जेल भेज दिया",577,0.9544701986754967
"के लोकसभा चुनाव में",577,0.7233375156838143
"तेज हो गई है",577,0.6937424789410349
"की बात कर रहे",577,0.6349118942731278
"रखा गया है .",576,0.15180691110524927
"लगाते हुए कहा कि",576,0.7937931034482759
"लिए कहा है ।",576,0.7622516556291391
"लिया गया . </s>",576,0.9991319444444444
"रन बनाए . </s>",576,0.9991319444444444
"बारे में विस्तार से",575,0.9991304347826087
"में किया जाता है",575,0.9590984974958264
"जारी किया था ।",575,0.6930036188178529
"निर्णय लिया । </s>",575,0.9991304347826087
"<s> मान्यता है कि",575,0.9991304347826087
"पसंद है । </s>",574,0.9991289198606271
"उन्होंने कहा कि वह",574,0.022904269339829867
"में आया है ।",574,0.6220173535791758
"दौरा किया । </s>",574,0.9991289198606271
". . . '",574,0.010721830656770551
"कार्रवाई की जा रही",574,0.8372262773722627
"इस्तेमाल किया जाता है",574,0.9190705128205128
"<s> अधिकारी ने बताया",573,0.487649063032368
"में रहता है ।",573,0.7582781456953642
"नजर आया । </s>",573,0.9991273996509599
"की ओर से आयोजित",573,0.03504958981266071
"<s> अलग - अलग",573,0.9991273996509599
"की कोशिश की जा",573,0.09928893513701006
"हो जाता है और",573,0.08042989603821298
"दे सकता है ।",572,0.7818057455540356
"होती हैं . </s>",572,0.9991258741258742
"में आता है ।",572,0.5891752577319588
"का हिस्सा है ।",571,0.6799761620977354
"नहीं कर सकता ।",571,0.4371647509578544
"<s> कोर्ट ने कहा",571,0.5604125736738703
"वायरल हो रही है",571,0.6269230769230769
"कर दी जाएगी ।",571,0.875
"में प्रवेश के लिए",571,0.9556113902847572
"में पहुंचे । </s>",570,0.9991228070175439
"कर देगा । </s>",570,0.9991228070175439
"<s> टीम इंडिया के",570,0.5752525252525252
"दे रहे थे ।",570,0.7154522613065326
"लेते हैं . </s>",570,0.9991228070175439
"लगी है . </s>",570,0.9991228070175439
"दर्ज की है ।",570,0.7181588902900379
"है कि देश में",570,0.47027250206440957
"में सामने आया है",569,0.5358152686145146
"हाल है । </s>",569,0.9991212653778558
"बारे में पूछे जाने",569,0.8561746987951807
"का पता लगाने के",569,0.5940438871473355
"<s> सूत्रों की मानें",569,0.710625
"के लिए भेजा गया",569,0.40665236051502146
"ठीक हो चुके हैं",569,0.9603040540540541
"में लिया है ।",569,0.8348017621145375
"दर्ज किया गया था",569,0.1492517721186663
"आई थीं । </s>",568,0.9991197183098591
"पहुंची है । </s>",568,0.9991197183098591
"क्या आप जानते हैं",568,0.8521021021021021
"सकती थी । </s>",568,0.9991197183098591
"आ सकता है ।",568,0.7658569500674763
"<s> शादी के बाद",568,0.7174462705436156
"बढ़ा दी है ।",567,0.7868055555555555
"कामना की । </s>",567,0.9991181657848325
"दी जाएगी . </s>",567,0.9991181657848325
"बनाया जा सकता है",567,0.947324414715719
"का विषय है ।",567,0.6549132947976879
"रक्षा मंत्री राजनाथ सिंह",567,0.9991181657848325
"<s> उन्होने कहा कि",566,0.9991166077738516
"हो गई है और",566,0.03833118687724531
"सुनाई है । </s>",566,0.9991166077738516
"छोड़ दिया । </s>",566,0.9991166077738516
"के लिए लोगों को",566,0.45678513731825526
"पार्टी के राष्ट्रीय अध्यक्ष",566,0.6829710144927537
"<s> प्रधानमंत्री नरेन्द्र मोदी",566,0.9991166077738516
"खतरा है । </s>",566,0.9991166077738516
"<s> कुछ देर बाद",566,0.7086466165413534
"आदेश दिया । </s>",566,0.9991166077738516
"आदेश दिए हैं ।",565,0.797316384180791
"वर्ष 2020 - 21",565,0.9991150442477876
"कहा है . </s>",565,0.9633105802047781
"पलट गई । </s>",565,0.9991150442477876
"देखने को मिला है",565,0.2479139218269653
"पुलिस ने मौके पर",564,0.737565445026178
"मिल पा रहा है",563,0.8761682242990654
"से मनाया गया ।",563,0.9991119005328597
"चौधरी ने कहा कि",563,0.9375
"रह गई । </s>",563,0.9991119005328597
"जुटे हैं । </s>",563,0.9991119005328597
"का आह्वान किया ।",563,0.43070444104134764
"पर जोर दिया ।",563,0.39308176100628933
"ने बताया कि उन्होंने",563,0.011937859462212696
"दिया गया है और",563,0.02582407492424938
"एक ही परिवार के",563,0.8614088820826953
"आदि मौजूद रहे ।",563,0.9991119005328597
"बंगाल की मुख्यमंत्री ममता",562,0.9327242524916943
"आप देख सकते हैं",562,0.9358333333333333
"करना पड़ेगा । </s>",562,0.9991103202846975
"ने शुक्रवार को कहा",562,0.3648473034437947
"देखने को मिली है",561,0.3264414676761794
"<s> ऐसे में अगर",561,0.05059577541072396
"हमला किया । </s>",561,0.9991087344028521
"को है । </s>",561,0.9991087344028521
"रखी गई है ।",561,0.7850140056022409
"पाए हैं । </s>",560,0.9991071428571429
"प्राथमिक उपचार के बाद",560,0.9263245033112583
"आती है . </s>",560,0.9991071428571429
"विकेट लिए । </s>",560,0.9991071428571429
"ने सोमवार को कहा",559,0.3473258706467662
"तो उन्होंने कहा कि",559,0.8767660910518054
"ने मंगलवार को कहा",559,0.33066903493191235
"गुप्ता ने कहा कि",559,0.9514480408858603
"<s> रिपोर्ट के अनुसार",559,0.3946996466431095
"यह है कि इस",558,0.09717622450758236
"बनाया गया है .",558,0.14331619537275064
"पाया जाता है ।",557,0.5870253164556962
"कर सकता । </s>",556,0.9991007194244604
"कर दी हैं ।",556,0.8169117647058823
"<s> आज हम आपको",556,0.8085880640465793
"का स्वागत किया ।",556,0.4907243816254417
"दिखाया गया है ।",556,0.5865892291446674
"पड़ी है । </s>",556,0.9991007194244604
"देख रहे हैं ।",555,0.6080043859649122
"शामिल था । </s>",555,0.9990990990990991
"नहीं दिया जा रहा",555,0.7776998597475456
"में लगे हैं ।",555,0.7575136612021858
"कर पा रहे हैं",555,0.7383488681757656
"गठन किया गया है",555,0.4968637992831541
"हिरासत में लिया गया",555,0.37746766507828455
"बन जाता है ।",555,0.7432975871313673
"मुख्यमंत्री नीतीश कुमार ने",555,0.45600328947368424
"करते हुए कहा था",555,0.0680869351669941
"सूत्रों ने कहा कि",554,0.9626086956521739
"काम किया जा रहा",554,0.9413265306122449
"मिल जाएगा । </s>",554,0.9990974729241877
"भी कहा गया है",554,0.662874251497006
"लगाए जाएंगे । </s>",554,0.9990974729241877
"साधा है । </s>",554,0.9990974729241877
"आयोजन हुआ । </s>",554,0.9990974729241877
"बरामद किया है ।",553,0.8473926380368099
"दिखाई दे रही है",553,0.5454096742349457
"नाम नहीं ले रही",552,0.3811333794056669
"कृषि कानूनों के खिलाफ",552,0.623868778280543
"नजर आएंगी । </s>",552,0.9990942028985508
"तलाश की जा रही",552,0.9990942028985508
"के आरोप में गिरफ्तार",551,0.3757679180887372
"ले गई । </s>",551,0.9990925589836661
"पर काम कर रही",551,0.35723556132381573
"कोई कार्रवाई नहीं की",551,0.5439723320158103
"बताया गया । </s>",551,0.9990925589836661
"मजबूत करने के लिए",551,0.9624125874125874
"बनाया है . </s>",551,0.9990925589836661
"करने की सलाह दी",550,0.7589779005524862
"जाता था . </s>",550,0.9990909090909091
"कहा कि राज्य सरकार",550,0.4016812865497076
"पेश किया गया ।",550,0.3869718309859155
"तैयारी शुरू कर दी",550,0.9990909090909091
"शिक्षा के क्षेत्र में",550,0.9990909090909091
"चाहती हैं । </s>",550,0.9990909090909091
"<s> 9 . </s>",549,0.9990892531876139
"<s> मीडिया रिपोर्ट के",549,0.9021381578947368
"<s> उत्तर प्रदेश की",548,0.08954857703631011
"ली जाएगी । </s>",548,0.9990875912408759
"नहीं हो सकी ।",548,0.4415322580645161
"शुरू किया गया है",548,0.41196388261851014
"रहा हूं . </s>",548,0.8718152866242038
"झटका लगा है ।",548,0.7530949105914718
"के लिए तैयार नहीं",547,0.11987277911822768
"बना रहा है ।",547,0.775177304964539
"करने वाले हैं ।",547,0.69529262086514
"करना चाहते हैं तो",547,0.21084104938271606
"शिरकत की । </s>",547,0.9990859232175503
"में आ गया ।",547,0.39486994219653176
"मिले हैं . </s>",547,0.9990859232175503
"मंत्रालय की ओर से",547,0.9990859232175503
"घटना के बाद से",547,0.33672211953173137
"ने कहा कि प्रधानमंत्री",546,0.008821436657071703
"की सजा सुनाई है",546,0.38093575418994413
"लिए भेज दिया ।",546,0.3708361658735554
"करवाया गया । </s>",546,0.9990842490842491
"की जान चली गई",546,0.897203947368421
"खुश हैं । </s>",546,0.9990842490842491
"हो पा रही है",546,0.7544951590594744
"वर्मा ने बताया कि",545,0.9990825688073395
"किया जाता है और",545,0.04608158429248477
"बता रहे हैं ।",545,0.522552783109405
"<s> Also Read -",545,0.9990825688073395
"की जानकारी दी गई",545,0.16702453987730062
"से जूझ रहे हैं",545,0.6552346570397112
"सोशल मीडिया पर शेयर",545,0.06324776396794053
"आसार हैं । </s>",544,0.9990808823529411
"<s> साथ ही यह",544,0.06244255514705882
"जा चुका है .",544,0.14657497303128372
"प्रधानमंत्री नरेन्द्र मोदी ने",544,0.3568614576493762
"वित्त मंत्री अरुण जेटली",544,0.9990808823529411
"<s> ऐसा करने से",544,0.5926935659760088
"के बारे में विस्तार",543,0.01888533036273759
"की अनुमति देता है",543,0.9990791896869244
"नहीं किया . </s>",543,0.9990791896869244
"ने कोविड - 19",543,0.9990791896869244
"संवाददाता नई दिल्ली ।",543,0.9990791896869244
"का शुभारंभ किया ।",543,0.6007751937984496
"बाहर निकाला । </s>",542,0.9990774907749077
"<s> सुप्रीम कोर्ट के",542,0.20947775628626691
"क्लिक करें । </s>",542,0.9990774907749077
"पर चर्चा की ।",542,0.3711446196024674
"का प्रयास कर रहे",541,0.43623890234059726
"सवाल यह है कि",541,0.9990757855822551
"सामने आया है कि",541,0.10499222999223
"लगाया गया था ।",541,0.7548882681564246
"एक हैं । </s>",541,0.9990757855822551
"के लिए कहा था",541,0.12566844919786097
"नहीं दी । </s>",540,0.9990740740740741
"में नजर आ रही",540,0.3864613180515759
"अभी हाल ही में",540,0.9990740740740741
"कम नहीं है ।",540,0.767425320056899
"में निधन हो गया",540,0.9990740740740741
"<s> खबर है कि",540,0.9990740740740741
"हो चुकी है और",540,0.06898094872778417
"जीत लिया । </s>",539,0.9990723562152134
"<s> इस मामले की",539,0.07926111274654106
"रह गई है ।",539,0.8246554364471669
"काम करती है ।",539,0.7520949720670391
"<s> सुशांत सिंह राजपूत",539,0.9990723562152134
"लगी हुई है ।",538,0.7624113475177305
"को निर्देश दिए कि",538,0.4570578231292517
"मौत के घाट उतार",538,0.7538569424964937
"भाग निकला । </s>",538,0.9990706319702602
"का काम करते हैं",537,0.6958495460440985
"नहीं कर रही है",537,0.6574754901960784
"बहुत जरूरी है ।",537,0.6878205128205128
"नहीं होनी चाहिए ।",537,0.7855051244509517
"सामने आया । </s>",537,0.9990689013035382
"काम कर रही हैं",536,0.2078804347826087
"पद से इस्तीफा दे",536,0.6329787234042553
"शुरू की गई है",536,0.44886839899413244
"से मिलने के लिए",536,0.7295640326975477
"की हैं . </s>",535,0.9990654205607477
"पुलिस की ओर से",535,0.9990654205607477
"<s> दोनों के बीच",535,0.8648867313915858
"मांगी थी । </s>",535,0.9990654205607477
"और पाकिस्तान के बीच",534,0.8468253968253968
"अच्छा रहेगा । </s>",534,0.9990636704119851
"करने की दिशा में",534,0.9990636704119851
"में जगह - जगह",534,0.9990636704119851
"इस्तेमाल कर सकते हैं",534,0.7903703703703704
"फेंक दिया । </s>",534,0.9990636704119851
"लागू होने के बाद",533,0.8452380952380952
"से हमला कर दिया",533,0.8479299363057324
"पहुंचते हैं । </s>",533,0.99906191369606
"निकले थे । </s>",533,0.99906191369606
"शादी के बंधन में",533,0.99906191369606
"दिखाई दिए । </s>",533,0.99906191369606
"के दौरान मौत हो",532,0.9990601503759399
"की मांग करते हुए",532,0.6577970297029703
"हुई थीं । </s>",532,0.9990601503759399
"बनी रहेगी । </s>",532,0.9990601503759399
"आया था . </s>",532,0.9990601503759399
"सोमवार को कहा कि",531,0.9242160278745645
"मनाई गई । </s>",531,0.9990583804143126
"कांग्रेस अध्यक्ष सोनिया गांधी",531,0.9990583804143126
"घायल हुए हैं ।",531,0.8186728395061729
"रहे हैं । '",531,0.007410563370444354
"भारत की ओर से",531,0.9990583804143126
"<s> कहते हैं कि",531,0.9990583804143126
"तैयार नहीं है ।",530,0.7938530734632684
"बढ़ जाती है ।",530,0.7752562225475842
"आसान है । </s>",530,0.9990566037735849
"राहत की सांस ली",530,0.9455357142857143
"प्रतियोगिता का आयोजन किया",530,0.8737623762376238
"नहीं हो सकी है",530,0.42701612903225805
"सलाह दी । </s>",530,0.9990566037735849
"मामले दर्ज किए गए",530,0.8209302325581396
"प्रदर्शन कर रहे हैं",530,0.5591341077085533
"हो गयी है .",530,0.35704652730950776
"और यहां तक कि",529,0.9320987654320988
"के कप्तान विराट कोहली",529,0.999054820415879
"करार दिया । </s>",529,0.999054820415879
"विवाद हो गया ।",529,0.6382850241545893
"मदद की । </s>",529,0.999054820415879
"अमेरिकी राष्ट्रपति डोनाल्ड ट्रंप",528,0.839968152866242
"इसमें कहा गया है",528,0.7099596231493943
"के लिए किया गया",528,0.24776890558947862
"लागू करने के लिए",528,0.8216510903426791
"मौसम विभाग के अनुसार",528,0.459094865100087
"कर सकती है .",528,0.18541300527240773
"मचा हुआ है ।",528,0.8041158536585366
"<s> जिला अस्पताल में",527,0.5863028953229399
"ने कहा कि पिछले",527,0.008514182218053624
"गिरावट आई है ।",527,0.7893553223388305
"सौंपी गई है ।",527,0.8954081632653061
"किया और कहा कि",527,0.9990512333965844
"बनाए थे । </s>",527,0.9990512333965844
"भारतीय जनता पार्टी की",527,0.1139857111928989
"को बढ़ाने के लिए",526,0.9990494296577946
"जारी किया गया था",526,0.24061355311355312
"में कोरोना वायरस से",526,0.14130142511427804
"<s> पहले चरण में",526,0.7475106685633002
"अग्रवाल ने बताया कि",526,0.9990494296577946
"को कम करने में",526,0.26393771973882474
"दिए गए थे ।",526,0.8134674922600619
"मुकदमा दर्ज किया गया",526,0.4755656108597285
"बनती है । </s>",526,0.9990494296577946
"पेश किया है ।",525,0.7690615835777126
"वीं और 12 वीं",525,0.9990476190476191
"तैयारी कर रही है",525,0.8094135802469136
"जारी किए गए हैं",525,0.4883612662942272
"पिटाई कर दी ।",525,0.6901315789473684
"नहीं करेगा । </s>",525,0.9990476190476191
"का जवाब देते हुए",524,0.9990458015267175
"संबोधित करेंगे । </s>",524,0.9990458015267175
"शुक्रवार को कहा कि",524,0.9265486725663716
"सीएमओ डॉ . </s>",524,0.9990458015267175
"खरीद सकते हैं ।",524,0.7362869198312236
"बन गई । </s>",523,0.9990439770554493
"सोशल डिस्टेंसिंग का पालन",523,0.8413848631239935
"<s> ऐसे में इस",523,0.04716555334897996
"गया हैं । </s>",522,0.9990421455938697
"का इस्तेमाल किया गया",522,0.27076843198338524
"में भर्ती किया गया",522,0.9101221640488656
"के बारे में कोई",522,0.01815428531643807
"जा रहा था .",522,0.09782404802100919
"करा रहे हैं ।",522,0.8869047619047619
"पता नहीं चल पाया",522,0.46729390681003585
"आलम यह है कि",521,0.9990403071017274
"नाम है । </s>",521,0.9990403071017274
"तक पहुंचने के लिए",521,0.9052173913043479
"सांस ली । </s>",521,0.9990403071017274
"ने कहा कि उनकी",521,0.008417154500468968
"रह रहे हैं ।",521,0.745702005730659
"अधिकारियों ने कहा कि",521,0.8747899159663866
"दिया जाता है .",521,0.13383903317048085
"सिंह के नेतृत्व में",521,0.9378378378378378
"भी दी । </s>",520,0.9990384615384615
"बता दें कि यह",520,0.04555419151175026
"से हुई थी ।",520,0.8029366306027821
"की कामना की ।",520,0.7583941605839416
"में आ गए ।",520,0.36533052039381153
"दूर है । </s>",520,0.9990384615384615
"सुनिश्चित करें । </s>",520,0.9990384615384615
"पड़ती है । </s>",520,0.9990384615384615
"शेयर करते हुए लिखा",519,0.6071428571428571
"तरीका है । </s>",519,0.9990366088631984
"के लिए सबसे लोकप्रिय",519,0.244
"अभियान चलाया गया ।",519,0.7867981790591806
"हो जाएगी . </s>",519,0.9990366088631984
"उन्होंने आरोप लगाया कि",519,0.8570247933884297
"की सराहना की ।",518,0.6234939759036144
"पुलिस को दी गई",518,0.2554294175715696
"बात है . </s>",518,0.9460694698354661
"<s> साथ ही इस",518,0.05945542279411765
"यह भी कहा गया",518,0.13582677165354332
"देखने को मिलता है",518,0.999034749034749
"मुख्यमंत्री डॉ . </s>",518,0.999034749034749
"गंभीरता से लेते हुए",518,0.9375
"<s> मामले की जांच",518,0.33669486011711125
"था । ' </s>",518,0.999034749034749
"का विरोध कर रहे",518,0.7961538461538461
"निकला था । </s>",517,0.9990328820116054
"लिखा था । </s>",517,0.9990328820116054
"<s> इस वीडियो को",517,0.29786620530565167
"ने शव को कब्जे",517,0.5436842105263158
"बैठ गए । </s>",517,0.9990328820116054
"के बारे में नहीं",517,0.017980226972081043
"मौत के मामले में",517,0.8481116584564861
"D बिड़ला एसएल एफटीपी",517,0.893598615916955
"कारण है । </s>",516,0.999031007751938
"युवक की मौत हो",516,0.7471014492753624
"काम कर रहे थे",516,0.1535139964264443
"उठा रहे हैं ।",516,0.7637037037037037
"पदों पर भर्ती के",516,0.6608974358974359
"भेजा जा रहा है",516,0.8903281519861831
"बोल दिया । </s>",516,0.999031007751938
"जारी रहेगी । </s>",516,0.999031007751938
"आयोजित की जाएगी ।",516,0.8079937304075235
"चलता रहा । </s>",515,0.9990291262135922
"गांव के रहने वाले",515,0.9990291262135922
"चाहिए । ' </s>",514,0.9990272373540856
"एक सवाल के जवाब",514,0.9387568555758684
"पूरा किया । </s>",514,0.9990272373540856
"नहीं हो पाया ।",514,0.3114008489993936
"जाने की बात कही",514,0.5515574650912997
"का प्रावधान है ।",514,0.8459637561779242
"और चीन के बीच",514,0.851575456053068
"दर्ज कराया था ।",514,0.8732993197278912
"हो सकी है ।",513,0.8805841924398625
"दावा किया गया है",513,0.6086698337292161
"मंगलवार को कहा कि",513,0.9054770318021201
"हो गए थे .",513,0.17267520215633422
"निशाना साधा है ।",513,0.6761213720316622
"निलंबित कर दिया गया",513,0.46338155515370705
"प्रदान करते हैं ।",513,0.8319805194805194
"में जानकारी दी ।",512,0.4368061485909479
"के आसार हैं ।",512,0.8743589743589744
"आपकी जानकारी के लिए",512,0.9990234375
"का मामला दर्ज किया",512,0.3892694063926941
"की ओर से इस",512,0.03131504836537284
"सक्षम है । </s>",512,0.9990234375
"योगदान दिया । </s>",512,0.9990234375
"रवाना किया । </s>",511,0.9990215264187867
"सजा सुनाई है ।",511,0.8924825174825175
"<s> स्थानीय लोगों ने",511,0.45499108734402854
"शिकायत की है ।",511,0.7398550724637681
"जा सकेंगे । </s>",511,0.9990215264187867
"कोशिश कर रहा है",510,0.6416876574307305
"दिखाई दिया । </s>",510,0.9990196078431373
"को जोड़ा । </s>",510,0.9990196078431373
"बात कही गई है",510,0.5146464646464647
"को शेयर करते हुए",510,0.9990196078431373
"होने लगी है ।",509,0.8921052631578947
"की जा सके ।",509,0.8707191780821918
"भारतीय जनता पार्टी ने",509,0.11008876380168868
"के रूप में कार्य",509,0.024266284896206157
"से कहा था कि",509,0.9990176817288802
"की तलाश कर रहे",509,0.5878612716763005
"ने बुधवार को कहा",509,0.3144712430426716
"की हत्या के बाद",508,0.3666907514450867
"<s> आनन - फानन",508,0.9990157480314961
"रुपये प्रति 10 ग्राम",508,0.9990157480314961
"का निधन हो गया",508,0.926094890510949
"प्रयास किए जा रहे",508,0.9990157480314961
"ने बताया कि जिले",508,0.010770602092574121
"निदेशक डॉ . </s>",508,0.9990157480314961
"के बारे में एक",508,0.01766692195223839
"के निधन के बाद",507,0.8541315345699831
"नहीं दिया गया ।",507,0.43588640275387264
"बनाई थी । </s>",507,0.9990138067061144
"की बात करते हैं",507,0.6146844660194175
"होते जा रहे हैं",507,0.882404181184669
"की बढ़त के साथ",507,0.9467289719626168
"<s> अगर आप भी",506,0.27547683923705724
"भी किया है ।",506,0.769406392694064
"रुपये की लागत से",506,0.9207650273224044
"मुझे नहीं लगता कि",506,0.8915343915343915
"कोशिश की . </s>",506,0.9990118577075099
"को सम्मानित किया गया",506,0.5641741071428571
"का चयन किया गया",506,0.541220556745182
"<s> उम्मीद है कि",506,0.9990118577075099
"ने उसे मृत घोषित",506,0.9990118577075099
"काम शुरू कर दिया",506,0.948405253283302
"फायदा होगा । </s>",506,0.9990118577075099
"बैठे हैं । </s>",506,0.9990118577075099
"के कई इलाकों में",506,0.9990118577075099
"जा रही हैं .",506,0.1597661188369153
"फिल्म है । </s>",505,0.999009900990099
"लग रहा था कि",505,0.6122572815533981
"में शामिल होने की",505,0.11932355723746452
"करता था . </s>",505,0.999009900990099
"उन्होंने कहा कि हम",505,0.020148568233555653
"नहीं कर रहा है",505,0.5956316410861865
"तक है । </s>",504,0.9990079365079365
"करने में मदद करता",504,0.22035010940919036
"श्रद्धांजलि दी । </s>",504,0.9990079365079365
"से हरा दिया ।",504,0.6859673024523161
"लिए गए हैं ।",504,0.8577512776831345
"नहीं करता । </s>",504,0.9990079365079365
"<s> इस बार भी",503,0.27103559870550165
"सूत्रों से मिली जानकारी",503,0.9990059642147118
"से फरार हो गए",503,0.4240506329113924
"को हिरासत में लेकर",503,0.2184782608695652
"पूजा - अर्चना की",503,0.4731638418079096
"दर्ज किया था ।",503,0.8862433862433863
"करार दिया है ।",503,0.7346491228070176
"पुलिस बल के साथ",503,0.9517045454545454
"को कहा था ।",503,0.4965415019762846
"<s> ग्रामीणों ने बताया",502,0.5984486873508353
"लिए भेज दिया है",502,0.340924541128484
"जारी की गई है",502,0.5584632516703786
"गोली मार दी ।",502,0.5553709856035437
"<s> इस बात का",502,0.20386178861788617
"कराया जाए । </s>",501,0.999001996007984
"की कोशिश करते हैं",501,0.7170487106017192
"ने कहा कि ये",501,0.008093728775186779
"जारी किया है .",501,0.18619791666666666
"<s> भारतीय क्रिकेट टीम",501,0.6559633027522935
"ही था । </s>",501,0.999001996007984
"में कोई बदलाव नहीं",501,0.999001996007984
"रखना होगा । </s>",500,0.999
"बना हुआ है .",500,0.158521104411298
"का निर्णय लिया ।",500,0.15233302836230558
"गिरफ्तार किया है .",500,0.14247005134055904
"मिली थी . </s>",500,0.999
"<s> इस फिल्म के",500,0.15762070053644683
"पसंद कर रहे हैं",499,0.9477186311787072
"को मृत घोषित कर",499,0.998997995991984
"देखा गया है ।",499,0.47703349282296653
"2 - 1 से",499,0.9047186932849365
"कोर्ट में पेश किया",499,0.6071863580998782
"विदेश मंत्रालय के प्रवक्ता",499,0.9568138195777351
"कर लिया जाएगा ।",499,0.8521367521367521
"लिया जा सकता है",499,0.924860853432282
"के लिए आवेदन करने",499,0.16996249573815206
"चौधरी ने बताया कि",498,0.998995983935743
"गिरफ्तार कर जेल भेज",498,0.7549317147192717
"पूछे जाने पर कि",498,0.7097004279600571
"आ रही है कि",498,0.08887102536620221
"चला है । </s>",497,0.9989939637826962
"<s> सीएम ने कहा",497,0.960348162475822
"ने बताया कि वे",497,0.010537150618646405
"ने हिस्सा लिया ।",497,0.7174855491329479
"आग्रह किया । </s>",497,0.9989939637826962
"होने से पहले ही",497,0.7685758513931888
"की खबर है ।",497,0.7344674556213018
"के रूप में एक",497,0.023693629205440228
"लगा दी गई है",497,0.5733256351039261
"ने कहा कि उनके",496,0.008012872343866231
"नवदुनिया प्रतिनिधि) । </s>",496,0.998991935483871
"<s> रिपोर्ट में कहा",495,0.6602136181575434
"स्थगित कर दिया गया",495,0.6438802083333334
"का दावा किया है",495,0.41346153846153844
"स्थिति को देखते हुए",495,0.998989898989899
"तिवारी ने बताया कि",495,0.998989898989899
"रहा है कि यह",495,0.07484486151051914
"आशंका जताई जा रही",495,0.998989898989899
"विरोध कर रहे हैं",495,0.6380645161290323
"की घटना को अंजाम",494,0.7934083601286174
"स्थान प्राप्त किया ।",494,0.739880059970015
"केंद्रीय गृह मंत्री अमित",494,0.717296511627907
"नहीं हो सकता है",493,0.3545716342692585
"<s> लेकिन इस बार",493,0.436613475177305
"जांच में पता चला",493,0.9989858012170385
"दर प्रदान करता है",493,0.9989858012170385
"ने संयुक्त रूप से",493,0.9989858012170385
"को जल्द से जल्द",493,0.9989858012170385
"दावा किया जा रहा",493,0.9989858012170385
"कर ली . </s>",493,0.9989858012170385
"खबर आ रही है",493,0.9416826003824091
"कर हत्या कर दी",493,0.9989858012170385
"लगाकर आत्महत्या कर ली",492,0.9989837398373984
"मार दिया । </s>",492,0.9989837398373984
"रह सकता है ।",492,0.8330508474576271
"कहा कि सरकार ने",492,0.3087311557788945
"को उम्मीद है कि",492,0.9989837398373984
"तैयारी कर रहे हैं",492,0.6779310344827586
"घटना को अंजाम देने",492,0.35436193222782986
"<s> आगरा । </s>",492,0.9989837398373984
"बताए जा रहे हैं",492,0.9506769825918762
"साथ हैं । </s>",492,0.9989837398373984
"को प्रधानमंत्री नरेंद्र मोदी",491,0.9989816700610998
"निजी अस्पताल में भर्ती",491,0.6488095238095238
"<s> इस मामले को",491,0.07219605534294966
"<s> इस बात को",491,0.19939024390243903
"चुना गया है ।",490,0.8439655172413794
"स्थिति है । </s>",490,0.9989795918367347
"रही थीं . </s>",490,0.9989795918367347
"इंकार कर दिया ।",490,0.4609227871939736
"बिक्री और रूपांतरण दर",490,0.9989795918367347
"और रूपांतरण दर प्रदान",490,0.9989795918367347
"रूपांतरण दर प्रदान करता",490,0.9989795918367347
"2021 तक विनिमय दर",490,0.9989795918367347
"तक विनिमय दर आरेख",490,0.9989795918367347
"विनिमय दर आरेख के",490,0.9989795918367347
"दर आरेख के साथ",490,0.9989795918367347
"आरेख के साथ विज़ुअलाइज़ेशन",490,0.9989795918367347
"के साथ विज़ुअलाइज़ेशन और",490,0.9989795918367347
"साथ विज़ुअलाइज़ेशन और इतिहास",490,0.9989795918367347
"विज़ुअलाइज़ेशन और इतिहास तालिका",490,0.9989795918367347
"और इतिहास तालिका के",490,0.9989795918367347
"इतिहास तालिका के लिए",490,0.9989795918367347
"तालिका के लिए सबसे",490,0.9989795918367347
"लिए सबसे लोकप्रिय रूपांतरणों",490,0.9989795918367347
"सबसे लोकप्रिय रूपांतरणों की",490,0.9989795918367347
"लोकप्रिय रूपांतरणों की सूची",490,0.9989795918367347
"रूपांतरणों की सूची को",490,0.9989795918367347
"की सूची को जोड़ा",490,0.9989795918367347
"सूची को जोड़ा ।",490,0.9989795918367347
"को खत्म करने के",490,0.4743217054263566
"बुधवार को कहा कि",490,0.928842504743833
"में काम करने के",490,0.18009565857247978
"भारत और चीन के",490,0.7507668711656442
"का इस्तेमाल करते हैं",490,0.6196202531645569
"किए जा सकते हैं",489,0.9503891050583657
"बैठे थे । </s>",489,0.9989775051124744
"बयान दिया है ।",489,0.6470198675496689
"की बात सामने आई",489,0.5892641737032569
"ने कही । </s>",489,0.9989775051124744
"सामने आई । </s>",489,0.9989775051124744
"एसएल एफटीपी सीरिज -",489,0.9989775051124744
"में इस तरह की",488,0.437219730941704
"मौका मिलेगा । </s>",488,0.9989754098360656
"बारिश हो सकती है",488,0.9989754098360656
"जानी है । </s>",488,0.9989754098360656
"का इंतजार है ।",488,0.8493031358885017
"<s> सिंह ने कहा",488,0.7286995515695067
"कि इस तरह के",488,0.4411764705882353
"की जानी चाहिए ।",488,0.7148093841642229
"नहीं आए । </s>",488,0.9989754098360656
"पुलिस ने मामला दर्ज",488,0.9989754098360656
"के घाट उतार दिया",487,0.9989733059548255
"प्रकाश डाला । </s>",487,0.9989733059548255
"ने कहा कि सभी",487,0.007867330767489246
"को सील कर दिया",487,0.9989733059548255
"दिए जा रहे हैं",487,0.8505244755244755
"<s> बयान में कहा",487,0.9284351145038168
"मिल गया । </s>",487,0.9989733059548255
"आवेदन करने के लिए",487,0.7484615384615385
"भूमिका निभाई । </s>",487,0.9989733059548255
"होने चाहिए । </s>",486,0.9989711934156379
"आवश्यकता नहीं है ।",486,0.8385146804835925
"बन रही है ।",486,0.850262697022767
"से लगाया जा सकता",486,0.9989711934156379
"मच गया है ।",486,0.8038079470198676
"से . . .",486,0.9195075757575758
"दिखता है । </s>",486,0.9989711934156379
"का प्रयास किया जा",486,0.12772954485661667
"का उद्घाटन किया ।",486,0.6338120104438643
"तक पहुंच गया है",486,0.49139676113360325
"ने बताया कि पिछले",486,0.010303699144718691
"<s> 10 . </s>",486,0.9989711934156379
"सामना करना पड़ सकता",486,0.272599663110612
"में जुटे हैं ।",485,0.8211864406779661
"का वितरण किया गया",485,0.49897013388259526
"text - align justify",485,0.9989690721649485
"का लक्ष्य रखा गया",485,0.48890010090817354
"कर रहा था .",485,0.14458370635631154
"<s> इस क्रम में",485,0.9989690721649485
"कर चुकी हैं ।",485,0.706268221574344
"वृद्धि हुई है ।",484,0.8071786310517529
"<s> चंडीगढ़ । </s>",484,0.9989669421487604
"दर्ज किया । </s>",484,0.9989669421487604
"जैश - - मोहम्मद",484,0.9352030947775629
"नहीं चला । </s>",484,0.9989669421487604
"यह पूछे जाने पर",484,0.9989669421487604
"है और साथ ही",484,0.9003724394785847
"होने की स्थिति में",484,0.9989669421487604
"दिया गया है कि",484,0.022197227068221467
"टूट गया । </s>",484,0.9989669421487604
"हो रहा है कि",484,0.03399423469029037
"को मजबूत करने के",484,0.47729516288252716
"को रद्द कर दिया",484,0.9989669421487604
"कर ली है .",484,0.17841328413284133
"दे दिया था ।",484,0.7238023952095808
"में आयोजित कार्यक्रम में",483,0.8164128595600677
"<s> प्रधानमंत्री मोदी ने",483,0.7670906200317965
"एक रिपोर्ट के मुताबिक",483,0.5710059171597633
"की सलाह दी ।",483,0.2382716049382716
"स्थापित करने के लिए",483,0.8693693693693694
"सामना करना पड़ा ।",483,0.6972543352601156
"2020 - 21 में",483,0.4315742397137746
"या नहीं . </s>",483,0.935077519379845
"पर रहा । </s>",483,0.9989648033126294
"कार्य किया जा रहा",483,0.9989648033126294
"एक अधिकारी ने कहा",483,0.3139232270657124
"कोरोना वायरस के कारण",483,0.11895956607495069
"चुनौती है । </s>",482,0.9989626556016598
"को कम से कम",482,0.9989626556016598
"में इलाज चल रहा",482,0.9989626556016598
"के रूप में विकसित",482,0.02297780959198282
"करनी है । </s>",482,0.9989626556016598
"के मुख्यमंत्री नीतीश कुमार",482,0.9989626556016598
"कार्रवाई होगी । </s>",481,0.998960498960499
"इस बात का खुलासा",481,0.15485014502094746
"का काम चल रहा",481,0.998960498960499
"समाप्त होने के बाद",481,0.9552683896620279
"करने के आदेश दिए",481,0.6121019108280255
"दे रही है .",481,0.18381790359602143
"का आयोजन हुआ ।",481,0.8832720588235294
"मंत्री निर्मला सीतारमण ने",481,0.7688
"पर स्थित है ।",480,0.845679012345679
"टकरा गई । </s>",480,0.9989583333333333
"नेता ने कहा कि",480,0.9989583333333333
"सोशल मीडिया पर भी",480,0.055697525845045885
"को दर्शाता है ।",480,0.887962962962963
"के लिए काम कर",480,0.24986972381448672
"साथ ही कहा कि",479,0.7656
"मारे गए । </s>",479,0.9989561586638831
"<s> बता दे कि",479,0.8151618398637138
"नोटिस जारी किया है",479,0.43342391304347827
"कार्रवाई की है ।",479,0.8307291666666666
"हो जाएंगी । </s>",479,0.9989561586638831
"कैमरा दिया गया है",479,0.9989561586638831
"पड़े हैं । </s>",479,0.9989561586638831
"का आदेश दिया ।",479,0.20768229166666666
"जान दे दी ।",479,0.7780487804878049
"की गयी है .",478,0.31706507304116865
"की मौत के मामले",478,0.1921529175050302
"उपलब्ध कराने के लिए",478,0.6880403458213257
"- align justify",478,0.9989690721649485
"दौरान मौत हो गई",478,0.9130019120458891
". . ? </s>",478,0.9989539748953975
"<s> इसके जवाब में",478,0.9989539748953975
"जिले में अब तक",478,0.9418145956607495
"की कोशिश की थी",478,0.08281304197016996
"कार्रवाई की गई है",478,0.49636174636174635
"को लेकर चर्चा में",478,0.5162162162162162
"में आ गए हैं",478,0.3357946554149086
"रिपोर्ट के आधार पर",477,0.9989517819706499
"में पता चला है",477,0.3096166341780377
"ने बताया कि जब",477,0.010112693393323288
"के बीच खेला गया",477,0.7837171052631579
"को उपचार के लिए",476,0.8921200750469043
"मिल गई । </s>",476,0.9989495798319328
"साधते हुए कहा कि",476,0.8401060070671378
"करते रहते हैं ।",476,0.6941605839416058
"कार्यरत हैं । </s>",476,0.9989495798319328
"लगाई गई । </s>",476,0.9989495798319328
"हो रही है और",475,0.036891618721816205
"का दौरा किया ।",475,0.4571290944123314
"से अधिक है ।",475,0.7855960264900662
"भी होगा । </s>",474,0.9989451476793249
"से एक हैं ।",474,0.6372812920592194
"ने टक्कर मार दी",474,0.9989451476793249
"की जांच की ।",474,0.1456923076923077
"पता चला । </s>",474,0.9989451476793249
"इसके बाद पुलिस ने",474,0.7787828947368421
"के आधार पर ही",474,0.09235420323776088
"घोषणा कर दी है",474,0.43964716805942433
"का काम कर रहे",474,0.408541846419327
"- आई पी G",474,0.5
"<s> इसके बाद ही",473,0.024318064848172928
"नयी दिल्ली । </s>",473,0.9989429175475687
"text - align",473,0.9989690721649485
"लोगों को हिरासत में",473,0.9989429175475687
"बरकरार है । </s>",473,0.9989429175475687
"बारिश की वजह से",473,0.9989429175475687
"राहुल गांधी ने कहा",473,0.3523489932885906
"रिलीज होगी । </s>",473,0.9989429175475687
"अध्यक्ष ने कहा कि",472,0.9989406779661016
"<s> वह कहते हैं",472,0.9989406779661016
"10 वीं और 12",472,0.9989406779661016
"जा सकता . </s>",472,0.9989406779661016
"में शामिल होने वाले",472,0.11151844843897823
"वायरल होने के बाद",472,0.9989406779661016
"पाई गई । </s>",472,0.9989406779661016
"देता था । </s>",472,0.9989406779661016
"<s> इसके बाद दोनों",472,0.024266598044261452
"को सौंप दिया ।",472,0.3689358372456964
"पूरी कर ली गई",472,0.4317765567765568
"<s> इस हमले में",471,0.7503987240829346
"<s> इसी के चलते",471,0.16319805757891084
"निर्भर करता है ।",471,0.5477299185098953
"भी होता है ।",471,0.6256648936170213
"की ओर से एक",471,0.028804946736867884
"पुलिस मामले की जांच",470,0.798469387755102
"नहीं कहा जा सकता",470,0.9562118126272913
"काम है । </s>",470,0.9989361702127659
"बात कही जा रही",470,0.9989361702127659
"ने इस बात की",470,0.34700665188470065
"समिति की बैठक में",470,0.5576009501187649
"मुख्य अतिथि के रूप",470,0.7684124386252046
"इस्तीफा दे दिया है",470,0.3938758389261745
"ही जा रहा है",470,0.9260355029585798
"दिए है । </s>",470,0.9989361702127659
"कहा है कि इस",469,0.05367781851512374
"पहुंचाया गया । </s>",469,0.9989339019189766
"का आदेश दिया था",469,0.2033420138888889
"हम बात कर रहे",469,0.9561224489795919
"कोरोना से बचाव के",469,0.7412974683544303
"दम तोड़ दिया ।",469,0.8692022263450835
"बना ली है ।",469,0.7544283413848631
"इजाफा हुआ है ।",469,0.8321492007104796
"को मिली है ।",468,0.7676518883415435
"में की गई है",468,0.44062205466541
"ने बताया कि उन्हें",468,0.009921687641927884
"राष्ट्रपति डोनाल्ड ट्रंप ने",468,0.4615004935834156
"का उपयोग करते हैं",468,0.5851063829787234
"बनी रही । </s>",468,0.9989316239316239
"की वारदात को अंजाम",468,0.9989316239316239
"मौत हो गई जबकि",468,0.028083138102961494
"<s> लंदन । </s>",468,0.9989316239316239
"<s> आपकी जानकारी के",468,0.9989316239316239
"<s> ऐसा ही एक",468,0.5807453416149069
"में आ गया है",468,0.33778901734104044
"तैयार है . </s>",468,0.9989316239316239
"में लिया । </s>",468,0.9989316239316239
"करने की अंतिम तिथि",468,0.7910321489001692
"के छात्र - छात्राओं",468,0.85
"अधीक्षक डॉ . </s>",468,0.9989316239316239
"काम किया है .",467,0.20487483530961792
"लॉकडाउन की वजह से",467,0.9989293361884368
"अखिल भारतीय विद्यार्थी परिषद",467,0.9989293361884368
"<s> पुलिस ने आरोपी",467,0.0411738746690203
"ने बताया कि आरोपी",467,0.00990046478066173
"राष्ट्रीय अध्यक्ष अमित शाह",467,0.9989293361884368
"कोशिश की है ।",467,0.6338315217391305
"रहते है । </s>",467,0.9989293361884368
"की अनुमति नहीं दी",467,0.38681592039800994
"हैं और न ही",467,0.9989293361884368
"उन्होंने कहा कि मैं",467,0.018630935740245217
"से लेकर अब तक",467,0.9989293361884368
"उन्होंने कहा कि अगर",467,0.018630935740245217
"वीडियो शेयर किया है",467,0.7428343949044586
"नहीं दी गई है",466,0.4608910891089109
"मांग की है .",466,0.10110773240660295
"की घटना के बाद",466,0.7916666666666666
"में शामिल होने का",466,0.11009933774834436
"हैं . . </s>",466,0.3052459016393443
"के लिए केंद्र सरकार",466,0.6631054131054132
"<s> खबरों के मुताबिक",466,0.5945083014048531
"विचार कर रही है",466,0.9519427402862985
"नियंत्रित करने के लिए",466,0.9989270386266095
"मिली हैं । </s>",466,0.9989270386266095
"<s> - - -",466,0.9989270386266095
"की घोषणा के बाद",466,0.7342271293375394
"पड़ रही है ।",465,0.9460285132382892
"में शामिल है ।",465,0.740829346092504
"पहुंचे थे . </s>",465,0.9989247311827957
"किया जाता था ।",465,0.781986531986532
"उनका मानना है कि",465,0.9989247311827957
"गांधी ने कहा कि",465,0.7652388797364086
"बन चुका है ।",465,0.7899659863945578
"की योजना बना रहे",465,0.43656015037593987
"की बैठक हुई ।",464,0.7869269949066214
"कोरोना की वजह से",464,0.9989224137931034
"<s> उसने कहा कि",464,0.8074912891986062
"सर्जन डॉ . </s>",464,0.9989224137931034
"होना जरूरी है ।",464,0.8174603174603174
"देनी होगी । </s>",464,0.9989224137931034
"महसूस कर रहे हैं",464,0.8019031141868512
"में बिक्री के लिए",464,0.9989224137931034
"बना रहा । </s>",463,0.9989200863930886
"से मरने वालों की",463,0.828853046594982
"तैयारी की जा रही",463,0.9989200863930886
"हिरासत में लिया है",463,0.31484002722940774
"है और ना ही",463,0.9989200863930886
"<s> समाजवादी पार्टी के",463,0.6477591036414566
"<s> ्र . </s>",463,0.9989200863930886
"की एक रिपोर्ट के",463,0.7318037974683544
"हवाले कर दिया ।",462,0.5208803611738149
"रोक लिया । </s>",462,0.9989177489177489
"यह है कि यह",462,0.08044274010807043
"कहा कि राज्य में",462,0.33735380116959063
"करा दिया गया है",462,0.6128818061088978
"कही जा रही है",462,0.8300359712230215
"बेहद जरूरी है ।",462,0.7395833333333334
"की तुलना में अधिक",462,0.19747539580658965
"पॉजिटिव आई है ।",462,0.8943798449612403
"किया जायेगा . </s>",461,0.9989154013015185
"जेल भेज दिया ।",461,0.2635947338294219
"लगता है कि यह",461,0.12781015820149874
"नहीं मिलेगा । </s>",461,0.9989154013015185
"का पीछा करते हुए",461,0.9989154013015185
"में मनाया जाता है",461,0.9989154013015185
"का सामना करना पड़ता",461,0.06225496823036366
"हड़कंप मच गया ।",461,0.6722627737226278
"पांडेय ने बताया कि",461,0.9989154013015185
"की जांच शुरू कर",461,0.6762114537444934
"किसी भी तरह से",461,0.1652314316469322
"में पूरी तरह से",461,0.8976608187134503
"बरामद किया । </s>",461,0.9989154013015185
"रिपोर्ट आने के बाद",460,0.9989130434782608
"बढ़ जाता है ।",460,0.7146189735614308
"पालन करें । </s>",460,0.9989130434782608
"नहीं करता है ।",460,0.6268758526603001
"को तैयार नहीं है",460,0.44482090997095836
"को पूरा करने में",460,0.1682533870377151
"को नियंत्रित करने के",460,0.5990873533246415
"किलोमीटर की दूरी पर",459,0.7667224080267558
"जारी कर दिए हैं",459,0.4712230215827338
"उठाए हैं । </s>",459,0.9989106753812637
"अपने दोस्तों के साथ",459,0.9989106753812637
"हराया था । </s>",459,0.9989106753812637
"की हत्या के मामले",459,0.33128612716763006
"देखा था । </s>",459,0.9989106753812637
"के हवाले से कहा",458,0.3677652733118971
"जीत हासिल की ।",458,0.3616600790513834
"जारी होने के बाद",458,0.9077380952380952
"होगा । ' </s>",458,0.9989082969432315
"पर आ गया ।",458,0.5083333333333333
"आरोपी को गिरफ्तार कर",458,0.7170846394984326
"तक पहुंच गई है",458,0.5169491525423728
"में मदद करते हैं",458,0.9375
"में यह भी कहा",458,0.5669144981412639
"कर लेते हैं ।",458,0.6354166666666666
"के लिए तैयार हो",458,0.1003509541566133
"कांग्रेस उपाध्यक्ष राहुल गांधी",458,0.9989082969432315
"शेयर की है ।",457,0.5467065868263473
"करने के लिए किया",457,0.014431132045648531
"छापेमारी की । </s>",457,0.9989059080962801
"के बाद मौके पर",457,0.9259634888438134
"खबर सामने आई है",457,0.8829787234042553
"अग्रवाल ने कहा कि",457,0.9373716632443532
"कुछ ही देर में",457,0.6644832605531296
"में देखा जा सकता",457,0.6384615384615384
"<s> आम तौर पर",457,0.9989059080962801
"शुरू कर दिया .",456,0.059839726747241195
"अस्पताल पहुंचाया । </s>",456,0.9989035087719298
"के नाम से मशहूर",456,0.12995720399429386
"होने के साथ -",456,0.26653013458162667
"मिल चुके हैं ।",456,0.7207278481012658
"हासिल किया है ।",456,0.8148479427549195
"हो जाते हैं .",455,0.13216051177667926
"<s> दो दिन पहले",455,0.4442815249266862
"ली थी . </s>",455,0.9989010989010989
"को मिला है ।",455,0.6773472429210134
"निर्देश दिये । </s>",455,0.9989010989010989
"पर पहुंच गई है",455,0.2880228136882129
"व्याप्त है । </s>",455,0.9989010989010989
"के खिलाफ एफआईआर दर्ज",455,0.9989010989010989
"के आने के बाद",454,0.908817635270541
"वारदात को अंजाम देने",454,0.3248567335243553
"पर प्रतिबंध लगा दिया",454,0.9467640918580376
"को गिरफ्तार कर जेल",454,0.10290447016110733
"राहत मिलेगी । </s>",454,0.998898678414097
"जाता रहा है ।",454,0.70859375
"<s> विरोध करने पर",454,0.998898678414097
"सदस्य हैं । </s>",453,0.9988962472406181
"सामने आई है .",453,0.17224971450323562
"खिलाफ मामला दर्ज कर",453,0.4538615847542628
"शामिल हुए थे ।",453,0.7393790849673203
"को इस मामले में",453,0.666421207658321
"को अंजाम दिया है",453,0.22073170731707317
"में रहे । </s>",453,0.9988962472406181
"जानकारी दी गई है",453,0.27811923786109405
"हुए कहा कि यह",452,0.06391562853907135
"जाने लगा । </s>",452,0.9988938053097345
"करने से इनकार कर",452,0.7852173913043479
"<s> जिस तरह से",452,0.9102822580645161
"जा सकती । </s>",452,0.9988938053097345
"<s> जैसे - जैसे",452,0.8224043715846995
"में पिछले 24 घंटे",452,0.5375
"बताते हैं । </s>",452,0.9988938053097345
"को देखने के बाद",452,0.3361876396128071
"किये हैं । </s>",451,0.9988913525498891
"से अधिक लोगों को",451,0.3516783762685402
"<s> स्वास्थ्य विभाग की",451,0.25538548752834467
"लगाई थी । </s>",451,0.9988913525498891
"के बारे में बताते",451,0.015682656826568265
"मैन ऑफ द मैच",451,0.8404850746268657
"रहना होगा । </s>",451,0.9988913525498891
"घटना के संबंध में",451,0.9988913525498891
"होना था । </s>",451,0.9988913525498891
"बिहार के मुख्यमंत्री नीतीश",451,0.9464285714285714
"रखे हैं । </s>",451,0.9988913525498891
"नजर आते हैं ।",450,0.7941696113074205
"आने के बाद से",450,0.17202449292001532
"कोविड - 19 का",450,0.04255419861781691
"की बात कही जा",450,0.06907945289688028
"होने के बाद अब",450,0.06027085009385894
"उपयोग करने के लिए",450,0.8972055888223552
"देने का फैसला किया",450,0.8217550274223034
"अमित शाह ने कहा",450,0.5016741071428571
"<s> नगर निगम के",450,0.30703551912568305
"ध्यान रखें । </s>",450,0.9988888888888889
"दिखाया है । </s>",449,0.9988864142538976
"केस दर्ज कर लिया",449,0.7210610932475884
"रखी जा रही है",449,0.9247422680412372
"पूरा हो चुका है",449,0.9462025316455697
"से वायरल हो रहा",449,0.6714071856287425
"फैसला लिया गया है",449,0.525175644028103
"कुछ देर के लिए",449,0.906060606060606
"वर्ष 2019 - 20",449,0.9988864142538976
"लगी रही । </s>",449,0.9988864142538976
"आरोप लगाया गया है",449,0.5809585492227979
"जा सकते हैं .",448,0.1699582225598177
"से पता चला है",448,0.5888157894736842
"किसी भी प्रकार का",448,0.22960492560287327
"मानी जाती है ।",448,0.7755632582322357
"लगाए गए । </s>",448,0.9988839285714286
"ये भी कहा कि",448,0.6215277777777778
"कदम है । </s>",448,0.9988839285714286
"मांग कर रहे थे",447,0.34136085626911317
"टी2 0 विश्व कप",447,0.9988814317673378
"प्रवेश किया । </s>",447,0.9988814317673378
"को सोशल मीडिया पर",447,0.8283858998144712
"घोषित किया गया है",447,0.4473947895791583
"ट्वीट करते हुए लिखा",447,0.6765151515151515
"हो पाई । </s>",447,0.9988814317673378
"कोरोना वायरस महामारी के",447,0.5347305389221557
"के लिए . </s>",447,0.6987480438184663
"ने कहा कि '",447,0.007220479316924868
"मैदान में हैं ।",447,0.754222972972973
"लग सकता है ।",447,0.680640243902439
"G बिड़ला एसएल एफटीपी",447,0.8754901960784314
"जारी रही । </s>",446,0.9988789237668162
"<s> बताते हैं कि",446,0.9988789237668162
"लौट गए । </s>",446,0.9988789237668162
"02 2021 तक विनिमय",446,0.9988789237668162
"प्रसिद्ध है । </s>",446,0.9988789237668162
"जा रहे हैं और",446,0.03646259616958586
"एफएमपी - सीरीज -",446,0.7563667232597623
"की चपेट में आकर",445,0.12482448750351025
"<s> जिले में कोरोना",445,0.21026490066225165
"से एक दिन पहले",445,0.7839506172839507
"को दिया । </s>",445,0.998876404494382
"पड़ा है . </s>",445,0.998876404494382
"भी मौके पर पहुंच",445,0.516260162601626
"की गिरफ्तारी के लिए",445,0.47950377562028046
"मीडिया पर काफी एक्टिव",445,0.6156509695290858
"से होगी । </s>",445,0.998876404494382
"पर सुनवाई करते हुए",445,0.998876404494382
"लगती हैं । </s>",445,0.998876404494382
"रोक लगा दी गई",445,0.2427635172037138
"पाए जाते हैं ।",445,0.6208100558659218
"सफलता मिलेगी । </s>",444,0.9988738738738738
"धूमधाम से मनाया गया",444,0.5969044414535666
"केजरीवाल ने कहा कि",444,0.8611650485436894
"बनी हुई है .",444,0.15219629375428964
"से गिरफ्तार कर लिया",444,0.9558189655172413
"कर लिया गया था",444,0.10225962646991008
"चाहती है . </s>",444,0.9988738738738738
"लग रही है ।",444,0.7428810720268006
"<s> मंत्री ने कहा",443,0.831766917293233
"तैयार किया जा रहा",443,0.7831858407079646
"समारोह का आयोजन किया",443,0.9012219959266803
"में गिरफ्तार किया गया",443,0.5724450194049159
"समिति की ओर से",443,0.9988713318284425
"होते थे । </s>",443,0.9988713318284425
"से होता है ।",443,0.7804232804232805
"नहीं है ? </s>",443,0.9988713318284425
"रनों की पारी खेली",443,0.7887700534759359
"<s> इसके अलावा उन्होंने",443,0.05800235941801023
"के लिए राज्य सरकार",442,0.533857315598549
"के लिए जाने जाते",442,0.7019077901430842
"कमी नहीं है ।",442,0.810091743119266
"बीत जाने के बाद",442,0.865686274509804
"लक्ष्य है । </s>",442,0.998868778280543
"साबित हो रहा है",442,0.998868778280543
"से चली आ रही",442,0.998868778280543
"के समाधान के लिए",442,0.9556277056277056
"बता दें कि पिछले",442,0.03871448614521221
"करवाया है । </s>",442,0.998868778280543
"चेतावनी दी है ।",442,0.5045714285714286
"बनाई जा रही है",441,0.802367941712204
"के लिए आवेदन किया",441,0.15018752130923968
"की कोशिश की .",441,0.07639611515782171
"की कमी है ।",441,0.7245065789473685
"साथ ही यह भी",441,0.9988662131519275
"नहीं किया जाता है",441,0.6574626865671642
"सामने आए हैं .",441,0.20050068274920346
"दर्ज कर जांच शुरू",441,0.8374524714828897
"आयी है । </s>",441,0.9988662131519275
"हूं । "" </s>",441,0.9988662131519275
"विधानसभा चुनाव से पहले",441,0.8295668549905838
"आम आदमी पार्टी ने",441,0.13856558666247248
"24 घंटों के दौरान",441,0.9254201680672269
"ही होता है ।",440,0.7088709677419355
"से बात की ।",440,0.26380552220888354
"की सूचना मिलने पर",440,0.6491875923190547
"प्रवक्ता ने बताया कि",440,0.9988636363636364
"विभाग के अधिकारियों ने",440,0.2647590361445783
"हो सकेगी । </s>",440,0.9988636363636364
"<s> एक अधिकारी ने",440,0.9451612903225807
"कर पाए । </s>",439,0.9988610478359908
"देखा गया था ।",439,0.7141693811074918
"के लिए अलग से",439,0.3897777777777778
"चलती है । </s>",439,0.9988610478359908
"रद्द कर दिया गया",439,0.422854387656702
"बड़ी संख्या में लोग",439,0.3681780016792611
"सुशांत सिंह राजपूत के",439,0.2524467472654001
"बढ़ गई है ।",438,0.926906779661017
"बातचीत में कहा कि",438,0.875
"उम्मीद है . </s>",438,0.9988584474885844
"के इस दौर में",438,0.9988584474885844
"<s> इसी तरह से",438,0.4734848484848485
"की तैयारी कर रहा",438,0.20853193517635843
"उपयोग करें । </s>",438,0.9988584474885844
"सील कर दिया गया",438,0.5448318804483188
"लेना - देना नहीं",438,0.9348290598290598
"से की थी ।",438,0.7453151618398637
"खारिज कर दिया है",437,0.2854807063440157
"आयोजन किया गया है",437,0.07787689562890276
"दिए गए हैं .",437,0.11104044772322565
"का सिलसिला जारी है",437,0.8083333333333333
"की शुरुआत की है",437,0.1906113537117904
"कर दी गई हैं",437,0.06087866108786611
"लिए बता दें कि",437,0.874749498997996
"नहीं आ रहे हैं",437,0.7132352941176471
"के रूप में देखा",437,0.020830350751610594
"होने लगा है ।",437,0.8410404624277457
"डाल दिया । </s>",437,0.9988558352402745
"कर दिया है और",437,0.02631420303834097
"कुमार का कहना है",436,0.9988532110091743
"व्यवस्था है । </s>",436,0.9988532110091743
"अलग - अलग स्थानों",436,0.0752418797512094
"आई थी . </s>",436,0.9988532110091743
"देश की राजधानी दिल्ली",436,0.7069805194805194
"की सूचना पुलिस को",436,0.9988532110091743
"उन्होंने कहा कि आज",436,0.01739286712728144
"में लिया गया है",436,0.4692887931034483
"करने वालों के खिलाफ",436,0.5141676505312869
"घटना सामने आई है",436,0.8522504892367906
"की और कहा कि",435,0.9988505747126437
"का उपयोग करने के",435,0.3872549019607843
"घायल हो गए थे",435,0.09048313202832153
"करने के लिए आपको",435,0.013735655802484746
"ने शनिवार को कहा",435,0.35968543046357615
"में काम किया है",435,0.4134157944814462
"उम्मीद की जा रही",435,0.8276190476190476
"देश की सबसे बड़ी",435,0.7229617304492513
"शुरू हो जाएगी ।",434,0.7939560439560439
"<s> लंबे समय से",434,0.562987012987013
"तरह - तरह की",434,0.37051282051282053
"करा सकते हैं ।",434,0.8257142857142857
"देते है । </s>",434,0.9988479262672811
"पर होगा । </s>",434,0.9988479262672811
"की योजना बनाई है",434,0.42169260700389105
"करना चाहती है ।",434,0.6848341232227488
"नहीं होता . </s>",434,0.9988479262672811
"करने का मामला सामने",434,0.6969453376205788
"दावा किया है ।",433,0.2579010137149672
"लगा दिया गया है",433,0.5860433604336044
"सफल बनाने के लिए",433,0.9988452655889145
"मौका है । </s>",433,0.9988452655889145
"ने टॉस जीतकर पहले",433,0.8862704918032787
"का आग्रह किया ।",433,0.3649789029535865
"<s> Rojgarlive . c",433,0.9988452655889145
"<s> रिपोर्ट्स के मुताबिक",433,0.7534843205574913
"शुरू हो रहा है",432,0.9988425925925926
"अपने करियर की शुरुआत",432,0.8561507936507936
"बन सकते हैं ।",432,0.7732974910394266
"को इस बारे में",432,0.9988425925925926
"ने यह भी बताया",432,0.1843229389149936
"राहत मिली है ।",432,0.8527667984189723
"ने कहा कि जो",432,0.006977910022963226
"के लिए जरूरी है",431,0.767379679144385
"पता नहीं चल सका",431,0.385752688172043
"नहीं मिल रही है",431,0.6822503961965135
"लॉन्च किया है ।",431,0.7552631578947369
"रन की पारी खेली",431,0.7448096885813149
"मीडिया से बात करते",431,0.8558648111332008
"विभाग के अधिकारियों को",431,0.25933734939759034
"मदद करते हैं ।",431,0.730899830220713
"में सक्षम है ।",431,0.800185873605948
"करने का आग्रह किया",431,0.9159574468085107
"आने वाले हैं ।",431,0.65625
"मामले सामने आने के",431,0.8137996219281664
"घटना की सूचना मिलते",431,0.2871914609739827
"<s> नयी दिल्ली ।",430,0.8196564885496184
"लिया जाए । </s>",430,0.9988372093023256
"बारे में बात की",430,0.20013979496738118
"को नोटिस जारी कर",430,0.3995348837209302
"में उपलब्ध है ।",430,0.7998137802607076
"एक व्यक्ति की मौत",430,0.7823315118397086
"संक्रमण को देखते हुए",430,0.9988372093023256
"कम है . </s>",430,0.9988372093023256
"बचा है । </s>",430,0.9988372093023256
"ले ली । </s>",430,0.9988372093023256
"सूचना मिलते ही पुलिस",430,0.5527670527670527
"<s> कार्यक्रम के दौरान",430,0.48806818181818185
"का होगा । </s>",430,0.9988372093023256
"जाना होगा । </s>",430,0.9988372093023256
"करता रहा । </s>",429,0.9988344988344988
"का होता है ।",429,0.7287414965986394
"बताया कि जिले में",429,0.6541984732824427
"तक चलेगी । </s>",429,0.9988344988344988
"बारिश हो रही है",429,0.8780737704918032
"विदेश मंत्री सुषमा स्वराज",429,0.9988344988344988
"हो चुका है और",429,0.07773947750362845
"निर्देश दिए थे ।",429,0.8621730382293763
"लोग गंभीर रूप से",428,0.9988317757009346
"के नियमों का पालन",428,0.787292817679558
"<s> जांच के दौरान",428,0.4760579064587973
"होती रही । </s>",428,0.9988317757009346
"जिम्मेदारी है । </s>",428,0.9988317757009346
"कप्तान विराट कोहली ने",428,0.38444244604316546
"सही है । </s>",428,0.9988317757009346
"2019 - 20 में",428,0.48087739032620924
"मुश्किल हो गया है",428,0.7245762711864406
"चले गए थे ।",428,0.7975746268656716
"दी गई थी .",428,0.14398787470528798
"में हाल ही में",428,0.9988317757009346
"रही है ? </s>",428,0.9988317757009346
"संक्रमित मरीजों की संख्या",428,0.8499005964214712
"और डॉ . </s>",427,0.9988290398126464
"<s> रायपुर . </s>",427,0.9988290398126464
"बनाती है । </s>",427,0.9988290398126464
"को सफल बनाने के",427,0.57171581769437
"<s> मौजूदा समय में",427,0.9988290398126464
"ने रविवार को कहा",427,0.4085249042145594
"मरीजों की मौत हो",427,0.49192618223760093
"जीत दर्ज की थी",427,0.25
"सफल रहे । </s>",427,0.9988290398126464
"जोर - शोर से",427,0.9988290398126464
"शपथ ली । </s>",427,0.9988290398126464
"कहना है कि जब",427,0.028306895865135726
"आम आदमी पार्टी आप)",427,0.13416168606480025
"सामने आया था ।",427,0.6602167182662538
"जा सकेगी । </s>",427,0.9988290398126464
"पर रही । </s>",427,0.9988290398126464
"मांग की गई ।",426,0.2926409903713893
"<s> आज के समय",426,0.35606694560669455
"आ जाता है ।",426,0.6322436849925706
"संक्रमित पाए गए हैं",425,0.5247218788627935
"दे दी है .",425,0.17277167277167277
"पर चर्चा की गई",425,0.29095270733379025
"पहुंची पुलिस ने शव",425,0.4174041297935103
"छात्र - छात्राओं के",425,0.1521505376344086
"उन्होंने कहा कि भारत",425,0.016953552458165263
"<s> ऐसा नहीं है",425,0.5920502092050209
"समय आ गया है",425,0.9988235294117647
"लेते थे । </s>",424,0.9988207547169812
"में किसी तरह की",424,0.6102305475504323
"<s> पुलिस ने मौके",424,0.03737864077669903
"जाना जाता है .",424,0.1656885758998435
"तहरीर दी है ।",424,0.9988207547169812
"भी दिया । </s>",424,0.9988207547169812
"से कम से कम",424,0.9988207547169812
"काम किया था ।",424,0.7023217247097844
"श्रीवास्तव ने बताया कि",424,0.9988207547169812
"रखा जा रहा है",424,0.9369469026548672
"की तारीफ करते हुए",424,0.9411111111111111
"बने थे । </s>",424,0.9988207547169812
"ने कहा कि यदि",424,0.0068485397328503506
"की पूर्व संध्या पर",424,0.9988207547169812
"खत्म हो गया है",424,0.47853107344632767
"के लिए किसी भी",424,0.5209102091020911
"<s> अमित शाह ने",424,0.808206106870229
"आयोजित किया जाएगा ।",423,0.8951271186440678
"पेश किया गया है",423,0.2975352112676056
"से चल रही है",423,0.5925666199158486
"पड़ा था । </s>",423,0.9988179669030733
"मदद करेगा । </s>",423,0.9988179669030733
"अर्चना की । </s>",423,0.9988179669030733
"को मजबूर हैं ।",423,0.8711340206185567
"करने के साथ -",423,0.23577008928571427
"के मामले में भी",423,0.07052245034217994
"बनाना है । </s>",423,0.9988179669030733
"दे दी गई ।",422,0.28889650445510623
"केस दर्ज किया है",422,0.3991477272727273
"इंडियन प्रीमियर लीग आईपीएल)",422,0.41650197628458496
"का काम कर रही",422,0.3636755823986195
"एक दिन पहले ही",422,0.7394736842105263
"माता - पिता की",422,0.12360703812316716
"पर आरोप है कि",422,0.9988151658767772
"निधन हो गया था",422,0.1871669626998224
"से जूझ रहा है",421,0.9004282655246253
"माना जा रहा था",421,0.10346948818897637
"के लिए सबसे पहले",421,0.19788235294117648
"मिल रही है .",421,0.1709349593495935
"प्रवक्ता ने कहा कि",421,0.9201312910284464
"को संबोधित करेंगे ।",421,0.7508928571428571
"ने बताया कि सभी",421,0.008924213162418558
"का आरोप लगाया गया",421,0.09489957120288874
"नहीं होगी . </s>",421,0.998812351543943
"शनिवार को कहा कि",421,0.9323725055432373
"<s> ऐसा लगता है",421,0.998812351543943
"लेती हैं । </s>",420,0.9988095238095238
"की अलग - अलग",420,0.9988095238095238
"<s> कोलकाता । </s>",420,0.9988095238095238
"<s> बार - बार",420,0.9988095238095238
"तैनात हैं । </s>",420,0.9988095238095238
"का काम किया ।",420,0.21069814163736816
"मरीजों की संख्या में",420,0.29730687455705174
"प्रदर्शन किया है ।",420,0.6690590111642744
"स्वास्थ्य एवं परिवार कल्याण",420,0.9988095238095238
"बरामद की है ।",420,0.915938864628821
"सीएमओ डा . </s>",420,0.9988095238095238
"<s> वे कहते हैं",420,0.9119565217391304
"अपने साथियों के साथ",419,0.9988066825775657
"साफ कर दिया है",419,0.47556818181818183
"कहा है कि वे",419,0.047949129239230066
"सामना करना पड़ता है",419,0.93
"मौजूद थे . </s>",419,0.9988066825775657
"को परेशानी का सामना",419,0.9988066825775657
"कराया गया है .",419,0.14293032786885246
"टी2 0 वर्ल्ड कप",419,0.9988066825775657
"का उपयोग कर सकते",419,0.5655405405405406
"मंत्री राजनाथ सिंह ने",419,0.6739130434782609
"से किया जा रहा",419,0.6963394342762064
"की उम्मीद है .",418,0.17159884915741883
"तहत मामला दर्ज किया",418,0.5872011251758087
"अध्यक्ष अमित शाह ने",418,0.4489247311827957
"का वादा किया था",418,0.46030871003307605
"से पूछा गया कि",418,0.7148972602739726
"वीडियो वायरल हो रहा",418,0.7702952029520295
"करने के लिए अपने",418,0.013198242341858187
"करवाया था । </s>",418,0.9988038277511961
"ने बताया कि अब",418,0.008860544578620089
"के निर्देश दिए थे",418,0.08516931864545084
"नहीं ले रही है",417,0.5924608819345661
"याचिका में कहा गया",417,0.7095400340715503
"होने का नाम नहीं",417,0.8534836065573771
"के साथ काम कर",417,0.19131832797427653
"कारण यह है कि",417,0.9988009592326139
"नजर आईं । </s>",417,0.9988009592326139
"नहीं रहे । </s>",417,0.9988009592326139
"को अंजाम दिया गया",417,0.20317073170731706
"के लिए जिला अस्पताल",417,0.42717948717948717
"मामले की जांच शुरू",417,0.09949832775919733
"ली जा रही है",417,0.8918629550321199
"ने आज कहा कि",416,0.9987980769230769
"सही नहीं है ।",416,0.7263986013986014
"की सलाह दी जाती",416,0.2051851851851852
"ने कहा कि हमने",416,0.006719169442737476
"खुलासा हुआ है ।",416,0.5116995073891626
"को मिलता है ।",416,0.6712439418416801
"माने जाते हैं ।",416,0.7406417112299465
"सूचना दी गई ।",416,0.6333841463414634
"बढ़ा दी गई है",416,0.8276892430278885
"- ऊि्‌ । </s>",416,0.9987980769230769
"में इस बात का",416,0.42484662576687116
"उन लोगों के लिए",416,0.6605723370429253
"में शामिल होंगे ।",416,0.7554545454545455
"के संपर्क में आने",416,0.26703084832904883
"हुए नजर आ रहे",415,0.7109777015437393
"से बाहर कर दिया",415,0.9987951807228915
"साथ मौके पर पहुंचे",415,0.6396604938271605
"जवाब दिया । </s>",415,0.9987951807228915
"टॉस जीतकर पहले बल्लेबाजी",415,0.7013536379018612
"खारिज कर दिया ।",415,0.2710922171353826
"किसी भी प्रकार के",415,0.21267316572601333
"दर्ज की थी ।",415,0.7246503496503497
"दे चुके हैं ।",415,0.7121993127147767
"आयोजन किया गया था",415,0.07395182872435326
"गिर गए । </s>",415,0.9987951807228915
"शेयर किया है .",415,0.3154490106544901
"विकसित करने के लिए",415,0.9987951807228915
"रूप में हुई ।",415,0.26468710089399744
"शिकायत की थी ।",415,0.6386748844375963
"मिला था . </s>",415,0.9987951807228915
"D डीएसपी - बीआर",415,0.9987951807228915
"मौत हुई । </s>",414,0.998792270531401
"में रहने वाले लोगों",414,0.32559055118110236
"रविवार को कहा कि",414,0.937641723356009
"होने हैं । </s>",414,0.998792270531401
"<s> यह पूछे जाने",414,0.998792270531401
"देखने को मिलेगा ।",414,0.7861216730038023
"ने बताया कि घटना",414,0.008775653133555467
"की प्राप्ति होती है",414,0.998792270531401
"की पूजा की जाती",414,0.7104810996563574
"में भेज दिया गया",414,0.4905100830367734
"की अनुमति दे दी",414,0.998792270531401
"मंत्रालय ने कहा कि",414,0.7203832752613241
"बाद एक बार फिर",414,0.998792270531401
"प्रावधान किया गया है",413,0.8558091286307054
"में जुटी हुई है",413,0.7681564245810056
"शुरुआत की थी ।",413,0.6496062992125984
"व्यक्ति की मौत हो",413,0.7902298850574713
"बढ़ा दिया है ।",413,0.7842205323193916
"के साथ बैठक कर",413,0.22602739726027396
"अब तक का सबसे",413,0.9417808219178082
"कर रही है कि",413,0.026030163437874676
"फिल्मों में काम किया",413,0.5261479591836735
"की सलाह दी है",413,0.2037037037037037
"है कि किसी भी",413,0.5604619565217391
"ने की है ।",413,0.8266533066132264
"G डीएसपी - बीआर",413,0.9987893462469734
"उन्होंने कहा कि कांग्रेस",412,0.016434362394664323
"देख सकते हैं कि",412,0.2241285403050109
"कहा कि देश के",412,0.25260896255371396
"प्रतीक है । </s>",412,0.9987864077669902
"सामना करना पड़ा था",412,0.19511616880037932
"पुलिस ने गिरफ्तार किया",412,0.3559688581314879
"कि इस तरह की",412,0.3723981900452489
"रखती हैं । </s>",412,0.9987864077669902
"कर जांच शुरू कर",412,0.8246492985971944
"आरोपियों को गिरफ्तार कर",412,0.5176100628930818
"बुलाया गया । </s>",412,0.9987864077669902
"और इंग्लैंड के बीच",412,0.9164810690423163
"से हुआ । </s>",412,0.9987864077669902
"कह सकते हैं कि",412,0.6206636500754148
"होने लगा । </s>",412,0.9987864077669902
"का प्रयास कर रही",412,0.3321226795803067
"दिया जायेगा । </s>",412,0.9987864077669902
"करने के लिए प्रेरित",412,0.013008567002813517
"में किसी भी तरह",412,0.43637327677624604
"में नजर आ रहे",412,0.2947707736389685
"मंदिर निर्माण के लिए",412,0.9987864077669902
"में पहले से ही",412,0.875531914893617
"- आई पी D",412,0.43453009503695883
"हो चुका था ।",411,0.7005119453924915
"सनसनी फैल गई ।",411,0.6685667752442996
"लाया गया था ।",411,0.7601851851851852
"मंत्री अमित शाह ने",411,0.4840801886792453
"ने बताया कि अभी",411,0.008711984549756998
"मुश्किल हो जाता है",411,0.9987834549878345
"से की जा रही",411,0.8242971887550201
"ऐसा माना जाता है",411,0.9987834549878345
"कार्रवाई शुरू कर दी",411,0.9987834549878345
"नहीं दिया गया है",411,0.35327022375215145
"सुरक्षित है । </s>",411,0.9987834549878345
"कही गई है ।",411,0.7879078694817658
"उड़ गए । </s>",410,0.998780487804878
"<s> वाशिंगटन । </s>",410,0.998780487804878
"<s> कुछ समय पहले",410,0.47950819672131145
"शादी की थी ।",410,0.6768595041322314
"भी जारी है ।",410,0.7196836555360281
"हमला बोला । </s>",410,0.998780487804878
"ने पुलिस को सूचना",410,0.17440374787052812
"2020 - 21 के",410,0.36627906976744184
"शामिल किया गया था",410,0.1842934293429343
"रन बनाए थे ।",410,0.6658536585365854
"को इस बात की",410,0.4022593320235756
"नहीं चल पाया है",410,0.7527573529411765
"काम किया . </s>",409,0.9987775061124694
"जाहिर की । </s>",409,0.9987775061124694
"उन्होंने कहा कि देश",409,0.016314549303087185
"में भाग लिया ।",409,0.601620029455081
"<s> इस दौरान पुलिस",409,0.03539554631314444
"पड़ गया । </s>",409,0.9987775061124694
"बारे में बताने जा",409,0.7932038834951456
"जूझ रहे हैं ।",409,0.732078853046595
"भी मौजूद रहे ।",409,0.8728632478632479
"रह गए हैं ।",409,0.8153692614770459
"मरीज मिले हैं ।",408,0.8897379912663755
"साथ ही उन्होंने कहा",408,0.5582191780821918
"लगती है . </s>",408,0.9987745098039216
"बुरा हाल है ।",408,0.8916849015317286
"किया गया था कि",408,0.03104288870267388
"वायरस की वजह से",408,0.9987745098039216
"उन्होंने कहा कि जब",408,0.016274611605894804
"चिंता का विषय है",408,0.7912621359223301
"लगातार जारी है ।",408,0.7659774436090225
"की पूजा - अर्चना",408,0.9476744186046512
"को हटाने के लिए",408,0.8707264957264957
"लोगों ने कहा कि",408,0.9389400921658986
"को गंभीरता से लेते",408,0.416241062308478
"प्रयोग किया जाता है",408,0.9498834498834499
"पड़ रहा है .",407,0.11789443155452436
"नहीं रहा है ।",407,0.7598130841121495
"करने की जरूरत नहीं",407,0.21691568836712913
"परिजनों ने बताया कि",407,0.9987714987714987
"जाता हैं । </s>",407,0.9987714987714987
"दे रहा है .",407,0.1591620986687549
"<s> आज का दिन",407,0.7220248667850799
"पड़ सकता है ।",407,0.8416149068322981
"<s> पी . </s>",407,0.9987714987714987
"सुबह 10 बजे से",407,0.7893203883495146
"में शामिल हैं ।",407,0.7486187845303868
"साथ बैठक की ।",407,0.6452380952380953
"ठीक है । </s>",407,0.9987714987714987
"को नोटिस जारी किया",407,0.37813953488372093
"प्रदान की । </s>",407,0.9987714987714987
"एक वीडियो शेयर किया",407,0.7862669245647969
"में बड़े पैमाने पर",406,0.9987684729064039
"निर्धारित किया गया है",406,0.7481549815498155
"का इलाज चल रहा",406,0.9987684729064039
"में हड़कंप मच गया",406,0.9987684729064039
"तहरीर दी । </s>",406,0.9987684729064039
"हो जाती है और",406,0.07850919651500483
"भाजपा के राष्ट्रीय अध्यक्ष",406,0.6267387944358578
"का गठन किया है",406,0.17463393626184323
"द्वारा किया गया ।",406,0.5989660265878878
"<s> इस राशि के",406,0.6669407894736842
"अर्पित की । </s>",405,0.9987654320987654
"परिजनों को सौंप दिया",405,0.9363425925925926
"शुरू की थी ।",405,0.7646502835538752
"कह रहे हैं ।",405,0.27915804002760525
"ने बताया कि दोनों",405,0.008584647382160063
"प्रधानमंत्री नरेंद्र मोदी से",405,0.04346658070062325
"करता हूं . </s>",405,0.9341801385681293
"भाग लेंगे । </s>",405,0.9987654320987654
"में मदद मिलती है",405,0.9987654320987654
"उन्होंने कहा कि प्रदेश",405,0.016154798514317663
"केस दर्ज किया गया",405,0.38304924242424243
"रखा जा सकता है",405,0.9256292906178489
"ने बताया कि उनकी",405,0.008584647382160063
"जीते हैं । </s>",405,0.9987654320987654
"से अधिक उम्र के",405,0.8374741200828157
"की पारी खेली ।",405,0.5287581699346405
"में आम आदमी पार्टी",405,0.9473067915690867
"मुखबिर की सूचना पर",405,0.9256292906178489
"<s> इस संदर्भ में",405,0.9987654320987654
"ने गुरुवार को कहा",404,0.3771028037383178
"का मौका मिलेगा ।",404,0.826844262295082
"अंजाम देने के बाद",404,0.668046357615894
"साफ हो गया है",404,0.6838983050847458
"ने अपने बयान में",404,0.9987623762376238
"जताई थी । </s>",404,0.9987623762376238
"करने होंगे । </s>",404,0.9987623762376238
"- डॉ . </s>",404,0.9987623762376238
"है कि इस मामले",404,0.09212328767123287
"<s> साथ ही कहा",404,0.04635799632352941
"मौजूद है . </s>",404,0.9987623762376238
"<s> कार्यक्रम की अध्यक्षता",404,0.6188650306748467
"अयोध्या में राम मंदिर",404,0.9340277777777778
"आ रहा है कि",404,0.08754610544586679
"इंतजार कर रहे थे",404,0.33292079207920794
"जेल भेज दिया है",404,0.2309673726388094
"रिपोर्ट पॉजिटिव आई है",404,0.6625615763546798
"के आधार पर पुलिस",404,0.07870099473376244
"दिया जाना चाहिए ।",403,0.6419457735247209
"कोरोना पॉजिटिव पाए गए",403,0.8264887063655031
"सामने आ रही हैं",403,0.28688524590163933
"जैन ने बताया कि",403,0.9987593052109182
"जुड़ा है । </s>",403,0.9987593052109182
"मौका मिला । </s>",403,0.9987593052109182
"बीते 24 घंटे में",403,0.8402922755741128
"<s> कानपुर । </s>",403,0.9987593052109182
"के साथ मारपीट की",403,0.3903976721629486
"नजर आने वाले हैं",403,0.8769063180827886
"प्राप्त है । </s>",403,0.9987593052109182
"शामिल हो सकते हैं",403,0.9987593052109182
"पर रखा गया है",402,0.6224806201550388
"बोला है । </s>",402,0.9987562189054726
"तलाश शुरू कर दी",402,0.9987562189054726
"लिए पूरी तरह से",402,0.6658374792703151
"में थे . </s>",402,0.9987562189054726
"रावत ने कहा कि",402,0.9402810304449649
"स्थान है । </s>",402,0.9987562189054726
"के लिए बनाए गए",402,0.9337209302325581
"लगा रहा । </s>",402,0.9987562189054726
"कार्य कर रही है",402,0.8144016227180527
"नहीं आ रही है",402,0.6725293132328308
"जा रहा । </s>",402,0.9987562189054726
"जा सकती हैं ।",402,0.8177189409368636
"खास बात ये है",402,0.8766375545851528
"में होती है ।",402,0.7093639575971732
"लिए आज का दिन",402,0.9987562189054726
"कराने के निर्देश दिए",402,0.8863134657836644
"के लिए आवेदन कर",402,0.13689055574497103
"की अनुमति दी गई",401,0.2923357664233577
"में जानकारी देते हुए",401,0.9987531172069826
"प्राप्त की । </s>",401,0.9987531172069826
"का दौर जारी है",401,0.7837573385518591
"कहते हैं . </s>",401,0.9292343387470998
"ट्वीट कर कहा कि",401,0.6059001512859304
"भी कहा था कि",401,0.9401408450704225
"नहीं हुआ . </s>",401,0.9987531172069826
"चल रहा है और",401,0.049825827320228916
"इनकार कर दिया है",401,0.20935703084161003
"बनते हैं । </s>",401,0.9987531172069826
"ऐलान कर दिया है",401,0.5721428571428572
"सामना कर रहे हैं",401,0.8959731543624161
"मुझे उम्मीद है कि",401,0.9987531172069826
"को अपने कब्जे में",401,0.9987531172069826
"के फैसले के बाद",401,0.503140703517588
"भी दिया गया है",401,0.6142638036809815
"दे सकती है ।",401,0.7962226640159046
"कार्रवाई की गई ।",401,0.41632016632016633
"उन्होंने कहा कि भाजपा",401,0.015995047725548144
"विशेषज्ञ डॉ . </s>",401,0.9987531172069826
"थाना क्षेत्र के एक",400,0.20115810674723061
"महिला की मौत हो",400,0.7357274401473296
"कयास लगाए जा रहे",400,0.99875
"की दूसरी लहर के",400,0.3476936466492602
"अफरा - तफरी मच",400,0.6108562691131498
"ने मामले की जांच",400,0.39128305582761996
"<s> कोरोना वायरस से",400,0.12698664971392243
"ले लिया था ।",400,0.7667946257197696
"<s> हिमाचल प्रदेश के",400,0.40231621349446123
"चाहती थी । </s>",400,0.99875
"कोई लेना - देना",399,0.9987468671679198
"<s> जगह - जगह",399,0.9987468671679198
"ने कहा कि हमें",399,0.006444257576247615
"है कि जब तक",399,0.3480349344978166
"नाम दिया गया है",399,0.6918402777777778
"जांच की जाएगी ।",399,0.8389473684210527
"प्रधानमंत्री अटल बिहारी वाजपेयी",399,0.9443127962085308
"जिक्र करते हुए कहा",399,0.7245454545454545
"झटके महसूस किए गए",399,0.9987468671679198
"नहीं लिया । </s>",399,0.9987468671679198
"ने राहत की सांस",398,0.9987437185929648
"आ चुकी है ।",398,0.7188065099457505
"भारत की तरफ से",398,0.9987437185929648
"<s> लोकसभा चुनाव के",398,0.3343145500420521
"ने कहा कि दिल्ली",398,0.0064280862899835055
"<s> इंडियन प्रीमियर लीग",398,0.9987437185929648
"की गयी . </s>",398,0.9987437185929648
"ने अपने - अपने",398,0.9987437185929648
"मामला प्रकाश में आया",398,0.9201388888888888
"कांग्रेस नेता राहुल गांधी",398,0.9987437185929648
"होने के बाद ही",398,0.05329847144006436
"<s> बैठक के दौरान",397,0.5358108108108108
"करना पड़ा था ।",397,0.732902033271719
"का उपयोग किया जाता",397,0.3581752484191509
"आग लगा दी ।",397,0.5258620689655172
"रखते हैं . </s>",397,0.9987405541561712
"चपेट में ले लिया",397,0.8950338600451467
"की कोशिश की तो",397,0.06876517516475893
"उन्होंने कहा कि राज्य",397,0.015835296936778626
"पूरी होने के बाद",397,0.9987405541561712
"पर पूरी तरह से",397,0.815843621399177
"है कि इस तरह",397,0.09052511415525114
"है कि आने वाले",397,0.9987405541561712
"शुरू हो गया था",397,0.10447957839262187
"<s> निरीक्षण के दौरान",396,0.8054989816700611
"प्रभारी डॉ . </s>",396,0.9987373737373737
"चपेट में आ गया",396,0.2677725118483412
"नहीं कर सकता है",396,0.3030651340996169
"डाउनलोड करने के लिए",396,0.7243589743589743
"किया जाए . </s>",396,0.9987373737373737
"के लोगों के साथ",396,0.22625858123569795
"गंभीर बनी हुई है",396,0.9987373737373737
"प्रसाद ने बताया कि",396,0.9987373737373737
"पलट गया । </s>",396,0.9987373737373737
"<s> इसका मतलब है",396,0.493142144638404
"जताते हुए कहा कि",396,0.8274058577405857
"एक - एक कर",395,0.21965478841870825
"लगाई जाएगी । </s>",395,0.9987341772151899
"तय किया गया है",395,0.5070694087403599
"विकल्प है । </s>",395,0.9987341772151899
"ने ट्वीट करते हुए",395,0.9987341772151899
"नहीं किया है .",395,0.17517761989342806
"जांच के आदेश दिए",395,0.621259842519685
"का नुकसान हुआ है",395,0.7159709618874773
"पेट्रोल और डीजल की",395,0.44029017857142855
"के पास है ।",395,0.7528625954198473
"निभा रहे हैं ।",394,0.7523900573613767
"रूप में की गई",394,0.5873134328358209
"काम करते थे ।",394,0.7300556586270872
"शिकायत दर्ज कराई है",394,0.37228003784295177
"बात करें तो इसमें",394,0.16939302625914765
"पाती है । </s>",394,0.998730964467005
"दर्ज किए गए हैं",394,0.4662322274881517
"<s> पिछले कुछ दिनों",394,0.3337574215436811
"दुकान है । </s>",394,0.998730964467005
"<s> इसके बाद वे",394,0.020252187339166238
"करने के लिए कई",394,0.012439540985679513
"काबू पाया । </s>",394,0.998730964467005
"खुलासा किया है ।",394,0.4894278606965174
"जीता है । </s>",394,0.998730964467005
"मुख्यमंत्री ममता बनर्जी ने",393,0.5012771392081737
"स्थान पर रहे ।",393,0.816008316008316
"की कोई कमी नहीं",393,0.9987277353689568
"बिग बॉस के घर",393,0.9064665127020786
"के साथ है ।",393,0.7377819548872181
"बनाया जाता है ।",393,0.6983985765124555
"हो जाता है तो",393,0.055141893790390556
"ग्रामीणों का कहना है",393,0.8177083333333334
"नहीं मिल पा रही",393,0.37274453941120606
"की चेतावनी दी है",393,0.4375696767001115
"पार्टी के वरिष्ठ नेता",393,0.7993890020366599
"का आग्रह किया है",393,0.33122362869198313
"की सराहना करते हुए",392,0.8758389261744967
"भी की है ।",392,0.7587209302325582
"के लिए ऑनलाइन आवेदन",392,0.769155206286837
"बधाई दी है ।",392,0.815625
"लौट रहा था ।",392,0.8958810068649885
"कोरोना वायरस के चलते",392,0.09652366863905325
"एक दूसरे के साथ",392,0.4443813847900113
"दिए जाते हैं ।",392,0.8259493670886076
"लगाए थे । </s>",392,0.9987244897959183
"<s> केंद्र सरकार के",392,0.1702914310569813
"में बताने जा रहे",392,0.9987244897959183
"देश है । </s>",392,0.9987244897959183
"उठा सकते हैं ।",392,0.7989795918367347
"वाली थी । </s>",392,0.9987244897959183
"बढ़ रही है ।",392,0.8623348017621145
"चपेट में आ गए",392,0.26506431956668924
"प्रयास करें । </s>",391,0.9987212276214834
"के प्रधानमंत्री नरेंद्र मोदी",391,0.9987212276214834
"रहने की संभावना है",391,0.881489841986456
"आ जाती है ।",391,0.6607445008460237
"पोस्टमार्टम के लिए भेजा",391,0.20574288724973658
"मिश्रा ने कहा कि",391,0.9102564102564102
"एक दर्जन से अधिक",391,0.764187866927593
"के एक मामले में",391,0.9987212276214834
"की तलाश की जा",391,0.7985685071574642
"है कि वह अपने",391,0.14691497366440934
"करना पड़ा . </s>",391,0.9987212276214834
"के दौरान कहा कि",391,0.7626953125
"नहीं थे . </s>",391,0.9987212276214834
"करने वाली है ।",391,0.7553191489361702
"के एक अस्पताल में",391,0.9987212276214834
"पर क्लिक करें ।",391,0.707427536231884
"पुलिस ने कहा कि",391,0.7936991869918699
"दो लोगों की मौत",391,0.8084886128364389
"हिरासत में भेज दिया",391,0.9987212276214834
"इस्तेमाल किया जा सकता",391,0.5570613409415122
"<s> उन्होंने दावा किया",390,0.9987179487179487
"यह भी कहा है",390,0.10223097112860892
"<s> इस दौरान एक",390,0.033749241833463305
"पत्र लिखा है ।",390,0.8182773109243697
"से हो रहा है",390,0.9295942720763724
"कार्य चल रहा है",390,0.8252118644067796
"शासन की ओर से",390,0.9987179487179487
"<s> दिल्ली के मुख्यमंत्री",390,0.44412770809578106
"आउट हुए । </s>",390,0.9987179487179487
"भाजपा के वरिष्ठ नेता",390,0.9079254079254079
"उपलब्ध है . </s>",390,0.9987179487179487
"भी शामिल थे ।",390,0.8114583333333333
"था । "" </s>",390,0.9987179487179487
"की जांच कर रहे",390,0.21808510638297873
"के अधिकारियों के साथ",390,0.48385093167701865
"जागरूक किया । </s>",390,0.9987179487179487
"रह सकते हैं ।",390,0.7362948960302458
"में कोरोना वायरस का",390,0.10473245496101102
"इसकी जानकारी दी ।",389,0.5065189048239895
"खिलाफ मामला दर्ज किया",389,0.38966900702106316
"तैयारी कर ली है",389,0.7207792207792207
"बना ली । </s>",389,0.9987146529562982
"होने का अनुमान है",389,0.7587890625
"लगा दी थी ।",389,0.7428298279158699
"अनुमति देता है ।",389,0.9013921113689095
"घेर लिया । </s>",389,0.9987146529562982
"का फैसला लिया गया",389,0.21393171806167402
"की ओर से कोई",389,0.023784743479857966
"<s> पिछले 24 घंटे",389,0.5895295902883156
"खेल रहे हैं ।",389,0.6529411764705882
"होने वाले विधानसभा चुनाव",389,0.7330188679245283
"पर डॉ . </s>",389,0.9987146529562982
"देखा जाता है ।",389,0.548728813559322
"अधिकारियों के साथ बैठक",389,0.568814055636896
"में इस तरह के",388,0.3475336322869955
"<s> इस फिल्म को",388,0.12227832123698328
"कर देती है ।",388,0.6774475524475524
"कोरोना संक्रमितों की संख्या",388,0.7765531062124249
"योगी आदित्यनाथ ने कहा",388,0.49615877080665816
"पहुंच चुकी है ।",388,0.7703777335984096
"प्रकाश में आया है",388,0.8442265795206971
"<s> उन्होंने ट्वीट किया",388,0.4980719794344473
"लक्ष्य रखा गया है",388,0.795687885010267
"की गईं । </s>",388,0.9987113402061856
"में पिछले 24 घंटों",388,0.46130952380952384
"मौजूद रहेंगे । </s>",388,0.9987113402061856
"में लगी है ।",388,0.7860040567951319
"प्रदान किया । </s>",388,0.9987113402061856
"यह बात सामने आई",387,0.8311827956989247
"पा सकते हैं ।",387,0.7792338709677419
"बन सकती है ।",387,0.8154008438818565
"निधन हो गया है",387,0.1716252220248668
"कहा कि जब तक",387,0.4417142857142857
"से लड़ने के लिए",387,0.9987080103359173
"कोरोना महामारी के कारण",387,0.2461783439490446
"काम करेगा । </s>",387,0.9987080103359173
"फैसला लिया । </s>",387,0.9987080103359173
"रुपए की लागत से",387,0.9987080103359173
"कार्य कर रहे हैं",387,0.7390057361376673
"चर्चा हो रही है",387,0.8784090909090909
"पॉजिटिव पाए गए हैं",387,0.5709010339734121
"गये है । </s>",386,0.9987046632124352
"में इलाज के दौरान",386,0.49486521181001286
"को बार - बार",386,0.9987046632124352
"नहीं होते । </s>",386,0.9987046632124352
"<s> एक यूजर ने",386,0.9987046632124352
"में हो रहा है",386,0.9200477326968973
"के राष्ट्रीय अध्यक्ष अमित",386,0.28015988372093026
"तलाश कर रहे हैं",386,0.7558823529411764
"भी किया था ।",386,0.7259887005649718
"फीसदी है । </s>",386,0.9987046632124352
"सुप्रीम कोर्ट के फैसले",386,0.2757510729613734
"सामने आई है कि",386,0.14674533688618197
"करने की योजना बना",386,0.2963105303612606
"बंद रहेंगे । </s>",386,0.9987046632124352
"में कमी आई है",385,0.8758542141230068
"में किया जाएगा ।",385,0.865990990990991
"को जेल भेज दिया",385,0.9987012987012988
"2017 - 18 में",385,0.5370111731843575
"कांग्रेस के पूर्व अध्यक्ष",385,0.7016423357664233
"नहीं दी है ।",385,0.8128964059196617
"लगाते हैं । </s>",385,0.9987012987012988
"विनिमय दर का नवीनतम",385,0.9987012987012988
"दर का नवीनतम अपडेट",385,0.9987012987012988
"का नवीनतम अपडेट .",385,0.9987012987012988
"नवीनतम अपडेट . </s>",385,0.9987012987012988
"तैयार हैं . </s>",385,0.9987012987012988
"मदद मिलती है ।",385,0.7323809523809524
"का . . .",385,0.9242788461538461
"पहुंच गए थे ।",385,0.8358695652173913
"एक है . </s>",385,0.9987012987012988
"कहा कि किसी भी",385,0.802713987473904
"निर्देश दिया है कि",385,0.2606779661016949
"विभाग की तरफ से",385,0.9987012987012988
"हो गए हैं और",385,0.05960316230041854
"जांच चल रही है",385,0.9987012987012988
"की थीं । </s>",384,0.9986979166666666
"पर प्रकाश डाला ।",384,0.7778904665314401
"में कहा गया था",384,0.06941176470588235
"के खिलाफ रिपोर्ट दर्ज",384,0.9986979166666666
"style "" text -",384,0.9986979166666666
"से की है ।",384,0.8598654708520179
"पूर्व प्रधानमंत्री अटल बिहारी",384,0.9986979166666666
"मीडिया रिपोर्ट के मुताबिक",384,0.5890937019969278
"करने का काम किया",384,0.36145146088595664
"माना जा सकता है",384,0.8598654708520179
"पसंद किया जा रहा",384,0.9986979166666666
"<s> दिल्ली पुलिस ने",383,0.4376430205949657
"नहीं हूं । </s>",383,0.9986945169712794
"दी जा चुकी है",383,0.8557046979865772
"उसकी हत्या कर दी",383,0.9283980582524272
"में जुटे हुए हैं",383,0.8173076923076923
"की ओर से भी",383,0.023417411534223092
"वन विभाग की टीम",383,0.7822085889570553
"<s> सूत्रों ने कहा",383,0.31848459616985847
"आ जाएगा । </s>",383,0.9986945169712794
"सोशल मीडिया पर खूब",383,0.044430247415495415
"तैयारी कर रहा है",383,0.7985386221294363
"घायल हो गए हैं",383,0.07965431070387338
"करने के बाद ही",383,0.0783811475409836
"की मौत की खबर",383,0.35482374768089053
"<s> कुछ दिनों पहले",383,0.4993472584856397
"को भी शामिल किया",383,0.7680722891566265
"ने मामला दर्ज कर",383,0.8018867924528302
"अदालत में पेश किया",383,0.6617647058823529
"फांसी लगाकर आत्महत्या कर",382,0.8851508120649652
"बाहर से आने वाले",382,0.8048523206751055
"कर रही थीं ।",382,0.7322456813819578
"इस्तेमाल किया गया है",382,0.5635155096011817
"किसी भी कीमत पर",382,0.9986910994764397
"पार्टी की ओर से",382,0.9986910994764397
"पड़ी थी । </s>",382,0.9986910994764397
"लिए प्रेरित किया ।",382,0.5585651537335286
"नुकसान हो रहा है",382,0.923728813559322
"तय की गई है",382,0.6600346020761245
"मीटर की दूरी पर",382,0.8311546840958606
"ने किया था ।",382,0.752465483234714
"निकल गए । </s>",382,0.9986910994764397
"<s> आपको बता दे",381,0.05780039495670667
"में हिस्सा लेने के",381,0.4871959026888604
"जवाब देने के लिए",381,0.9986876640419947
"मिलना चाहिए । </s>",381,0.9986876640419947
"परेशानी होती है ।",381,0.8569819819819819
"बनता जा रहा है",381,0.9986876640419947
"आदि ने बताया कि",381,0.9986876640419947
"पीएम नरेंद्र मोदी ने",381,0.3812625250501002
"<s> इसके अलावा इस",381,0.0498754751605715
"मिल सकते हैं ।",381,0.8326039387308534
"बच्चे हैं । </s>",381,0.9986876640419947
"जन्म दिया । </s>",381,0.9986876640419947
"रखा जाए । </s>",381,0.9986876640419947
"करती हूं । </s>",380,0.8992890995260664
"से हुई है ।",380,0.7824742268041237
"<s> लॉकडाउन के दौरान",380,0.3680892337536372
"नहीं की जाएगी ।",380,0.9035714285714286
"के इर्द - गिर्द",380,0.9986842105263158
"<s> कम से कम",380,0.9986842105263158
"भी करते हैं ।",380,0.7298076923076923
"में शिकायत दर्ज कराई",380,0.6170731707317073
"की गई है कि",380,0.02509920634920635
"प्रसाद ने कहा कि",380,0.9166666666666666
"फरार है । </s>",380,0.9986842105263158
"नहीं किया गया था",379,0.09548435923309788
"<s> ग्रामीणों का कहना",379,0.725095785440613
"सत्ता में आने के",379,0.6906934306569343
"में सफल रहे ।",379,0.6017488076311606
"भी किया गया है",379,0.28674242424242424
"में रहेंगे । </s>",379,0.9986807387862797
"को जिला अस्पताल में",379,0.5060160427807486
"समर्थन किया । </s>",379,0.9986807387862797
"भी कहना है कि",379,0.9986807387862797
"चौहान ने बताया कि",379,0.9986807387862797
"का सामना करने के",378,0.525766016713092
"<s> देश भर में",378,0.7504970178926441
"जुटे हुए हैं ।",378,0.8388888888888889
"की सूचना दी ।",378,0.5264993026499303
"पर काम करता है",378,0.8370288248337029
"हो जाता है कि",378,0.05303456026973869
"कहा कि इस तरह",378,0.1355962643678161
"में किया गया है",378,0.24323453608247422
"में डा . </s>",378,0.9986772486772487
"देना चाहिए . </s>",378,0.9986772486772487
"का निर्माण किया गया",378,0.2649122807017544
"देता हूं । </s>",378,0.9986772486772487
"तिवारी ने कहा कि",378,0.94375
"की साफ - सफाई",378,0.9986772486772487
"ऐसा लग रहा है",378,0.6118314424635333
"हुए कहा कि इस",377,0.05329841449603624
"बारे में पूछा गया",377,0.5273109243697479
"करने का आश्वासन दिया",377,0.9483627204030227
"भाजपा अध्यक्ष अमित शाह",377,0.9986737400530504
"ने बताया कि सोमवार",377,0.007990407266707697
"विशेषज्ञों का कहना है",377,0.9986737400530504
"जमकर नारेबाजी की ।",377,0.7943037974683544
"के तौर पर काम",377,0.08723354958294717
"रख दिया । </s>",377,0.9986737400530504
"दे दी थी ।",377,0.7762886597938145
"से जुड़ा हुआ है",377,0.8964285714285715
"नहीं की जा रही",377,0.3190677966101695
"जाने के बाद से",377,0.1405899925317401
"को गोली मार दी",377,0.7411417322834646
"बना लिया है ।",377,0.7339181286549707
"लॉन्च कर दिया है",377,0.8366666666666667
"खिलाफ मुकदमा दर्ज कर",377,0.40010626992561105
"तलाश कर रही है",377,0.7382352941176471
"करने से मना कर",376,0.7084905660377359
"को इस संबंध में",376,0.9986702127659575
"करने की तैयारी कर",376,0.3134390651085142
"हम चाहते हैं कि",376,0.9986702127659575
"है और इसके लिए",376,0.48326898326898327
"तफरी मच गई ।",376,0.8573059360730594
"पर हमला बोलते हुए",376,0.9986702127659575
"भारतीय क्रिकेट कंट्रोल बोर्ड",376,0.9986702127659575
"लग गए । </s>",376,0.9986702127659575
"को जान से मारने",376,0.8773364485981309
"निगम की ओर से",376,0.9986702127659575
"व्यक्त की । </s>",375,0.9986666666666667
"सभी जानते हैं कि",375,0.8285398230088495
"कहना है कि अगर",375,0.024855644786619766
"<s> उसके बाद से",375,0.1917562724014337
"किया जाता है तो",375,0.03169431279620853
"भर्ती हैं । </s>",375,0.9986666666666667
"की सूचना पर पुलिस",375,0.40139335476956056
"ठाकुर ने बताया कि",375,0.9986666666666667
"<s> पुलिस ने कहा",375,0.03305383936451898
"2018 - 19 में",375,0.4876302083333333
"छुट्टी दे दी गई",375,0.9134146341463415
"में आते हैं ।",374,0.6669642857142857
"राज्य सरकार की ओर",374,0.7100760456273765
"<s> आप सभी को",374,0.6929499072356216
"को ज्ञापन सौंपा ।",374,0.7455089820359282
"धरना दिया । </s>",374,0.9986631016042781
"शुरू किया गया ।",374,0.28103837471783294
"के बारे में बता",374,0.013002158323470027
"पाए जाने के बाद",374,0.9384422110552764
"होता है ? </s>",374,0.9986631016042781
"ने जानकारी देते हुए",374,0.9986631016042781
"कम हो जाती है",374,0.93375
"जा रही थी .",374,0.12470784641068447
"<s> केंद्रीय स्वास्थ्य मंत्रालय",374,0.6204318936877077
"किए गए . </s>",374,0.9986631016042781
"संक्रमण से बचाव के",374,0.757606490872211
"के एक निजी अस्पताल",374,0.8665893271461717
"में प्रवेश किया ।",374,0.5558035714285714
"के लिए किया जा",374,0.17543447627994363
"लोग हैं । </s>",374,0.9986631016042781
"<s> केंद्र सरकार की",373,0.16202696824706395
"गुरुवार को कहा कि",373,0.9359296482412061
"के लिए काम करने",373,0.19411151641479937
"पर थी । </s>",373,0.9986595174262735
"पूरा हो गया है",373,0.7191119691119691
"में रहती है ।",373,0.7617586912065439
"मिल गया है ।",373,0.7712215320910973
"को सूचना दी गई",373,0.2048954895489549
"कम करने में मदद",373,0.6723826714801444
"नरेंद्र मोदी ने कहा",373,0.19043967280163598
"शामिल थे . </s>",373,0.9986595174262735
"योजना बनाई है ।",373,0.8504566210045662
"रहने की जरूरत है",373,0.9986595174262735
"में किया जा रहा",373,0.6367521367521367
"जाने की वजह से",372,0.9986559139784946
"गयी हैं । </s>",372,0.9986559139784946
"तीन लोगों की मौत",372,0.7771966527196653
"का मामला दर्ज कर",372,0.2827245053272451
"निकाल दिया । </s>",372,0.9986559139784946
"<s> style "" text",372,0.9986559139784946
"बाल - बाल बच",372,0.7612704918032787
"आयोजित की गई थी",372,0.26497860199714696
"जाने की जरूरत है",372,0.7076190476190476
"का पीछा करने उतरी",372,0.8619489559164734
"व्यक्त किया है ।",372,0.8058568329718004
"आते थे । </s>",372,0.9986559139784946
"आसपास के लोगों ने",372,0.40032327586206895
"कहा कि कोविड -",371,0.8656542056074766
"कहा कि प्रधानमंत्री नरेंद्र",371,0.4591078066914498
"प्रस्तुति दी । </s>",371,0.9986522911051213
"छापा मारा । </s>",371,0.9986522911051213
"जीत दर्ज की है",371,0.2171746776084408
"में आ रहे हैं",371,0.8697183098591549
"दी गई है कि",371,0.03175895765472313
"कार्यक्रम आयोजित किया गया",371,0.7592213114754098
"पर रोक लगाने के",371,0.41120976692563815
"अधिकारियों को निर्देश दिए",371,0.5546407185628742
"के एक दिन बाद",371,0.5285306704707561
"बात तो यह है",370,0.92375
"बरामद हुआ । </s>",370,0.9986486486486487
"गया है कि इस",370,0.07452601855586931
"करने का आरोप लगाते",370,0.15293874172185432
"का प्रतीक है ।",370,0.7828389830508474
"<s> इस घटना से",370,0.1207516339869281
"रुपये है . </s>",370,0.9986486486486487
"रवाना हुए । </s>",370,0.9986486486486487
"<s> भारतीय टीम के",370,0.40783664459161145
"रखा था . </s>",370,0.9986486486486487
"में काम कर रही",370,0.20539188438021122
"में भर्ती करवाया गया",370,0.8174778761061947
"हो जाएं । </s>",370,0.9986486486486487
"रख सकते हैं ।",370,0.766597510373444
"से अवगत कराया ।",370,0.566717791411043
"पर शेयर किया है",370,0.6598214285714286
"लोगों से अपील की",370,0.6880819366852886
"देकर सम्मानित किया ।",370,0.493324432576769
"लक्ष्य का पीछा करने",370,0.5013568521031208
"इस नौकरी के लिए",370,0.9986486486486487
"दर्ज कराया । </s>",370,0.9986486486486487
"से बातचीत करते हुए",370,0.9986486486486487
"का काम करता था",370,0.34149722735674676
"को भरने के लिए",369,0.9986449864498645
"शुरू किया गया था",369,0.27727614747930773
"पुलिस के हवाले कर",369,0.8318284424379232
"<s> श्रीनगर । </s>",369,0.9986449864498645
"जुट गई । </s>",369,0.9986449864498645
"नहीं है । '",369,0.010705984892504359
"एसपी ने बताया कि",369,0.9986449864498645
"<s> स्वास्थ्य विभाग ने",369,0.2089002267573696
"पूरी करने के बाद",369,0.5748829953198128
"का फैसला किया था",369,0.0814184710561202
"हुए कहा कि वह",369,0.052165911664779165
"की मौत हुई थी",368,0.1486049332794177
"देखा गया है कि",368,0.35167464114832536
"घटना की जानकारी दी",368,0.2037139689578714
"ध्यान दें । </s>",368,0.998641304347826
"का विरोध करते हुए",368,0.8112582781456954
"सौंपा गया । </s>",368,0.998641304347826
"बढ़ रहा है ।",368,0.839041095890411
"पर काबू पाया ।",368,0.5380673499267935
"<s> इसी कड़ी में",368,0.998641304347826
"अंजाम दिया है ।",368,0.7869379014989293
"के लिए आज का",368,0.735
"बरती जा रही है",368,0.8626760563380281
"आ गया . </s>",368,0.998641304347826
"वर्ष 2018 - 19",367,0.9986376021798365
"पर पहुंच गए हैं",367,0.22293187347931873
"केंद्र की मोदी सरकार",367,0.9986376021798365
"गया हो । </s>",367,0.9986376021798365
"अध्यक्ष डा . </s>",367,0.9986376021798365
"बंद था । </s>",367,0.9986376021798365
"उतारा है । </s>",367,0.9986376021798365
"उतार दिया । </s>",367,0.9986376021798365
"ने अपने ट्वीट में",367,0.9278481012658227
"समझते हैं । </s>",367,0.9986376021798365
"को कहा था कि",367,0.3621541501976285
"यह बात कही ।",367,0.6264957264957265
"जानकारी देते हुए कहा",367,0.29249800478850757
"टीम में शामिल किया",367,0.6232993197278912
"समिति का गठन किया",367,0.8831325301204819
"करोड़ रुपये से अधिक",367,0.5978792822185971
"से जीत दर्ज की",367,0.8254504504504504
"लगा ली । </s>",367,0.9986376021798365
"जांच की मांग की",366,0.706963249516441
"नहीं दिया है ।",366,0.7980349344978166
"आ गया था ।",366,0.774364406779661
"हो चुके हैं और",366,0.08429428044280443
"से इस बारे में",366,0.9986338797814208
"ज्यादा है . </s>",366,0.9986338797814208
"आदेश दिया था ।",366,0.6247863247863248
"योगी ने कहा कि",366,0.9986338797814208
"में किया गया था",366,0.23550257731958762
"अनिवार्य होगा । </s>",366,0.9986338797814208
"बीच - बीच में",366,0.9986338797814208
"से मांग की है",366,0.558868501529052
"आम आदमी पार्टी की",366,0.11497326203208556
"मौत हुई है .",366,0.2115162037037037
"मदद कर सकता है",366,0.9986338797814208
"वाली हैं . </s>",366,0.9986338797814208
"नहीं रही । </s>",366,0.9986338797814208
"में बताया है कि",366,0.7428861788617886
"सौंपा है । </s>",366,0.9986338797814208
"पर कब्जा कर लिया",366,0.9183417085427136
"का फैसला किया गया",365,0.08053468846663721
"करते रहे हैं ।",365,0.6712707182320442
"का प्रावधान किया गया",365,0.75
"अपनी आने वाली फिल्म",365,0.9986301369863013
"जानकारी मिलने के बाद",365,0.9986301369863013
"घोषणा की है कि",365,0.17112676056338028
"सामना करना पड़ा है",365,0.1728307254623044
"क्षमता है । </s>",365,0.9986301369863013
"वाले लोगों के लिए",365,0.71751968503937
"<s> माता - पिता",365,0.9986301369863013
"जा सका है ।",365,0.8637440758293838
"मामले की जांच में",365,0.08707596751075011
"<s> हिमाचल प्रदेश में",365,0.36706948640483383
"<s> एक तरफ जहां",365,0.7609603340292276
"राय ने बताया कि",365,0.9986301369863013
"अपनी चपेट में ले",365,0.9370179948586118
"को सम्बोधित करते हुए",365,0.9181360201511335
"पेट्रोल - डीजल की",364,0.42023121387283235
"कांग्रेस महासचिव प्रियंका गांधी",364,0.9986263736263736
"<s> आर . </s>",364,0.9986263736263736
"को तैयार हैं ।",364,0.7557172557172557
"के बाद कहा कि",364,0.7652631578947369
"के साथ गिरफ्तार किया",364,0.7127450980392157
"समझा जा सकता है",364,0.9986263736263736
"कम से कम दो",364,0.08040256580402566
"समान है । </s>",364,0.9986263736263736
"आदेश दिए । </s>",364,0.9986263736263736
"को खारिज करते हुए",364,0.9368556701030928
"इस्तेमाल करते हैं ।",364,0.6171477079796265
"ने संवाददाताओं से कहा",364,0.8909313725490197
"घोषित कर दिया है",364,0.12630298818624044
"साल की शुरुआत में",364,0.920253164556962
"शुरू हो गए हैं",364,0.5034626038781164
"<s> ऐसे में यह",364,0.03281278209063008
"देने के साथ ही",363,0.7192460317460317
"में पाया गया कि",363,0.524602026049204
"की सुरक्षा को लेकर",363,0.7093933463796478
"हटा दिया गया है",363,0.46237244897959184
"कहा कि इस मामले",363,0.13020833333333334
"सूत्रों के हवाले से",363,0.9986225895316805
"की शूटिंग के दौरान",363,0.5120056497175142
"लिए हैं . </s>",363,0.9986225895316805
"सुप्रीम कोर्ट के आदेश",363,0.2592989985693848
"संपन्न हुई । </s>",363,0.9986225895316805
"करना चाहता है ।",363,0.6112984822934233
"की एक अदालत ने",363,0.8201357466063348
"कार्य किया । </s>",363,0.9986225895316805
"का ऐलान किया था",363,0.2060830017055145
"करने के लिए सरकार",363,0.011459551733948725
"पर वायरल हो रहा",363,0.36764705882352944
"खान ने कहा कि",363,0.7680084745762712
"ऐसा नहीं है ।",363,0.31966490299823636
"की खबर के मुताबिक",362,0.48588709677419356
"<s> सुबह से ही",362,0.7060546875
"के संबंध में जानकारी",362,0.1583442838370565
"चला रहे हैं ।",362,0.7407786885245902
"पूरा होने के बाद",362,0.9341085271317829
"तारीफ की । </s>",362,0.9986187845303868
"अपने बयान में कहा",362,0.8546099290780141
"दिखाई देता है ।",362,0.7347560975609756
"अपनी मांगों को लेकर",362,0.9986187845303868
"में हुआ है ।",362,0.8387470997679815
"नाराजगी जताई । </s>",362,0.9986187845303868
"में हुई बैठक में",362,0.8860294117647058
"<s> जानकारी के लिए",362,0.05004152823920266
"ने कहा कि इन",362,0.005845919984475565
"आरोप लगाया है .",362,0.1063235294117647
"- तफरी मच गई",362,0.9151898734177215
"प्रतिबद्ध है । </s>",362,0.9986187845303868
"मात दी । </s>",362,0.9986187845303868
"एक यूजर ने लिखा",362,0.8087248322147651
"से बातचीत के दौरान",362,0.759453781512605
"बारे में बताया गया",362,0.19300587293112653
"एक रिपोर्ट के अनुसार",362,0.427810650887574
"गए है . </s>",362,0.9986187845303868
"के कुछ हिस्सों में",362,0.7997787610619469
"<s> पीएम ने कहा",362,0.9986187845303868
"<s> विश्व स्वास्थ्य संगठन",362,0.9986187845303868
"G आईसीआईसीआई प्रू एफएमपी",362,0.9986187845303868
"पाया था । </s>",361,0.9986149584487535
"<s> witter . c",361,0.9986149584487535
"witter . c </s>",361,0.9986149584487535
"में कोरोना संक्रमण की",361,0.25192173305380855
"से टकरा गई ।",361,0.8792682926829268
"सके हैं । </s>",361,0.9986149584487535
"का मौका मिला ।",361,0.43909866017052374
"पाया है . </s>",361,0.9986149584487535
"को देखा । </s>",361,0.9986149584487535
"आ चुका है ।",361,0.6906130268199234
"में होंगे । </s>",361,0.9986149584487535
"को निर्देश दिया कि",361,0.38721804511278196
"से कहा कि वह",361,0.19226666666666667
"आ गया है .",361,0.15243128964059197
"इस्तीफा दे दिया था",361,0.3024328859060403
"कर देगी । </s>",361,0.9986149584487535
"खिलाड़ी हैं । </s>",361,0.9986149584487535
"को जन्म दिया ।",361,0.38514957264957267
"की ओर से कहा",361,0.022070527733561895
"<s> कार्यक्रम का संचालन",361,0.5106232294617564
"खरीदा जा सकता है",361,0.9986149584487535
"भी थी । </s>",361,0.9986149584487535
"के रहने वाले थे",361,0.24913614374568072
"इस्तेमाल कर रहे हैं",361,0.8728813559322034
"करने की तैयारी में",361,0.30091819699499167
"यूटीआई एफटीआईएफ सीरीज -",361,0.9412532637075718
"दर्ज की गई थी",360,0.10450581395348837
"जागरूक करने के लिए",360,0.8133484162895928
"मामले सामने आ चुके",360,0.48778833107191316
"पता नहीं चला ।",360,0.5961857379767828
"मोदी के नेतृत्व में",360,0.7866520787746171
"के मुख्यमंत्री शिवराज सिंह",360,0.9986111111111111
"कर सकते है .",360,0.2393475366178429
"बात की जानकारी दी",360,0.5661417322834645
"कर किया । </s>",360,0.9986111111111111
"कहा कि प्रदेश सरकार",360,0.2664936990363232
"देना नहीं है ।",360,0.6980582524271844
"आवेदन करने की अंतिम",360,0.8264367816091954
"आग के हवाले कर",360,0.9410994764397905
"खबर है . </s>",360,0.9986111111111111
"कर दी थी .",360,0.1706217370669198
"किया है कि वह",360,0.16157303370786516
"ने कहा कि हमारे",360,0.005813577411947346
"को मौत के घाट",360,0.9337662337662338
"पुरस्कार से सम्मानित किया",359,0.9986072423398329
"साबित करने के लिए",359,0.9986072423398329
"करने वाला है ।",359,0.7611464968152867
"से गिरफ्तार किया गया",359,0.40784982935153585
"से अपील की कि",359,0.3015138772077376
"चुने गए । </s>",359,0.9986072423398329
"सीएम योगी आदित्यनाथ ने",359,0.5490045941807045
"हो जायेगा । </s>",359,0.9986072423398329
"होने वाला है .",359,0.2320388349514563
"प्रस्तावित है । </s>",359,0.9986072423398329
"हासिल की थी ।",359,0.6907514450867052
"रन बनाए हैं ।",359,0.5726837060702875
"वक्ताओं ने कहा कि",359,0.9986072423398329
"बरामद किया गया है",359,0.4178321678321678
"<s> चुनाव आयोग ने",359,0.5279823269513991
"लगते हैं . </s>",359,0.9986072423398329
"ने अलग - अलग",359,0.9986072423398329
"हो गए है ।",359,0.7453222453222453
"नहीं सकता । </s>",359,0.9986072423398329
"लगा सकते हैं ।",359,0.5584112149532711
"इन पदों के लिए",358,0.9986033519553073
"भी होगी । </s>",358,0.9986033519553073
"जुट गए । </s>",358,0.9986033519553073
"की सजा सुनाई गई",358,0.2496508379888268
"चाहता है . </s>",358,0.9986033519553073
"और ऑस्ट्रेलिया के बीच",358,0.9050632911392406
"पिछले काफी समय से",358,0.9986033519553073
"गये थे . </s>",357,0.9985994397759104
"छोड़ दिया है ।",357,0.7290388548057259
"देने से इनकार कर",357,0.7869757174392936
"में आ गई है",357,0.34477756286266925
"मांग की जा रही",357,0.9211886304909561
"से प्राप्त जानकारी के",357,0.9094387755102041
"उठाया था । </s>",357,0.9985994397759104
"अहम है । </s>",357,0.9985994397759104
"शुरू कर दी थी",357,0.04415407480802576
"अलग - अलग तरह",357,0.061592950932964755
"कोरोना वायरस को लेकर",357,0.6146551724137931
"ले रही हैं ।",356,0.8079545454545455
"pic . t </s>",356,0.9985955056179775
"हो गये . </s>",356,0.9985955056179775
"का दिन आपके लिए",356,0.9985955056179775
"सिलसिला जारी है ।",356,0.8172413793103448
"दिखाई दे रही हैं",356,0.35093780848963474
"बदल गया । </s>",356,0.9985955056179775
"हो सकता है और",356,0.02743690669136374
"का सहयोग मिलेगा ।",356,0.9138817480719794
"आक्रोश है । </s>",356,0.9985955056179775
"प्रदेश कांग्रेस कमेटी के",356,0.8061224489795918
"कहा कि भारत में",356,0.2267219387755102
"के बारे में सोच",356,0.012375548283784725
"जा सकता था ।",355,0.7324380165289256
"शारीरिक दूरी का पालन",355,0.7984234234234234
"प्राप्त होता है ।",355,0.8460620525059666
"वर्ष 2021 - 22",355,0.9985915492957746
"बताई गई है ।",355,0.8974683544303798
"कर रहे थे और",355,0.04387919296942691
"लिए गए थे ।",355,0.8929471032745592
"के साथ मनाया गया",355,0.5387537993920972
"मिल रही हैं ।",355,0.8225058004640371
"जानकारी दी है कि",355,0.26754716981132076
"बात की है ।",355,0.46767810026385226
"संकल्प लिया । </s>",355,0.9985915492957746
"को अच्छी तरह से",355,0.9428191489361702
"कर सकते हैं कि",355,0.01891473695443389
"<s> दुनिया भर में",355,0.6613805970149254
"में पेश किया ।",355,0.19960585585585586
"जाने जाते हैं ।",355,0.6883495145631068
"में बड़ी संख्या में",354,0.998587570621469
"<s> इसके लिए आपको",354,0.059312080536912754
"कोई फर्क नहीं पड़ता",354,0.7258726899383984
"पेट्रोल - डीजल के",354,0.40867052023121386
"गर्व है । </s>",354,0.9302631578947368
"कम हो जाता है",354,0.998587570621469
"सौंपा गया है ।",354,0.8706896551724138
"का पालन करने के",354,0.32853159851301117
"के लिए आते हैं",354,0.824009324009324
"दे रहा था ।",354,0.8089244851258581
"<s> विशेष रूप से",354,0.998587570621469
"इस बात का पता",354,0.11392201095713825
"कर दें . </s>",354,0.998587570621469
"दक्षिण अफ्रीका के खिलाफ",354,0.5064469914040115
"शांत कराया । </s>",354,0.998587570621469
"कि जम्मू - कश्मीर",354,0.998587570621469
"करनी चाहिए . </s>",354,0.998587570621469
"अस्पताल रेफर कर दिया",354,0.998587570621469
"में आयोजित किया गया",354,0.6011904761904762
"जारी किया जाएगा ।",354,0.7997737556561086
"घायल हो गई ।",354,0.7926008968609866
"करने का प्रयास कर",353,0.18030690537084398
"<s> पुलिस मामले की",353,0.9155844155844156
"की होती है ।",353,0.6871345029239766
"के लिए पुलिस ने",353,0.30335628227194494
"लाया गया है ।",353,0.8122119815668203
"में कोई कसर नहीं",353,0.9132124352331606
"व्यवस्था नहीं है ।",353,0.9227748691099477
"रहा है । '",353,0.0038092459314011543
"रहे हैं ।",353,0.660070771797622
"मिल पा रही है",353,0.7730263157894737
"नहीं किया जा सका",353,0.10913312693498452
"निर्णय लिया गया कि",353,0.18264248704663213
"न करें . </s>",353,0.9985835694050992
"नहीं जा सकता ।",353,0.46875
"बढ़ती जा रही है",353,0.8746898263027295
"<s> कंपनी ने कहा",353,0.2489406779661017
"का लक्ष्य रखा है",353,0.3557013118062563
"योजना बना रहे हैं",353,0.8197674418604651
"शुरू किया . </s>",353,0.9985835694050992
"की शिकायत के बाद",353,0.7313278008298755
"फिक्स्ड टर्म प्लान -",353,0.8834586466165414
"करने में मदद मिलेगी",352,0.15382932166301969
"<s> पश्चिम बंगाल के",352,0.22780298120544393
"घुस गया । </s>",352,0.9985795454545454
"कार्रवाई की जाए ।",352,0.9423592493297587
"बताया गया था कि",352,0.647329650092081
"ने बताया कि रविवार",352,0.0074598357350538
"मैचों की टेस्ट सीरीज",352,0.9323607427055703
"बैठक आयोजित की गई",352,0.7970521541950113
"<s> भोपाल . </s>",352,0.9985795454545454
"दिख रहा है .",352,0.18627450980392157
"आउट हो गए ।",352,0.6333333333333333
"देकर सम्मानित किया गया",352,0.46929238985313754
"बात की . </s>",352,0.9985795454545454
"लिए जाने जाते हैं",352,0.8212616822429907
"के मुख्य कार्यकारी अधिकारी",352,0.9985795454545454
"से हटा दिया गया",352,0.4801912568306011
"को सौंप दिया गया",351,0.2742566510172144
"जवान शहीद हो गए",351,0.8266509433962265
"चेतावनी दी है कि",351,0.4005714285714286
"लगाया जाता है ।",351,0.6688931297709924
"कराने का निर्देश दिया",351,0.9985754985754985
"मौत हो चुकी थी",351,0.1327651515151515
"नहीं हुआ है .",351,0.14201782820097245
"घायल हो गए .",351,0.07299042065805914
"उनके माता - पिता",351,0.9985754985754985
"शुरू किया जाएगा ।",351,0.8987179487179487
"कुछ भी नहीं है",351,0.370507399577167
"वापस लेने की मांग",351,0.7876404494382022
"का मतलब है कि",351,0.9985754985754985
"<s> पश्चिम बंगाल की",351,0.22715489306545691
"करती थीं । </s>",351,0.9985754985754985
"में आग लगा दी",351,0.9985754985754985
"<s> कोरोना वायरस की",351,0.1114113159567705
"लेनी चाहिए । </s>",350,0.9985714285714286
"के अंतर्गत आने वाले",350,0.7801339285714286
"जुटी हुई है ।",350,0.7766666666666666
"निभाई है । </s>",350,0.9985714285714286
"से ज्यादा लोगों की",350,0.346039603960396
"ले सकते हैं .",350,0.1875
"का उल्लेख करते हुए",350,0.9369973190348525
"नहीं जाएगा । </s>",350,0.9985714285714286
"को दिए इंटरव्यू में",350,0.9985714285714286
"<s> पटना . </s>",350,0.9985714285714286
"सूत्र बताते हैं कि",350,0.9985714285714286
"बयान जारी कर कहा",350,0.8825757575757576
"के लिए बहुत ही",350,0.1842382709541381
"ऐसा करने के लिए",350,0.8462469733656174
"दी गयी है .",350,0.3233117483811286
"ने बताया कि शनिवार",350,0.0074173900125214885
"पर कारोबार कर रहा",350,0.8242924528301887
"टर्म प्लान - सीरीज",350,0.9985714285714286
"में जुट गए हैं",349,0.507278020378457
"शुरू हुआ था ।",349,0.7275574112734864
"अब तक की सबसे",349,0.6887351778656127
"लोगों की मदद से",349,0.361139896373057
"में नजर आएंगे ।",349,0.7642543859649122
"डीजल की कीमतों में",349,0.9343163538873994
"में सनसनी फैल गई",349,0.9268617021276596
"भी शामिल हैं .",349,0.19925671812464266
"जा रहे थे .",349,0.11137743688079259
"को इस बात का",349,0.3423379174852652
"नाम किया । </s>",349,0.998567335243553
"को पता चला कि",349,0.6501865671641791
"नहीं दिख रहा है",349,0.7693156732891833
"से अलग - अलग",349,0.8845177664974619
"इस फिल्म के लिए",349,0.460978835978836
"इनकार कर दिया था",349,0.1821745948771563
"<s> साथ ही साथ",349,0.0400390625
"देने की जरूरत है",349,0.8161592505854801
"दी जाती है .",349,0.1405241935483871
"सलाह दी है ।",349,0.5906779661016949
"की बात आती है",349,0.998567335243553
"है कि कोई भी",349,0.9028497409326425
"<s> इसके लिए उन्होंने",349,0.05847315436241611
"देते हुए कहा है",349,0.11011058451816745
"<s> मौके पर पहुंचे",348,0.18652710681696189
"जुट गए हैं ।",348,0.895618556701031
"इजाफा हो रहा है",348,0.9985632183908046
"शुरुआत की है ।",348,0.7473118279569892
"कहा है कि यह",348,0.03981439046746105
"बारे में पता चला",348,0.3716577540106952
"प्रदेश के पूर्व मुख्यमंत्री",348,0.8313397129186603
"पेश किया जाएगा ।",348,0.8254156769596199
"केंद्र सरकार की ओर",348,0.48737727910238426
"बरामद किया गया ।",348,0.40501165501165504
"लश्कर - - तैयबा",348,0.9985632183908046
"कही है . </s>",348,0.9985632183908046
"<s> देहरादून । </s>",348,0.9985632183908046
"था . . .",348,0.6447124304267161
"सरकार पर निशाना साधा",348,0.5840336134453782
"में किसी भी प्रकार",348,0.36850477200424175
"बढ़ गई । </s>",348,0.9985632183908046
"दिए जाने के बाद",348,0.594017094017094
"की गिरफ्तारी के बाद",348,0.3748651564185545
"के पद पर कार्यरत",348,0.24317704688593422
"हमला बोल दिया ।",348,0.7425213675213675
"के अध्यक्ष डॉ .",347,0.9985590778097982
"बराबर है । </s>",347,0.9985590778097982
"पुलिस मौके पर पहुंच",347,0.23038563829787234
"में इलाज के लिए",347,0.444801026957638
"कर रही थी .",347,0.15434298440979954
"में मदद करने के",347,0.7467672413793104
"मुख्यमंत्री त्रिवेंद्र सिंह रावत",347,0.9985590778097982
"या नहीं ? </s>",347,0.9985590778097982
"पूछा गया कि क्या",347,0.6847826086956522
"दिखाई देगा । </s>",347,0.9985590778097982
"करने के लिए कुछ",347,0.010953750829829608
"ना करें । </s>",347,0.9985590778097982
"सकता हूं । </s>",346,0.928763440860215
"की दूरी पर स्थित",346,0.5627035830618893
"<s> पीठ ने कहा",346,0.94141689373297
"अलग - अलग जगहों",346,0.059692467173462334
"बैठक का आयोजन किया",346,0.9363143631436315
"जरूरी होता है ।",346,0.7494577006507592
"ने बताया कि मंगलवार",346,0.007332498567456864
"से एक है .",346,0.14450020911752404
"ने कहा कि वो",346,0.0055871794042498145
"उदाहरण है । </s>",346,0.9985549132947977
"लोगों को जागरूक करने",346,0.4055164319248826
"भी जारी रहा ।",346,0.94141689373297
"के आंकड़ों के अनुसार",346,0.5156716417910447
"ओर से कहा गया",346,0.9985549132947977
"काम करता है .",346,0.16788143828960156
"कहना है कि उन्हें",346,0.022930908608216633
"जीत हासिल की है",345,0.27233201581027666
"पाई थी । </s>",345,0.9985507246376811
"<s> इस तस्वीर में",345,0.5629084967320261
"अमेरिका के राष्ट्रपति डोनाल्ड",345,0.6475563909774437
"पूरी तरह से तैयार",345,0.08451913640824338
"जारी कर दी गई",345,0.2615793470007593
"के पहले सप्ताह में",345,0.8144208037825059
"की तैयारी की जा",345,0.5259541984732824
"पर विचार कर रही",345,0.41456077015643805
"से होती है ।",345,0.7298728813559322
"कंपनी की ओर से",345,0.9985507246376811
"<s> मुख्यमंत्री शिवराज सिंह",345,0.9985507246376811
"की कमी नहीं है",345,0.629798903107861
"को बधाई दी ।",345,0.5180451127819549
"<s> पुलिस ने दोनों",345,0.030406001765225066
"बन गया है .",345,0.1830499468650372
"मामले सामने आ रहे",345,0.46743554952510175
"विरोध किया है ।",345,0.8125
"कर लिया है और",345,0.0484392575928009
"हिस्सा लेंगे । </s>",345,0.9985507246376811
"चयन किया गया है",344,0.5715474209650583
"लाया जाएगा । </s>",344,0.998546511627907
"लिए जाएंगे । </s>",344,0.998546511627907
"सिविल सर्जन डॉ .",344,0.998546511627907
"लग गया है ।",344,0.8460591133004927
"एक - दूसरे पर",344,0.08839423571796191
"दिखाई दी । </s>",344,0.998546511627907
"पुलिस अधिकारी ने बताया",344,0.6775147928994083
"भी करेंगे । </s>",344,0.998546511627907
"पूरे मामले की जांच",344,0.6361111111111111
"द्वारा की जा रही",344,0.998546511627907
"निर्धारित की गई है",344,0.7292993630573248
"को तैनात किया गया",344,0.726215644820296
"गांव के लोगों ने",344,0.38682432432432434
"है कि जल्द ही",344,0.8063380281690141
"कदम उठाया है ।",344,0.7914746543778802
"संक्रमित हो चुके हैं",344,0.998546511627907
"सभा को संबोधित करते",344,0.5640394088669951
"से बढ़ रहा है",344,0.998546511627907
"तक पहुंचाने के लिए",344,0.998546511627907
"इस योजना का लाभ",344,0.7067901234567902
"भी कहते हैं ।",344,0.6567877629063098
"के पास बिक्री के",344,0.998546511627907
"पास बिक्री के लिए",344,0.998546511627907
"कोविड - 19 संक्रमण",343,0.032424500615355484
"पूरी की । </s>",343,0.9985422740524781
"अपनी टीम के साथ",343,0.7855504587155964
"की सलाह दी गई",343,0.16913580246913582
"भारतीय कप्तान विराट कोहली",343,0.9985422740524781
"को सूचना मिली कि",343,0.5066568047337278
"लोक निर्माण विभाग के",343,0.43136020151133503
"बनाए जाएंगे । </s>",343,0.9985422740524781
"ने गिरफ्तार किया है",343,0.6548757170172084
"पूरी तरह से बंद",343,0.08402845927379785
"<s> सरकार की ओर",343,0.49927113702623904
"तहरीर के आधार पर",343,0.9985422740524781
"में आयोजित की गई",343,0.5746644295302014
"ने बताया कि मामले",343,0.007268829983658397
"के खिलाफ जमकर नारेबाजी",343,0.9332425068119891
"<s> वित्त मंत्री ने",343,0.3987194412107101
"फैलने से रोकने के",343,0.9036939313984169
"शुरू कर सकते हैं",343,0.9332425068119891
"उपलब्ध होगा । </s>",343,0.9985422740524781
"इस बारे में बात",343,0.11359867330016583
"अस्पताल में भर्ती करवाया",343,0.061160714285714284
"से मुलाकात की और",343,0.1687192118226601
"करने लगे हैं ।",343,0.8039906103286385
"किए जाने की मांग",343,0.21540880503144655
"दिखाई है । </s>",343,0.9985422740524781
"आधार पर पुलिस ने",343,0.9985422740524781
"<s> बैठक के बाद",343,0.46283783783783783
"की वजह से ही",342,0.03825901859735604
"जा रहे हैं कि",342,0.027950564740546736
"मृत्यु हो गई ।",342,0.5589198036006546
"भी की गई ।",342,0.45777479892761397
"जाहिर की है ।",342,0.7265957446808511
"का नाम रोशन किया",342,0.6164259927797834
"का विरोध किया ।",342,0.3049107142857143
"साबित हो रही है",342,0.8847150259067358
"कर रहे है .",342,0.20159386068476978
"पर बात करते हुए",342,0.891644908616188
"बारे में जानकारी ली",342,0.12436270939548434
"ही थे । </s>",342,0.9985380116959064
"चुनाव लड़ रहे हैं",342,0.940771349862259
"जमा करने के लिए",342,0.7505494505494505
"पीएम ने कहा कि",342,0.9330601092896175
"सरकार बनने के बाद",342,0.9985380116959064
"योगदान है । </s>",342,0.9985380116959064
"D आईसीआईसीआई प्रू एफएमपी",342,0.9985380116959064
"जान बचाने के लिए",341,0.998533724340176
"मौसम विभाग के मुताबिक",341,0.2963446475195822
"प्रधानमंत्री नरेंद्र मोदी का",341,0.0365892972275951
"मुख्यमंत्री अशोक गहलोत ने",341,0.6157323688969258
"ने एक - दूसरे",341,0.5609555189456342
"रहें हैं । </s>",341,0.998533724340176
"<s> मुद्रा कनवर्ट करें",341,0.998533724340176
"के लिए अस्पताल में",341,0.5840480274442539
"में रह रहे हैं",341,0.4188191881918819
"कोरोना वायरस की वजह",341,0.3118131868131868
"हम जानते हैं कि",341,0.998533724340176
"सुप्रीम कोर्ट ने कहा",341,0.22806430006697923
"होनी थी । </s>",341,0.998533724340176
"का रहने वाला था",341,0.2251984126984127
"आर्थिक रूप से कमजोर",341,0.6934826883910387
"<s> हालांकि बाद में",341,0.998533724340176
"पुलिस को सूचना मिली",341,0.1986581096849475
"- अलग स्थानों पर",341,0.8087885985748219
"सौंपी है । </s>",341,0.998533724340176
"ने बताया कि शुक्रवार",341,0.007226384261126085
"आरोप लगाए हैं ।",341,0.7338362068965517
"आ जाते हैं ।",341,0.6715976331360947
"जाता है कि इस",340,0.1370056497175141
"पदों के लिए आवेदन",340,0.5052083333333334
"को जागरूक करने के",340,0.6454372623574145
"<s> अदालत ने कहा",340,0.5977112676056338
"नजर रखी जा रही",340,0.8638676844783715
"अपने नाम किया ।",340,0.49562043795620436
"तैयार की जा रही",340,0.9985294117647059
"यह नहीं है कि",340,0.9225543478260869
"हमें उम्मीद है कि",340,0.9985294117647059
"सोशल मीडिया के जरिए",340,0.5371835443037974
"मौजूद हैं . </s>",340,0.9985294117647059
"किया हुआ है ।",340,0.7988235294117647
"तैयारी चल रही है",340,0.8341523341523341
"- देना नहीं है",340,0.9077540106951871
"देख सकते हैं .",340,0.1849128540305011
"रुपये से कम हैं",340,0.7680995475113123
"मंत्री अरुण जेटली ने",340,0.6844758064516129
"शादी का झांसा देकर",340,0.9275956284153005
"पत्रकारों से बातचीत में",340,0.5371835443037974
"बढ़ता है । </s>",340,0.9985294117647059
"आयोजन होगा । </s>",339,0.9985250737463127
"को तैयार है ।",339,0.7052083333333333
"जाने की संभावना है",339,0.9985250737463127
"का आदेश दिया गया",339,0.1469184027777778
"करने के लिए यह",339,0.010700850377770051
"भी किया जाता है",339,0.9985250737463127
"में रहा । </s>",339,0.9985250737463127
"<s> आलम यह है",339,0.8724226804123711
"हिरासत में लेकर पूछताछ",339,0.8378712871287128
"नहीं हो पाई ।",339,0.2723250201126307
"का मामला प्रकाश में",339,0.9985250737463127
"संक्रमण को रोकने के",339,0.8931398416886543
"मामलों को देखते हुए",339,0.9985250737463127
"में लंबे समय से",339,0.5917832167832168
"वायरल हो रही हैं",339,0.371978021978022
"पाकिस्तान की ओर से",339,0.9985250737463127
"आयोजित किया गया था",339,0.22506648936170212
"विधानसभा चुनाव को लेकर",339,0.8276283618581907
"याचिका दायर की थी",339,0.3904267589388697
"लगा रहता है ।",339,0.9050802139037433
"मामले को गंभीरता से",339,0.9985250737463127
"ने बताया कि दो",339,0.007183938538593773
"गंभीर रूप से जख्मी",338,0.08900316455696203
"बढ़ गया । </s>",338,0.9985207100591716
"भी किया जा सकता",338,0.43103448275862066
"संदेश दिया । </s>",338,0.9985207100591716
"शामिल होने के बाद",338,0.19307780320366133
"<s> मामले की जानकारी",338,0.219583604424203
"की बात है तो",338,0.13282172373081463
"देने के लिए कहा",338,0.11317907444668009
"प्रक्रिया शुरू कर दी",338,0.9985207100591716
"शाम पांच बजे तक",338,0.7723112128146453
"ही उन्होंने कहा कि",338,0.9985207100591716
"में लॉन्च किया गया",338,0.46745152354570635
"ने बताया कि उसके",338,0.007162715677327618
"आवश्यकता होगी । </s>",338,0.9985207100591716
"जानकारों का कहना है",338,0.9985207100591716
"के विभिन्न हिस्सों में",338,0.6845841784989858
"से पूछताछ की ।",338,0.26743264659271
"बीच खेला गया ।",338,0.9323204419889503
"<s> सुनवाई के दौरान",337,0.8628205128205129
"के लिए आमंत्रित किया",337,0.8695090439276486
"संपन्न हुआ । </s>",337,0.9985163204747775
"को पत्र लिखा है",337,0.5444983818770227
"पहुंच गया है .",337,0.1802356722013926
"की तरह इस बार",337,0.5945229681978799
"महामारी की वजह से",337,0.9985163204747775
"है कि प्रदेश में",337,0.5409967845659164
"कोरोना महामारी के चलते",337,0.2143312101910828
"कप्तान महेंद्र सिंह धोनी",337,0.8370646766169154
"हाल ही में उन्होंने",337,0.050253882915173236
"जाम कर दिया ।",337,0.6938144329896907
"कहना है कि वे",337,0.022333576690781176
"ले सकेंगे । </s>",337,0.9985163204747775
"में हुआ था .",337,0.18746518105849583
"चलाते हैं । </s>",337,0.9985163204747775
"कहानी है । </s>",337,0.9985163204747775
"कहा कि उत्तर प्रदेश",337,0.9347222222222222
"करने का अनुरोध किया",337,0.9244505494505495
"बीआर एफएमपी - सीरीज",337,0.6458733205374281
"दी गई जानकारी के",336,0.889920424403183
"नहीं करेगी । </s>",336,0.9985119047619048
"तरह है । </s>",336,0.9985119047619048
"वितरण किया । </s>",336,0.9985119047619048
"बचे हैं । </s>",336,0.9985119047619048
"<s> आज के दिन",336,0.2807531380753138
"एक से बढ़कर एक",336,0.9985119047619048
"नहीं लगा । </s>",336,0.9985119047619048
"का उपयोग करें ।",336,0.83875
"साथ मनाया गया ।",336,0.9985119047619048
"होने की आशंका है",336,0.4752124645892351
"लड़ रहे हैं ।",336,0.5784482758620689
"घोषणा की है .",336,0.15751173708920188
"है । . .",336,0.7694954128440367
"नजर आएंगे . </s>",336,0.9985119047619048
"कोरोना की तीसरी लहर",336,0.9985119047619048
"जनता पार्टी भाजपा) के",336,0.5083333333333333
"बारी - बारी से",336,0.9985119047619048
"नहीं मिले । </s>",336,0.9985119047619048
"कहा था . </s>",336,0.9985119047619048
"<s> पं . </s>",336,0.9985119047619048
"<s> विदित हो कि",335,0.9985074626865672
"शिकायत के आधार पर",335,0.9985074626865672
"तैयार की है ।",335,0.8404522613065326
"पहुंच चुका है ।",335,0.7319474835886215
"में कही । </s>",335,0.9985074626865672
"है । । </s>",335,0.9985074626865672
"शामिल किया है ।",335,0.8158536585365853
"घोषणा की थी कि",335,0.2543726235741445
"को बनाए रखने के",335,0.5817391304347826
"में देखने को मिला",335,0.3885017421602787
"जारी बयान में कहा",335,0.8872679045092838
"सूत्रों की माने तो",335,0.9985074626865672
"लग जाता है ।",335,0.755079006772009
"लॉन्च किया गया है",335,0.4691444600280505
"के कई जिलों में",335,0.9189560439560439
"करने की मांग को",335,0.1020128087831656
"की भी मांग की",335,0.9065040650406504
"सक्रिय हैं । </s>",335,0.9985074626865672
"के लिए प्रतिबद्ध है",335,0.6983298538622129
"पाए गए थे ।",335,0.825925925925926
"<s> इसके बाद एक",335,0.017215645908389088
"के लिए घर से",335,0.49409158050221563
"ने शव को पोस्टमार्टम",334,0.3510526315789474
"रख दिया है ।",334,0.794047619047619
"लक्ष्य का पीछा करते",334,0.4525101763907734
"आ रहे है ।",334,0.7065677966101694
"जयंती के अवसर पर",334,0.9985029940119761
"के जाने के बाद",334,0.9985029940119761
"<s> भारत के लिए",334,0.23159722222222223
"वीडियो सामने आया है",334,0.8822751322751323
"आ गए थे ।",334,0.7345814977973568
"ले गए थे ।",334,0.9162087912087912
"गुहार लगाई । </s>",334,0.9985029940119761
"ने कहा कि मुख्यमंत्री",334,0.0053931239690805
"वर्ष की आयु में",334,0.5370370370370371
"के आधार पर किया",334,0.065047786229764
"को फैलने से रोकने",334,0.8776315789473684
"की तैनाती की गई",334,0.6245318352059925
"हो जाएंगे . </s>",334,0.9985029940119761
"एक ही दिन में",334,0.9985029940119761
"दिये हैं । </s>",334,0.9985029940119761
"ने बताया कि पहले",334,0.0070778242322629935
"का समर्थन किया है",334,0.4092024539877301
"मिल जाता है ।",334,0.653921568627451
"करने का मौका मिला",334,0.34523809523809523
"बचना चाहिए । </s>",334,0.9985029940119761
"नहीं कर पाए ।",333,0.5045523520485584
"जाएगा । ' </s>",333,0.9984984984984985
"बोलते हुए कहा कि",333,0.9984984984984985
"के लिए सदर अस्पताल",333,0.9984984984984985
"मुख्यमंत्री योगी आदित्यनाथ के",333,0.13521756811712077
"कारण बताओ नोटिस जारी",333,0.9392655367231638
"अंक पर बंद हुआ",333,0.9984984984984985
"- 19 के कारण",333,0.12744346492909162
"इलाज के दौरान मौत",333,0.40998766954377314
"पहली बार नहीं है",333,0.7196969696969697
"को लिखे पत्र में",333,0.9984984984984985
"जख्मी हो गए ।",333,0.753968253968254
"बंद कर दिया था",333,0.10208781086889776
"<s> देश की राजधानी",333,0.2952930728241563
"की कोशिश की लेकिन",333,0.05766562608394034
"रवाना हो गए ।",333,0.6023550724637681
"वाले लोगों की संख्या",333,0.8482142857142857
"शपथ दिलाई । </s>",333,0.9984984984984985
"शेयर करती रहती हैं",333,0.8591731266149871
"के लिए चुना गया",333,0.7104700854700855
"ने हमला कर दिया",333,0.9984984984984985
"भी की थी ।",333,0.7323788546255506
"देने की कोशिश की",333,0.6636726546906188
"काम करें । </s>",333,0.9984984984984985
"मीडिया के माध्यम से",333,0.9984984984984985
"संक्रमित मिले हैं ।",333,0.9287709497206704
"के निर्देश दिये ।",333,0.6045454545454545
"कार्रवाई नहीं की गई",333,0.39489311163895485
"के अधिकारियों ने बताया",333,0.51953125
"की तरफ से जारी",333,0.09190160309563294
"कोशिश करें । </s>",333,0.9984984984984985
"वाली बात यह है",332,0.8588082901554405
"ने कहा कि पुलिस",332,0.005360781396552282
"विरोध प्रदर्शन किया ।",332,0.5656996587030717
"जांच करने के लिए",332,0.5919642857142857
"हो रहे है ।",332,0.854381443298969
"अदालत ने कहा कि",332,0.8065693430656934
"<s> आने वाले दिनों",332,0.4911111111111111
"घटना की जानकारी मिलते",332,0.18375831485587582
"को बताया था कि",332,0.9259776536312849
"का अधिकार है ।",332,0.638728323699422
"कर लेंगे । </s>",332,0.9984939759036144
"में हिस्सा लिया ।",332,0.48394160583941603
"नहीं दे रहे हैं",332,0.7317880794701986
"<s> एसपी ने बताया",332,0.7432735426008968
"पर काबू पाने के",332,0.6005434782608695
"करने लगी । </s>",332,0.9984939759036144
"होने वाली है .",332,0.27172131147540984
"मामले सामने आए ।",332,0.14130434782608695
"के प्रधानमंत्री इमरान खान",332,0.9984939759036144
"विधायक हैं । </s>",332,0.9984939759036144
"ने की थी ।",332,0.78
"स्वास्थ्य विभाग की ओर",332,0.2887630662020906
"ने कहा कि जिस",332,0.005360781396552282
"में पाया जाता है",332,0.9984939759036144
"कि कोरोना वायरस के",332,0.40625
"करने के लिए कोई",331,0.010447949925710492
"निर्देश दिए हैं कि",331,0.17797522886375874
"के मरीजों की संख्या",331,0.9984894259818731
"ने कहा कि मुझे",331,0.005344610110288172
"है जिसकी वजह से",331,0.9984894259818731
"उन्हें लगता है कि",331,0.9984894259818731
"बढ़ सकती है ।",331,0.8324937027707808
"पड़ा था . </s>",331,0.9984894259818731
"मिल सकेगा । </s>",331,0.9984894259818731
"के दर्शन के लिए",331,0.8932432432432432
"चुना है । </s>",331,0.9984894259818731
"वर्ष की उम्र में",331,0.7153679653679653
"आग्रह किया है ।",331,0.515600624024961
"2016 - 17 में",331,0.5630323679727428
"करने के लिए पुलिस",331,0.010447949925710492
"में आया । </s>",331,0.9984894259818731
"मुलाकात की . </s>",331,0.9984894259818731
"उन्होंने दावा किया कि",330,0.8095823095823096
"शुरू कर दिए हैं",330,0.42461340206185566
"कहना है कि उनके",330,0.02186898519944249
"में से किसी एक",330,0.4917910447761194
"में रखा गया था",330,0.19683393070489844
"<s> इस लिस्ट में",330,0.9984848484848485
"आदेश जारी किया है",330,0.4576388888888889
"का पालन करें ।",330,0.7752941176470588
"हो रहे थे ।",330,0.7808056872037915
"किये जा रहे हैं",330,0.6951476793248945
"चेतावनी दी । </s>",330,0.9984848484848485
"करते नजर आ रहे",330,0.9984848484848485
"उत्साहित हैं । </s>",330,0.9984848484848485
"की गई है और",330,0.021792328042328044
"मांग की . </s>",330,0.9984848484848485
"ना हो । </s>",330,0.9984848484848485
"<s> इस चुनाव में",330,0.8881401617250674
"अपील करते हुए कहा",330,0.9984848484848485
"नहीं दी गई ।",330,0.32623762376237625
"कहा गया था ।",330,0.2312280701754386
"लॉन्च किया गया था",330,0.46213183730715285
"अलग - अलग हिस्सों",330,0.056928127159640636
"<s> इसके बाद उसने",330,0.016958311888831703
"के वरिष्ठ नेता और",330,0.37917146144994246
"कहा है कि अगर",330,0.037752062328139324
"- 13 सीरिज -",330,0.9984848484848485
"से एक बार फिर",329,0.9412607449856734
"बताया जाता है ।",329,0.11001339584728734
"करने के लिए इस",329,0.010384724812695603
"बात कही . </s>",329,0.9984802431610942
"हमला बोला है ।",329,0.68580375782881
"आरोप में गिरफ्तार किया",329,0.75
"से मिले । </s>",329,0.9984802431610942
"<s> इस फिल्म का",329,0.10366046071315872
"किए है । </s>",329,0.9984802431610942
"बढ़ाया है । </s>",329,0.9984802431610942
"मिल चुकी है ।",329,0.776595744680851
"में होने वाले विधानसभा",329,0.26663961038961037
"भर गया । </s>",329,0.9984802431610942
"चाहिए । "" </s>",329,0.9984802431610942
"की मांग है कि",329,0.7784360189573459
"में काम करते हैं",329,0.48811292719167904
"भारत और इंग्लैंड के",329,0.9984802431610942
"ले रहे हैं .",329,0.17325949367088608
"2014 के लोकसभा चुनाव",329,0.8380102040816326
"कर लें . </s>",329,0.9984802431610942
"खिलाफ है । </s>",329,0.9984802431610942
"पूरी कर ली है",329,0.3008241758241758
"दिख रही हैं ।",329,0.6094619666048238
"सचिव डॉ . </s>",329,0.9984802431610942
"<s> इसके बाद उन्हें",329,0.016906845084920227
"अस्पताल में इलाज के",329,0.47471098265895956
"की तैयारी के लिए",329,0.922752808988764
"की आवश्यकता होगी ।",329,0.8878378378378379
"से शुरू होने वाले",329,0.36703910614525137
"सामने नहीं आया है",329,0.776595744680851
"पूरी खबर सुने नई",329,0.3555194805194805
"भेज दिया था ।",329,0.8358778625954199
"कारोबार कर रहा है",329,0.673155737704918
"कर कहा है कि",328,0.9984756097560976
"के खिलाफ सख्त कार्रवाई",328,0.8228643216080402
"अपने - अपने घरों",328,0.2756734006734007
"ले जाया जा रहा",328,0.8146766169154229
"बढ़ा दिया गया है",328,0.81875
"करना पड़ा है ।",328,0.7229580573951435
"लिए जरूरी है कि",328,0.6396484375
"यह पूरी तरह से",328,0.9984756097560976
"कांग्रेस की ओर से",328,0.9984756097560976
"रह सकती है ।",328,0.8528645833333334
"सामने आ रहा है",328,0.9984756097560976
"<s> बी . </s>",328,0.9984756097560976
"अभिनेता सुशांत सिंह राजपूत",328,0.9984756097560976
"हो रही हैं .",328,0.17741061755146262
"से शुरू होगी ।",328,0.6421568627450981
"करवाया गया है ।",327,0.8547120418848168
"<s> भारत सरकार ने",327,0.3809801633605601
"दे दिया है .",327,0.24113737075332348
"कराई गई थी ।",327,0.9197183098591549
"निवासी है । </s>",327,0.9984709480122325
"ने बताया कि बुधवार",327,0.006929264203399902
"हो जाती है तो",327,0.06321393998063891
"जिम्मेदार है । </s>",327,0.9984709480122325
"मतदान होगा । </s>",327,0.9984709480122325
"पर अलग - अलग",327,0.9984709480122325
"चाहते थे . </s>",326,0.9984662576687117
"घोषित किया है ।",326,0.8410852713178295
"चले जाते हैं ।",326,0.75
"को लागू करने के",326,0.3596685082872928
"नियुक्त किया है ।",326,0.8198992443324937
"को हुआ था ।",326,0.7138157894736842
"तैयार की गई है",326,0.5907441016333939
"में टक्कर मार दी",326,0.9984662576687117
"बात करते हैं ।",326,0.4924357034795764
"तेज कर दी है",326,0.5983455882352942
"कम हो गई है",326,0.65625
"निभाई थी । </s>",326,0.9984662576687117
"पर तंज कसते हुए",326,0.9984662576687117
"अनुरोध किया । </s>",326,0.9984662576687117
"सुनवाई हुई । </s>",326,0.9984662576687117
"गठन किया गया ।",326,0.2916666666666667
"शर्मा का कहना है",326,0.9380403458213257
"हत्या कर दी .",326,0.06746113989637306
"में लगी हुई है",326,0.6881606765327696
"बंद हो गया ।",326,0.40234857849196537
"<s> जिले में अब",326,0.15397350993377484
"के एक प्रवक्ता ने",326,0.9984662576687117
"बढ़ोतरी हुई है ।",326,0.775
"<s> यहां तक की",326,0.15339302544769085
"ने कहा कि अभी",326,0.005263753678967625
"विचार रखे । </s>",326,0.9984662576687117
"जा चुकी है .",326,0.15649038461538461
"करने की योजना बनाई",326,0.2501921598770177
"और इसके साथ ही",326,0.9326647564469914
"ने बताया कि गांव",326,0.006908041342133747
"करोड़ की लागत से",326,0.9984662576687117
"भी किया जा रहा",326,0.4157088122605364
"में रहती हैं ।",326,0.6955128205128205
"के लिए स्थगित कर",325,0.8517060367454068
"चुके थे . </s>",325,0.9984615384615385
"वर्ष 2017 - 18",325,0.9984615384615385
"आज का दिन आपके",325,0.34594882729211085
"उन्होंने कहा कि वे",325,0.012959782738927273
"के साथ काम किया",325,0.14905833716123104
"करीब है । </s>",325,0.9984615384615385
"आरोपियों को गिरफ्तार किया",325,0.40817610062893084
"कार्यक्रम को संबोधित करते",325,0.7671394799054374
"मारे गए थे ।",325,0.66359918200409
"अपने इंस्टाग्राम अकाउंट पर",325,0.7914634146341464
"करना चाहते हैं .",325,0.1251929012345679
"से कम उम्र के",325,0.7476958525345622
"ने बताया कि इन",325,0.006886818480867591
"की तैयारी चल रही",325,0.9984615384615385
"मुकदमा दर्ज किया है",325,0.29366515837104074
"संवाददाता सम्मेलन में कहा",325,0.903899721448468
"बेहतर बनाने के लिए",325,0.9984615384615385
"पर एक बार फिर",325,0.9245014245014245
"फायदेमंद है । </s>",325,0.9984615384615385
"के लिए जानी जाती",325,0.903899721448468
"साल के अंत तक",324,0.6126893939393939
"<s> सूचना पर पुलिस",324,0.2259078212290503
"मंजूरी दी है ।",324,0.8189873417721519
"उत्तर प्रदेश सरकार ने",324,0.38835534213685474
"के कारण लोगों को",324,0.530327868852459
"जुड़ा हुआ है ।",324,0.7352272727272727
"तैयारियां शुरू कर दी",324,0.9984567901234568
"दी हैं . </s>",324,0.9984567901234568
"देखी जा सकती है",324,0.7928921568627451
"<s> उनका मानना है",324,0.804726368159204
"पा रहा था ।",324,0.804726368159204
"अन्य घायल हो गए",324,0.80875
"साबित हुआ । </s>",324,0.9984567901234568
"निलंबित कर दिया है",324,0.29249547920433994
"ने सुप्रीम कोर्ट में",324,0.5031104199066874
"को सौंपा । </s>",324,0.9984567901234568
"में जाने के लिए",324,0.6615541922290389
"कुमार के नेतृत्व में",324,0.9984567901234568
"पेश किया था ।",324,0.8107769423558897
"से गुजर रहा है",323,0.7072368421052632
"कहना है कि उन्होंने",323,0.021404393708103802
"पूर्व अध्यक्ष राहुल गांधी",323,0.9984520123839009
"शुरू हो जाता है",323,0.9347826086956522
"की जांच करने के",323,0.40111940298507465
"से किया । </s>",323,0.9984520123839009
"है कि राज्य में",323,0.4334677419354839
"के राष्ट्रपति डोनाल्ड ट्रंप",323,0.8509234828496042
"और . . .",323,0.9984520123839009
"वर्मा ने कहा कि",323,0.9320809248554913
"यह सुनिश्चित करने के",323,0.591743119266055
"बनाई जाएगी । </s>",323,0.9984520123839009
"में उतार - चढ़ाव",323,0.8185279187817259
"खराब हो गई ।",323,0.43463611859838275
"पत्र में कहा गया",323,0.47149122807017546
"इस्तेमाल किया । </s>",323,0.9984520123839009
"सफल रहा । </s>",323,0.9984520123839009
"का प्रयास किया है",323,0.08484609313338595
"एवं बाल विकास विभाग",323,0.652834008097166
"अस्पताल में भर्ती किया",323,0.05758928571428571
"खेला जा रहा है",323,0.8646112600536193
"तस्वीरें सोशल मीडिया पर",323,0.9984520123839009
"बन जाती है ।",323,0.8002481389578163
"की कोशिश करें ।",323,0.7379862700228833
"अधिक जानकारी के लिए",323,0.9984520123839009
"तैयारियां पूरी कर ली",323,0.9984520123839009
"कराना होगा । </s>",323,0.9984520123839009
"बात कर रहे थे",323,0.19265232974910393
"जा सकें । </s>",322,0.9984472049689441
"मीडिया से बातचीत में",322,0.6574642126789366
"लोगों के मन में",322,0.9984472049689441
"<s> उत्तर प्रदेश सरकार",322,0.052584232908079814
"आधा दर्जन से अधिक",322,0.7691387559808612
"गुहार लगाई है ।",322,0.7938271604938272
"की बैठक के बाद",322,0.6481854838709677
"बुलाया था । </s>",322,0.9984472049689441
"कराया जाता है ।",322,0.7841463414634147
"है कि कोरोना वायरस",322,0.26971476510067116
"की मांग की .",322,0.03068040843591946
"के लिए जिला प्रशासन",322,0.32974358974358975
"<s> जिला प्रशासन ने",322,0.35841694537346713
"लगाई जा रही है",322,0.6135496183206107
"आज के दौर में",322,0.9212034383954155
"जान बचाई । </s>",321,0.9984423676012462
"कि इस संबंध में",321,0.9984423676012462
"इसके साथ - साथ",321,0.9984423676012462
"2019 के लोकसभा चुनाव",321,0.8239074550128535
"<s> सूत्रों से मिली",321,0.7043956043956044
"ने दावा किया था",321,0.1574938574938575
"चली आ रही है",321,0.7170022371364653
"जुड़े हैं । </s>",321,0.9984423676012462
"प्रदान करती है ।",321,0.8829201101928374
"चर्चा में हैं ।",321,0.747086247086247
"का आरोप लगा है",321,0.3875453446191052
"भी हुआ । </s>",321,0.9984423676012462
"को पूछताछ के लिए",321,0.8977591036414566
"का आरोप था कि",321,0.7202247191011236
"<s> इस क्षेत्र में",321,0.633399209486166
"<s> कोरोना की दूसरी",321,0.4644927536231884
"लिए कहा था ।",321,0.7913580246913581
"की स्थापना की गई",321,0.26820083682008367
"चल रहा था .",321,0.1266798418972332
"किया जाता है कि",320,0.02703960731211916
"पेट्रोल और डीजल के",320,0.35658482142857145
"उपलब्ध नहीं है ।",320,0.8753424657534247
"<s> सूचना के बाद",320,0.6062618595825426
"ने पहले बल्लेबाजी करते",320,0.8234536082474226
"माना जाएगा । </s>",320,0.9984375
"में आग लगने से",320,0.4570815450643777
"व्यस्त हैं । </s>",320,0.9984375
"नजर आए . </s>",320,0.9984375
"ने अपनी रिपोर्ट में",320,0.9984375
"नेताजी सुभाष चंद्र बोस",320,0.9984375
"की गिरावट दर्ज की",320,0.9287790697674418
"को बढ़ावा देने के",320,0.7395833333333334
"सिंह राजपूत की मौत",320,0.7717391304347826
"बोल रहे थे ।",320,0.8342036553524804
"कराते हैं । </s>",320,0.9984375
"सकते हो । </s>",320,0.9984375
"<s> जांच के बाद",320,0.35579064587973275
"दे दी . </s>",320,0.9984375
"से अधिक लोगों की",319,0.24863387978142076
"आने के बाद ही",319,0.12189054726368159
"भागने लगे । </s>",319,0.9984326018808778
"तरह इस बार भी",319,0.9984326018808778
"सौंप दिया है ।",319,0.8774104683195593
"जैन ने कहा कि",319,0.9984326018808778
"पहुंच गया था ।",319,0.8125
"नहीं आता । </s>",319,0.9984326018808778
"देनी चाहिए । </s>",319,0.9984326018808778
"क्या होगा ? </s>",319,0.9984326018808778
"<s> पीएम नरेंद्र मोदी",319,0.9984326018808778
"ने कहा कि पार्टी",319,0.005150554675118859
"पति - पत्नी के",319,0.42297476759628155
"पड़ सकती है ।",319,0.8272727272727273
"<s> भारत में कोरोना",319,0.2174061433447099
"<s> रतलाम । </s>",319,0.9984326018808778
"अंदाजा लगाया जा सकता",319,0.7711864406779662
"का समय है ।",319,0.7787286063569682
"यह निर्णय लिया गया",319,0.6908893709327549
"की योजना बना रही",319,0.2993421052631579
"घोषणा की गई है",318,0.4313858695652174
"को घटना की जानकारी",318,0.7134831460674157
"पीठ ने कहा कि",318,0.9123563218390804
"अपने नाम कर लिया",318,0.5923507462686567
"से ज्यादा लोगों को",318,0.31435643564356436
". . . !",318,0.005935799884088318
"जैसा है । </s>",318,0.9984276729559748
"का लक्ष्य है ।",318,0.7762836185819071
"ने आईएएनएस को बताया",318,0.9984276729559748
"कोई जानकारी नहीं है",318,0.44781382228490835
"में आए । </s>",318,0.9984276729559748
"की रहने वाली है",318,0.3527777777777778
"चला गया था ।",318,0.8489304812834224
"ले आई । </s>",318,0.9984276729559748
"चली गई थी ।",318,0.7957393483709273
"में मुख्य रूप से",318,0.9984276729559748
"कर सकेंगे . </s>",318,0.9984276729559748
"के आदेश दिए ।",318,0.19893483709273183
"अखिलेश यादव ने कहा",318,0.6479591836734694
"का आश्वासन दिया है",318,0.23294203961848864
"बढ़ाया जा सकता है",318,0.9984276729559748
"पाए थे । </s>",318,0.9984276729559748
"से कहा कि वे",318,0.16933333333333334
"में किसी प्रकार की",318,0.6769722814498934
"है कि केंद्र सरकार",317,0.7447058823529412
"रोक लगा दी थी",317,0.1728563626433643
"की शुरुआत की गई",317,0.13820960698689957
"ने बताया कि प्रदेश",317,0.006717035590738343
"स्वस्थ हो चुके हैं",317,0.998422712933754
"होना है . </s>",317,0.998422712933754
"<s> खबरों के अनुसार",317,0.4042145593869732
"सवाल उठता है कि",317,0.998422712933754
"टी - 20 सीरीज",317,0.1448512585812357
"सुबह 11 बजे से",317,0.6663157894736842
"स्थिति यह है कि",317,0.998422712933754
"होता हैं । </s>",317,0.998422712933754
"घायल हो गये ।",316,0.6478439425051334
"प्रभावित हुआ है ।",316,0.8458445040214477
"के पूर्व अध्यक्ष राहुल",316,0.6162109375
"जरूरत होगी । </s>",316,0.9984177215189873
"प्राथमिकता के आधार पर",316,0.9984177215189873
"के कल्याण के लिए",316,0.9984177215189873
"खाने - पीने की",316,0.4539568345323741
"सफलता हासिल की है",316,0.6586638830897703
"दोनों पक्षों के बीच",316,0.7907268170426065
"पर काम कर रहा",316,0.20473718364698248
"मानी जा रही है",316,0.8988603988603988
"हो रही है कि",316,0.024529622142746073
"तक आवेदन कर सकते",316,0.9984177215189873
"का संकल्प लिया ।",316,0.5831792975970426
"ने कथित तौर पर",316,0.9984177215189873
"शुरू करने से पहले",316,0.9984177215189873
"से अधिक समय से",316,0.41677675033025097
"प्रधानमंत्री नरेन्द्र मोदी के",316,0.2071569271175312
"के लिए अच्छी खबर",316,0.7458628841607565
"बकाया है । </s>",316,0.9984177215189873
"की तरह है ।",315,0.6621052631578948
"स्थिति के बारे में",315,0.9984126984126984
"आसपास के क्षेत्रों में",315,0.8232984293193717
"तक पहुंच गया ।",315,0.3183198380566802
"प्रधानमंत्री नरेंद्र मोदी पर",315,0.03379540081667741
"हो जाते हैं और",315,0.09145100319860425
"में शामिल हुए थे",315,0.24455676516329705
"महसूस करेंगे । </s>",315,0.9984126984126984
"भारतीय किसान यूनियन के",315,0.7313953488372092
"प्राचार्य डा . </s>",315,0.9984126984126984
"में अवैध रूप से",315,0.9984126984126984
"दिखाई देंगे । </s>",315,0.9984126984126984
"भरा है । </s>",315,0.9984126984126984
"करने लगे . </s>",315,0.9984126984126984
"में कई तरह के",315,0.5626118067978533
"<s> मृतक की पहचान",315,0.5856610800744879
"2021 - 22 के",315,0.4525179856115108
"के पद पर तैनात",315,0.22008397480755773
"में किया । </s>",315,0.9984126984126984
"पड़ता था । </s>",315,0.9984126984126984
"बात करने के लिए",314,0.7393867924528302
"करने के लिए आप",314,0.00991053646508393
"हिस्सा लेने के लिए",314,0.890625
"साबित होगी । </s>",314,0.9984076433121019
"भूमिका है । </s>",314,0.9984076433121019
"पर जान से मारने",314,0.9984076433121019
"आ चुके हैं .",314,0.2154639175257732
"को दी गई है",314,0.23308550185873605
"<s> राज्य सरकार के",314,0.19162591687041564
"कोर्ट के आदेश के",314,0.4034749034749035
"प्रक्रिया चल रही है",314,0.9060693641618497
"की जानकारी दी है",314,0.09616564417177914
"<s> इस लिहाज से",314,0.9984076433121019
"लोगों का मानना है",314,0.9060693641618497
"व्यक्त करते हुए कहा",314,0.93026706231454
"आपको लगता है कि",314,0.9984076433121019
"ने आरोप लगाया था",314,0.11888509670079636
"ने जीत दर्ज की",314,0.9113372093023255
"आसपास के इलाकों में",314,0.868421052631579
"<s> हमारे देश में",314,0.7125
"के साथ हुई थी",314,0.34640883977900555
"नहीं किया था ।",314,0.6905286343612335
"ने बताया कि मृतक",314,0.006653367006939876
"संभावना जताई जा रही",314,0.9984076433121019
"आना चाहिए । </s>",314,0.9984076433121019
"बनाए जा रहे हैं",314,0.9984076433121019
"औचक निरीक्षण किया ।",314,0.890625
"चल रहे हैं .",314,0.1814236111111111
"विरोध जताया । </s>",314,0.9984076433121019
"भारत में कोरोना वायरस",314,0.5490367775831874
"करते हुए लिखा है",314,0.3221993833504625
"में काम करता है",314,0.5926275992438563
"मिल जाती है ।",313,0.6620762711864406
"उन्होंने कहा कि अब",313,0.012480530372618715
"नहीं हो । </s>",313,0.9984025559105432
"उसके माता - पिता",313,0.9984025559105432
"बंद हुए । </s>",313,0.9984025559105432
"के हवाले से बताया",313,0.2512057877813505
"जरूरत थी । </s>",313,0.9984025559105432
"इलाज के लिए अस्पताल",313,0.20847231487658438
"रखी है . </s>",313,0.9984025559105432
"इस बारे में जानकारी",313,0.10364842454394693
"पूरी हो चुकी है",313,0.7134703196347032
"न हो . </s>",313,0.9984025559105432
"तैनात है । </s>",313,0.9984025559105432
"को कहा गया ।",313,0.17002176278563655
"<s> कांग्रेस अध्यक्ष राहुल",313,0.5744485294117647
"में लाने के लिए",313,0.9984025559105432
"पाकिस्तान के प्रधानमंत्री इमरान",313,0.7971938775510204
"नुकसान हो सकता है",313,0.9984025559105432
"कर रही हूं ।",313,0.6764069264069265
"<s> पुलिस ने मामले",313,0.02758164165931156
"पर आरोप लगाते हुए",313,0.9356287425149701
"पूछा गया तो उन्होंने",313,0.8223684210526315
"में आ गई ।",313,0.30222437137330754
"ठहराया है । </s>",313,0.9984025559105432
"ले सकता है ।",313,0.8289124668435013
"करा दिया है ।",313,0.8778089887640449
"सकता है । '",313,0.008684898004557835
"मुश्किल हो रहा है",313,0.777363184079602
"योजना बना रही है",313,0.9356287425149701
"करते हुए लिखा कि",312,0.32014388489208634
"कोरोना संक्रमण के चलते",312,0.18936170212765957
"टी - 20 मैच",312,0.1425629290617849
"का निर्देश दिया था",312,0.08774647887323944
"पुलिस से मिली जानकारी",312,0.9983974358974359
"राय ने कहा कि",312,0.9354354354354354
"कहा गया है .",312,0.037207357859531776
"जान चली गई ।",312,0.5343053173241853
"कमर कस ली है",312,0.9983974358974359
"रहा है कि वह",312,0.04714696533979113
"से हो रही है",312,0.5800744878957169
"कानूनों के विरोध में",312,0.9983974358974359
"भूकंप के झटके महसूस",312,0.9983974358974359
"<s> खास बात ये",312,0.20850066934404285
"<s> न्होंने कहा कि",312,0.9983974358974359
"दोनों टीमों के बीच",312,0.8328877005347594
"<s> इसी के तहत",312,0.10804717308359348
"कि उत्तर प्रदेश में",312,0.4705438066465257
"की सूचना मिली थी",312,0.3918238993710692
"सजा सुनाई । </s>",312,0.9983974358974359
"आयोजन किया जाता है",312,0.9983974358974359
"जिम्मेदारी दी गई है",312,0.7434367541766109
"पुष्टि हुई । </s>",312,0.9983974358974359
"से शुरू होगा ।",312,0.6861233480176211
"बिरला एसएल एफटीपी सीरिज",312,0.9983974358974359
"एफएमपी - सीरिज -",312,0.839622641509434
"करने की अनुमति दी",311,0.2172848145556333
"शुरू कर दी .",311,0.03845677483279663
"को कहा . </s>",311,0.9983922829581994
"शहीद हो गए थे",311,0.445480631276901
"कराता है । </s>",311,0.9983922829581994
"<s> दिल्ली सरकार ने",311,0.46621621621621623
"के छात्रों के लिए",311,0.8044041450777202
"दिख रही है .",311,0.2667525773195876
"कर दिए गए ।",311,0.21850809289232934
"बंद होने के बाद",311,0.40012886597938147
"पर जमकर निशाना साधा",311,0.9983922829581994
"24 घंटे में कोरोना",311,0.4634328358208955
"सिंह ने कहा है",311,0.0667741935483871
"में आने के लिए",311,0.21473029045643152
"<s> पूरे देश में",311,0.7920918367346939
"नहीं मिलता । </s>",311,0.9983922829581994
"का सेवन करने से",311,0.6854304635761589
"करती रहती हैं ।",311,0.6222444889779559
"करने के लिए मजबूर",311,0.009815698795561597
"अच्छी खबर है ।",311,0.7340425531914894
"एचएसबीसी निश्चित अवधि Sr",311,0.9983922829581994
"के लिए रवाना हुए",310,0.16011381272633213
"अब एक बार फिर",310,0.9983870967741936
"फायदेमंद होता है ।",310,0.6955056179775281
"<s> यह पहली बार",310,0.9983870967741936
"से कहा गया कि",310,0.3132591093117409
"<s> कुछ लोगों ने",310,0.3859102244389027
"नहीं हुआ था ।",310,0.6421161825726142
"आ जाएगी । </s>",310,0.9983870967741936
"विवाद चल रहा है",310,0.5468197879858657
"मामला दर्ज कर जांच",310,0.18894993894993894
"प्राप्ति होती है ।",310,0.7718204488778054
"जमकर हंगामा किया ।",310,0.7641975308641975
"को जांच के लिए",310,0.70662100456621
"हासिल कर लिया ।",310,0.5166944908180301
"चुनाव प्रचार के दौरान",310,0.6104536489151874
"के खिलाफ लड़ाई में",310,0.7050113895216401
"समय लगेगा । </s>",310,0.9983870967741936
"को बताया । </s>",310,0.9983870967741936
"की बात कहते हुए",310,0.8433242506811989
"वजह यह है कि",310,0.9983870967741936
"1 - 0 से",310,0.6140873015873016
"कि केंद्र सरकार ने",309,0.3890290037831021
"से जुड़ा है ।",309,0.7011363636363637
"जानकारी मिली है कि",309,0.44970845481049565
"पकड़ा है । </s>",309,0.9983818770226537
"में डाल दिया है",309,0.3393839383938394
"करवाया जा रहा है",309,0.9236526946107785
"करनी पड़ी । </s>",309,0.9983818770226537
"- आज का दिन",309,0.9983818770226537
"हुए है . </s>",309,0.9983818770226537
"ने कहा कि भारतीय",309,0.004988841812477765
"क्षेत्र है । </s>",309,0.9983818770226537
"से मुलाकात की थी",309,0.15197044334975368
"ने . . .",309,0.9983818770226537
"देश के सबसे बड़े",308,0.7481751824817519
"शुरू हो गई हैं",308,0.07927300850734725
"जीत है । </s>",308,0.9983766233766234
"में बंद कर दिया",308,0.8810888252148997
"जम्मू - कश्मीर की",308,0.06495564005069708
"दर्ज होने के बाद",308,0.9983766233766234
"अंजाम दिया था ।",308,0.8711048158640227
"जरूरत नहीं है .",308,0.17541357672561322
"के संपर्क में आए",308,0.19762210796915167
"हो सकती । </s>",308,0.9983766233766234
"रैली निकाली । </s>",308,0.9983766233766234
"को दी शिकायत में",308,0.9983766233766234
"से किया गया ।",308,0.42590027700831024
"को दूर करने में",308,0.15990639625585024
"के मुख्यमंत्री मनोहर लाल",308,0.8686440677966102
"प्रदर्शन किया . </s>",308,0.9983766233766234
"में ले लिया गया",308,0.11795166858457998
"को हुई । </s>",308,0.9983766233766234
"<s> इसके अलावा एक",308,0.04030672434132914
"भर्ती के लिए आवेदन",308,0.3824626865671642
"<s> अगर आप अपने",308,0.167574931880109
"आये थे । </s>",308,0.9983766233766234
"करने वालों के लिए",308,0.3630460448642267
"बारे में बताते हुए",308,0.6670281995661606
"इस पूरे मामले में",307,0.41140939597315435
"आसान नहीं है ।",307,0.7512254901960784
"पसंद आ रहा है",307,0.998371335504886
"विधायक ने कहा कि",307,0.998371335504886
"पिछले कुछ सालों में",307,0.6105577689243028
"<s> एक ओर जहां",307,0.9287878787878788
"होने लगती है ।",307,0.6826280623608018
"नजर आता है ।",307,0.7144522144522144
"<s> प्रदेश सरकार ने",307,0.4467930029154519
"सुविधा मिलेगी । </s>",307,0.998371335504886
"तक रहेगा । </s>",307,0.998371335504886
"भी सोशल मीडिया पर",307,0.8466850828729282
"नेताओं ने कहा कि",307,0.9122023809523809
"ऐलान किया । </s>",307,0.998371335504886
"<s> इस स्थिति में",307,0.7421307506053268
"का औचक निरीक्षण किया",307,0.8585434173669467
"सदस्य के रूप में",307,0.998371335504886
"रखता है . </s>",307,0.998371335504886
"बल दिया । </s>",307,0.998371335504886
"जरुरी है । </s>",307,0.998371335504886
"के खिलाफ है ।",307,0.6903153153153153
"लेना होगा । </s>",307,0.998371335504886
"बिक रहा है ।",307,0.8306233062330624
"में सामने आया कि",307,0.2888784165881244
"कहा था कि अगर",307,0.06105577689243028
"प्रयोग करें । </s>",307,0.998371335504886
"आश्वासन दिया है ।",307,0.6507430997876857
"लिए जा रहे हैं",307,0.652127659574468
"पिछले कुछ दिनों में",307,0.2390795631825273
"के बाद एक बार",307,0.31243628950050967
"मना कर दिया था",306,0.17467124070897655
"में आया था ।",306,0.7308612440191388
"लिखा गया है ।",306,0.4707241910631741
"जूझ रहा है ।",306,0.736144578313253
"मुख्यमंत्री कैप्टन अमरिंदर सिंह",306,0.9983660130718954
"कोरोना संक्रमित पाए गए",306,0.8256756756756757
"नहीं दे रहा है",306,0.6927437641723356
"भी नहीं । </s>",306,0.9983660130718954
"का जायजा लेने के",306,0.8439226519337016
"को लेकर सुर्खियों में",306,0.9983660130718954
"ने बताया कि राज्य",306,0.006483584116810629
"आये हैं । </s>",306,0.9983660130718954
"रैली को संबोधित करते",306,0.5626151012891344
"ने बताया कि उसने",306,0.006483584116810629
"2 - 0 से",306,0.7222222222222222
"करने के लिए सबसे",306,0.009657636013024374
"सरकार बनाने के लिए",306,0.8629943502824858
"<s> वो कहते हैं",306,0.9983660130718954
"काफी एक्टिव रहती हैं",306,0.8581460674157303
"होने वाले हैं ।",306,0.6670305676855895
"की पुष्टि हुई ।",306,0.20530913978494625
"मतदान हुआ । </s>",305,0.9983606557377049
"खतरे को देखते हुए",305,0.9983606557377049
"की भर्ती के लिए",305,0.9983606557377049
"कर दी गयी है",305,0.453125
"का आदेश जारी किया",305,0.6889140271493213
"बेहतर इलाज के लिए",305,0.9983606557377049
"में एक दिन में",305,0.6633986928104575
"बुला लिया । </s>",305,0.9983606557377049
"प्रयास कर रहा है",305,0.7267303102625299
"इंतजाम किए गए हैं",305,0.7064965197215777
"अध्यक्ष पद के लिए",305,0.7728426395939086
"गईं हैं । </s>",305,0.9983606557377049
"नजर आने वाली हैं",305,0.7574626865671642
"पर सवाल उठाते हुए",305,0.8982300884955752
"कृषि कानूनों के विरोध",305,0.34445701357466063
"काम कर सकते हैं",305,0.9283536585365854
"संपर्क किया । </s>",305,0.9983606557377049
"कर दिया जाए ।",305,0.6633986928104575
"से शादी कर ली",305,0.9983606557377049
"प्रदान किया गया ।",305,0.5867052023121387
"उन्होंने कहा कि एक",305,0.012161028795079677
"बुलाया गया है ।",305,0.8274456521739131
"इस साल के अंत",305,0.5970588235294118
"है कि सरकार ने",305,0.334983498349835
"मुख्यमंत्री भूपेश बघेल ने",304,0.6094377510040161
"सुधार होगा । </s>",304,0.9983552631578947
"दुनिया की सबसे बड़ी",304,0.4863782051282051
"बैटरी दी गई है",304,0.9983552631578947
"- 20 विश्व कप",304,0.9983552631578947
"को अंजाम दिया था",304,0.14804878048780487
"लागू है । </s>",304,0.9983552631578947
"माता - पिता का",304,0.08900293255131965
"शामिल होंगे . </s>",304,0.9983552631578947
"भी हो सकते हैं",304,0.9253048780487805
"नहीं हो सकती ।",304,0.4764521193092622
"लिए भेज दिया गया",304,0.2063222297756628
"नजर नहीं आ रहा",304,0.4662058371735791
"में अधिक से अधिक",304,0.9983552631578947
"की ओर जा रही",304,0.3579009433962264
"दिवस मनाया गया ।",304,0.9309815950920245
"दिख रहा है कि",304,0.16083730789613143
"करते रहेंगे । </s>",304,0.9983552631578947
"प्राथमिकता है । </s>",304,0.9983552631578947
"करने के लिए ।",304,0.009594410900009483
"का फैसला लिया ।",304,0.16712555066079296
"पटेल ने कहा कि",304,0.9253048780487805
"की ओर जा रहे",304,0.3579009433962264
"ने ये भी कहा",304,0.75875
"शुभ माना जाता है",304,0.9983552631578947
"समय लगता है ।",304,0.772264631043257
"एचडीएफसी एफएमपी 370 दिन",304,0.7158018867924528
"पिछले कई सालों से",303,0.9279141104294478
"की जरूरत होगी ।",303,0.7396088019559902
"में सुधार के लिए",303,0.7600502512562815
"लिखा है . </s>",303,0.9222560975609756
"खाते हैं । </s>",303,0.9983498349834984
"खिलाफ कार्रवाई की मांग",303,0.36401925391095064
"हादसा हो गया ।",303,0.7271634615384616
"को इसकी जानकारी दी",303,0.716824644549763
"का पता चला ।",303,0.35926365795724463
"लोगों की जान चली",303,0.2271021021021021
"की मृत्यु हो गई",303,0.5581180811808119
"दर्ज कराई गई है",303,0.5135823429541596
"<s> बैठक की अध्यक्षता",303,0.9983498349834984
"को एक - एक",303,0.6328451882845189
"<s> इसके बारे में",303,0.9983498349834984
"के आदेश दिए गए",303,0.18953634085213034
"सिंह चौहान ने कहा",303,0.5862403100775194
"सूचना मिली थी ।",303,0.30432595573440646
"करना जरूरी है ।",303,0.7898172323759791
"शादी कर ली ।",303,0.40878378378378377
"जांच कर रहे हैं",303,0.8023872679045093
"की जांच के बाद",303,0.1323851203501094
"शुरू हो जाती है",303,0.8333333333333334
"नहीं लगी । </s>",303,0.9983498349834984
"में अब तक कुल",303,0.16512008733624453
"जारी रखा । </s>",303,0.9983498349834984
"मुख्यमंत्री अखिलेश यादव ने",303,0.5401785714285714
"दायर की थी ।",303,0.8175675675675675
"के हैं . </s>",303,0.9983498349834984
"में याचिका दायर की",302,0.6729910714285714
"करते है . </s>",302,0.9983443708609272
"काम कर रहा था",302,0.20262096774193547
"पर पता चला कि",302,0.9983443708609272
"इलाज चल रहा था",302,0.2176895306859206
"के सामने आने के",302,0.7060889929742389
"देखने को मिलती है",302,0.8192934782608695
"एक - दूसरे की",302,0.07758620689655173
"मुश्किल होता है ।",302,0.757537688442211
"को कहा है .",302,0.1441893830703013
"बात कही है .",302,0.21443812233285917
"गांव का रहने वाला",302,0.9983443708609272
"कार्य करने के लिए",302,0.7518703241895262
"जारी हैं । </s>",302,0.9983443708609272
"दो दिन पहले ही",302,0.6729910714285714
"खरीदा था । </s>",302,0.9983443708609272
"जानकारी मिली है ।",302,0.4395043731778426
"नहीं हुई है .",302,0.14896245059288538
"के लिए बनाया गया",302,0.8973214285714286
"राम मंदिर निर्माण के",302,0.5552486187845304
"QD बिड़ला एसएल एफटीपी",302,0.9983443708609272
"कम होने का नाम",301,0.9983388704318937
"का सख्ती से पालन",301,0.9983388704318937
"संयुक्त राष्ट्र सुरक्षा परिषद",301,0.9983388704318937
"चलाता है । </s>",301,0.9983388704318937
"की बात नहीं है",301,0.5575139146567718
"कराई जाए । </s>",301,0.9983388704318937
"करने वाले लोगों को",301,0.33650615901455766
"आजीवन कारावास की सजा",301,0.9983388704318937
"मंत्री नरेंद्र सिंह तोमर",301,0.9983388704318937
"आगे बढ़ाने के लिए",301,0.9983388704318937
"स्तर पर बंद हुआ",301,0.9983388704318937
"पहुंच चुके हैं ।",301,0.7276029055690073
"बरामद किए हैं ।",301,0.8635057471264368
"जम्मू - कश्मीर से",301,0.06347697507393325
"करते हैं ? </s>",301,0.9983388704318937
"की जाती हैं ।",301,0.7845953002610966
"आदि मौजूद थे ।",301,0.9983388704318937
"नजर आए थे ।",301,0.6532608695652173
"बताया कि पुलिस ने",301,0.5394973070017953
"<s> आसपास के लोगों",301,0.7866492146596858
"दिल्ली - एनसीआर में",301,0.6546840958605664
"एक वीडियो सोशल मीडिया",301,0.9983388704318937
"व्यक्त किए । </s>",301,0.9983388704318937
"सामुदायिक स्वास्थ्य केंद्र में",301,0.5172117039586919
"का इस्तेमाल किया जाता",301,0.15602284527518173
"में भाग लेने वाले",301,0.2026298044504383
"बीएनपी एफ़टीपी - Sr",301,0.9983388704318937
"की तलाश कर रही",300,0.346242774566474
"को कोर्ट में पेश",300,0.9983333333333333
"घटना है । </s>",300,0.9983333333333333
"में जानकारी ली ।",300,0.8557142857142858
"है कि देश के",300,0.24731626754748143
"ने दम तोड़ दिया",300,0.9983333333333333
"की तैयारी कर ली",300,0.14275500476644423
"में दावा किया गया",300,0.5093537414965986
"ले ली है ।",300,0.7340686274509803
"चाहिए थी । </s>",300,0.9983333333333333
"फैसला किया . </s>",300,0.9983333333333333
"की अपील की गई",300,0.0979718678442918
"टक्कर हो गई ।",300,0.9187116564417178
"ने कहा कि पहले",300,0.00484330023610078
"का काम शुरू कर",300,0.2602085143353606
"करना पड़ेगा । </s>",300,0.9983333333333333
"कम होता है ।",300,0.67152466367713
"शामिल हो गए ।",300,0.3945981554677207
"बंद हो गया है",300,0.37021013597033375
"पर बैठ गए ।",300,0.6265690376569037
"निर्भर है । </s>",300,0.9983333333333333
"व्यक्त की है ।",300,0.7582278481012659
"तैनात थे । </s>",300,0.9983333333333333
"दे दिया . </s>",299,0.9983277591973244
"चुकी थी . </s>",299,0.9983277591973244
"जाना है . </s>",299,0.9983277591973244
"फैल रहा है ।",299,0.7352216748768473
"ने कहा कि कोविड",299,0.00482712894983667
"ली हैं । </s>",299,0.9983277591973244
"कोई कमी नहीं है",299,0.6141975308641975
"हासिल किए । </s>",299,0.9983277591973244
"बीच है । </s>",299,0.9983277591973244
"साल से कम उम्र",299,0.787598944591029
"में आए थे ।",299,0.7537878787878788
"जवाब मांगा है ।",299,0.8728070175438597
"जीत हासिल की थी",299,0.23596837944664031
"मतलब यह है कि",299,0.9983277591973244
"कर ले गए ।",299,0.824585635359116
"कर लिए । </s>",299,0.9983277591973244
"बनाए गए । </s>",299,0.9983277591973244
"लग गई थी ।",299,0.7673521850899743
"बढ़ता जा रहा है",299,0.9983277591973244
"बाइक पर सवार होकर",299,0.604251012145749
"बता दें कि भारत",299,0.0261750263065591
"किसी भी सूरत में",299,0.9983277591973244
"दी गई है और",299,0.025587176410080577
"<s> शाह ने कहा",299,0.9983277591973244
"भारत और ऑस्ट्रेलिया के",299,0.9983277591973244
"चाहते हैं ? </s>",299,0.9983277591973244
"से शादी की थी",299,0.4885433715220949
"लिखी है । </s>",299,0.9983277591973244
"<s> मेरठ । </s>",299,0.9983277591973244
"भूमिका निभाई थी ।",299,0.7481203007518797
"जिला प्रशासन की ओर",299,0.7537878787878788
"से बातचीत की ।",299,0.5283185840707965
"करने को कहा था",299,0.10378998609179416
"आपको बता दे कि",298,0.7418952618453866
"आवास योजना के तहत",298,0.8218232044198895
"योजनाओं के बारे में",298,0.9983221476510067
"आ गई थी ।",298,0.7569974554707379
"की मदद करने के",298,0.45839753466872113
"ही होगी । </s>",298,0.9983221476510067
"की प्रक्रिया शुरू हो",298,0.32372143634385203
"करियर की शुरुआत की",298,0.5765503875968992
"की मांग की जा",298,0.02839011356045424
"टीम की ओर से",298,0.9983221476510067
"का अनुरोध किया है",298,0.30512820512820515
"सम्मानित किया जाएगा ।",298,0.9296875
"<s> बिहार विधानसभा चुनाव",298,0.7493702770780857
"में गिरावट दर्ज की",298,0.9983221476510067
"नहीं रहेगा । </s>",298,0.9983221476510067
"इस बारे में कोई",298,0.09867330016583747
"को बता दें कि",298,0.926791277258567
"सांस लेने में तकलीफ",298,0.3919631093544137
"बंद होने के कारण",298,0.38337628865979384
"भी किया जाएगा ।",298,0.932601880877743
"जाम लगा दिया ।",298,0.9983221476510067
"का प्रयास करें ।",298,0.8698830409356725
"अलर्ट जारी किया है",298,0.5409090909090909
"शामिल किया जाएगा ।",298,0.8987915407854985
"फैसला लिया है .",298,0.21495664739884393
"का आयोजन किया जाता",298,0.034365253552038816
"में जिस तरह से",298,0.7
"मुलाकात की थी ।",298,0.6625835189309577
"बचा जा सकता है",298,0.9182098765432098
"2019 - 20 के",297,0.33352080989876265
"साथ दुष्कर्म किया ।",297,0.6588888888888889
"स्टेट बैंक ऑफ इंडिया",297,0.9983164983164983
"पर आ गया है",297,0.32944444444444443
"पर प्रधानमंत्री नरेंद्र मोदी",297,0.9983164983164983
"आउट होने के बाद",297,0.9983164983164983
"टीम का गठन किया",297,0.8101092896174863
"<s> इसका मतलब यह",297,0.3697007481296758
"<s> विदेश मंत्रालय के",297,0.6151452282157677
"करने की योजना है",297,0.22790161414296695
"रहने वाली है ।",297,0.7701298701298701
"बजे की है ।",297,0.8850746268656716
"इसी बात को लेकर",297,0.839943342776204
"समर्थन किया है ।",297,0.70260663507109
"पहल की है ।",297,0.8619186046511628
"नहीं कर पा रही",297,0.25148430873621713
"<s> भारतीय रिजर्व बैंक",297,0.9983164983164983
"ने कहा कि मोदी",297,0.0047947863773084515
"प्रभावित हो रहा है",297,0.9294670846394985
"<s> इस पर पुलिस",297,0.11055182699478001
"पाया गया था ।",297,0.7622107969151671
"<s> इस दौरान वह",297,0.025691014643445108
"गया है ? </s>",297,0.9983164983164983
"वे कहते हैं कि",297,0.9265625
"को कम करता है",297,0.9983164983164983
"ने डॉ . </s>",297,0.9983164983164983
"सामना करने के लिए",296,0.7817460317460317
"<s> याचिका में कहा",296,0.7369077306733167
"चर्चा होगी । </s>",296,0.9983108108108109
"पर . . .",296,0.9205607476635514
"की सूचना के बाद",296,0.8794642857142857
"माता - पिता ने",296,0.08665689149560117
"डिस्प्ले दिया गया है",296,0.9983108108108109
"जवाब देते हुए कहा",296,0.6888111888111889
"अभाव है । </s>",296,0.9983108108108109
"का पता चला है",296,0.3509501187648456
"वायरस के संक्रमण से",296,0.33503401360544216
"भी हो रहा है",296,0.9263322884012539
"से है . </s>",296,0.9983108108108109
"ने अपने संबोधन में",296,0.9177018633540373
"का भी आयोजन किया",296,0.9205607476635514
"दिए थे . </s>",296,0.9983108108108109
"की खबर मिलते ही",296,0.9983108108108109
"प्रयास किया है ।",296,0.8300561797752809
"मना रहे हैं ।",296,0.726044226044226
"पहुंच गया . </s>",296,0.9983108108108109
"बढ़ सकता है ।",296,0.7735602094240838
"<s> इसी बात को",296,0.6300639658848614
"जांच में सामने आया",296,0.9983108108108109
"यह जानकारी दी .",296,0.14254703328509408
"भी मिलेगा । </s>",296,0.9983108108108109
"का काम करती है",296,0.6194968553459119
"जाने हैं । </s>",296,0.9983108108108109
"उन्होंने कहा कि कोरोना",295,0.011761651823155876
"किया करते थे ।",295,0.7062350119904077
"रखी जाएगी । </s>",295,0.9983050847457627
"वाला मामला सामने आया",295,0.9983050847457627
"उन्होंने कहा कि सभी",295,0.011761651823155876
"चलते हैं । </s>",295,0.9983050847457627
"कैबिनेट की बैठक में",295,0.8487031700288185
"के बारे में बहुत",295,0.010252036482628978
"आगे है । </s>",295,0.9983050847457627
"किए थे . </s>",295,0.9983050847457627
"को पकड़ने के लिए",295,0.9089506172839507
"रहा हो । </s>",295,0.9983050847457627
"की गुहार लगाई है",295,0.4734726688102894
"मिलती हैं । </s>",295,0.9983050847457627
"मिल रही थी ।",295,0.6929411764705883
"की अपील की थी",295,0.09633627739614001
"आने वाले लोगों को",295,0.41654879773691655
"रन ही बना सकी",295,0.5221631205673759
"ने कहा कि किसी",295,0.004762443804780232
"बनी थी । </s>",295,0.9983050847457627
"बताया कि अब तक",295,0.9983050847457627
"के लिए इस्तेमाल किया",295,0.4983079526226734
"पुराना है । </s>",295,0.9983050847457627
"की कमी के चलते",295,0.2773069679849341
"बढ़ता ही जा रहा",295,0.9983050847457627
"में यह जानकारी दी",295,0.9174454828660437
"मनाया जाता है .",295,0.15639936271906532
"रख दें । </s>",295,0.9983050847457627
"कर दिया था कि",295,0.0493052067637703
"एक्सिस एफटीपी - सीरीज",295,0.6832946635730859
"के निर्देश के बाद",294,0.5687984496124031
"सरकार है । </s>",294,0.9982993197278912
"एक युवक की मौत",294,0.5858283433133733
"मौजूद था । </s>",294,0.9982993197278912
"करोड़ रुपये की लागत",294,0.31289978678038377
"बता रहे हैं कि",294,0.28166986564299423
"क्या हो रहा है",294,0.9982993197278912
"के आंकड़ों के मुताबिक",294,0.4380597014925373
"का निर्माण किया जा",294,0.20596491228070177
"देने से मना कर",294,0.7744063324538258
"दिया जाता था ।",294,0.7997275204359673
"को सौंप दिया है",294,0.22965571205007826
"कार्यक्रम में शामिल होने",294,0.5231729055258467
"भी दिए । </s>",294,0.9982993197278912
"के बारे में है",294,0.010217224813757572
"कोशिश कर रहे थे",294,0.19385733157199472
"सूचना मिली । </s>",294,0.9982993197278912
"माना है । </s>",294,0.9982993197278912
"घोषित किया गया ।",294,0.2940881763527054
"वरिष्ठ अधिकारी ने बताया",294,0.49327731092436977
"कहा कि कोरोना वायरस",294,0.23037676609105182
"दिख रहे हैं .",294,0.2545533391153513
"<s> इस बात से",293,0.11890243902439024
"से फैल रहा है",293,0.9982935153583617
"प्रदर्शन किया गया ।",293,0.7738095238095238
"करने के लिए बहुत",293,0.00924667277842759
"का काम शुरू हो",293,0.25412684622067766
"<s> इनमें से कुछ",293,0.10849406528189912
"को अंजाम देने वाले",293,0.19358041032428855
"वह गंभीर रूप से",293,0.9982935153583617
"मदद करेंगे । </s>",293,0.9982935153583617
"नहीं कर सके ।",293,0.5603448275862069
"धरने पर बैठ गए",293,0.9140625
"नहीं की . </s>",293,0.9982935153583617
"भी शुरू कर दी",293,0.4642857142857143
"है कि भारत के",293,0.17246462264150944
"खिलाफ जमकर नारेबाजी की",293,0.9982935153583617
"क्या होगा । </s>",293,0.9982935153583617
"<s> कुछ ही देर",293,0.49744897959183676
"को आगे बढ़ाने के",293,0.48668885191347755
"लेकर आए । </s>",293,0.9982935153583617
"दिशा - निर्देश जारी",293,0.3754813863928113
"तैनाती की गई है",293,0.7558139534883721
"<s> मंत्रालय ने कहा",293,0.6414473684210527
"बनाए गए थे ।",293,0.8944954128440367
"कोरोना संक्रमण के कारण",293,0.1778115501519757
"बड़ा झटका लगा है",293,0.9027777777777778
"बदल दिया । </s>",293,0.9982935153583617
"इस्तेमाल करें । </s>",293,0.9982935153583617
"तहत मामला दर्ज कर",293,0.41139240506329117
"पिछले एक साल से",293,0.46062992125984253
"लोग घायल हुए हैं",293,0.6018518518518519
"करते रहें । </s>",293,0.9982935153583617
"नुकसान हुआ । </s>",293,0.9982935153583617
"नहीं गया । </s>",293,0.9982935153583617
"निर्धारित है । </s>",293,0.9982935153583617
"एहतियात के तौर पर",293,0.9982935153583617
"को सम्मानित किया ।",293,0.32645089285714285
"को कहा कि वह",292,0.17785234899328858
"सम्मानित किया गया है",292,0.12869757174392937
"हो गयी थी ।",292,0.5806772908366534
"में यह बात सामने",292,0.5772277227722772
"डाला है । </s>",292,0.9982876712328768
"दौर जारी है ।",292,0.8097222222222222
"पर हुई । </s>",292,0.9982876712328768
"ने इस अवसर पर",292,0.9982876712328768
"' के नाम से",292,0.919558359621451
"<s> ऐसा माना जाता",292,0.5973360655737705
"के निर्देशन में बनी",292,0.7162162162162162
"एफआईआर दर्ज की गई",292,0.5888888888888889
"लंबित है । </s>",292,0.9982876712328768
"राजनाथ सिंह ने कहा",292,0.7305764411027569
"एक - दो दिन",292,0.49659284497444633
"हो पाएगा । </s>",292,0.9982876712328768
"<s> लोकसभा चुनाव में",292,0.24516400336417157
"<s> घटना के संबंध",292,0.10557768924302789
"आभार जताया । </s>",292,0.9982876712328768
"से बाज नहीं आ",292,0.7815013404825737
"बनाया जाए । </s>",292,0.9982876712328768
"सुंदरम एफटीपी सीरीज -",292,0.9982876712328768
"शुरू हो गई थी",291,0.07489043567929879
"याद किया । </s>",291,0.9982817869415808
"आभार व्यक्त किया ।",291,0.7746666666666666
"<s> जिस वजह से",291,0.9982817869415808
"के बराबर है ।",291,0.7809139784946236
"रखे थे । </s>",291,0.9982817869415808
"की मौत हुई ।",291,0.11746866154468256
"में रहता था ।",291,0.8206214689265536
"भूमिका निभाई है ।",291,0.8160112359550562
"देने के लिए तैयार",291,0.09741784037558686
"<s> इस पर उन्होंने",291,0.10831469052945562
"कम से कम तीन",291,0.06425569564255695
"चले गए हैं ।",291,0.8420289855072464
"पता है । </s>",291,0.9982817869415808
"बना था । </s>",291,0.9982817869415808
"के झटके महसूस किए",291,0.9982817869415808
"मनाते हैं । </s>",291,0.9982817869415808
"- 19 के लिए",291,0.11134534304331162
"नहीं मिल पाई है",291,0.6356673960612691
"<s> मेरा मानना है",291,0.9982817869415808
"डाल दिया है ।",291,0.7937158469945356
"गायब है । </s>",291,0.9982817869415808
"पर मौत हो गई",291,0.9049844236760125
"पर काफी एक्टिव रहती",291,0.6662844036697247
"में नजर आने वाले",291,0.5349907918968693
"बारिश दर्ज की गई",291,0.9222222222222223
"ने बताया कि महिला",291,0.00616524119781829
"नए मामले सामने आने",291,0.1678220681686886
"के बाद सोमवार को",291,0.8594674556213018
"<s> कोरोना संक्रमण की",291,0.18167604752970606
"दिया जा चुका है",290,0.9982758620689656
"<s> कोरोना वायरस महामारी",290,0.09202161474888748
"लेकिन क्या आप जानते",290,0.9982758620689656
"डीएम ने कहा कि",290,0.9982758620689656
"को मिलेगी । </s>",290,0.9982758620689656
"भी की जा रही",290,0.6534988713318285
"को बनाने के लिए",290,0.9982758620689656
"पर निर्भर करती है",290,0.9219745222929936
"सलाह दी गई है",290,0.6701388888888888
"की शूटिंग के लिए",290,0.4088983050847458
"' है । </s>",290,0.9982758620689656
"से अधिक समय तक",290,0.38243064729194187
"थाने की पुलिस ने",290,0.660958904109589
"को दिया है ।",290,0.856508875739645
"से शुरू हो रहे",290,0.16850989522700816
"देश में कोरोना के",290,0.19364548494983277
"निर्माण किया जा रहा",290,0.9075235109717869
"बरामद की । </s>",290,0.9982758620689656
"विधि - विधान से",290,0.8086592178770949
"बाहर है । </s>",290,0.9982758620689656
"की पुष्टि करते हुए",290,0.8880368098159509
"से बचना चाहिए ।",290,0.7866847826086957
"से काम कर रहे",290,0.43665158371040724
"<s> इस फोन में",290,0.39068825910931176
"नहीं दी जाएगी ।",290,0.8539823008849557
"हिस्सा हैं । </s>",289,0.9982698961937716
"को प्राप्त करने के",289,0.619098712446352
"विस्तार से जानकारी दी",289,0.8510324483775811
"पकड़ा गया । </s>",289,0.9982698961937716
"रखना है । </s>",289,0.9982698961937716
"को मिल सकता है",289,0.9982698961937716
"निकले हैं । </s>",289,0.9982698961937716
"का फैसला किया .",289,0.06374281926646046
"ले लिया . </s>",289,0.9982698961937716
"कर रहे हैं ?",289,0.009498880547873042
"कैप्टन अमरिंदर सिंह ने",289,0.5133451957295374
"कांग्रेस कमेटी के अध्यक्ष",289,0.5851926977687627
"संकेत है । </s>",289,0.9982698961937716
"<s> इस दौरान कई",289,0.024997833809895155
"काम करेगी । </s>",289,0.9982698961937716
"निकल गया । </s>",289,0.9982698961937716
"किये गये हैं ।",289,0.7532637075718016
"है कि वह इस",289,0.10854025583145221
"काम कर चुके हैं",289,0.927652733118971
"द्वारा किए जा रहे",289,0.9982698961937716
"का सिलसिला शुरू हो",289,0.7002427184466019
"रूप में मनाया जाता",289,0.547438330170778
"के लिए सोमवार को",289,0.8959627329192547
"भी शामिल है .",289,0.17162403331350387
"होने लगता है ।",289,0.7435567010309279
"इसके बाद से ही",289,0.7019464720194647
"कहलाता है । </s>",289,0.9982698961937716
"का काम शुरू किया",289,0.25065160729800173
"बारे में । </s>",289,0.9982698961937716
"नहीं ले रहे हैं",288,0.7371794871794872
"में कोरोना वायरस की",288,0.07730572734606077
"बदल गया है ।",288,0.7352941176470589
"<s> हैरानी की बात",288,0.9982638888888888
"पालन करने के लिए",288,0.796398891966759
"करवाया जाएगा । </s>",288,0.9982638888888888
"अंतर है । </s>",288,0.9982638888888888
"जिला एवं सत्र न्यायाधीश",288,0.8455882352941176
"पर नजर डालें तो",288,0.9982638888888888
"गठन किया है ।",288,0.8214285714285714
"की दिशा में काम",288,0.23354995938261575
"उठाया गया है ।",288,0.8531157270029673
"देखे जा सकते हैं",288,0.9982638888888888
"न होने की वजह",288,0.5324074074074074
"खिलाफ मुकदमा दर्ज किया",288,0.3055260361317747
"<s> इस अवधि में",288,0.7625994694960212
"किसानों का कहना है",288,0.8900928792569659
"की ओर से की",288,0.017601322395004285
"को बताया कि वह",288,0.15805387575590985
"आदि शामिल हैं ।",288,0.8956386292834891
"कर दी गई .",288,0.0400976290097629
"स्थान हासिल किया ।",288,0.555019305019305
"खबरों की मानें तो",288,0.9982638888888888
"ग्रहण किया । </s>",288,0.9982638888888888
"साझेदारी की । </s>",288,0.9982638888888888
"अपने पद से इस्तीफा",288,0.9982638888888888
"तेजी से बढ़ रहा",288,0.379287598944591
"सिंह की अध्यक्षता में",288,0.9982638888888888
"भेंट की । </s>",288,0.9982638888888888
"को जब्त कर लिया",287,0.9271844660194175
"पर प्रतिक्रिया देते हुए",287,0.9982578397212544
"जाता है ? </s>",287,0.9982578397212544
"उपयोग करते हैं ।",287,0.7701612903225806
"तंज कसते हुए कहा",287,0.9982578397212544
"<s> योजना के तहत",287,0.7022058823529411
"में काम करने वाली",287,0.1054083885209713
"के बीच है ।",287,0.761968085106383
"का पता नहीं चल",287,0.5365168539325843
"काफी कम है ।",287,0.8526785714285714
"बारे में कोई जानकारी",287,0.5695825049701789
"पर काम करने वाले",287,0.32593856655290104
"को बंद करने का",287,0.35767790262172283
"पिछले कुछ वर्षों में",287,0.6324503311258278
"बंद कर दी गई",287,0.4658536585365854
"ब्यूरो छत्तीसगढ़) । </s>",287,0.9982578397212544
"पुलिस को दी शिकायत",287,0.1414116485686081
"बच गए । </s>",287,0.9982578397212544
"<s> स्वास्थ्य मंत्रालय के",287,0.4775
"परिवार के सदस्यों के",287,0.2978170478170478
"है कि इस साल",287,0.06541095890410958
"चालू वित्त वर्ष में",287,0.3779683377308707
"सुरक्षा की दृष्टि से",287,0.9982578397212544
"पेश किया गया था",287,0.2017605633802817
"रोष है । </s>",287,0.9982578397212544
"<s> दोनों देशों के",287,0.7308673469387755
"मुख्य चिकित्सा एवं स्वास्थ्य",287,0.9982578397212544
"बैठक ली । </s>",287,0.9982578397212544
"कोशिश की थी ।",287,0.6741176470588235
"भी पूरी तरह से",286,0.9982517482517482
"मामले दर्ज हैं ।",286,0.8323615160349854
"ऐसा माना जा रहा",286,0.9982517482517482
"<s> मौके पर मौजूद",286,0.1532474503488996
"स्थान पर हैं ।",286,0.7886740331491713
"के तहत केस दर्ज",286,0.9982517482517482
"गोयल ने कहा कि",286,0.9982517482517482
"इस बात का ध्यान",286,0.09200773445053174
"सूचना मिलने पर पुलिस",286,0.5609037328094303
"में नहीं हैं ।",286,0.7246192893401016
"की बात भी कही",286,0.6896135265700483
"मिल सकेगी । </s>",286,0.9982517482517482
"थी । ' </s>",286,0.9982517482517482
"नहीं पहुंचे । </s>",286,0.9982517482517482
"बेहोशी की हालत में",286,0.9982517482517482
"<s> पुलिस सूत्रों के",286,0.45461783439490444
"मदद कर सकते हैं",286,0.9982517482517482
"पराजित किया । </s>",286,0.9982517482517482
"ने ट्विटर पर लिखा",286,0.5316573556797021
"ने जम्मू - कश्मीर",286,0.9982517482517482
"के सदस्यों के साथ",286,0.5826530612244898
"की ओर से पेश",286,0.017478878413125995
"को बेहतर बनाने के",286,0.5587084148727984
"नुकसान पहुंचा है ।",286,0.8599397590361446
"का पालन नहीं किया",286,0.3225988700564972
"का दौर शुरू हो",286,0.7716216216216216
"प्राप्त हुआ । </s>",286,0.9982517482517482
"नजर आती है ।",286,0.8372434017595308
"बयान में कहा है",286,0.11388113282808138
"मौत हुई थी ।",285,0.7370466321243523
"होश उड़ गए ।",285,0.9237012987012987
"खुलासा किया है कि",285,0.35385572139303484
"होना पड़ा । </s>",285,0.9982456140350877
"ने पुलिस को दी",285,0.12116695059625213
"में सफलता हासिल की",285,0.7946927374301676
"बात से लगाया जा",285,0.9982456140350877
"लेते हुए कहा कि",285,0.9089456869009584
"पड़ते हैं । </s>",285,0.9982456140350877
"इस बात का भी",285,0.09168546567837577
"मंत्री ने बताया कि",285,0.9982456140350877
"मिलने की उम्मीद है",285,0.8036723163841808
"प्रयास करेंगे । </s>",285,0.9982456140350877
"से शुरू हो गया",285,0.16559953434225844
"<s> इस पूरे मामले",285,0.716624685138539
"लगाया था . </s>",285,0.9982456140350877
"<s> उन्होंने लोगों से",285,0.7042079207920792
"जिक्र किया । </s>",285,0.9982456140350877
"की घोषणा करते हुए",285,0.9982456140350877
"अस्पताल लाया गया ।",285,0.6495433789954338
"महीने की शुरुआत में",285,0.9982456140350877
"<s> कांग्रेस के वरिष्ठ",285,0.24739130434782608
"मार डाला । </s>",285,0.9982456140350877
"प्रति 10 ग्राम पर",285,0.47575250836120403
"हालत गंभीर बनी हुई",285,0.9982456140350877
"नाराज हैं । </s>",284,0.9982394366197183
"में दो - दो",284,0.7325581395348837
"गृह मंत्री राजनाथ सिंह",284,0.9982394366197183
"<s> अभी हाल ही",284,0.8123209169054442
"ने इस बात पर",284,0.20953436807095344
"की वजह से इस",284,0.03176114721039659
"देखे गए । </s>",284,0.9982394366197183
"आता था । </s>",284,0.9982394366197183
"कर सकता है और",284,0.05416507451280092
"सक्षम हैं । </s>",284,0.9982394366197183
"लगाया गया है .",284,0.12477992957746478
"चरम पर है ।",284,0.73828125
"सरकार ने कहा कि",284,0.5220994475138122
"को दिया गया ।",284,0.3976157082748948
"फोटो शेयर की है",284,0.6718009478672986
"हमला बोलते हुए कहा",284,0.9982394366197183
"साबित हो सकती है",284,0.864329268292683
"बन जाएगा । </s>",284,0.9982394366197183
"कि जिस तरह से",284,0.9264705882352942
"दर्ज करने के बाद",284,0.3921161825726141
"का आह्वान किया है",284,0.2170750382848392
"का भी जिक्र किया",284,0.8669724770642202
"में बताया था कि",284,0.7421465968586387
"के लिए तैयार किया",284,0.062184689624917744
"न हों । </s>",284,0.9982394366197183
"खाली हैं । </s>",284,0.9982394366197183
"<s> केंद्रीय मंत्री ने",284,0.4896373056994819
"लगाने की मांग की",283,0.923202614379085
"फैसला किया गया है",283,0.5474806201550387
"की स्थिति में नहीं",283,0.2856420626895854
"<s> जिसके बाद पुलिस",283,0.13740272373540857
"की तलाश शुरू कर",283,0.6807228915662651
"<s> केजरीवाल ने कहा",283,0.8665644171779141
"रन बनाकर आउट हुए",283,0.5730223123732252
"खड़े हैं । </s>",283,0.9982332155477032
"आदित्यनाथ ने कहा कि",283,0.8382789317507419
"की स्थापना के लिए",283,0.6208791208791209
"नहीं होता है .",283,0.15729398663697106
"ने बताया कि सरकार",283,0.005995458307689043
"<s> सीएमओ डॉ .",283,0.9292763157894737
"काबू पाने के लिए",283,0.9982332155477032
"पैदा हो गया है",283,0.6376975169300225
"बरामद हुई । </s>",283,0.9982332155477032
"पर पुलिस मौके पर",283,0.9982332155477032
"के तहत मुकदमा दर्ज",283,0.9172077922077922
"<s> वर्तमान समय में",283,0.9982332155477032
"से मुलाकात के बाद",283,0.6181619256017505
"में खेले जा रहे",283,0.9982332155477032
"<s> इन लोगों ने",283,0.34577723378212977
"उपलब्ध कराया जाएगा ।",283,0.8855799373040752
"की रिपोर्ट पॉजिटिव आई",283,0.8586626139817629
"ठीक करने के लिए",283,0.9982332155477032
"सुबह आठ बजे से",283,0.6509216589861752
"हो जाने के कारण",283,0.2497789566755084
"मंदिर है । </s>",283,0.9982332155477032
"कारावास की सजा सुनाई",283,0.8117816091954023
"चल पाया है ।",283,0.7044887780548629
"पर निशाना साधा ।",283,0.23779461279461278
"मारा गया । </s>",282,0.99822695035461
"है कि इससे पहले",282,0.99822695035461
"के रूप में किया",282,0.01343354807921737
"की शिकायत की ।",282,0.3096809680968097
"इस मामले की सुनवाई",282,0.1731242312423124
"अपने मताधिकार का प्रयोग",282,0.6750599520383693
"खुलासा हुआ है कि",282,0.34667487684729065
"पहले की तुलना में",282,0.99822695035461
"आदेश में कहा गया",282,0.5341555977229602
"बनाई गई । </s>",282,0.99822695035461
"की तैयारी शुरू कर",282,0.5976645435244161
"पर चर्चा हुई ।",282,0.7108585858585859
"इतिहास में पहली बार",282,0.99822695035461
"भी होती है ।",282,0.6985111662531017
"उसे गिरफ्तार कर लिया",282,0.929042904290429
"की सूची में शामिल",282,0.5913865546218487
"भी शुरू कर दिया",282,0.44682539682539685
"<s> इस जीत के",282,0.7649456521739131
"में शोक की लहर",282,0.99822695035461
"ने इस मामले की",282,0.11665975963530874
"को हाल ही में",282,0.99822695035461
"सरकार के इस फैसले",282,0.550880626223092
"होने की पुष्टि हुई",282,0.5008896797153025
"योग बन रहे हैं",282,0.9259868421052632
"पर अंकुश लगाने के",282,0.6159737417943107
"के लिए बनाई गई",282,0.99822695035461
"प्रभारी ने बताया कि",282,0.99822695035461
"में अहम भूमिका निभाई",282,0.45550161812297735
"नहीं . . .",282,0.7447089947089947
"लोगों को गिरफ्तार कर",282,0.20821005917159763
"नहीं दिया . </s>",282,0.99822695035461
"चला जाता है ।",282,0.6882640586797066
"के बारे में अधिक",281,0.009764673118429297
"दौरान उन्होंने कहा कि",281,0.9107142857142857
"जिसके बाद पुलिस ने",281,0.80835734870317
"सैंपल जांच के लिए",281,0.998220640569395
"टी - 20 विश्व",281,0.12837528604118992
"<s> मुख्यमंत्री नीतीश कुमार",281,0.998220640569395
"",60,0.0
"ये भी है कि",281,0.998220640569395
"एक इंटरव्यू के दौरान",281,0.998220640569395
"कुल संक्रमितों की संख्या",281,0.998220640569395
"<s> c . i",281,0.998220640569395
"c . i </s>",281,0.998220640569395
"के एक - एक",281,0.7991452991452992
"जा गिरी । </s>",281,0.998220640569395
"करने का ऐलान किया",281,0.8448795180722891
"का पालन करने की",281,0.2606877323420074
"में लिया गया ।",281,0.30226293103448276
"ने कहा कि उनका",281,0.0045360457970827
"शुरुआत हुई । </s>",281,0.998220640569395
"मुकदमा दर्ज कराया था",281,0.35238693467336685
"शुरू की गई ।",281,0.23512154233025984
"हरियाणा के मुख्यमंत्री मनोहर",281,0.9077669902912622
"2015 - 16 में",281,0.5892857142857143
"से पता चला कि",281,0.36907894736842106
"विधायक डॉ . </s>",281,0.998220640569395
"चिकित्सा एवं स्वास्थ्य अधिकारी",281,0.5955414012738853
"मांग की गई थी",281,0.19291609353507566
"लेना है । </s>",281,0.998220640569395
"मौत हो गयी .",281,0.19344827586206897
"कर लिए हैं ।",281,0.7622282608695652
"से फोन पर बात",281,0.7401055408970977
"नहीं किया गया तो",281,0.07076185671039355
"कर घायल कर दिया",281,0.998220640569395
"लिए कम से कम",281,0.998220640569395
"हल करने के लिए",280,0.9982142857142857
"में विपक्ष के नेता",280,0.9982142857142857
"का आयोजन होगा ।",280,0.9016129032258065
"खत्म हो गया ।",280,0.315819209039548
"<s> n पर जाकर",280,0.43808777429467083
"रोक दिया गया ।",280,0.3871191135734072
"उसके साथ दुष्कर्म किया",280,0.7493297587131368
"होने के बारे में",280,0.9982142857142857
"के लिए मजबूर किया",280,0.2666984732824427
"पर मजबूर कर दिया",280,0.9982142857142857
"<s> - डॉ .",280,0.9982142857142857
"सका था । </s>",280,0.9982142857142857
"हार गए । </s>",280,0.9982142857142857
"के लिए अब तक",280,0.7851123595505618
"बढ़ती है । </s>",280,0.9982142857142857
"स्थापना की । </s>",280,0.9982142857142857
"को जन्म दिया है",280,0.2986111111111111
"पालन करना होगा ।",280,0.8418674698795181
"आकर्षित करने के लिए",280,0.9982142857142857
"को कब्जे में ले",280,0.19477351916376306
"स्वीकार किया । </s>",280,0.9982142857142857
"जुड़े हुए हैं ।",280,0.7148337595907929
"के घर के बाहर",280,0.3992857142857143
"भाजपा की ओर से",280,0.9982142857142857
"जारी किया गया ।",280,0.12797619047619047
"विरोध किया था ।",280,0.7111959287531806
"अनुभव है । </s>",280,0.9982142857142857
"गंभीरता को देखते हुए",280,0.9982142857142857
"को समझने के लिए",280,0.9254966887417219
"का समर्थन करते हुए",279,0.6300904977375565
"रो - रोकर बुरा",279,0.9982078853046595
"प्रतीत होता है कि",279,0.6402298850574712
"की कोशिश करता है",279,0.6842751842751843
"से लौटने के बाद",279,0.931438127090301
"ली गई हैं ।",279,0.9131147540983606
"नहीं कर पाएंगे ।",279,0.8465045592705167
"<s> हालांकि अभी तक",279,0.6315192743764172
"बना दिया गया है",279,0.5082116788321168
"शामिल किया गया ।",279,0.12533753375337534
"राष्ट्रीय स्वयंसेवक संघ के",279,0.4291217257318952
"उपलब्ध होगी । </s>",279,0.9982078853046595
"कंपनी ने कहा कि",279,0.6727053140096618
"जेटली ने कहा कि",279,0.8926282051282052
"रह रहा था ।",279,0.8703125
"रोका जा सकता है",279,0.9101307189542484
"ने कहा कि बिहार",279,0.004503703224554481
"लाख की लागत से",279,0.9982078853046595
"<s> इस दौरान उनके",279,0.024131357767957717
"याचिका पर सुनवाई करते",279,0.4226100151745068
"धो लें । </s>",279,0.9982078853046595
"का अनुमान है कि",279,0.19949856733524354
"काम हो रहा है",279,0.9131147540983606
"नहीं हुई . </s>",279,0.9982078853046595
"नदी के तट पर",279,0.9982078853046595
"से शुरू होती है",279,0.9982078853046595
"हुआ करता था ।",278,0.7007575757575758
"होने जा रहे हैं",278,0.8066860465116279
"देना होगा . </s>",278,0.9982014388489209
"बन चुके हैं ।",278,0.7079081632653061
"ने दी है ।",278,0.8066860465116279
"ने इस मौके पर",278,0.9982014388489209
"पिछले एक साल में",278,0.43700787401574803
"<s> इस मुद्दे पर",278,0.7686980609418282
"जारी कर दिए गए",278,0.2852004110996917
"समारोह में शामिल होने",278,0.6438515081206496
"करने के लिए और",278,0.00877248443081592
"देश में अब तक",278,0.9982014388489209
"में दाखिले के लिए",278,0.9982014388489209
"मिल सकती है .",278,0.18599195710455765
"में अफरा - तफरी",278,0.9982014388489209
"कराए जाएंगे । </s>",278,0.9982014388489209
"के होते हैं ।",278,0.7097186700767263
"<s> मध्य प्रदेश की",278,0.11874197689345314
"जा चुकी हैं ।",278,0.7686980609418282
"बनाया था . </s>",278,0.9982014388489209
"की मृत्यु के बाद",278,0.9982014388489209
"<s> जाहिर है कि",278,0.9982014388489209
"पहुंचा दिया । </s>",278,0.9982014388489209
"अपने पति के साथ",278,0.8258928571428571
"को दिया गया है",278,0.38920056100981765
"तक पहुंच गई ।",278,0.3135593220338983
"कर दिया था और",278,0.04645906579608237
"मदद कर रहे हैं",278,0.900974025974026
"कम होती है ।",278,0.7207792207792207
"से जुड़े हुए हैं",278,0.8161764705882353
"जाम लग गया ।",278,0.9982014388489209
"तस्वीर शेयर की है",278,0.7302631578947368
"मांगा था । </s>",277,0.9981949458483754
"से कोविड - 19",277,0.9981949458483754
"करते आ रहे हैं",277,0.8014492753623188
"की ओर से यह",277,0.016927880494673687
"को मिला . </s>",277,0.9981949458483754
"के लिए शनिवार को",277,0.9278523489932886
"कर दे । </s>",277,0.9981949458483754
"के साथ काम करना",277,0.1270096463022508
"<s> आने वाले समय",277,0.4096296296296296
"मारे गए हैं ।",277,0.6385681293302541
"के संयुक्त तत्वावधान में",277,0.9981949458483754
"बुलाया गया था ।",277,0.8061224489795918
"तीन अलग - अलग",277,0.9981949458483754
"को सूचना मिली थी",277,0.40902366863905326
"का विशेष महत्व है",277,0.6445221445221445
"विशेष महत्व है ।",277,0.8278443113772455
"रही है । '",277,0.0037601653656811813
"करना चाहते थे ।",277,0.6312785388127854
"बता दें कि ये",277,0.024245878639074007
"बारे में जानकारी देते",277,0.10069191551347415
"खुदकुशी कर ली ।",277,0.6694915254237288
"को भी गिरफ्तार किया",277,0.5858050847457628
"साल की तुलना में",277,0.9981949458483754
"आरोप लगा रहे हैं",277,0.7945402298850575
"लिए आवेदन कर सकते",277,0.7659279778393352
"कोई बदलाव नहीं किया",277,0.5177902621722846
"बढ़ रहा है .",277,0.17004920049200492
". . "" </s>",277,0.9981949458483754
"टेस्ट मैचों की सीरीज",277,0.8204747774480712
"ने कहा कि कुछ",276,0.004455189365762152
"की तो पता चला",276,0.9981884057971014
"नहीं सकते । </s>",276,0.9981884057971014
"अनुमति दी गई है",276,0.6135857461024499
"नहीं जा सकता है",276,0.3663563829787234
"- रोकर बुरा हाल",276,0.9981884057971014
"किया गया है जो",276,0.008461562087287693
"पुलिस ने आरोपी को",276,0.44009584664536744
"शुरू हो रही है",276,0.8248502994011976
"घोषणा की . </s>",276,0.9981884057971014
"बढ़ी है । </s>",276,0.9981884057971014
"बॉस के घर में",276,0.8032069970845481
"गिरफ्तार कर लिया .",276,0.04386244228626015
"पर होगी । </s>",276,0.9981884057971014
"प्रभावित हैं । </s>",276,0.9981884057971014
"के मारे जाने की",276,0.5370370370370371
"आगे बढ़ रहा है",276,0.924496644295302
"<s> लेकिन अभी तक",276,0.7782485875706214
"रहने का अनुमान है",276,0.6191011235955056
"प्रति घंटे की रफ्तार",276,0.8223880597014925
"होगी । ' </s>",276,0.9981884057971014
"लोगों को जागरूक किया",276,0.32335680751173707
"में कोरोना संक्रमितों की",276,0.7028061224489796
"शामिल हुए . </s>",276,0.9981884057971014
"को बंद करने के",276,0.3439450686641698
"और न ही कोई",276,0.21813143309580363
"करने की चेतावनी दी",276,0.8773885350318471
"विचार कर रहे हैं",276,0.9183333333333333
"लोकसभा चुनाव के लिए",276,0.28490175801447776
"के लिए कुछ भी",276,0.2481981981981982
"दी जाएंगी । </s>",276,0.9981884057971014
"निर्देश दिए गए ।",276,0.18614864864864866
"वीर अर्जुन संवाददाता देहरादून",276,0.31594036697247707
"नोटिस जारी किया गया",276,0.24954710144927536
"राज्य में अब तक",276,0.9981884057971014
"जरुरत है । </s>",276,0.9981884057971014
"चुका था . </s>",275,0.9981818181818182
"पड़ सकता है .",275,0.17551150895140666
"चोटें आई हैं ।",275,0.8769968051118211
"नहीं की थी ।",275,0.6662621359223301
"निकला है । </s>",275,0.9981818181818182
"की वजह से भी",275,0.030752856822764955
"की अध्यक्षता में आयोजित",275,0.12325999101930848
"किए जाएं । </s>",275,0.9981818181818182
"थे । ' </s>",275,0.9981818181818182
"<s> एक बार जब",275,0.23361702127659575
"भी रह चुके हैं",275,0.915
"की गयी थी ।",275,0.5695020746887967
"<s> सीएम योगी ने",275,0.5414201183431953
"की राजधानी दिल्ली में",275,0.7979651162790697
"का एलान किया है",275,0.4700342465753425
"ऑनलाइन आवेदन कर सकते",275,0.8941368078175895
"किया जाना चाहिए .",275,0.13058991436726927
"त्रिपाठी ने बताया कि",275,0.9981818181818182
"से आने वाले लोगों",275,0.30398671096345514
"ही थी । </s>",275,0.9981818181818182
"के स्तर पर बंद",275,0.27896341463414637
"करने पहुंचे । </s>",275,0.9981818181818182
"नहीं चाहिए । </s>",275,0.9981818181818182
"दर्ज कर लिया ।",275,0.11960784313725491
"जान जा चुकी है",275,0.9981818181818182
"वित्त मंत्री ने कहा",275,0.9981818181818182
"जाने के मामले में",275,0.8293051359516617
"आए है । </s>",275,0.9981818181818182
"भेजे गए हैं ।",275,0.8883495145631068
"जिसमें कहा गया है",275,0.49728260869565216
"निर्देश दिया गया ।",275,0.23164556962025318
"की तुलना में इस",275,0.11745827984595636
"दिए जाने की मांग",274,0.4781468531468531
"जानते हैं . </s>",274,0.9208754208754208
"वरिष्ठ अधिकारी ने कहा",274,0.45966386554621846
"<s> कोरोना संक्रमण से",274,0.17104440275171984
"ने ट्वीट किया कि",274,0.4425566343042071
"हो गये हैं ।",274,0.5525252525252525
"<s> सी . </s>",274,0.9981751824817519
"<s> इसके लिए आप",274,0.04588926174496644
"पर बंद हुआ था",274,0.213671875
"की तहरीर पर पुलिस",274,0.5984682713347921
"का इस्तेमाल कर सकते",274,0.35335917312661497
"हो सकता था ।",274,0.8441358024691358
"ने इस मामले को",274,0.11334438458350601
"कुछ समय पहले ही",274,0.68375
"पड़ी है । </s>",274,0.9981751824817519
"को आग के हवाले",274,0.9981751824817519
"<s> इसके बाद उसे",274,0.014076170869788986
"महिला ने बताया कि",274,0.9981751824817519
"ने बताया कि जिला",274,0.0058044525562936395
"लग रहे हैं ।",274,0.6889168765743073
"को पकड़ लिया ।",274,0.5112149532710281
"में रहने वाले एक",274,0.21535433070866142
"संक्रमण की पुष्टि हुई",274,0.6994884910485933
"गया है कि यह",274,0.05516337232755143
"पुष्टि की । </s>",274,0.9981751824817519
"पिछले 24 घंटों के",274,0.2647628267182962
"संवाददाताओं से कहा कि",274,0.9271186440677966
"दिखा रहे हैं ।",274,0.8067846607669616
"मिलने की संभावना है",274,0.9981751824817519
"पर नजर रखने के",274,0.6244292237442922
"भेजी गई है ।",274,0.9116666666666666
"करने का आरोप है",273,0.11278973509933775
"लगा था . </s>",273,0.9981684981684982
"कार्य करता है ।",273,0.8462732919254659
"बोर्ड की ओर से",273,0.9981684981684982
"दुनिया का सबसे बड़ा",273,0.7096354166666666
"मुझे पता है कि",273,0.9981684981684982
"का खुलासा किया है",273,0.4185867895545315
"में बांटा गया है",273,0.8384615384615385
"स्पष्ट किया है कि",273,0.923728813559322
"ने एक इंटरव्यू में",273,0.7875722543352601
"जांच के लिए भेजा",273,0.1655528554070474
"कोशिश करेंगे । </s>",273,0.9981684981684982
"की अध्यक्षता करते हुए",273,0.9981684981684982
"की जानकारी मिलने पर",273,0.5301556420233463
"पहुंचता है । </s>",273,0.9981684981684982
"खोल दिया है ।",273,0.8134328358208955
"निकाली जाएगी । </s>",273,0.9981684981684982
"होने की जानकारी दी",273,0.38707386363636365
"का काम किया जा",273,0.1368658965344048
"में काम करने का",273,0.10025754231052245
"को इसकी सूचना दी",273,0.8733974358974359
"उन्होंने कहा कि यदि",273,0.010883022484923519
"वर्ष से अधिक आयु",273,0.39378612716763006
"उचित नहीं है ।",272,0.8484375
"मिल सकता है .",272,0.15821678321678323
"हाल ही में अपने",272,0.040546594982078854
"द्वारा किया जाता है",272,0.9266211604095563
"बाहर कर दिया गया",272,0.4779929577464789
"को जम्मू - कश्मीर",272,0.9981617647058824
"से शुरू हो रही",272,0.1580325960419092
"में कोई जानकारी नहीं",272,0.9981617647058824
"के प्रसार को रोकने",272,0.9981617647058824
"<s> भारतीय किसान यूनियन",272,0.8591772151898734
"शुरू कर दी हैं",272,0.03362645528858063
"बंद रहा । </s>",272,0.9981617647058824
"भी रहे । </s>",272,0.9981617647058824
"चर्चा करेंगे । </s>",272,0.9981617647058824
"करने की वजह से",272,0.9981617647058824
"<s> कंपनी ने इस",272,0.1917372881355932
"मुझे नहीं पता कि",272,0.7337837837837838
"लिए रवाना हो गए",272,0.49453551912568305
"को जानकारी दी ।",272,0.4738219895287958
"दिखती है । </s>",272,0.9981617647058824
"दिखाया गया । </s>",272,0.9981617647058824
"<s> मुख्यमंत्री श्री चौहान",272,0.5574948665297741
"आते है । </s>",272,0.9981617647058824
"मिश्र ने बताया कि",272,0.9981617647058824
"कोई नहीं है ।",272,0.812874251497006
"पुलिस ने हिरासत में",272,0.9981617647058824
"है कि पुलिस ने",272,0.5632780082987552
"पर कोई असर नहीं",272,0.9981617647058824
"आधारित है . </s>",272,0.9981617647058824
"की आलोचना करते हुए",272,0.923469387755102
"इस घटना को लेकर",272,0.6184510250569476
"की पिटाई कर दी",272,0.9981617647058824
"के खिलाफ कार्रवाई करने",272,0.15970588235294117
"अधिक है . </s>",271,0.9981549815498155
"2018 - 19 के",271,0.3522135416666667
"<s> काफी देर तक",271,0.7619718309859155
"बनाए रखें । </s>",271,0.9981549815498155
"कायम है । </s>",271,0.9981549815498155
"हत्या की गई है",271,0.5682773109243697
"तहरीर पर पुलिस ने",271,0.9981549815498155
"बन चुकी है ।",271,0.7410958904109589
"प्रयोग किया । </s>",271,0.9981549815498155
"मुख्यमंत्री के रूप में",271,0.9981549815498155
"<s> एक रिपोर्ट के",271,0.8426791277258567
"प्रदर्शन किया था ।",271,0.6728855721393034
"में से एक माना",271,0.04056688662267546
"विवाद हुआ था ।",271,0.8782467532467533
"की गंभीरता को देखते",271,0.9046822742474916
"की दुकान है ।",271,0.9981549815498155
"के रूप में सामने",271,0.01290861369601527
"दिलाने के नाम पर",271,0.9981549815498155
"अचानक आग लग गई",271,0.9981549815498155
"साथ हुई थी ।",271,0.9016666666666666
"कि मामले की जांच",271,0.7817919075144508
"का स्वागत करते हुए",271,0.6848101265822785
"के लिए आने वाले",271,0.7350543478260869
"बढ़ गई हैं ।",271,0.8297546012269938
"पाई गई है ।",271,0.8986710963455149
"कुमार सिंह ने कहा",271,0.2715863453815261
"के खिलाफ हत्या का",271,0.7099737532808399
"का इंतजार कर रही",271,0.18578296703296704
"बदलाव किया गया है",271,0.9232081911262798
"किए गए है ।",271,0.9016666666666666
"में से एक के",271,0.04056688662267546
"किया जाता रहा है",271,0.8246951219512195
"शुरू कर देते हैं",271,0.9263698630136986
"शिकायत दर्ज कराई थी",271,0.25591296121097445
"<s> वित्त मंत्री निर्मला",271,0.3149010477299185
"खबर सुने नई दिल्ली",271,0.8725806451612903
"नहीं मिला . </s>",271,0.9981549815498155
"शिकायत पर पुलिस ने",271,0.9981549815498155
"में आ चुके हैं",271,0.9981549815498155
"दो दर्जन से अधिक",271,0.7750716332378224
"करनी शुरू कर दी",271,0.9981549815498155
"ने साफ कर दिया",271,0.9981549815498155
"कंपनी है । </s>",270,0.9981481481481481
"वायरस की चपेट में",270,0.9981481481481481
"के लिए की गई",270,0.4954044117647059
"बन जाते हैं ।",270,0.77
"काम करते हैं .",270,0.16432926829268293
"स्थिति बनी हुई है",270,0.8953488372093024
"नहीं पहुंचा । </s>",270,0.9981481481481481
"सर्जन डा . </s>",270,0.9981481481481481
"<s> ऐसा ही कुछ",270,0.3347826086956522
"कुछ ही दिनों में",270,0.6069819819819819
"<s> पिछले 24 घंटों",270,0.40895295902883155
"रिपोर्ट दर्ज कराई है",270,0.3347826086956522
"मामले हैं । </s>",270,0.9981481481481481
"आने की संभावना है",270,0.922945205479452
"हवाला देते हुए कहा",270,0.8044776119402985
"ने कहा कि हर",270,0.004358161648177496
"दी गईं । </s>",270,0.9981481481481481
"दे दिया गया है",270,0.47033158813263526
"का उपयोग करता है",270,0.9981481481481481
"किया जाये । </s>",270,0.9981481481481481
"में मदद करेगा ।",270,0.776657060518732
"दर्ज करने के लिए",270,0.3727524204702628
"में हो रही है",270,0.40044576523031206
"लागू किया गया है",270,0.55
"गया तो उन्होंने कहा",270,0.872168284789644
"पर आधारित है .",270,0.21071149335418296
"बनी हुई हैं ।",270,0.7383561643835617
"श्रद्धांजलि अर्पित की ।",269,0.6884615384615385
"आ गई है .",269,0.16770768269831354
"छीन लिया । </s>",269,0.9981412639405205
"हड़कंप मच गया है",269,0.20464939024390244
"अभियान चलाया जाएगा ।",269,0.9981412639405205
"जा चुके हैं .",269,0.1454496208017335
"की सोच रहे हैं",269,0.8312693498452013
"के आदेश दिए थे",269,0.16823308270676693
"के लिए रेफर कर",269,0.8087349397590361
"समाज के लोगों ने",269,0.37816901408450704
"खुश हूं । </s>",269,0.9981412639405205
"मौके पर पहुंच कर",269,0.13726993865030676
"शपथ ग्रहण समारोह में",269,0.6317647058823529
"कह चुके हैं कि",269,0.782798833819242
"मांगी गई है ।",269,0.9195205479452054
"की सलाह देते हैं",269,0.8236196319018405
"केंद्र बनाए गए हैं",269,0.7256756756756757
"संबंधित है । </s>",269,0.9981412639405205
"कहा कि इस बार",269,0.09644396551724138
"ही जा रही है",269,0.7760115606936416
"में मिला । </s>",269,0.9981412639405205
"रहने वाले थे ।",269,0.7376373626373627
"लोकसभा चुनाव के दौरान",269,0.2776628748707342
"आ गया है कि",269,0.1135306553911205
"ऊपर है । </s>",269,0.9981412639405205
"सिन्हा ने कहा कि",269,0.9226804123711341
"सवाल उठ रहे हैं",268,0.9098639455782312
"की ओर से आ",268,0.01637688257622138
"बात की थी ।",268,0.5802603036876356
"के बारे में चर्चा",268,0.009312121423101024
"<s> मथुरा । </s>",268,0.9981343283582089
"आदेश जारी कर दिए",268,0.4837251356238698
"का बेसब्री से इंतजार",268,0.9981343283582089
"अपने ट्वीट में लिखा",268,0.711436170212766
"जाने पर कि क्या",268,0.9981343283582089
"लिए रेफर कर दिया",268,0.9981343283582089
"मिल चुका है ।",268,0.8492063492063492
"किए जाएंगे . </s>",268,0.9981343283582089
"करने में सक्षम है",268,0.25598086124401914
"को वापस लेने की",268,0.5715811965811965
"को लेकर कहा कि",268,0.6384248210023866
"कहना है कि सरकार",268,0.01775403199044269
"करवाई थी । </s>",268,0.9981343283582089
"से बाहर हो गए",268,0.38880813953488375
"लिए भेजा गया है",268,0.5234833659491194
"<s> ऐसे में एक",268,0.024146957934645243
"नहीं मिलेगी । </s>",267,0.99812734082397
"भी हो चुकी है",267,0.8125
"में की गई थी",267,0.2511781338360038
"के तहत आने वाले",267,0.7884615384615384
"मार गिराया । </s>",267,0.99812734082397
"ही हैं . </s>",267,0.99812734082397
"का रो - रोकर",267,0.7341597796143251
"में कोई कमी नहीं",267,0.9064625850340136
"सांसद ने कहा कि",267,0.99812734082397
"सकती है ? </s>",267,0.99812734082397
"<s> इसके बाद जब",267,0.013715903242408647
"अंतिम संस्कार कर दिया",267,0.99812734082397
"पूर्व प्रधानमंत्री मनमोहन सिंह",267,0.99812734082397
"मानव संसाधन विकास मंत्रालय",267,0.5134874759152216
"चला रहा था ।",267,0.8149847094801224
"से चर्चा की ।",267,0.4889908256880734
"का अनुरोध किया ।",267,0.2733333333333333
"शुक्ला ने बताया कि",267,0.99812734082397
"मीडिया रिपोर्ट के अनुसार",267,0.4093701996927803
"में सुप्रीम कोर्ट ने",267,0.4112654320987654
"नजर आ रहे थे",267,0.09129838985954093
"ने बताया कि कुछ",267,0.005655892527430548
"से पूरी तरह से",267,0.8541666666666666
"<s> उसके पास से",267,0.9189655172413793
"आदेश दिया गया है",267,0.640625
"कोरोना वायरस के बढ़ते",267,0.06570512820512821
"दूर हैं । </s>",267,0.99812734082397
"पूछताछ की गई ।",267,0.4935185185185185
"पेश की । </s>",267,0.99812734082397
"सोने - चांदी के",267,0.7144772117962467
"द्वारा जारी किए गए",267,0.99812734082397
"कहा कि दिल्ली में",267,0.4579037800687285
"रिलीज हो रही है",267,0.9126712328767124
"लक्ष्य रखा है ।",267,0.802710843373494
"रन बना लिए हैं",267,0.6612903225806451
"<s> इस गाने को",267,0.42776886035313
"जारी करते हुए कहा",267,0.8737704918032787
"बताई है । </s>",267,0.99812734082397
"खतरनाक है । </s>",266,0.9981203007518797
"पिछले साल के मुकाबले",266,0.8296875
"कठिन है । </s>",266,0.9981203007518797
"लगाई गई थी ।",266,0.8791390728476821
"डीजल के दाम में",266,0.9250871080139372
"शुरू की जाएगी ।",266,0.8676470588235294
"में की । </s>",266,0.9981203007518797
"को मंजूरी दी है",266,0.37237026647966337
"खाना खाने के बाद",266,0.7673410404624278
"पहुंच गई है .",266,0.15337954939341422
"कहा जा रहा था",266,0.10788297440065014
"के प्रवक्ता ने कहा",266,0.5697424892703863
"<s> अहमदाबाद । </s>",266,0.9981203007518797
"चर्चा में है ।",266,0.69140625
"की समीक्षा करते हुए",266,0.9981203007518797
"है और ऐसे में",266,0.9981203007518797
"न्यायालय में पेश किया",266,0.787833827893175
"प्राथमिकी दर्ज की गई",266,0.6203271028037384
"के लक्ष्य का पीछा",266,0.9981203007518797
"<s> नई दिल्ली: दिल्ली",266,0.11503466204506066
"पड़ता है . </s>",266,0.9981203007518797
"के लिए हर संभव",266,0.3607336956521739
"अधिकार नहीं है ।",266,0.7254098360655737
"स्तर पर पहुंच गया",266,0.6203271028037384
"तेल की कीमतों में",266,0.9186851211072664
"से कम है ।",266,0.7195121951219512
"गई थीं . </s>",266,0.9981203007518797
"करती रही । </s>",266,0.9981203007518797
"छोड़ दिया । </s>",266,0.9981203007518797
"कोशिश करते हैं ।",266,0.5709677419354838
"पुलिस ने मामले की",266,0.45
"को बधाई देते हुए",266,0.9123711340206185
"हो गया था और",266,0.05493482309124767
"लाभ लेने के लिए",265,0.9981132075471698
"आरोप लगा है ।",265,0.6906005221932114
"तेजी से फैल रहा",265,0.7015915119363395
"पर भी चर्चा की",265,0.6151162790697674
"तक पहुंचाया । </s>",265,0.9981132075471698
"में पूछा गया तो",265,0.6834625322997416
"की व्यवस्था है ।",265,0.8188854489164087
"का संदेश दिया ।",265,0.7015915119363395
"किसी भी व्यक्ति को",265,0.4648506151142355
"डेली हिंदी न्‍ यूज़)",265,0.9152249134948097
"हिंदी न्‍ यूज़) ।",265,0.9981132075471698
"न्‍ यूज़) । </s>",265,0.9981132075471698
"लूट लिया । </s>",265,0.9981132075471698
"आने वाली फिल्म '",265,0.9089347079037801
"कराया गया . </s>",265,0.9981132075471698
"करने का आह्वान किया",265,0.9981132075471698
"रखते थे । </s>",265,0.9981132075471698
"इस काम के लिए",265,0.9981132075471698
"के रूप में स्थापित",265,0.012622285850632308
"<s> देर रात तक",265,0.6960526315789474
"देश के अलग -",265,0.8504823151125402
"का भी आरोप लगाया",265,0.7266483516483516
"<s> अमेरिकी राष्ट्रपति डोनाल्ड",265,0.5216962524654832
"कोरोना मरीजों की संख्या",265,0.8265625
"में दिखाया गया है",265,0.7286501377410468
"विचार किया जा रहा",265,0.7578796561604585
"कहा कि भाजपा सरकार",265,0.2580487804878049
"के लिए एक और",265,0.04764907223923617
"दी गयी . </s>",264,0.9981060606060606
"आदि के बारे में",264,0.9981060606060606
"इस सवाल का जवाब",264,0.9981060606060606
"करने की अनुमति देता",264,0.18439468159552133
"रहा है कि ये",264,0.039881943393370665
"देने के मामले में",264,0.9981060606060606
"को पता है कि",264,0.8667763157894737
"कोर्ट के आदेश पर",264,0.33912483912483915
"नहीं आती । </s>",264,0.9981060606060606
"आ चुकी हैं ।",264,0.6773778920308483
"की क्षमता है ।",264,0.7865671641791044
"भी किया . </s>",264,0.9981060606060606
"बता दें कि हाल",264,0.023105927744651
"चेतावनी देते हुए कहा",264,0.9981060606060606
"और कहा है कि",264,0.9981060606060606
"के बारे में जानने",264,0.009172874747615401
"की कोई जरूरत नहीं",264,0.9981060606060606
"की टीम के साथ",264,0.5524109014675053
"उदाहरण के तौर पर",264,0.9981060606060606
"ने बताया कि उसकी",264,0.005592223943632081
"दिखाई देते हैं ।",264,0.7593659942363112
"न दें । </s>",264,0.9981060606060606
"में दहशत का माहौल",264,0.9981060606060606
"कर रहे हैं जो",264,0.008675753983932569
"वह कहते हैं कि",264,0.9981060606060606
"संक्रमण की चपेट में",264,0.9981060606060606
"बनाने के लिए एक",264,0.09127121579494285
"लगातार हो रही बारिश",264,0.7219178082191781
"प्रतिबंध लगा दिया है",264,0.4216
"<s> भारत सरकार के",264,0.3074679113185531
"गिरफ्तार कर लिया था",264,0.041951918484317785
"<s> देश की सबसे",264,0.23401420959147423
"हो सकेंगे । </s>",264,0.9981060606060606
"के बारे में ।",264,0.009172874747615401
"में मदद करती है",264,0.7936746987951807
"कि भारतीय जनता पार्टी",264,0.9981060606060606
"कमेटी का गठन किया",263,0.8692052980132451
"नेता हैं । </s>",263,0.9980988593155894
"दुनिया के सबसे बड़े",263,0.4654255319148936
"कुछ नहीं है ।",263,0.7564841498559077
"के जाने - माने",263,0.9980988593155894
"पहुंचती है । </s>",263,0.9980988593155894
"मीडिया पर एक वीडियो",263,0.6340579710144928
"कोरोना वायरस के खिलाफ",263,0.0647189349112426
"घटना की सूचना पर",263,0.17511674449633088
"पांडेय ने कहा कि",263,0.9980988593155894
"<s> नगर निगम ने",263,0.17930327868852458
"नहीं है ।",263,0.6313372018991141
"बरामद हुआ है ।",263,0.8152173913043478
"प्रभावित है । </s>",263,0.9980988593155894
"लोगों की जान जा",263,0.19707207207207209
"में ले जाया गया",263,0.7521489971346705
"को निधन हो गया",263,0.9980988593155894
"बनाने की दिशा में",263,0.9980988593155894
"इसकी सूचना पुलिस को",263,0.9980988593155894
"<s> फिल्म की कहानी",263,0.5346232179226069
"निर्देश जारी किए हैं",263,0.42475728155339804
"फोन किया । </s>",263,0.9980988593155894
"के लिए आवेदन आमंत्रित",263,0.08949880668257756
"<s> दक्षिण अफ्रीका के",262,0.49620493358633777
"दिखते हैं । </s>",262,0.9980916030534351
"में साफ - सफाई",262,0.9048442906574394
"हासिल की . </s>",262,0.9980916030534351
"<s> Faridabad Alive News",262,0.9980916030534351
"बढ़ते जा रहे हैं",262,0.9980916030534351
"लेकर पहुंचे । </s>",262,0.9980916030534351
"मीडिया रिपोर्ट्स के अनुसार",262,0.28454842219804133
"बताया कि इस बार",262,0.1547337278106509
"है कि वे अपने",262,0.24553990610328638
"बारिश होने की संभावना",262,0.7263888888888889
"में खुशी की लहर",262,0.9980916030534351
"के लिए जा रहे",262,0.4943289224952741
"ने कहा कि वर्तमान",262,0.0042287913580646205
"रह रहे थे ।",262,0.8275316455696202
"साबित हुई । </s>",262,0.9980916030534351
"आदि उपस्थित थे ।",262,0.9980916030534351
"बताया कि इस मामले",262,0.1547337278106509
"होना आवश्यक है ।",262,0.8955479452054794
"छोड़ दें । </s>",262,0.9980916030534351
"समाप्त करने के लिए",262,0.863036303630363
"हिस्से के रूप में",262,0.9980916030534351
"सूचना पर पुलिस ने",262,0.4806985294117647
"जानकारी दी है .",262,0.19735849056603774
"लगता था । </s>",262,0.9980916030534351
"की सजा सुनाई ।",262,0.18261173184357543
"किसी तरह की कोई",262,0.3688293370944993
"सूचना है । </s>",262,0.9980916030534351
"ले लिया है .",262,0.18109418282548476
"प्रयास किया गया ।",262,0.4308072487644152
"न्यायिक हिरासत में भेज",262,0.5087548638132295
"अपनी पत्नी के साथ",262,0.8834459459459459
"इस मामले में एक",262,0.05075698757763975
"यह सच है कि",262,0.7876506024096386
"प्रधानमंत्री आवास योजना के",261,0.47363636363636363
"होने की जरूरत नहीं",261,0.6496259351620948
"इस दौरान उन्होंने कहा",261,0.5880361173814899
"को हराने के लिए",261,0.7870090634441088
"पा रहे थे ।",261,0.7661764705882353
"<s> पुलिस से मिली",261,0.8569078947368421
"चिंतित हैं । </s>",261,0.9980842911877394
"<s> इस मामले पर",261,0.038342655284074184
"हो गई हैं .",261,0.14971264367816092
"के घायल होने की",261,0.877104377104377
"आप सभी को बता",261,0.7136986301369863
"करने के लिए सभी",261,0.00823507097018936
"<s> कई बार तो",261,0.33397435897435895
"कहा कि देश की",261,0.15991405770411296
"में की गई ।",261,0.24552309142318568
"<s> चेन्नई । </s>",261,0.9980842911877394
"शेयर की है .",261,0.3119760479041916
"दूर - दूर तक",261,0.5638528138528138
"में जीत हासिल की",261,0.6322815533980582
"<s> शिवपुरी । </s>",261,0.9980842911877394
"पिटाई की । </s>",261,0.9980842911877394
"निधन हो गया .",261,0.11567495559502665
"के शुक्ल पक्ष की",261,0.9980842911877394
"सक्रिय है । </s>",261,0.9980842911877394
"हमला किया था ।",261,0.799079754601227
"बेचा जा रहा है",261,0.8349358974358975
"जानकारी दी थी ।",261,0.5530785562632696
"गया है कि वह",261,0.05254134731746672
"से इस संबंध में",260,0.9980769230769231
"रख रहे हैं ।",260,0.7911585365853658
"पर जाने के लिए",260,0.7013513513513514
"कराना है । </s>",260,0.9980769230769231
"वीडियो कॉन्फ्रेंसिंग के जरिए",260,0.5428870292887029
"मंत्री डा . </s>",260,0.9980769230769231
"खारिज कर दिया था",260,0.1697187704381949
"हमारे संवाददाता नई दिल्ली",260,0.9980769230769231
"नियमों का पालन करने",260,0.2071029529130088
"चल रही है और",260,0.05447103274559194
"उपचार चल रहा है",260,0.7935779816513762
"झा ने बताया कि",260,0.9980769230769231
"हो सकती है और",260,0.03043631245601689
"प्रदान की गई है",260,0.47354014598540145
"इस बात पर जोर",260,0.20893719806763286
"रह चुके हैं .",260,0.24951923076923077
"की जायेगी . </s>",260,0.9980769230769231
"कोरोना संक्रमण से बचाव",260,0.4625668449197861
"सकता हैं । </s>",260,0.9980769230769231
"<s> इस्लामाबाद । </s>",260,0.9980769230769231
"बरामद हुए हैं ।",260,0.8370967741935483
"नहीं देखा । </s>",260,0.9980769230769231
"के तौर पर हुई",260,0.060125115848007414
"का विरोध किया है",260,0.23169642857142858
"नशे की हालत में",260,0.9980769230769231
"के खिलाफ नारेबाजी की",260,0.4658886894075404
"लिए अच्छी खबर है",260,0.9980769230769231
"<s> मूल रूप से",260,0.9980769230769231
"को दी जाने वाली",260,0.9980769230769231
"पुरस्कृत किया गया ।",260,0.9980769230769231
"बनाए हैं . </s>",260,0.9980769230769231
"के रूप में अपनी",260,0.012383679312813171
"खेला था । </s>",260,0.9980769230769231
"वर्ष से अधिक उम्र",260,0.375
"आ रहे हैं और",260,0.039276524897835625
"पर हमला बोल दिया",260,0.9980769230769231
"शुरू होती है ।",260,0.7109589041095891
"निर्भर करता है कि",260,0.3020954598370198
"गया है कि वे",260,0.05233965308592174
"प्रशंसा की । </s>",259,0.9980694980694981
"अध्यक्ष अखिलेश यादव ने",259,0.6478696741854637
"कि राज्य सरकार ने",259,0.44568965517241377
"रवाना हुई । </s>",259,0.9980694980694981
"कर रहा हूं .",259,0.20846774193548387
"नाम रोशन किया है",259,0.764792899408284
"से सोशल मीडिया पर",259,0.9070175438596492
"की बताई जा रही",259,0.9980694980694981
"में उत्तर प्रदेश के",259,0.46409335727109513
"समस्याओं का सामना करना",259,0.8531353135313532
"में व्यस्त हैं ।",259,0.7180555555555556
"लिखा गया है कि",259,0.3983050847457627
"मानना है कि इस",259,0.138161411010155
"जताई है . </s>",259,0.9980694980694981
"देती हैं . </s>",259,0.9980694980694981
"का लाभ मिलेगा ।",259,0.8703703703703703
"देने के बाद भी",259,0.45271453590192645
"भेज दिया . </s>",259,0.9980694980694981
"रेफर किया गया है",259,0.4952107279693487
"के लिए किए गए",259,0.5822072072072072
"प्राप्त करें । </s>",259,0.9980694980694981
"<s> शीर्ष अदालत ने",259,0.9166666666666666
"ने जानकारी दी कि",259,0.5038986354775828
"की जान जा चुकी",259,0.7281690140845071
"राष्ट्रीय अध्यक्ष अखिलेश यादव",259,0.9980694980694981
"कहा कि सरकार की",259,0.16237437185929648
"से संबंधित है ।",259,0.8822525597269625
"स्वीकार कर लिया है",259,0.3940548780487805
"गौरतलब है कि इस",259,0.07823849878934624
"घर लौट रहे थे",259,0.8588039867109635
"वोट मिले । </s>",259,0.9980694980694981
"में आ रहा है",259,0.8531353135313532
"<s> अधिकारियों ने कहा",259,0.20116731517509728
"<s> एक दिन पहले",259,0.3446666666666667
"लेकिन इसके बाद भी",259,0.850328947368421
"मुलायम सिंह यादव ने",259,0.32032218091697645
"निदेशक डा . </s>",259,0.9980694980694981
"<s> राहुल ने कहा",259,0.7385714285714285
"<s> बड़ी संख्या में",259,0.9980694980694981
"के साथ हैं ।",259,0.6039719626168224
"करने के संबंध में",258,0.998062015503876
"अपने आप में एक",258,0.7336182336182336
"किया जा सके .",258,0.1474799541809851
"अपने कब्जे में ले",258,0.4590017825311943
"ने कहा कि आप",258,0.004164106213008183
"<s> जिला अस्पताल के",258,0.28674832962138086
"समीक्षा की गई ।",258,0.9131205673758865
"बाहर निकाला गया ।",258,0.9003496503496503
"के बच्चों के लिए",258,0.7274011299435028
"पहुंच गई थी ।",258,0.8699324324324325
"<s> लेकिन बाद में",258,0.998062015503876
"की तुलना में कम",258,0.11018399657680787
"व्यवस्था की जा रही",258,0.998062015503876
"ने कहा कि हमारी",258,0.004164106213008183
"का पालन करना होगा",258,0.45254833040421794
"ने कहा कि इसके",258,0.004164106213008183
"लोकार्पण किया । </s>",258,0.998062015503876
"में मुख्य अतिथि के",258,0.998062015503876
"साथियों के साथ मिलकर",258,0.998062015503876
"माना जाता है और",258,0.039223153084539226
"3 - 0 से",258,0.8415032679738562
"हो रहा है तो",258,0.018104478661323208
"के मामले की जांच",258,0.7640949554896143
"पर आ गए हैं",258,0.4581850533807829
"तो उन्होंने बताया कि",258,0.998062015503876
"है ? ' </s>",258,0.998062015503876
"दिया है कि वह",257,0.24902912621359224
"दौरान उसकी मौत हो",257,0.9980544747081712
"की सांस ली ।",257,0.535490605427975
"राहत मिली । </s>",257,0.9980544747081712
"जारी कर दिया ।",257,0.11254936375603335
"कोविड - 19 वैक्सीन",257,0.024282874183470606
"तय किया है कि",257,0.4672131147540984
"सरकार का कहना है",257,0.9980544747081712
"<s> अखिलेश यादव ने",257,0.7772727272727272
"कह दिया । </s>",257,0.9980544747081712
"आयोजित किया जा रहा",257,0.9193548387096774
"हो सकें । </s>",257,0.9980544747081712
"हाल के वर्षों में",257,0.9980544747081712
"हो सके . </s>",257,0.9980544747081712
"हत्या का मुकदमा दर्ज",257,0.9980544747081712
"<s> कोरोना के कारण",257,0.19806949806949806
"के इस फैसले से",257,0.3003512880562061
"<s> सूत्र बताते हैं",257,0.9980544747081712
"का प्रदर्शन किया ।",257,0.478544776119403
"चालू वित्त वर्ष की",257,0.33839050131926124
"<s> इससे लोगों को",257,0.5751121076233184
"मुख्यमंत्री श्री चौहान ने",257,0.9980544747081712
"खिलाफ कार्रवाई की जाएगी",257,0.30866425992779783
"बात कही गई थी",257,0.2590909090909091
"करोड़ की लागत से",257,0.9980544747081712
"की दूसरी लहर में",257,0.22323759791122716
"लौटे हैं । </s>",256,0.998046875
"इसमें कोई शक नहीं",256,0.998046875
"बैठा था । </s>",256,0.998046875
"आदेश जारी कर दिया",256,0.4620253164556962
"न लें । </s>",256,0.998046875
"बर्दाश्त नहीं किया जाएगा",256,0.9028268551236749
"का गठन किया था",256,0.11003445305770887
"आने लगे हैं ।",256,0.8268608414239482
"रिलीज होने वाली है",256,0.6083333333333333
"करने की मांग कर",256,0.07792009759072888
"रिपोर्ट्स की मानें तो",256,0.998046875
"विभाग के एक अधिकारी",256,0.7363112391930836
"कर रहा है कि",256,0.023337595907928388
"दर्दनाक मौत हो गई",256,0.8996478873239436
"जानकारी मिली । </s>",256,0.998046875
"प्रशासन की तरफ से",256,0.998046875
"सभी को बता दें",256,0.998046875
"गया है । '",256,0.0026995044745211152
"फंस गए । </s>",256,0.998046875
"पाया गया है कि",256,0.23080397470641373
"चिकित्सक डॉ . </s>",256,0.998046875
"न हो इसके लिए",256,0.998046875
"अनुमति दे दी है",256,0.5506465517241379
"करवा दिया । </s>",256,0.998046875
"विवाद चल रहा था",256,0.45141342756183744
"और केंद्र शासित प्रदेशों",256,0.7984375
"भी शुरू हो गई",256,0.3740849194729136
"शुभकामनाएं दी । </s>",256,0.998046875
"स्थान पर रही ।",256,0.8516666666666667
"में जानकारी दी गई",256,0.21818958155422716
"जनसभा को संबोधित करते",256,0.4714022140221402
"<s> मोदी सरकार ने",256,0.3751835535976505
"आने वाला है ।",256,0.6961852861035422
"नजर रखने के लिए",256,0.9060283687943262
"नहीं मिलने के कारण",255,0.7529585798816568
"विचार - विमर्श किया",255,0.4410745233968804
"लगातार बढ़ रही है",255,0.837171052631579
"<s> ऐसे में जब",255,0.022973460913522297
"निकलते हैं । </s>",255,0.9980392156862745
"दोपहर 12 बजे से",255,0.4686924493554328
"से बड़ी संख्या में",255,0.9980392156862745
"मिलनी चाहिए । </s>",255,0.9980392156862745
"के माध्यम से भी",255,0.03950636448307979
"खेली थी । </s>",255,0.9980392156862745
"देने की अपील की",255,0.8569023569023569
"बारिश हुई है ।",255,0.800314465408805
"डेब्यू किया था ।",255,0.6059523809523809
"<s> इसी को लेकर",255,0.5215163934426229
"कर रहे थे कि",255,0.031501423443495484
"रिपोर्ट में बताया गया",255,0.6283950617283951
"लग गई है ।",255,0.8157051282051282
"दर्ज कराने के लिए",255,0.755192878338279
"को अपनी चपेट में",255,0.9980392156862745
"टीम मौके पर पहुंची",255,0.7507374631268436
"पहुंच रहा है ।",255,0.8836805555555556
"एक बयान जारी कर",255,0.5918604651162791
"<s> इन पदों पर",255,0.5891203703703703
"हंगामा हुआ । </s>",255,0.9980392156862745
"से गिरफ्तार किया है",255,0.2895335608646189
"जिला विधिक सेवा प्राधिकरण",255,0.7271428571428571
"का उपयोग करने की",255,0.2268270944741533
"आज ही के दिन",255,0.9980392156862745
"लैस है । </s>",255,0.9980392156862745
"नहीं कर पा रहा",255,0.21586089906700592
"कि कोरोना काल में",255,0.7830769230769231
"अलग है . </s>",255,0.9980392156862745
"के बाद देश में",255,0.4686924493554328
"पार्टी के प्रदेश अध्यक्ष",255,0.6610389610389611
"पर जा सकते हैं",255,0.9980392156862745
"नहीं होती . </s>",255,0.9980392156862745
"मिले है । </s>",255,0.9980392156862745
"नहीं होते हैं ।",255,0.6576227390180879
"<s> जम्मू कश्मीर के",255,0.4248747913188648
"क्रिकेट टीम के कप्तान",255,0.34958791208791207
"की वजह से कई",255,0.028512211516916873
"बंद रहे । </s>",255,0.9980392156862745
"पहुंचने से पहले ही",255,0.9980392156862745
"विचार कर रहा है",255,0.9980392156862745
"विभाग का कहना है",255,0.9980392156862745
"के कारणों का पता",254,0.6814516129032258
"निंदा की है ।",254,0.728448275862069
"काम शुरू हो गया",254,0.5922897196261683
"जारी किए । </s>",254,0.9980314960629921
"अंतिम संस्कार के लिए",254,0.7728658536585366
"ने घोषणा की है",254,0.41085899513776336
"रोशन किया है ।",254,0.9980314960629921
"जब्त किया है ।",254,0.9053571428571429
"के फैसले के खिलाफ",254,0.3184673366834171
"लाखों की संख्या में",254,0.9980314960629921
"बैठक होगी । </s>",254,0.9980314960629921
"<s> वहीं इस मामले",254,0.3448979591836735
"की जा सकती ।",254,0.09018143009605123
"में आने से पहले",254,0.3477366255144033
"को हुआ । </s>",254,0.9980314960629921
"की स्थापना की ।",254,0.21213389121338913
"<s> लेकिन फिर भी",254,0.9980314960629921
"दिया और कहा कि",254,0.9980314960629921
"कि डॉ . </s>",254,0.9980314960629921
"ने बताया कि उनका",254,0.005379995330970521
"ठीक होने के बाद",254,0.9151624548736462
"देने का वादा किया",254,0.8832752613240418
"में बार - बार",254,0.9980314960629921
"पाई है . </s>",254,0.9980314960629921
"<s> नई दिल्ली -",254,0.01622296173044925
"कमी आएगी । </s>",254,0.9980314960629921
"तक चला । </s>",254,0.9980314960629921
"कर सकते हैं ?",254,0.013525770995624799
"पर बल दिया ।",254,0.6483375959079284
"के साथ मिलकर काम",254,0.24804305283757339
"विकेट से हरा दिया",254,0.9980314960629921
"बना लें । </s>",254,0.9980314960629921
"<s> वॉशिंगटन । </s>",254,0.9980314960629921
"<s> ऐसे में आप",254,0.022883191911897454
"<s> आइए जानते हैं",254,0.9151624548736462
"से बढ़ रही है",254,0.9118705035971223
"टीम के कप्तान विराट",254,0.6385390428211587
"<s> इस फिल्म की",254,0.07999368886083938
"की जरुरत है ।",254,0.7996845425867508
"आग्रह किया है कि",253,0.39391575663026523
"नहीं करती । </s>",253,0.9980237154150198
"पारी खेली . </s>",253,0.9980237154150198
"<s> उन्होंने ट्वीट कर",253,0.3245501285347044
"- दूसरे के साथ",253,0.4308873720136519
"जन - जन तक",253,0.6328320802005013
"केस सामने आए हैं",253,0.7470414201183432
"को कारण बताओ नोटिस",253,0.9980237154150198
"प्राप्त होगी । </s>",253,0.9980237154150198
"की स्थिति बनी हुई",253,0.4755178907721281
"हत्या का मामला दर्ज",253,0.8067092651757188
"मदद मिल सकती है",253,0.9980237154150198
"<s> अमेरिका के राष्ट्रपति",253,0.554945054945055
"को करने के लिए",253,0.8676975945017182
"ले जाया गया है",253,0.1245069033530572
"मांगा गया है ।",253,0.9050179211469535
"शुरू कर दिए ।",253,0.32538659793814434
"कहा कि वह इस",253,0.18648449039881831
"पूरा करने के बाद",253,0.10944950151712181
"लाया जा रहा है",253,0.7841614906832298
"प्रक्रिया शुरू हो गई",253,0.6234567901234568
"<s> राष्ट्रीय स्वयंसेवक संघ",253,0.9980237154150198
"है कि यह एक",253,0.1625885383129427
"बुलाया है । </s>",253,0.9980237154150198
"कर दिए हैं .",253,0.15741895261845387
"महसूस किए गए ।",253,0.6011904761904762
"<s> इस अभियान के",253,0.42294807370184256
"सोशल मीडिया पर अपनी",253,0.02932977116970612
"हो . . .",253,0.7492581602373887
"योजना के बारे में",253,0.9980237154150198
"<s> कोतवाली क्षेत्र के",253,0.8953900709219859
"आने - जाने वाले",253,0.26467505241090145
"आना होगा । </s>",253,0.9980237154150198
"बताया था . </s>",253,0.9980237154150198
"इसका मतलब यह नहीं",253,0.46586715867158673
"पर आ गई है",253,0.4469026548672566
"<s> बरेली । </s>",253,0.9980237154150198
"मौके पर मौत हो",253,0.9980237154150198
"चला रही है ।",253,0.77217125382263
"यह भी कहना है",253,0.7698170731707317
"को लुभाने के लिए",253,0.9980237154150198
"भी संबोधित किया ।",253,0.9980237154150198
"शुरू की गई थी",253,0.21165129924559933
"ऐलान किया है .",253,0.22788808664259927
"केंद्र और राज्य सरकार",253,0.45089285714285715
"लगा रहे थे ।",253,0.7404692082111437
"के लिए कम से",253,0.9215328467153284
"कर ली गई हैं",253,0.1606234096692112
"गिरावट देखने को मिली",253,0.6715425531914894
"ध्यान देना चाहिए ।",252,0.6815718157181572
"निशाना साधा . </s>",252,0.998015873015873
"प्रदान की गई ।",252,0.45894160583941607
"में नजर आने वाली",252,0.4631675874769797
"मांग है । </s>",252,0.998015873015873
"करती थी . </s>",252,0.998015873015873
"के तौर पर देखा",252,0.05827154772937906
"मदद करता है .",252,0.1919847328244275
"मानव संसाधन विकास मंत्री",252,0.48458574181117536
"कर देना चाहिए ।",252,0.7289855072463768
"देने के लिए एक",252,0.08433936955063716
"अपील की थी ।",252,0.591764705882353
"शादी की । </s>",252,0.998015873015873
"ने इसका विरोध किया",252,0.8886925795053003
"घर से निकाल दिया",252,0.998015873015873
"ली गई थी ।",252,0.9014336917562724
"धन्यवाद दिया । </s>",252,0.998015873015873
"प्रमुख हैं । </s>",252,0.998015873015873
"साधा है . </s>",252,0.998015873015873
"<s> जिसके बाद से",252,0.1223249027237354
"कोरोना वायरस संक्रमण से",252,0.17599720083974807
"पूरा कर लिया है",252,0.31087762669962915
"भी की . </s>",252,0.998015873015873
"पहले भी कई बार",252,0.998015873015873
"में चल रही है",252,0.5835266821345708
"होने की सूचना मिली",252,0.30192076830732295
"को पूरा करने की",252,0.09209080922738923
"कहा कि मोदी सरकार",252,0.5431965442764579
"दी जानी चाहिए ।",252,0.7762345679012346
"पर पहुंचा । </s>",252,0.998015873015873
"बै "" क में",252,0.7289855072463768
"<s> आरोप लगाया कि",252,0.8327814569536424
"जागरूक किया जा रहा",252,0.998015873015873
"अगले साल होने वाले",252,0.998015873015873
"ने कहा कि दोनों",252,0.004067078495423526
"बात करें तो इस",252,0.10826517434352131
"गर्मी के मौसम में",252,0.998015873015873
"शादी के बाद से",252,0.47097378277153557
"बात करें तो यह",252,0.10826517434352131
"वर्ष 2016 - 17",252,0.998015873015873
"छात्र - छात्राओं की",252,0.09014336917562724
"काम करने का मौका",252,0.45644283121597096
"पद से हटा दिया",252,0.998015873015873
"घाट उतार दिया ।",252,0.5564159292035398
"यूटीआई एफटीआईएफ सीरिज -",252,0.998015873015873
"करने की कोशिश में",251,0.06301886792452831
"शाम 5 बजे तक",251,0.7927215189873418
"<s> उन्होंने कहा -",251,0.006611592060810811
"हिस्सा लिया था ।",251,0.7056338028169014
"प्राप्त हुआ है ।",251,0.8608247422680413
"जारी की । </s>",251,0.99800796812749
"का सामना करना पड़ेगा",251,0.033865080438015414
"- अलग जगहों पर",251,0.7755417956656346
"की है कि वे",251,0.2439143135345667
"बंद कर दिए गए",251,0.5908018867924528
"जा सकता है ?",251,0.012415126133716608
"<s> इस सीट पर",251,0.6977715877437326
"को निर्देश दिया है",251,0.2690655209452202
"जगह है । </s>",251,0.99800796812749
"तेजी से बढ़ रही",251,0.33047493403693934
"<s> कांग्रेस नेता ने",251,0.4744318181818182
"करवाई है । </s>",251,0.99800796812749
"कामयाब रहे । </s>",251,0.99800796812749
"राष्ट्रीय अध्यक्ष जेपी नड्डा",251,0.99800796812749
"बच गया । </s>",251,0.99800796812749
"ने मौके पर पहुंच",251,0.2137372013651877
"चला रहा है ।",251,0.8608247422680413
"रद्द कर दिया है",251,0.2415621986499518
"की जान ले ली",251,0.8667820069204152
"की सहायता के लिए",251,0.99800796812749
"कुचल दिया । </s>",251,0.99800796812749
"भेजी है । </s>",251,0.99800796812749
"प्रयास है । </s>",251,0.99800796812749
"देने को कहा है",251,0.32702349869451697
"की सुनवाई के दौरान",251,0.5133196721311475
"अच्छी है । </s>",251,0.99800796812749
"की जानकारी मिली है",251,0.41819699499165275
"चले गए . </s>",251,0.99800796812749
"के लिए खुद को",251,0.8133116883116883
"कि आने वाले दिनों",251,0.47714285714285715
"का यह भी कहना",251,0.6662234042553191
"चर्चा है । </s>",251,0.99800796812749
"तैयार किया जाता है",251,0.99800796812749
"से बचा जा सकता",251,0.6881868131868132
"रहने की सलाह दी",251,0.99800796812749
"दोनों एक - दूसरे",251,0.99800796812749
"हैं . A </s>",251,0.99800796812749
"का समय दिया गया",250,0.4294320137693632
"कोविड - 19 को",250,0.02362018365994509
"में विस्तार से जानकारी",250,0.5102249488752556
"- - मोहम्मद के",250,0.7560606060606061
"के बढ़ते मामलों के",250,0.4309153713298791
"रहा हूँ । </s>",250,0.998
"नहीं कर सकती ।",250,0.427958833619211
"ने अपने इंस्टाग्राम अकाउंट",250,0.4503610108303249
"खेले हैं । </s>",250,0.998
"जमा हो गई ।",250,0.7492492492492493
"<s> इस घटना को",250,0.0815359477124183
"नारे लगाए । </s>",250,0.998
"अस्पताल में इलाज चल",250,0.36054913294797686
"नहीं किया जाना चाहिए",250,0.998
"ने इस बात का",250,0.18440502586844051
"<s> इस घटना की",250,0.0815359477124183
"की बात कह रहे",250,0.3685376661742984
"करने के लिए अपनी",250,0.007887332848607468
"हो सकता है ?",250,0.019256000617426872
"छक्कों की मदद से",250,0.998
"की अनुमति दी है",250,0.18211678832116787
"का कार्य किया जा",250,0.35642857142857143
"मुश्किल होगा । </s>",250,0.998
"खुशी हो रही है",250,0.998
"शुभ है । </s>",250,0.998
"सुरक्षित रखने के लिए",250,0.998
"कर दिए थे ।",250,0.8022508038585209
"को मिले । </s>",250,0.998
"आयोजित हुई । </s>",250,0.998
"क्यों है ? </s>",250,0.998
"में हुई . </s>",250,0.998
"निकलता है । </s>",250,0.998
"चार लोगों की मौत",250,0.8048387096774193
"ने दिया है ।",250,0.8127035830618893
"घर पहुंचे । </s>",250,0.998
"करवा रहे हैं ।",250,0.8816254416961131
"हादसा हुआ । </s>",250,0.998
"कोरोना संक्रमित मरीजों की",250,0.6100244498777506
"ध्यान नहीं दिया ।",250,0.31032338308457713
"टाटा FHF - Sr",250,0.998
"चला गया . </s>",249,0.9979919678714859
"दायर की है ।",249,0.7939297124600639
"ही रहेगा । </s>",249,0.9979919678714859
"करने के बाद अब",249,0.05092213114754098
"में कथित तौर पर",249,0.9979919678714859
"संक्रमण की वजह से",249,0.9979919678714859
"प्राप्त किया है ।",249,0.9169741697416974
"ने कहा कि पाकिस्तान",249,0.004018564636631198
"में आती है ।",249,0.6060975609756097
"अखिल भारतीय आयुर्विज्ञान संस्थान",249,0.9979919678714859
"एक कार्यक्रम के दौरान",249,0.9979919678714859
"मंजूरी दे दी ।",249,0.18954996186117468
"नरेंद्र मोदी के नेतृत्व",249,0.3015776699029126
"तैयार नहीं हैं ।",249,0.8338926174496645
"पर तेजी से वायरल",249,0.7863924050632911
"कहना है कि उनकी",249,0.016492997942523395
"हम सभी जानते हैं",249,0.8598615916955017
"<s> गौरतलब हो कि",249,0.9979919678714859
"बारे में भी जानकारी",249,0.33626522327469555
"हो रही है तो",249,0.01932047893018193
"के कोने - कोने",249,0.9979919678714859
"आवेदन किया है ।",249,0.9102564102564102
"बेहतर होगा । </s>",249,0.9979919678714859
"लिए है . </s>",249,0.9979919678714859
"प्रसार को रोकने के",249,0.9979919678714859
"अनुमान लगाया जा रहा",249,0.7507552870090635
"होगा । "" </s>",249,0.9979919678714859
"हो गई थी और",249,0.05082839026385764
"मामले की सुनवाई के",249,0.3575539568345324
"विभाग के अधिकारियों के",249,0.1496987951807229
"को अलविदा कह दिया",249,0.7939297124600639
"बढ़ावा देने के लिए",249,0.9979919678714859
"से एक - एक",249,0.5509977827050998
"त्रिवेंद्र सिंह रावत ने",249,0.6291139240506329
"का केस दर्ज किया",249,0.46448598130841123
"किये गये । </s>",249,0.9979919678714859
"मामला सामने आया था",249,0.07253356684179801
"आवेदन किया था ।",249,0.906934306569343
"के लिए भेजे गए",249,0.8228476821192053
"राजकीय वरिष्ठ माध्यमिक पाठशाला",249,0.668010752688172
"मुझे खुशी है कि",249,0.9979919678714859
"बारे में बात कर",248,0.11533084808946878
"बिगड़ गई । </s>",248,0.9979838709677419
"काम करना शुरू कर",248,0.6547619047619048
"से इंतजार कर रहे",248,0.8061889250814332
"से कोई लेना -",248,0.6007281553398058
"छूट दी गई है",248,0.7932692307692307
"लगाए गए थे ।",248,0.9979838709677419
"कर चुकी है .",248,0.1751592356687898
"यह भी कहा था",248,0.06496062992125984
"में जुट गए ।",248,0.36026200873362446
"सख्त कार्रवाई की जाएगी",248,0.6671159029649596
"मुख्यमंत्री जयराम ठाकुर ने",248,0.5145530145530145
"अलग - अलग राज्यों",248,0.04276088458880442
"बताया कि प्रदेश में",248,0.621859296482412
"की जरूरत नहीं होगी",248,0.09504608294930876
"ने बताया कि सुबह",248,0.005252658163373586
"भी दी गई है",248,0.515625
"पूजन किया । </s>",248,0.9979838709677419
"पर वायरल हो रही",248,0.25101419878296144
"मनाई जाएगी । </s>",248,0.9979838709677419
"के योग बन रहे",248,0.9979838709677419
"को तत्काल प्रभाव से",248,0.9979838709677419
"की है कि वह",248,0.2409931840311587
"भी होते हैं ।",248,0.6395348837209303
"उल्लेख किया गया है",248,0.7907348242811502
"रोक लगाने के लिए",248,0.8476027397260274
"उन्होंने कहा कि जो",248,0.009884580055114021
"जा सकेगा . </s>",248,0.9979838709677419
"को बताया गया कि",248,0.5487804878048781
"जांच के लिए भेजे",248,0.15036452004860268
"राहुल ने कहा कि",248,0.9099264705882353
"और उत्तर प्रदेश के",248,0.4326923076923077
"लोगों के बारे में",248,0.9979838709677419
"मदद करती है ।",248,0.7710280373831776
"को दबोच लिया ।",247,0.7447129909365559
"आयोग की ओर से",247,0.9979757085020243
"हैं या नहीं ।",247,0.660857908847185
"मंत्री नितिन गडकरी ने",247,0.777602523659306
"मजबूर कर दिया ।",247,0.5465631929046563
"हूं . ' </s>",247,0.9979757085020243
"सेवन करें । </s>",247,0.9979757085020243
"व्यवस्था की जाएगी ।",247,0.9979757085020243
"कम होने के कारण",247,0.4481818181818182
"नहीं चल सका है",247,0.5405701754385965
"में सोशल मीडिया पर",247,0.7492401215805471
"हमला कर दिया था",247,0.12462082912032356
"जाने के बारे में",247,0.9979757085020243
"<s> हमारे संवाददाता नई",247,0.9979757085020243
"आती हैं . </s>",247,0.9979757085020243
"टीम के पूर्व कप्तान",247,0.7561349693251533
"<s> ग्रामीण क्षेत्रों में",247,0.8772241992882562
"को बताया है कि",247,0.7186588921282799
"को किसी भी तरह",247,0.3956661316211878
"नहीं हुई थी ।",247,0.7703125
"डाला था । </s>",247,0.9979757085020243
"सुबह 8 बजे से",247,0.8529411764705882
"की कार्रवाई की जाएगी",247,0.3017135862913097
"बंद करने के लिए",247,0.4959758551307847
"आदेश दिए गए हैं",247,0.735820895522388
"<s> है । </s>",247,0.9979757085020243
"भी शामिल हुए ।",247,0.7083333333333334
"से डॉ . </s>",247,0.9979757085020243
"<s> ऐसे में लोगों",247,0.02225130890052356
"बनाने की कोशिश की",247,0.45988805970149255
"के माध्यम से ही",247,0.03826451412604781
"पिछले दो दिनों से",247,0.7186588921282799
"से लैस है ।",247,0.6626344086021505
"कोरोना संक्रमण के मामले",247,0.1498480243161094
"भारत माता की जय",247,0.8529411764705882
"से छुट्टी दे दी",247,0.9979757085020243
"ने आगे बताया कि",247,0.9979757085020243
"कुलपति डॉ . </s>",247,0.9979757085020243
"करने की अनुमति नहीं",247,0.17249825052484255
"सराहनीय है । </s>",247,0.9979757085020243
"जरूरतों को पूरा करने",247,0.82996632996633
"<s> आजादी के बाद",247,0.8384353741496599
"संपर्क कर सकते हैं",247,0.9979757085020243
"इस्तेमाल किया जा रहा",247,0.3516405135520685
"हालत यह है कि",247,0.9979757085020243
"नहीं रहेगी । </s>",247,0.9979757085020243
"था . "" </s>",247,0.9979757085020243
"अच्छी बात यह है",247,0.8963636363636364
"इस फिल्म की शूटिंग",246,0.6106965174129353
"में आयोजित होने वाले",246,0.5887290167865707
"में संक्रमितों की संख्या",246,0.7695924764890282
"के दौरान उसकी मौत",246,0.9979674796747967
"<s> डीएम ने कहा",246,0.5901442307692307
"अक्टूबर आईएएनएस) । </s>",246,0.9979674796747967
"की शिकायत पर पुलिस",246,0.4597378277153558
"का जन्म हुआ था",246,0.5223404255319148
"की शिकायत की थी",246,0.2700770077007701
"शुरू हुई थी ।",246,0.6689373297002725
"<s> कुछ ऐसा ही",246,0.9979674796747967
"को देखते हुए यह",246,0.05852205005959476
"लिए अस्पताल में भर्ती",246,0.9979674796747967
"में अब तक कोरोना",246,0.1340065502183406
"हो गई है कि",246,0.016640683250864232
"उन्होंने यह भी बताया",246,0.1858440575321726
"भ्रमण किया । </s>",246,0.9979674796747967
"की चेतावनी दी ।",246,0.2736900780379041
"प्रभावित हो रही है",246,0.8894927536231884
"दास ने कहा कि",246,0.9160447761194029
"की बात है .",246,0.09661550570641479
"कर रखी है ।",246,0.8407534246575342
"से इनकार किया है",246,0.526824034334764
"पड़े थे । </s>",246,0.9979674796747967
"फिल्म के बारे में",246,0.9979674796747967
"के नेतृत्व में एक",246,0.10446808510638297
"के मामले में एक",246,0.04097813386746787
"को प्रभावित करता है",246,0.9979674796747967
"<s> दो साल पहले",246,0.4871031746031746
"मनाई जाती है ।",246,0.8293918918918919
"का योगदान दिया ।",246,0.7671875
"सुने नई दिल्ली ।",246,0.9979674796747967
"बदलाव किया है ।",246,0.8156146179401993
"के लिए कोई भी",246,0.27897727272727274
"चला गया है ।",246,0.8265993265993266
"बात यह रही कि",246,0.9979674796747967
"बताया कि मंगलवार को",246,0.6494708994708994
"संपर्क करें । </s>",246,0.9979674796747967
"पर रोक लगाने की",246,0.2724750277469478
"बता दें कि कोरोना",246,0.02152753419852683
"निकली थी । </s>",246,0.9979674796747967
"कम हो गया है",246,0.6360103626943006
"घर - घर में",246,0.19468675654242665
"कराया है . </s>",245,0.9979591836734694
"बने रहे । </s>",245,0.9979591836734694
"<s> परिजनों ने बताया",245,0.49096385542168675
"के लिए बंद कर",245,0.6451187335092349
"लिए भेजा । </s>",245,0.9979591836734694
"से किया जाता है",245,0.9979591836734694
"को लेकर लोगों में",245,0.3949919224555735
"है कि कोविड -",245,0.9226415094339623
"एक लाख से अधिक",245,0.6269230769230769
"पता चलता है ।",245,0.11236213235294118
"कार्य शुरू कर दिया",245,0.9979591836734694
"पर चर्चा के लिए",245,0.5303687635574837
"निशाना साधा है .",245,0.32255936675461744
"हो पाता है ।",245,0.8858695652173914
"हमारा मानना है कि",245,0.9979591836734694
"सो रहे थे ।",245,0.9123134328358209
"प्रभावित करता है ।",245,0.7836538461538461
"12 वीं की परीक्षा",245,0.4701923076923077
"ले लिया गया है",245,0.4639468690702087
"की आधिकारिक वेबसाइट पर",245,0.6451187335092349
"में खेला जाएगा ।",245,0.7255192878338279
"कौन है ? </s>",245,0.9979591836734694
"<s> लेकिन इसके बाद",245,0.422279792746114
"के लिए कई बार",245,0.26692139737991266
"ने भी संबोधित किया",245,0.9979591836734694
"प्राप्ति होगी । </s>",245,0.9979591836734694
"खान ने बताया कि",245,0.9979591836734694
"तय करने के लिए",245,0.8204697986577181
"के बाद शुक्रवार को",245,0.9123134328358209
"जेल में बंद है",245,0.32341269841269843
"उन्होंने कहा कि प्रधानमंत्री",245,0.009764766963536882
"इस बात के लिए",245,0.6189873417721519
"गहलोत ने कहा कि",245,0.9055555555555556
"सफल रहेंगे । </s>",245,0.9979591836734694
"संक्रमितों की संख्या बढ़कर",245,0.4034653465346535
"से पूछताछ की जा",245,0.19374009508716322
"पिछले साल की तुलना",245,0.37557603686635943
"प्रदान करेगा । </s>",244,0.9979508196721312
"बाद से अब तक",244,0.9979508196721312
"चाहती हूं । </s>",244,0.8790613718411552
"लोग मारे गए थे",244,0.39147909967845657
"इस्तीफा दे दिया ।",244,0.2042785234899329
"में प्रवेश कर लिया",244,0.31747066492829207
"में खलबली मच गई",244,0.9979508196721312
"आ गए हैं .",244,0.19748580697485807
"में शामिल थे ।",244,0.7983606557377049
"में कहा जाता है",244,0.9979508196721312
"को सुप्रीम कोर्ट ने",244,0.3877388535031847
"चला था । </s>",244,0.9979508196721312
"आने के साथ ही",244,0.9979508196721312
"से बात की है",244,0.14615846338535415
"पहुंचाया है । </s>",244,0.9979508196721312
"का उपयोग करते हुए",244,0.304755944931164
"कर रहे हैं लेकिन",244,0.008017252732780191
"<s> इस दिशा में",244,0.9979508196721312
"नहीं दी जा सकती",244,0.5180851063829788
"पर डा . </s>",244,0.9979508196721312
"शेष है । </s>",244,0.9979508196721312
"मानना है कि यह",244,0.1301443078567611
"चुन सकते हैं ।",244,0.7515432098765432
"धर दबोचा । </s>",244,0.9979508196721312
"<s> इन दोनों के",244,0.2714604236343367
"के माध्यम से लोगों",244,0.03779882024216082
"दी जायेगी । </s>",244,0.9979508196721312
"प्रदान की है ।",244,0.8790613718411552
"आई हैं . </s>",244,0.9979508196721312
"क्षेत्र के लोगों को",244,0.3439265536723164
"जिम्मेदारी सौंपी गई है",244,0.6937321937321937
"समर्पित है । </s>",244,0.9979508196721312
"भी शामिल किया गया",244,0.5783847980997625
"निर्माण किया गया है",244,0.6042183622828784
"दाखिल किया । </s>",244,0.9979508196721312
"में रहते थे ।",244,0.7423780487804879
"पड़े हैं । </s>",244,0.9979508196721312
"खत्म हो चुका है",244,0.9979508196721312
"भी हो रही है",244,0.7312312312312312
"कहा कि सरकार को",244,0.15295226130653267
"पक्ष की ओर से",244,0.9979508196721312
"कोई बात नहीं है",244,0.5953545232273839
"अलग हैं । </s>",244,0.9979508196721312
"सकते हैं । '",244,0.007187131050767415
"सलमान खान के साथ",244,0.637434554973822
"में कई तरह की",244,0.43559928443649376
"ने एक - एक",244,0.4011532125205931
"दबिश दी । </s>",244,0.9979508196721312
"महाराज ने कहा कि",244,0.9979508196721312
"बरामद कर लिया ।",244,0.3554744525547445
"देने होंगे । </s>",244,0.9979508196721312
"एलआईसी नोमुरा एफएमपी -",244,0.9979508196721312
"बढ़ा है । </s>",243,0.9979423868312757
"और इस वजह से",243,0.9979423868312757
"में से एक थे",243,0.03636772645470906
"बुलाई है । </s>",243,0.9979423868312757
"से हार का सामना",243,0.9979423868312757
"मौजूद थी । </s>",243,0.9979423868312757
"राहत देने के लिए",243,0.9979423868312757
"में एक - दूसरे",243,0.2469450101832994
"शादी हुई थी ।",243,0.782258064516129
"अच्छा लगता है ।",243,0.6680440771349863
"खबर आई थी कि",243,0.8691756272401434
"से पूछताछ कर रही",243,0.8083333333333333
"इलाज किया जा रहा",243,0.7625786163522013
"जरूरत के हिसाब से",243,0.9979423868312757
"दें कि हाल ही",243,0.9979423868312757
"मंत्रालय ने बताया कि",243,0.8948339483394834
"ने कहा कि किसानों",243,0.003921536919046541
"मिलते हैं . </s>",243,0.9979423868312757
"कोई जरूरत नहीं है",243,0.9979423868312757
"ने बताया कि गुरुवार",243,0.0051465438570428065
"के लिए बुलाया गया",243,0.3054156171284635
"की सूचना पर पहुंची",243,0.25991425509110394
"के बंधन में बंध",243,0.48403193612774453
"<s> इस सूची में",243,0.9979423868312757
"की शपथ ली ।",243,0.5987654320987654
"की वजह से यह",243,0.02716782433340802
"सम्मानित किया गया था",243,0.10706401766004416
"जानकारी पुलिस को दी",243,0.9979423868312757
"की जरूरत है कि",243,0.03986519809304619
"<s> यह कहना है",243,0.8003300330033003
"<s> २ . </s>",243,0.9979423868312757
"क्रिकेट टीम के पूर्व",243,0.3331043956043956
"हो चुके थे ।",243,0.7370820668693009
"अंकुश लगाने के लिए",243,0.9979423868312757
"मान रहे हैं ।",243,0.60625
"लोगों को संबोधित करते",243,0.6908831908831908
"प्रतिभाग किया । </s>",243,0.9979423868312757
"नहीं दे रही है",243,0.6948424068767909
"बढ़ गया है ।",243,0.8660714285714286
"के कई राज्यों में",243,0.9979423868312757
"कार्य करें । </s>",243,0.9979423868312757
"रहने वाले लोगों को",243,0.36854103343465044
"करने के निर्देश दिये",243,0.09535981124655918
"उपस्थित हुए । </s>",243,0.9979423868312757
"क्या आपको पता है",243,0.9979423868312757
"की जानी है ।",243,0.8786231884057971
"हिस्सा है . </s>",243,0.9979423868312757
"रखे गए हैं ।",242,0.8944444444444445
"ने अपने इंस्टाग्राम पर",242,0.4359205776173285
"खबरें आ रही हैं",242,0.6689750692520776
"बरामद किए गए हैं",242,0.5160256410256411
"कर सकती । </s>",242,0.9979338842975206
"रवाना किया गया ।",242,0.7
"नहीं दिया जाएगा ।",242,0.8563829787234043
"बदल गई । </s>",242,0.9979338842975206
"निर्देश दिया था ।",242,0.5722748815165877
"दे रहे है ।",242,0.8104026845637584
"शहीद हो गए ।",242,0.3464849354375897
"किराए के मकान में",242,0.9979338842975206
"जानकारी देने के लिए",242,0.7166172106824926
"प्रदान की जाएगी ।",242,0.9113207547169812
"किया हैं । </s>",242,0.9979338842975206
"करने जा रही हैं",242,0.19507269789983844
"वीडियो वायरल होने के",242,0.8687050359712231
"कर सके . </s>",242,0.9979338842975206
"को प्रोत्साहित करने के",242,0.7918032786885246
"आ गए . </s>",242,0.9979338842975206
"देने का आरोप लगाया",242,0.624031007751938
"के बारे में उन्होंने",242,0.008407018032444475
"मामले में सुप्रीम कोर्ट",242,0.9979338842975206
"<s> मुझे उम्मीद है",242,0.9979338842975206
"का नेतृत्व कर रहे",242,0.7892156862745098
"आग पर काबू पाने",242,0.21504897595725736
"की सूचना मिली ।",242,0.30377358490566037
"कार्यशाला का आयोजन किया",242,0.9979338842975206
"वाले है । </s>",242,0.9979338842975206
"हो रहे हैं और",242,0.0486306886830447
"के लिए बुधवार को",242,0.9979338842975206
"मच गया . </s>",242,0.9979338842975206
"के लिए काम किया",242,0.12584679520583636
"की जानकारी पुलिस को",242,0.9979338842975206
"हत्या करने के बाद",242,0.5777511961722488
"सुधार हुआ है ।",242,0.8076923076923077
"होने का दावा किया",242,0.463531669865643
"एक ही समय में",242,0.7642405063291139
"दे दिए । </s>",242,0.9979338842975206
"कोरोना की चपेट में",242,0.9979338842975206
"करनी होगी . </s>",242,0.9979338842975206
"के उपचार के लिए",242,0.9182509505703422
"सफलता मिली है ।",242,0.8563829787234043
"लिया गया है और",242,0.04139526911210147
"से जीत हासिल की",242,0.7642405063291139
"स्थगित कर दी गई",242,0.5551724137931034
"नई दिल्‍ ली .",242,0.18463302752293578
"दिल्‍ ली . </s>",242,0.9979338842975206
"राहत दी है ।",242,0.8503521126760564
"सैकड़ों की संख्या में",242,0.9979338842975206
"उपयोग कर रहे हैं",242,0.9979338842975206
"हत्या के आरोप में",242,0.9979338842975206
"परिजनों में कोहराम मच",242,0.8385416666666666
"माता - पिता से",242,0.07082111436950146
"द्वारा किया जा रहा",242,0.8655913978494624
"बना सकी । </s>",242,0.9979338842975206
"सवालों के घेरे में",241,0.9979253112033195
"को स्थगित कर दिया",241,0.9979253112033195
"के तौर पर भी",241,0.05572289156626506
"कोरोना वायरस का संक्रमण",241,0.30992268041237114
"रोक दिया गया है",241,0.3331024930747922
"उत्साह है । </s>",241,0.9979253112033195
"किया है कि वे",241,0.10808988764044944
"हुई नजर आ रही",241,0.9979253112033195
"के अधिकारियों का कहना",241,0.9979253112033195
"मुश्किलों का सामना करना",241,0.8973880597014925
"की जानकारी मिलने के",241,0.4678988326848249
"विकास के नाम पर",241,0.9979253112033195
"सूचित किया । </s>",241,0.9979253112033195
"की जरूरत थी ।",241,0.6891117478510028
"<s> ' उन्होंने कहा",241,0.9979253112033195
"तक होगा । </s>",241,0.9979253112033195
"कहना है कि एक",241,0.015962036238136326
"पूरी करने के लिए",241,0.375195007800312
"COVID - 19 के",241,0.388529886914378
"आने वाली हैं ।",241,0.6482479784366577
"गुप्त सूचना के आधार",241,0.9979253112033195
"अपने संबोधन में कहा",241,0.8152542372881356
"प्रार्थना की । </s>",241,0.9979253112033195
"<s> कुछ समय बाद",241,0.281615925058548
"उम्मीद जताई जा रही",241,0.9979253112033195
"हाल ही में हुए",241,0.035916965352449225
"निकाला है । </s>",241,0.9979253112033195
"ऐसी मान्यता है कि",241,0.9979253112033195
"भर्ती किया गया है",241,0.37286821705426354
"घंटे की रफ्तार से",241,0.9979253112033195
"पाया जा सकता है",241,0.9979253112033195
"मरीजों की मौत हुई",241,0.2773933102652826
"कहा है कि भारत",241,0.02755499541704858
"की जरूरत है और",241,0.03953641295413447
"का खुलासा हुआ है",241,0.5138888888888888
"ऐलान किया था ।",241,0.5380313199105146
"तथ्य यह है कि",241,0.9979253112033195
"<s> हिंदू धर्म में",241,0.8589285714285714
"देवी ने बताया कि",241,0.9979253112033195
"बताया कि शनिवार को",241,0.6230569948186528
"खतरे के निशान से",241,0.768370607028754
"योग हैं । </s>",241,0.9979253112033195
"के लिए होता है",241,0.9979253112033195
"की ओर से दी",241,0.014723888820864454
"को मनाया जाता है",241,0.9979253112033195
"नवाजा गया । </s>",241,0.9979253112033195
"उन्होंने कहा कि ये",241,0.009605016174767363
"कर पाते हैं ।",241,0.7115384615384616
"का इस्तेमाल कर रहे",241,0.3107235142118863
"<s> पिछले कुछ समय",241,0.20398642917726886
"उन्होंने कहा कि केंद्र",241,0.009605016174767363
"के बारे में तो",241,0.00837220636357307
"नवदुनिया न्यूज) । </s>",240,0.9979166666666667
"होती रहती है ।",240,0.8523131672597865
"फटकार लगाई । </s>",240,0.9979166666666667
"<s> मुख्यमंत्री भूपेश बघेल",240,0.9979166666666667
"पर हमला बोला है",240,0.49895833333333334
"का नाम दिया गया",240,0.672752808988764
"नहीं हो रहा था",240,0.1504396984924623
"चेन्नई सुपर किंग्स के",240,0.35534124629080116
"निकल रहे हैं ।",240,0.8553571428571428
"के लिए भेजा ।",240,0.1713161659513591
"राज्यों और केंद्र शासित",240,0.9979166666666667
"पटेल ने बताया कि",240,0.9979166666666667
"में नजर आएंगी ।",240,0.7414860681114551
"से किया गया है",240,0.3317174515235457
"जाते है . </s>",240,0.9979166666666667
"का दिल जीत लिया",240,0.8174061433447098
"कोर्ट के फैसले के",240,0.4094017094017094
"होता था . </s>",240,0.9979166666666667
"की ओर जा रहा",240,0.2824292452830189
"के जवाब में कहा",240,0.4696078431372549
"करा रहा है ।",240,0.8553571428571428
"उम्मीद करते हैं कि",240,0.7603174603174603
"को मिलती है ।",240,0.7956810631229236
"कम होगा । </s>",240,0.9979166666666667
"कार्यरत है । </s>",240,0.9979166666666667
"में लिखा गया है",240,0.7676282051282052
"बनाई है . </s>",240,0.9979166666666667
"पर कार्रवाई की जाएगी",240,0.3050955414012739
"लगा दी है .",240,0.20075440067057837
"भी की गई है",240,0.3210455764075067
"देने का निर्णय लिया",240,0.8036912751677853
"<s> जयपुर . </s>",240,0.9979166666666667
"को हराया । </s>",240,0.9979166666666667
"सिलसिला शुरू हो गया",240,0.9071969696969697
"पर गौर करें तो",240,0.9979166666666667
"के कुलपति प्रो .",240,0.9979166666666667
"कराया गया था .",240,0.1579815303430079
"के बाद मंगलवार को",240,0.9141221374045801
"साफ करने के लिए",240,0.8903345724907064
"कोई लेना देना नहीं",240,0.9979166666666667
"है कि इस दौरान",239,0.054452054794520546
"परिवार के लोगों ने",239,0.3138157894736842
"दो - तीन दिन",239,0.33544303797468356
"है क्या ? </s>",239,0.997907949790795
"केंद्रीय माध्यमिक शिक्षा बोर्ड",239,0.997907949790795
"होना होगा । </s>",239,0.997907949790795
"का नाम भी शामिल",239,0.6276315789473684
"करने के लिए काफी",239,0.0075395947270255744
"में एक व्यक्ति की",239,0.4305054151624549
"शुरू होने जा रहा",239,0.4649122807017544
"मतलब यह नहीं है",239,0.7293577981651376
"उसकी मौके पर ही",239,0.8899253731343284
"ही पुलिस मौके पर",239,0.997907949790795
"फंस गया । </s>",239,0.997907949790795
"अधिक होती है ।",239,0.8139931740614335
"व्यवस्था की है ।",239,0.8704379562043796
"के लिए शुक्रवार को",239,0.997907949790795
"<s> इस रिपोर्ट में",239,0.5470183486238532
"वैज्ञानिक डॉ . </s>",239,0.997907949790795
"का लक्ष्य निर्धारित किया",239,0.9103053435114504
"पहुंच गई . </s>",239,0.997907949790795
"लगा दी . </s>",239,0.997907949790795
"में सक्षम हैं ।",239,0.8672727272727273
"ऐसा लग रहा था",239,0.386547811993517
"सामने आई थी ।",239,0.5932835820895522
"पर जमकर हमला बोला",239,0.8704379562043796
"तलब किया है ।",239,0.8517857142857143
"मिले थे . </s>",239,0.997907949790795
"<s> भाजपा के राष्ट्रीय",239,0.2458762886597938
"पर लगाम लगाने के",239,0.7014705882352941
"में काम किया ।",239,0.2269267364414843
"कहना है कि अभी",239,0.015829295812039557
"लाख से ज्यादा लोग",239,0.3903436988543372
"रखी गई । </s>",239,0.997907949790795
"मैदान में उतारा है",239,0.6377005347593583
"बड़ा बयान दिया है",239,0.9137931034482759
"लगा रही है ।",239,0.673728813559322
"दर्ज कर ली गई",239,0.4035532994923858
"के रूप में इस्तेमाल",239,0.011381531853972799
"करा दी । </s>",239,0.997907949790795
"सोशल मीडिया पर पोस्ट",239,0.0277035660355442
"को निर्देश दिए हैं",239,0.20280612244897958
"बता दें कि बीते",239,0.02091371448614521
"लिया जाएगा . </s>",239,0.997907949790795
"<s> सीएमओ डा .",239,0.997907949790795
"दिनों सोशल मीडिया पर",239,0.997907949790795
"नंबर पर है ।",239,0.6326259946949602
"ने आईएएनएस से कहा",239,0.8800738007380073
"पुलिस को सौंप दिया",239,0.997907949790795
"प्रोत्साहित करने के लिए",239,0.9173076923076923
"बच्चों की मौत हो",239,0.4948132780082988
"कर लिया था .",239,0.15220165922144224
"प्रदेश की राजधानी लखनऊ",238,0.490702479338843
"नहीं रह गया है",238,0.7969798657718121
"प्रस्ताव है । </s>",238,0.9978991596638656
"पर गर्व है ।",238,0.6436314363143631
"कहना है कि ये",238,0.015762925598991173
"शेयर किया । </s>",238,0.9978991596638656
"होने की बात सामने",238,0.1312880044223328
"के रूप में अपने",238,0.011333810546408972
"खत्म हो गई है",238,0.4807692307692308
"बाद सोशल मीडिया पर",238,0.9978991596638656
"एक माना जाता है",238,0.9978991596638656
"में कांग्रेस की सरकार",238,0.6560773480662984
"बताया कि अभी तक",238,0.8996212121212122
"सिंह ने किया ।",238,0.9205426356589147
"ने बताया कि वो",238,0.005040429550712027
"एक अन्य ट्वीट में",238,0.9978991596638656
"समस्या हो सकती है",238,0.9978991596638656
"से की गई है",238,0.37519747235387046
"लोकसभा चुनाव से पहले",238,0.8796296296296297
"<s> निश्चित रूप से",238,0.9978991596638656
"कहा कि कोई भी",238,0.9978991596638656
"जुटा है । </s>",238,0.9978991596638656
"में पहुंची । </s>",238,0.9978991596638656
"कस ली है ।",238,0.8161512027491409
"से बाहर है ।",238,0.78125
"तैयार किया जाएगा ।",238,0.8828996282527881
"संजय लीला भंसाली की",238,0.5641330166270784
"दिया जा रहा था",238,0.06480218281036836
"फैला हुआ है ।",238,0.7761437908496732
"सीटें हैं । </s>",238,0.9978991596638656
"<s> यदि आपके पास",238,0.8828996282527881
"नुकसान होगा । </s>",238,0.9978991596638656
"उठाए जा रहे हैं",237,0.8890977443609023
"कार्यक्रम के मुख्य अतिथि",237,0.9978902953586498
"आने वाली है ।",237,0.6606145251396648
"की धमकी भी दी",237,0.8992395437262357
"जीते थे । </s>",237,0.9978902953586498
"में हार का सामना",237,0.9202334630350194
"से एक माना जाता",237,0.9978902953586498
"का पता चलता है",237,0.9978902953586498
"हुए कहा कि वे",237,0.033479614949037374
"करेंगे । ' </s>",237,0.9978902953586498
"की सूचना मिलने के",237,0.34933530280649927
"के लिए यह एक",237,0.16001353179972935
"खास है । </s>",237,0.9978902953586498
"का बताया जा रहा",237,0.9978902953586498
"<s> इस सिलसिले में",237,0.9978902953586498
"के लिए आवश्यक है",237,0.6064102564102564
"बढ़ रही है .",237,0.1690493209435311
"भरा हुआ है ।",237,0.8127147766323024
"कहा कि भारत के",237,0.15082908163265307
"रखने की जरूरत है",237,0.8044217687074829
"की मशक्कत के बाद",237,0.9978902953586498
"- अलग हिस्सों में",237,0.7989864864864865
"स्वच्छ भारत मिशन के",237,0.6680790960451978
"गए हुए थे ।",237,0.8890977443609023
"रोकने की कोशिश की",237,0.8663003663003663
"में देखा गया था",237,0.4673913043478261
"फरार हैं । </s>",237,0.9978902953586498
"निकल गई । </s>",237,0.9978902953586498
"घुस गए । </s>",237,0.9978902953586498
"की तरफ से एक",237,0.06536760641238253
"का इस्तेमाल किया जा",237,0.12279335410176531
"कार्य किया है ।",237,0.9131274131274131
"द कपिल शर्मा शो",237,0.8298245614035088
"वाला नहीं है ।",237,0.8016949152542373
"में पानी भर गया",237,0.7507936507936508
"चलती रही । </s>",237,0.9978902953586498
"आउट किया । </s>",237,0.9978902953586498
"ने एक बयान जारी",236,0.15076824583866838
"के पद के लिए",236,0.9978813559322034
"जानकारी हुई । </s>",236,0.9978813559322034
"बरामद की गई ।",236,0.46358267716535434
"की चर्चा करते हुए",236,0.9978813559322034
"कहा जाता था ।",236,0.6541666666666667
"में आप देख सकते",236,0.9978813559322034
"सामने से आ रहे",236,0.5010638297872341
"की प्रशंसा करते हुए",236,0.9978813559322034
"लिए प्रधानमंत्री नरेंद्र मोदी",236,0.9978813559322034
"राज्य ब्यूरो । </s>",236,0.9978813559322034
"का प्रयास कर रहा",236,0.1900726392251816
"<s> केंद्रीय गृह मंत्री",236,0.5164473684210527
"नहीं देंगे । </s>",236,0.9978813559322034
"को सौंपी गई है",236,0.6523545706371191
"करती नजर आ रही",236,0.9978813559322034
"जाते थे . </s>",236,0.9978813559322034
"के आउट होने के",236,0.9978813559322034
"बात की पुष्टि की",236,0.5620525059665871
"बांटा गया है ।",236,0.8853383458646616
"<s> हम बात कर",236,0.9978813559322034
"आवेदन करें । </s>",236,0.9978813559322034
"गुजर रहा है ।",236,0.7798013245033113
"गौरतलब है कि पिछले",236,0.0712772397094431
"<s> इसके लिए एक",236,0.03951342281879194
"में कई स्थानों पर",236,0.9978813559322034
"पा रही थी ।",236,0.774671052631579
"की जाती है और",236,0.04676330420969023
"<s> इसके साथ -",236,0.02297112758486149
"का भी निरीक्षण किया",236,0.9057692307692308
"से मात दी ।",236,0.6926470588235294
"कि इस बारे में",236,0.9978813559322034
"पैदा करने के लिए",236,0.9057692307692308
"मिल पाई है ।",236,0.8410714285714286
"पर कार्रवाई करते हुए",236,0.9978813559322034
"मुख्यमंत्री मनोहर लाल ने",236,0.4032534246575342
"आतंकी हमले के बाद",236,0.9978813559322034
"की आशंका जताई जा",236,0.3780096308186196
"मुख्यमंत्री मनोहर लाल खट्टर",236,0.4032534246575342
"देने का ऐलान किया",236,0.8563636363636363
"याचिका खारिज कर दी",236,0.9978813559322034
"के लिए इस बार",236,0.24178644763860369
"तैयारी पूरी कर ली",236,0.9978813559322034
"परीक्षा में शामिल होने",236,0.43530499075785584
"निशाना बनाया । </s>",236,0.9978813559322034
"अंतिम संस्कार किया गया",236,0.6246684350132626
"बात करेंगे । </s>",236,0.9978813559322034
"हंगामा शुरू कर दिया",236,0.9978813559322034
"की जिम्मेदारी दी गई",236,0.75
"के लिए नगर निगम",236,0.6101036269430051
"किया जाना था ।",236,0.7268518518518519
"मना कर दिया है",236,0.1346483704974271
"दिया गया था और",236,0.042693981145757794
"पहली बार है जब",235,0.6876832844574781
"भी पहुंचे । </s>",235,0.997872340425532
"<s> हालांकि इस दौरान",235,0.27172653534183083
"देखने को मिला .",235,0.10298638559508125
"कर गया । </s>",235,0.997872340425532
"अनुरोध किया है ।",235,0.5199556541019955
"के समान है ।",235,0.9124513618677043
"<s> केंद्र सरकार द्वारा",235,0.10200086994345367
"जलकर राख हो गया",235,0.5064794816414687
"सुबह से शाम तक",235,0.997872340425532
"में देखा जा रहा",235,0.32797202797202796
"राख हो गया ।",235,0.9054054054054054
"' के रूप में",235,0.997872340425532
"राशि के जातकों के",235,0.5032188841201717
"असंभव है । </s>",235,0.997872340425532
"जारी एक बयान में",235,0.8086206896551724
"<s> इनमें से कई",235,0.0869807121661721
"कहना है कि कोरोना",235,0.01556381495984602
"से शुरू हो गई",235,0.13649592549476136
"फायरिंग की । </s>",235,0.997872340425532
"<s> यह भी कहा",235,0.195906432748538
"में तेजी लाने के",235,0.6122715404699739
"शामिल नहीं किया गया",235,0.6253333333333333
"में सुबह से ही",235,0.997872340425532
"विधायक दल की बैठक",235,0.997872340425532
"इन दिनों सोशल मीडिया",235,0.997872340425532
"दी जा रही हैं",235,0.0889943074003795
"<s> खबरों की मानें",235,0.7149390243902439
"शेयर की हैं ।",235,0.5877192982456141
"खेलते हैं । </s>",235,0.997872340425532
"खड़ा हो गया है",235,0.5378440366972477
"हो जाता । </s>",235,0.997872340425532
"तय किया है ।",235,0.42714025500910746
"बढ़ाता है । </s>",235,0.997872340425532
"होने के बावजूद भी",235,0.5176600441501104
"में था . </s>",234,0.9978632478632479
"के पास से एक",234,0.24840425531914895
"करने के लिए पर्याप्त",234,0.007381531944488351
"की शांति के लिए",234,0.9978632478632479
"यह पहली बार है",234,0.3977853492333901
"से आग्रह किया कि",234,0.4260948905109489
"<s> एम . </s>",234,0.9978632478632479
"पद की शपथ ली",234,0.44817658349328215
"शुरू करें । </s>",234,0.9978632478632479
"अस्पताल पहुंचे । </s>",234,0.9978632478632479
"<s> लोकसभा चुनाव 2019",234,0.19638351555929354
"24 घंटे के दौरान",234,0.291875
"बहुत कम है ।",234,0.8192982456140351
"सिविल सर्जन डा .",234,0.9978632478632479
"भी जरूरी है ।",234,0.6558988764044944
"करने की धमकी दी",234,0.44139886578449905
"और आम आदमी पार्टी",234,0.8399280575539568
"ने कहा - '",234,0.5520094562647754
"के चुनाव के लिए",234,0.6991017964071856
"भी सामने आया है",234,0.65406162464986
"में आग लगने की",234,0.3340486409155937
"ने मृत घोषित कर",234,0.9978632478632479
"पर जीत दर्ज की",234,0.8051724137931034
"देखा जा चुका है",234,0.9978632478632479
"रहने वाला था ।",234,0.6908284023668639
"<s> जम्मू । </s>",234,0.9978632478632479
"की कोशिश करेंगे ।",234,0.7630718954248366
"<s> किसानों का कहना",234,0.7969283276450512
"के संचालन के लिए",234,0.9978632478632479
"से हड़कंप मच गया",234,0.9978632478632479
"<s> ऐसे में इन",234,0.021077811879400613
"कही गई । </s>",234,0.9978632478632479
"कि आने वाले समय",234,0.44476190476190475
"में की थी ।",234,0.7483974358974359
"लगा दिया था ।",234,0.8280141843971631
"भेज दिया गया था",234,0.09075009716284493
"आगे हैं । </s>",234,0.9978632478632479
"से संक्रमित पाए गए",234,0.8192982456140351
"भारी बारिश के कारण",234,0.44903846153846155
"<s> बहुत से लोग",234,0.6847507331378299
"<s> सुप्रीम कोर्ट में",234,0.09032882011605416
"सामने से आ रही",234,0.4968085106382979
"चढ़ गया । </s>",234,0.9978632478632479
"भाजपा के प्रदेश अध्यक्ष",234,0.6210106382978723
"वितरित किए । </s>",234,0.9978632478632479
"कमा सकते हैं ।",234,0.8429602888086642
"<s> बारिश के कारण",234,0.33167613636363635
"प्रतिक्रिया दी है ।",234,0.7162576687116564
"को कहा है कि",234,0.11166905786704925
"आ गई . </s>",234,0.9978632478632479
"पर ध्यान नहीं दिया",234,0.5896464646464646
"करवाई गई । </s>",234,0.9978632478632479
"जगह बना ली है",234,0.6949404761904762
"भेजा जाता है ।",234,0.871268656716418
"कहना चाहता हूं कि",233,0.9189723320158103
"स्वागत है । </s>",233,0.9978540772532188
"गांव की रहने वाली",233,0.9978540772532188
"का प्रयास किया था",233,0.0611681136543015
"बात सामने आ रही",233,0.9153543307086615
"परिषद की ओर से",233,0.9978540772532188
"का शुभारंभ किया गया",233,0.2574750830564784
"की पूर्ति के लिए",233,0.9978540772532188
"के बाद से अब",233,0.05723781388478582
"सलमान खान की फिल्म",233,0.7989690721649485
"दिन है . </s>",233,0.9978540772532188
"को मौत हो गई",233,0.9978540772532188
"प्रभावित हुए हैं ।",233,0.6183510638297872
"<s> इस दौरान दोनों",233,0.02014556797504549
"आम लोगों के लिए",233,0.610236220472441
"गांव के लोगों को",233,0.26182432432432434
"में भाजपा की सरकार",233,0.6494413407821229
"का प्रयास किया तो",233,0.0611681136543015
"कोविड - 19 टीकाकरण",233,0.022010792388525987
"की वजह से वह",233,0.02604750168048398
"जरूर करें । </s>",233,0.9978540772532188
"के लिए रविवार को",233,0.9978540772532188
"चर्चा करने के लिए",233,0.8454545454545455
"मुहैया कराने के लिए",233,0.9978540772532188
"से हराया था ।",233,0.747588424437299
"कैमरे में कैद हो",233,0.5087527352297593
"का निर्माण किया जाएगा",233,0.1631578947368421
"इस साल की शुरुआत",233,0.7066869300911854
"फरार हो गया था",233,0.11578685258964143
"मांग की थी .",233,0.17600302800908402
"के मामले में गिरफ्तार",233,0.03880821231847772
"में सफलता मिलेगी ।",233,0.8976833976833977
"साल पूरे होने पर",233,0.6512605042016807
"मुकदमा दर्ज कराया है",233,0.29208542713567837
"उनसे पूछा गया कि",233,0.8454545454545455
"नहीं आ रहा था",232,0.2009548611111111
"पूरा हो जाएगा ।",232,0.8387681159420289
"भेजा गया है .",232,0.12547425474254742
"के अस्पताल में भर्ती",232,0.8768939393939394
"मुश्किल है . </s>",232,0.9978448275862069
"करते नजर आए ।",232,0.7419871794871795
"की अवधि के लिए",232,0.533410138248848
"की निगरानी के लिए",232,0.9978448275862069
"के लिए उपलब्ध है",232,0.31032171581769435
"इंडियन प्रीमियर लीग के",232,0.22875494071146246
"की प्रक्रिया चल रही",232,0.9978448275862069
"बाद मौके पर पहुंची",232,0.6448467966573816
"<s> अपर मुख्य सचिव",232,0.904296875
"वादा किया था ।",232,0.4351503759398496
"सोशल मीडिया पर तेजी",232,0.026890463468463237
"खेल रहे थे ।",232,0.7015151515151515
"की प्रक्रिया शुरू कर",232,0.25190424374319914
"उपाय है । </s>",232,0.9978448275862069
"पता नहीं है ।",232,0.5831234256926953
"को सुलझाने के लिए",232,0.9978448275862069
"फायरिंग शुरू कर दी",232,0.9978448275862069
"<s> विशेष पतिनिधि नई",232,0.9978448275862069
"भेजा जा चुका है",232,0.9978448275862069
"भी दिया है ।",232,0.8327338129496403
"भेज दिया है .",232,0.13569753810082064
"का ऐलान किया ।",232,0.13160886867538374
"बन गए हैं .",232,0.2165575304022451
"गिरावट आई । </s>",232,0.9978448275862069
"अटल बिहारी वाजपेयी के",232,0.27428909952606634
"है कि उत्तर प्रदेश",232,0.8297491039426523
"का समर्थन किया ।",232,0.28404907975460125
"<s> इसके अलावा वह",232,0.030344737187049418
"भी देखने को मिला",232,0.32514044943820225
"के माध्‍ यम से",232,0.9978448275862069
"में भी काम किया",232,0.5816582914572864
"से बात की और",232,0.13895558223289317
"खुलासा किया । </s>",232,0.9978448275862069
"की शुरुआत हुई ।",232,0.44011406844106465
"दौर शुरू हो गया",232,0.8574074074074074
"साल है । </s>",232,0.9978448275862069
"करने का लक्ष्य रखा",232,0.5261363636363636
"रिहा कर दिया गया",232,0.7167182662538699
"जोर - जोर से",232,0.9978448275862069
"कहा कि लोगों को",232,0.5831234256926953
"लॉन्च किया था ।",232,0.7057926829268293
"मानते हैं . </s>",232,0.9978448275862069
". . . ?",232,0.004327992671390379
"को दिए । </s>",232,0.9978448275862069
"<s> क्या आप जानते",232,0.635989010989011
"का सामना कर रहा",231,0.19905008635578583
"पिछले तीन दिनों से",231,0.7532679738562091
"सुरक्षित हैं । </s>",231,0.9978354978354979
"डालते हैं । </s>",231,0.9978354978354979
"पॉजिटिव आने के बाद",231,0.9978354978354979
"स्थिति से निपटने के",231,0.9146825396825397
"के दौरान पुलिस ने",231,0.49042553191489363
"दिल का दौरा पड़ने",231,0.6402777777777777
"पसंद किया जाता है",231,0.9978354978354979
"<s> देश के सबसे",231,0.15305444887118194
"मीडिया पर तेजी से",231,0.9978354978354979
"में शामिल होने से",231,0.05451750236518448
"बारे में कहा कि",231,0.36071987480438183
"<s> सूत्रों की माने",231,0.288125
"बाद आग पर काबू",231,0.9978354978354979
"में दूसरे स्थान पर",231,0.9978354978354979
"मतदान किया । </s>",231,0.9978354978354979
"के लिए सबसे अच्छा",231,0.10847058823529412
"सांसद हैं । </s>",231,0.9978354978354979
"स्थिति में है ।",231,0.7657807308970099
"और उनके परिवार के",231,0.48020833333333335
"<s> अधिकारियों का कहना",231,0.7582236842105263
"लगता है कि वह",231,0.0639744657230086
"में हुए आतंकी हमले",231,0.9978354978354979
"इस जीत के साथ",231,0.7180685358255452
"लहर है । </s>",231,0.9978354978354979
"साथ काम करने के",231,0.2381198347107438
"देना शुरू कर दिया",231,0.9978354978354979
"पर आरोप लगाया है",231,0.36998394863563405
"चुनाव होने हैं ।",231,0.6681159420289855
"मुआयना किया । </s>",231,0.9978354978354979
"लग जाते हैं ।",231,0.8381818181818181
"<s> पूर्व केंद्रीय मंत्री",231,0.9978354978354979
"में हो सकता है",231,0.9978354978354979
"को लेकर सोमवार को",231,0.9978354978354979
"अरविंद केजरीवाल ने कहा",231,0.414568345323741
"पर जोर दिया गया",231,0.1610761705101328
"इस पद के लिए",231,0.9978354978354979
"लिए आते हैं ।",231,0.8443223443223443
"था . ' </s>",231,0.9978354978354979
"<s> राज्य सरकार की",231,0.1408924205378973
"मंत्री पीयूष गोयल ने",231,0.6623563218390804
"टीका लगाया गया ।",231,0.6819526627218935
"ऐसा होता है कि",231,0.45825049701789267
"ने कहा कि उत्तर",231,0.0037274814838772277
"की मांग कर रहा",231,0.13118952760387023
"के विभिन्न क्षेत्रों में",230,0.7308917197452229
"<s> लेकिन क्या आप",230,0.5556900726392252
"निंदा की । </s>",230,0.9978260869565218
"पीछे छोड़ दिया है",230,0.6996951219512195
"मिलता था । </s>",230,0.9978260869565218
"इस फैसले के बाद",230,0.6087533156498673
"लगे है । </s>",230,0.9978260869565218
"- 0 की बढ़त",230,0.6594827586206896
"श्रीवास्तव ने कहा कि",230,0.9978260869565218
"को बाहर निकाला ।",230,0.4683673469387755
"पूरी खबर सुने लखनऊ",230,0.2483766233766234
"तैनात कर दिया गया",230,0.7127329192546584
"पूर्व मुख्यमंत्री अखिलेश यादव",230,0.9978260869565218
"का खुलासा करते हुए",230,0.9978260869565218
"में कैद हो गई",230,0.5795454545454546
"बने रहेंगे । </s>",230,0.9978260869565218
"आवश्यकता है . </s>",230,0.9978260869565218
"विशेष पतिनिधि नई दिल्ली",230,0.9978260869565218
"पतिनिधि नई दिल्ली ।",230,0.9978260869565218
"बताया कि मामले की",230,0.5810126582278481
"महसूस करते हैं ।",230,0.5438388625592417
"और न ही किसी",230,0.18171021377672208
"भी कहा जा रहा",230,0.6975683890577508
"अपनाया है । </s>",230,0.9978260869565218
"साथ थे । </s>",230,0.9978260869565218
"<s> इसके अलावा यह",230,0.030082579630357844
"हो जाए . </s>",230,0.918
"का दौरा किया था",230,0.22109826589595374
"दिला दी । </s>",230,0.9978260869565218
"सकता था . </s>",230,0.9978260869565218
"भी नहीं है .",230,0.1600418410041841
"के माध्यम से किया",230,0.03562558211735486
"में चला गया ।",230,0.5374707259953162
"गलत है . </s>",230,0.9978260869565218
"के लिए लोगों की",230,0.18537964458804523
"नहीं हो पाता है",230,0.568069306930693
"प्रस्तुत किया गया ।",230,0.5854591836734694
"से अपील करते हुए",230,0.8109540636042403
"की जा सकेगी ।",230,0.85
"सका है . </s>",230,0.9978260869565218
"ले जा रहे थे",230,0.523972602739726
"खूब वायरल हो रहा",230,0.6410614525139665
"की धमकी दी थी",230,0.1533066132264529
"बताया कि शुक्रवार को",230,0.6410614525139665
"भी शुरू हो गया",230,0.33601756954612005
"<s> वह कहती हैं",230,0.8285198555956679
"जुट गया है ।",230,0.9143426294820717
"के खिलाफ कड़ी कार्रवाई",230,0.9978260869565218
"लेना देना नहीं है",230,0.9978260869565218
"के लोगों को भी",230,0.19531914893617022
"मारपीट कर दी ।",230,0.9978260869565218
"कम हैं । </s>",230,0.9978260869565218
"कोई कार्रवाई नहीं हुई",229,0.2257905138339921
"है कि दिल्ली में",229,0.4498031496062992
"बदल दिया है ।",229,0.7772108843537415
"परिवार में कोहराम मच",229,0.8131672597864769
"के रूप में",31,0.9940209898427168
"लूट लिए । </s>",229,0.9978165938864629
"भर्ती किया गया था",229,0.35426356589147284
"पहचान है । </s>",229,0.9978165938864629
"बरामद कर लिया है",229,0.33357664233576645
"हासिल करने के बाद",229,0.19153394803017604
"ने अपने आदेश में",229,0.9978165938864629
"आ सकती हैं ।",229,0.8102836879432624
"घोषित किया गया था",229,0.22895791583166333
"मैचों की सीरीज में",229,0.36443381180223283
"मामला दर्ज किया था",229,0.11442163244867301
"असर पड़ा है ।",229,0.8017543859649123
"पंजाब के मुख्यमंत्री कैप्टन",229,0.5519323671497585
"दिखाई देती है ।",229,0.836996336996337
"केंद्र है । </s>",229,0.9978165938864629
"<s> गंभीर रूप से",229,0.9978165938864629
"<s> एक - एक",229,0.43690248565965584
"हालात को देखते हुए",229,0.9978165938864629
"कहा कि बिहार में",229,0.6093333333333333
"नहीं की है .",229,0.1974935177182368
"के राष्ट्रीय अध्यक्ष अखिलेश",229,0.1660610465116279
"दिलचस्प बात यह है",229,0.9978165938864629
"फैलता है । </s>",229,0.9978165938864629
"की संख्या में लोग",229,0.111572265625
"पर जोर देते हुए",229,0.8249097472924187
"कम किया जा सकता",229,0.700920245398773
"कर पाई । </s>",229,0.9978165938864629
"में एडमिशन के लिए",229,0.9978165938864629
"की तैयारियों को लेकर",229,0.8822393822393823
"लोगों के लिए एक",229,0.14563416188655195
"कर सकते थे ।",229,0.7516447368421053
"संक्रमितों की कुल संख्या",229,0.9978165938864629
"की संभावना नहीं है",229,0.9978165938864629
"को फांसी की सजा",229,0.9978165938864629
"निभाया था । </s>",229,0.9978165938864629
"का इस्तेमाल किया ।",229,0.11863966770508827
"है । - </s>",229,0.9978165938864629
"बने रहने के लिए",228,0.9978070175438597
"मंत्री के रूप में",228,0.9978070175438597
"कम हो रही है",228,0.9978070175438597
"रहे हो । </s>",228,0.9978070175438597
"का वितरण किया ।",228,0.23429454170957775
"ने बताया कि तीन",228,0.0048282009380504675
"<s> मामले में पुलिस",228,0.6671554252199413
"कहना है कि अब",228,0.015099223468507334
"<s> ऐसे में कई",228,0.02053619786965156
"पूरी हो गई है",228,0.5774111675126904
"के बाद बुधवार को",228,0.9978070175438597
"खिलाफ केस दर्ज किया",228,0.4181985294117647
"बदला लेने के लिए",228,0.9978070175438597
"से बात की तो",228,0.13655462184873948
"सरदार वल्लभ भाई पटेल",228,0.9978070175438597
"करने वाले लोगों के",228,0.2547592385218365
"लेकर आए हैं ।",228,0.741042345276873
"देते हुए कहा था",228,0.07187993680884676
"के लिए इस तरह",228,0.2335728952772074
"ले आए । </s>",228,0.9978070175438597
"की सिफारिश की है",228,0.35546875
"<s> इसके लिए सभी",228,0.038171140939597316
"<s> बीजिंग । </s>",228,0.9978070175438597
"में लगातार हो रही",228,0.8584905660377359
"है कि इस दिन",228,0.05194063926940639
"की गुहार लगाई ।",228,0.3657556270096463
"के लिए स्वास्थ्य विभाग",228,0.9978070175438597
"और भारतीय जनता पार्टी",228,0.9978070175438597
"कम करता है ।",228,0.6791044776119403
"महत्वपूर्ण है . </s>",228,0.9978070175438597
"में कोरोना के मामले",228,0.1513639387890885
"नीतीश कुमार ने कहा",228,0.6182065217391305
"के आदेश दे दिए",228,0.9978070175438597
"मामला दर्ज कराया है",228,0.39634146341463417
"नजर आएंगी . </s>",228,0.9978070175438597
"शिलान्यास किया । </s>",228,0.9978070175438597
"<s> जम्मू कश्मीर में",228,0.3797996661101836
"संघ लोक सेवा आयोग",228,0.9978070175438597
"भाजपा में शामिल हो",228,0.3862478777589134
"आपको पता है कि",228,0.8817829457364341
"याचिका दायर की है",228,0.26239907727797
"रन बनाये । </s>",228,0.9978070175438597
"नियुक्त किया गया ।",228,0.20150575730735165
"में बंद है ।",228,0.8394833948339483
"<s> इसके बाद सभी",228,0.01170869788986104
"में इस बात की",228,0.23261758691206544
"का मुकदमा दर्ज कराया",228,0.31079234972677594
"लोकप्रिय है । </s>",227,0.9977973568281938
"<s> जिन लोगों को",227,0.33259911894273125
"दिया जाए . </s>",227,0.9977973568281938
"पहली बार हुआ है",227,0.8176895306859205
"जा रही । </s>",227,0.9977973568281938
"को पीछे छोड़ दिया",227,0.9977973568281938
"की बैटरी दी गई",227,0.8988095238095238
"रिपोर्ट दर्ज कराई थी",227,0.2813664596273292
"के लिए प्रधानमंत्री नरेंद्र",227,0.7306451612903225
"सुरक्षा के लिहाज से",227,0.9977973568281938
"को गंभीर हालत में",227,0.9977973568281938
"नजर है । </s>",227,0.9977973568281938
"है कि अभी तक",227,0.7864583333333334
"पहुंच सकता है ।",227,0.8206521739130435
"सुबह सात बजे से",227,0.773037542662116
"यह जानकारी दी है",227,0.10926193921852388
"दर्ज की जा रही",227,0.719047619047619
"शिवराज सिंह चौहान के",227,0.12493105350248207
"लागू होगा । </s>",227,0.9977973568281938
"कराए जा रहे हैं",227,0.9977973568281938
"तारीफ करते हुए कहा",227,0.8988095238095238
"में शामिल किया है",227,0.12847419171866137
"में धीरे - धीरे",227,0.9977973568281938
"वस्तु एवं सेवा कर",227,0.9977973568281938
"डूब गया । </s>",227,0.9977973568281938
"आ गई हैं ।",227,0.8089285714285714
"<s> भारतीय टीम ने",227,0.25
"निरीक्षण किया गया ।",227,0.8031914893617021
"<s> पंजाब के मुख्यमंत्री",227,0.5807692307692308
"हो रही थी .",227,0.15335138794854436
"शामिल हो रहे हैं",227,0.9977973568281938
"के करीब है ।",227,0.719047619047619
"करीब एक घंटे तक",227,0.5929319371727748
"ले रहे थे ।",227,0.7652027027027027
"गंभीरता से लिया है",227,0.5807692307692308
"के दौर से गुजर",227,0.8917322834645669
"धमकी दी है ।",227,0.6205479452054794
"को ठीक करने के",227,0.5194954128440367
"जवाब दिया है ।",227,0.7600671140939598
"के निदेशक डॉ .",227,0.9977973568281938
"ने बताया कि आज",227,0.004806978076784312
"घायल हैं । </s>",227,0.9977973568281938
"आयी है . </s>",227,0.9977973568281938
"<s> कांग्रेस के पूर्व",227,0.19695652173913045
"की अनुमति नहीं है",227,0.18781094527363185
"दर्ज कर ली है",227,0.383248730964467
"शुरू होता है ।",227,0.5852713178294574
"शासन के निर्देश पर",227,0.8236363636363636
"रहे हैं . .",227,0.013025475875553512
"इस मौके पर उन्होंने",227,0.12356792144026187
"स्वास्थ्य विभाग के अधिकारियों",227,0.2190522243713733
"ग्रामीणों की मदद से",227,0.9977973568281938
"की पहली तिमाही में",227,0.8547169811320755
"करवा सकते हैं ।",227,0.7975352112676056
"और प्रधानमंत्री नरेंद्र मोदी",227,0.9977973568281938
"में जगह बना ली",227,0.9977973568281938
"ने बताया कि यहां",227,0.004806978076784312
"बैठक को संबोधित करते",227,0.7401960784313726
"छा गया । </s>",227,0.9977973568281938
"विधानसभा चुनाव में भाजपा",226,0.20574817518248176
"के साथ ही अन्य",226,0.049053730693930826
"है कि लोगों को",226,0.4828693790149893
"मुद्दा है । </s>",226,0.9977876106194691
"के साथ मिल कर",226,0.8913043478260869
"जाने चाहिए । </s>",226,0.9977876106194691
"को समाप्त करने के",226,0.4602040816326531
"बना सकता है ।",226,0.8382899628252788
"में मरने वालों की",226,0.898406374501992
"मार दी . </s>",226,0.9977876106194691
"उपलब्ध कराया गया है",226,0.6229281767955801
"देश के विभिन्न हिस्सों",226,0.4923580786026201
"को अंजाम देने की",226,0.14923891462607544
"ने ट्वीट कर लिखा",226,0.17589703588143527
"पर किया जाएगा ।",226,0.7912280701754386
"मोर्चा खोल दिया है",226,0.7940140845070423
"ऐसा कहा जाता है",226,0.9977876106194691
"लगाया गया है कि",226,0.09925176056338028
"नहीं कर पाते हैं",226,0.451
"सोशल मीडिया के माध्यम",226,0.35680379746835444
"और लोगों की मौत",226,0.7912280701754386
"अवसर है । </s>",226,0.9977876106194691
"को लेकर चर्चा की",226,0.2437837837837838
"<s> वन विभाग के",226,0.38091216216216217
"ने बताया कि शहर",226,0.004785755215518156
"का आदान - प्रदान",226,0.9977876106194691
"पत्र में कहा है",226,0.3296783625730994
"भी शामिल था ।",226,0.8321033210332104
"फैसला किया था ।",226,0.6517341040462428
"कह रहा है कि",226,0.6061827956989247
"होने लगे हैं ।",226,0.877431906614786
"नहीं दी जा रही",226,0.4797872340425532
"काम करने के बाद",226,0.1307246376811594
"नहीं पाए । </s>",226,0.9977876106194691
"में देखने को मिल",226,0.2619047619047619
"के लिए प्रोत्साहित किया",226,0.46303901437371664
"फांसी लगा ली ।",226,0.7466887417218543
"<s> इसके अलावा अन्य",225,0.029427185738628917
"ने बताया कि हम",225,0.004764532354252
"समझ नहीं आ रहा",225,0.9977777777777778
"संक्रमण के मामलों में",225,0.719551282051282
"<s> इन तस्वीरों में",225,0.682370820668693
"नहीं मिल पाया है",225,0.5409638554216868
"मंडरा रहा है ।",225,0.7768166089965398
"की मांग करने लगे",225,0.4591002044989775
"रवाना होगी । </s>",225,0.9977777777777778
"जांच में जुट गई",225,0.8104693140794224
"<s> कोरबा । </s>",225,0.9977777777777778
"सांस लेने में दिक्कत",225,0.2957839262187088
"होते है . </s>",225,0.9977777777777778
"से गुजर रहे हैं",225,0.5
"की टीम मौके पर",225,0.9977777777777778
"का मानना था कि",225,0.9977777777777778
"में कामयाब रहे ।",225,0.5816062176165803
"ने भी कहा कि",225,0.5233100233100233
"पूरा कर लिया गया",225,0.27750309023485786
"एक - एक करके",225,0.125
"लगातार बढ़ रहा है",225,0.9977777777777778
"कर सकती हैं .",225,0.1867720465890183
"में दिख रहा है",225,0.9977777777777778
"भी थे . </s>",225,0.9977777777777778
"योग है । </s>",225,0.9977777777777778
"के हिस्से के रूप",225,0.9977777777777778
"बचाता है । </s>",225,0.9977777777777778
"के साथ बातचीत में",225,0.28635204081632654
"मुलाकात करेंगे । </s>",225,0.9977777777777778
"दे सकते हैं .",225,0.17457231726283048
"विधानसभा चुनाव के दौरान",225,0.14606376057254392
"वर्ष है । </s>",225,0.9977777777777778
"रखे हुए हैं ।",225,0.7241935483870968
"में जम्मू - कश्मीर",225,0.9977777777777778
"का आभार व्यक्त किया",225,0.7433774834437086
"मजबूर है । </s>",225,0.9977777777777778
"उठाया है . </s>",225,0.9977777777777778
"<s> लक्ष्य का पीछा",225,0.9977777777777778
"को हल करने के",225,0.5319905213270142
"आने वाले हैं .",225,0.34222560975609756
"से पूछताछ की गई",225,0.17789223454833597
"घूम रहे हैं ।",225,0.7904929577464789
"24 घंटे के अंदर",225,0.280625
"ने इस बात को",225,0.16592756836659275
"में उतारा है ।",225,0.7336601307189542
"कहा कि जिस तरह",225,0.6288515406162465
"की प्राप्ति होगी ।",225,0.9977777777777778
"पहले विकेट के लिए",225,0.8568702290076335
"चौकों की मदद से",225,0.9977777777777778
"के निधन पर शोक",225,0.6253481894150418
"विकल्प के रूप में",225,0.9977777777777778
"कोर्ट में याचिका दायर",225,0.7360655737704918
"में डाल दिया ।",225,0.24697469746974698
"मदद के लिए आगे",225,0.4619341563786008
"से बात की गई",225,0.13475390156062425
"सच है । </s>",225,0.9977777777777778
"चोट आई है ।",225,0.9089068825910931
"से किया जाएगा ।",225,0.9089068825910931
"ही होती है ।",225,0.8134057971014492
"- आर पी G",225,0.658357771260997
"होने लगे । </s>",224,0.9977678571428571
"माना जाता था ।",224,0.6711711711711712
"चलता है . </s>",224,0.9977678571428571
"<s> भारत और पाकिस्तान",224,0.16470154753131908
"<s> उच्चतम न्यायालय ने",224,0.6814024390243902
"शुभारंभ किया गया ।",224,0.8662790697674418
"मध्य प्रदेश के मुख्यमंत्री",224,0.20675300647548567
"को कहा गया था",224,0.12159956474428726
"<s> ऐसा इसलिए क्योंकि",224,0.37626262626262624
"खिलाफ सख्त कार्रवाई की",224,0.7376237623762376
"केंद्रीय मंत्री ने कहा",224,0.9977678571428571
"<s> दूसरे शब्दों में",224,0.9977678571428571
"बताया कि सोमवार को",224,0.5296208530805687
"याचिका को खारिज कर",224,0.8339552238805971
"काम करना होगा ।",224,0.8596153846153847
"नहीं हो सके ।",224,0.6422413793103449
"करना पड़ सकता है",224,0.9977678571428571
"अलर्ट जारी कर दिया",224,0.9977678571428571
"जख्मी हो गया ।",224,0.8097826086956522
"जिससे उसकी मौत हो",224,0.9977678571428571
"कर सकेगा । </s>",224,0.9977678571428571
"में एक युवक की",224,0.375
"के लिए कुछ नहीं",224,0.20135135135135135
"रह रही थी ।",224,0.8904382470119522
"नहीं हुए हैं ।",224,0.7680412371134021
"शामिल थी । </s>",224,0.9977678571428571
"रहा है . .",224,0.012247246424461615
"की धमकी दी है",224,0.1492985971943888
"शिकस्त दी । </s>",224,0.9977678571428571
"करने से इंकार कर",224,0.9977678571428571
"<s> नगर निगम की",224,0.1526639344262295
"फरार हो गए थे",224,0.10366419294990724
"के एक होटल में",224,0.9977678571428571
"दिया गया है जो",224,0.010260765769901753
"सरकार के खिलाफ नारेबाजी",224,0.27423312883435585
"का मुकदमा दर्ज किया",224,0.305327868852459
"नहीं होने की वजह",224,0.4617768595041322
"कानून के विरोध में",224,0.9977678571428571
"कोरोना के बढ़ते मामलों",224,0.5559701492537313
"उपयुक्त है । </s>",224,0.9977678571428571
"<s> समय के साथ",224,0.9977678571428571
"कि कोरोना महामारी के",224,0.5437956204379562
"की साझेदारी की ।",224,0.8277777777777777
"है कि अब तक",224,0.4123616236162362
"शहर है । </s>",224,0.9977678571428571
"पर हुआ । </s>",224,0.9977678571428571
"से मुलाकात की .",224,0.11009852216748768
"ने बयान में कहा",223,0.9977578475336323
"है कि एक बार",223,0.2557471264367816
"में सुधार होगा ।",223,0.8333333333333334
"देश के कई हिस्सों",223,0.3809931506849315
"भी इस मामले में",223,0.6622023809523809
"बचा लिया । </s>",223,0.9977578475336323
"बिहार विधानसभा चुनाव में",223,0.3428351309707242
"पर चल रहा है",223,0.8032490974729242
"<s> वाराणसी । </s>",223,0.9977578475336323
"के माध्यम से एक",223,0.034538963054951875
"महामारी की दूसरी लहर",223,0.9977578475336323
"अध्यक्षता में हुई ।",223,0.5285035629453682
"शिकार हो रहे हैं",223,0.9118852459016393
"सामने नहीं आई है",223,0.859073359073359
"भी होंगे । </s>",223,0.9977578475336323
"की खबर के अनुसार",223,0.29905913978494625
"ने कहा कि मैंने",223,0.003598111193764352
"अलर्ट जारी किया गया",223,0.40454545454545454
"<s> साथ ही इसमें",223,0.02556295955882353
"जोशी ने बताया कि",223,0.9977578475336323
"प्राप्त होंगे । </s>",223,0.9977578475336323
"चर्चा का विषय बना",223,0.3386605783866058
"वर्ग के लोगों को",223,0.4441117764471058
"की पेशकश की है",223,0.3617886178861789
"फिल्म की शूटिंग के",223,0.35657051282051283
"है और कहा है",223,0.7247557003257329
"एक वीडियो वायरल हो",223,0.5734536082474226
"की आवश्यकता है .",223,0.08123402701715955
"शामिल करने के लिए",223,0.893574297188755
"रहते थे . </s>",223,0.9977578475336323
"से इस मामले में",223,0.5676020408163265
"लिए पहुंचे । </s>",223,0.9977578475336323
"कुछ दिनों पहले ही",223,0.7542372881355932
"चलाई जा रही है",223,0.4441117764471058
"चुके है . </s>",223,0.9977578475336323
"के लिए मंगलवार को",223,0.9977578475336323
"<s> मैच के बाद",223,0.5247641509433962
"के रूप में पेश",223,0.010617990932951562
"दे रही हैं .",223,0.24832589285714285
"स्वागत किया है ।",223,0.7063492063492064
"बच गई । </s>",223,0.9977578475336323
"पहुंची थीं । </s>",223,0.9977578475336323
"<s> उन्होंने लिखा है",223,0.4166666666666667
"की तैयारी में हैं",223,0.13633578431372548
"से शुरू होने वाली",223,0.24860335195530725
"जुटे रहे । </s>",223,0.9977578475336323
"करता रहा है ।",223,0.7542372881355932
"को अपने - अपने",223,0.9977578475336323
"उत्तर प्रदेश की राजधानी",223,0.2760545905707196
"में रखा जाएगा ।",223,0.8460076045627376
"लोग सवार थे ।",223,0.8180147058823529
"वर्ष 2015 - 16",223,0.9977578475336323
"बना रहे हैं .",223,0.16205389657683905
"पर काबू पा लिया",223,0.9977578475336323
"में पेश किया जाएगा",223,0.12528153153153154
"पकड़ा है । </s>",223,0.9977578475336323
"रहे हों । </s>",223,0.9977578475336323
"<s> शर्मा ने कहा",223,0.7018927444794952
"कोर्ट को बताया कि",223,0.7319078947368421
"का खेल खत्म होने",223,0.9156378600823045
"कोई मतलब नहीं है",223,0.7491582491582491
"दो मिनट का मौन",223,0.9977578475336323
"रहा हैं . </s>",223,0.9977578475336323
"में नजर आए थे",223,0.43799212598425197
"चली गई . </s>",223,0.9977578475336323
"रिलीज हो गया है",223,0.9977578475336323
"पुलिस ने मामले में",223,0.3771186440677966
"कर लेता है ।",223,0.6563421828908554
"राष्ट्रीय राजधानी दिल्ली में",223,0.8210332103321033
"में प्रवेश करने के",222,0.2775689223057644
"देखी गई है ।",222,0.7717770034843205
"की सूची जारी की",222,0.6152777777777778
"का अभाव है ।",222,0.886
"घटना की जानकारी मिलने",222,0.12278270509977827
"कर दी जाती है",222,0.8720472440944882
"के बाद सोशल मीडिया",222,0.9977477477477478
"तक नहीं है ।",222,0.911522633744856
"पसंद करते हैं .",222,0.20759137769447047
"घर लौट रहा था",222,0.9977477477477478
"टीम इंडिया के कप्तान",222,0.21359691417550628
"बन गई हैं ।",222,0.8113553113553114
"करा रही है ।",222,0.8454198473282443
"की समीक्षा की गई",222,0.1968888888888889
"ने बताया कि इसके",222,0.004700863770453532
"देश के कई राज्यों",222,0.3792808219178082
"<s> उज्जैन । </s>",222,0.9977477477477478
"में जा गिरी ।",222,0.9040816326530612
"एलान किया है ।",222,0.6328571428571429
"बताया कि रविवार को",222,0.5828947368421052
"में हुई है .",222,0.14727393617021275
"में आए हैं ।",222,0.7854609929078015
"सीएम शिवराज सिंह चौहान",222,0.8422053231939164
"अनुमति होगी । </s>",222,0.9977477477477478
"आग की चपेट में",222,0.9977477477477478
"करवाई जाएगी । </s>",222,0.9977477477477478
"<s> कोरोना वायरस को",222,0.07040686586141132
"झा ने कहा कि",222,0.911522633744856
"पुलिस ने शनिवार को",222,0.8519230769230769
"<s> . . </s>",222,0.15981240981240982
"प्रशिक्षण दिया गया ।",222,0.7508474576271187
"<s> पीएम मोदी के",222,0.10497630331753555
"की जिम्मेदारी सौंपी गई",222,0.7383333333333333
"एक ट्वीट में कहा",222,0.7214983713355049
"के सभी जिलों में",222,0.6965408805031447
"तैयार कर रहे हैं",222,0.9077868852459017
"अवलोकन किया । </s>",222,0.9977477477477478
"किया . . .",222,0.8327067669172933
"दिन का खेल खत्म",222,0.6900311526479751
"अधीक्षक डा . </s>",222,0.9977477477477478
"दर्ज किए गए ।",222,0.26244075829383884
"बारे में कुछ भी",222,0.4071691176470588
"है कि इस फिल्म",222,0.050570776255707765
"समय लग सकता है",222,0.9977477477477478
"पर निर्भर है ।",222,0.6592261904761905
"श्री शिवराज सिंह चौहान",222,0.9977477477477478
"चुनौती दी है ।",222,0.7744755244755245
"के सीएम योगी आदित्यनाथ",222,0.9977477477477478
"कर रहा है तो",222,0.020232005845816588
"साबित हुई है ।",222,0.8618677042801557
"करने का दावा किया",222,0.6815384615384615
"अध्यक्ष के रूप में",222,0.9977477477477478
"जांच होगी । </s>",222,0.9977477477477478
"में इंग्लैंड के खिलाफ",222,0.9152892561983471
"का रास्ता साफ हो",222,0.865234375
"यादव का कहना है",222,0.9977477477477478
"<s> भारत और चीन",222,0.1632277081798084
"करता है ? </s>",222,0.9977477477477478
"लिए प्रतिबद्ध है ।",222,0.7457912457912458
"में बोल रहे थे",222,0.9004065040650406
"को दी है ।",221,0.8681102362204725
"<s> इसके लिए उन्हें",221,0.036996644295302014
"पर आरोप लगाया कि",221,0.3539325842696629
"उन्होंने बताया कि यह",221,0.04245283018867924
"सरकार से मांग की",221,0.7846975088967971
"इस बात पर भी",221,0.17753623188405798
"शव मिला । </s>",221,0.997737556561086
"संक्रमित होने की पुष्टि",221,0.6847826086956522
"<s> पुलिस के एक",221,0.05472822040208489
"करंट की चपेट में",221,0.997737556561086
"<s> सोमवार की सुबह",221,0.37246621621621623
"लोगों के घरों में",221,0.5727272727272728
"ने जीत हासिल की",221,0.8784860557768924
"को दी . </s>",221,0.997737556561086
"की शुरुआत में ही",221,0.5682989690721649
"<s> इस योजना का",221,0.14216634429400388
"मिलने के बाद पुलिस",221,0.19274475524475523
"को श्रद्धांजलि दी ।",221,0.5287769784172662
"रुपये का जुर्माना लगाया",221,0.6805555555555556
"<s> कोरोना संकट के",221,0.6125
"ने घोषणा की कि",221,0.3573743922204214
"स्टेडियम में खेले गए",221,0.7551369863013698
"उठाते हैं । </s>",221,0.997737556561086
"कोरोना वायरस से बचाव",221,0.1221606648199446
"अस्पताल में चल रहा",221,0.997737556561086
"सम्मान किया गया ।",221,0.997737556561086
"लाख है । </s>",221,0.997737556561086
"पुलिस की टीम ने",221,0.6784615384615384
"का प्रयोग करें ।",221,0.9
"भी कुछ ऐसा ही",221,0.997737556561086
"बारे में बता रहे",221,0.7629757785467128
"जांच कराने की मांग",221,0.857976653696498
"नियमों का पालन करते",221,0.17597765363128492
"कार्रवाई करने की मांग",221,0.6024590163934426
"<s> रविवार की सुबह",221,0.3821490467937608
"का वीडियो सोशल मीडिया",221,0.997737556561086
"साफ किया है कि",221,0.9111570247933884
"देने का निर्देश दिया",221,0.997737556561086
"लिए काम कर रहे",221,0.48355263157894735
"रोका गया । </s>",221,0.997737556561086
"की संख्या में इजाफा",221,0.107666015625
"को हुई थी ।",221,0.725328947368421
"में गिरावट आई है",221,0.7374581939799331
"से शुरू होता है",221,0.997737556561086
"<s> 11 . </s>",221,0.997737556561086
". . .",83,0.5338019992915896
"ऐसा ही एक मामला",221,0.7709790209790209
"आईडीएफसी फिक्स्ड टर्म प्लान",221,0.997737556561086
"को पूरा करने का",220,0.08037348956426217
"दी जाती है कि",220,0.08850806451612903
"न मिलने के कारण",220,0.764808362369338
"सभा का आयोजन किया",220,0.8850806451612904
"को हासिल करने के",220,0.6325648414985591
"सामाजिक न्याय एवं अधिकारिता",220,0.9977272727272727
"कम से कम 10",220,0.048551205485512054
"<s> इस परीक्षा में",220,0.5900537634408602
"का विषय बना हुआ",220,0.8675889328063241
"कारण बन सकता है",220,0.9977272727272727
"के लिए पहुंचे ।",220,0.4730603448275862
"प्रभावित हुई है ।",220,0.8283018867924529
"नियमों का उल्लंघन करने",220,0.5327669902912622
"मीटर है । </s>",220,0.9977272727272727
"को सुबह 11 बजे",220,0.9070247933884298
"प्रधानमंत्री मोदी ने कहा",220,0.729235880398671
"के रूप में शामिल",220,0.010474827010260082
"के लिए पुलिस को",220,0.18889845094664373
"कोरोना महामारी के दौरान",220,0.13980891719745223
"घिळर् - ऊि्‌ ।",220,0.9977272727272727
"चाहते है । </s>",220,0.9977272727272727
"के प्रति जागरूक किया",220,0.41181988742964354
"- बी . </s>",220,0.9977272727272727
"कब्जा कर लिया है",220,0.3830715532286213
"कोरोना महामारी के बीच",220,0.13980891719745223
"साझा किया । </s>",220,0.9977272727272727
"में मदद की ।",220,0.4416498993963783
"खास बात है कि",220,0.9977272727272727
"का इंतजार कर रहा",220,0.1507554945054945
"के संरक्षण के लिए",220,0.9977272727272727
"विशेषज्ञों का मानना है",220,0.9977272727272727
"का नाम ही नहीं",220,0.9977272727272727
"उनका स्वागत किया ।",220,0.7517123287671232
"में विशेष रूप से",219,0.997716894977169
"झंडी दिखाकर रवाना किया",219,0.997716894977169
"हो सकती हैं .",219,0.21254863813229571
"भी नहीं था ।",219,0.5190023752969121
"की वजह से उन्हें",219,0.02447904996639032
"धाराओं में मुकदमा दर्ज",219,0.8918367346938776
"बढ़े हैं । </s>",219,0.997716894977169
"लग रहा था ।",219,0.2651699029126214
"के बाद गुरुवार को",219,0.997716894977169
"को सांस लेने में",219,0.997716894977169
"होते रहते हैं ।",219,0.8183520599250936
"सकी थी । </s>",219,0.997716894977169
"में दी । </s>",219,0.997716894977169
"- पिता के साथ",219,0.6407624633431085
"24 घंटे के भीतर",219,0.273125
"तेजी से बढ़ रहे",219,0.28825857519788917
"<s> भारत और इंग्लैंड",219,0.16101694915254236
"<s> मंगलवार की सुबह",219,0.3709677419354839
"ने मैच के बाद",219,0.997716894977169
"के लिए कई तरह",219,0.23853711790393012
"खिलाफ केस दर्ज कर",219,0.4016544117647059
"कहा कि जिले में",219,0.6464497041420119
"की लहर है ।",219,0.8568627450980392
"हूं . "" </s>",219,0.997716894977169
"इस बात की भी",219,0.06149732620320856
"अज्ञात लोगों के खिलाफ",219,0.997716894977169
"खो दिया । </s>",219,0.997716894977169
"वीर अर्जुन संवाददाता नई",219,0.2505733944954128
"अब धीरे - धीरे",219,0.997716894977169
"में कई जगहों पर",219,0.997716894977169
"बीजेपी अध्यक्ष अमित शाह",219,0.997716894977169
"पेश की है ।",219,0.8307984790874525
"का सामना कर रही",219,0.18868739205526772
"व्यवस्था की गई थी",219,0.16977466977466976
"कहा था कि यह",219,0.04352589641434263
"में आया है कि",219,0.23698481561822127
"की देखभाल के लिए",219,0.997716894977169
"प्रीमियर लीग आईपीएल) के",219,0.6681957186544343
"अपील की गई है",219,0.47707423580786024
"<s> इन सबके बीच",219,0.6828125
"पर विचार किया जा",219,0.4114877589453861
"लगाकर जान दे दी",219,0.997716894977169
"होने के बाद पुलिस",218,0.02916331456154465
"हरी झंडी दिखाकर रवाना",218,0.8805668016194332
"लोगों की जान गई",218,0.16328828828828829
"इस बयान के बाद",218,0.9977064220183486
"पुलिस भी मौके पर",218,0.9977064220183486
"आपको बताने जा रहे",218,0.9977064220183486
"परेशान हो रहे हैं",218,0.9977064220183486
"कर दिया जाएगा .",218,0.12536023054755044
"की घोषणा की .",218,0.04169861963190184
"महसूस कर रहा हूं",218,0.5576923076923077
"रिपोर्ट दर्ज कर ली",218,0.7712765957446809
"<s> किसी भी तरह",218,0.2665441176470588
"का तर्क है कि",218,0.9977064220183486
"<s> बाद में पुलिस",218,0.11142418032786885
"अमेरिकी राष्ट्रपति बराक ओबामा",218,0.9977064220183486
"प्रदर्शन करेंगे । </s>",218,0.9977064220183486
"टी - 20 में",218,0.09954233409610984
"साथ काम करने का",218,0.2246900826446281
"इससे बचने के लिए",218,0.9977064220183486
"तारक मेहता का उल्टा",218,0.9977064220183486
"पर खुला । </s>",218,0.9977064220183486
"नए कृषि कानूनों के",218,0.58
"नहीं पता था कि",218,0.8238636363636364
"भागने लगा । </s>",218,0.9977064220183486
"खड़ा है । </s>",218,0.9977064220183486
"के बढ़ते मामलों को",218,0.3756476683937824
"मुखबिर से सूचना मिली",218,0.9977064220183486
"<s> हाल के दिनों",218,0.5105633802816901
"निर्देश जारी कर दिए",218,0.7712765957446809
"प्रक्रिया है । </s>",218,0.9977064220183486
"रेल मंत्री पीयूष गोयल",218,0.9977064220183486
"से मनाया जाता है",218,0.9977064220183486
"आमने - सामने आ",218,0.27153558052434457
"शामिल हो गए हैं",218,0.2865612648221344
"जोरों पर है ।",218,0.7996323529411765
"उल्लंघन है । </s>",218,0.9977064220183486
"हो गई थीं ।",218,0.8146067415730337
"<s> सूचना मिलने के",218,0.223305954825462
"जल गया । </s>",218,0.9977064220183486
"भाजपा में शामिल होने",218,0.3692699490662139
"निर्माण किया जाएगा ।",218,0.9977064220183486
"रौंद दिया । </s>",218,0.9977064220183486
"उम्मीद कर रहे हैं",218,0.8025830258302583
"रोग विशेषज्ञ डॉ .",218,0.9977064220183486
"की वृद्धि हुई है",217,0.7439862542955327
"से सनसनी फैल गई",217,0.9976958525345622
"एक्सप्रेस - वे पर",217,0.387298747763864
"भूमिका निभा रहे हैं",217,0.9020833333333333
"पड़ गया । </s>",217,0.9976958525345622
"माना गया है .",217,0.17487883683360259
"ने बॉक्स ऑफिस पर",217,0.9976958525345622
"बनाए हुए हैं ।",217,0.702922077922078
"पानी भर गया ।",217,0.47270742358078605
"उन्हें मृत घोषित कर",217,0.9976958525345622
"कृषि कानूनों को वापस",217,0.4054307116104869
"<s> लखनऊ: उत्तर प्रदेश",217,0.9976958525345622
"के बाद आग पर",217,0.9976958525345622
"में सफल रहा ।",217,0.6348973607038123
"में शामिल करने के",217,0.3315467075038285
"कंपनी का कहना है",217,0.9976958525345622
"की आशंका जताई है",217,0.3475120385232745
"जिला अस्पताल रेफर कर",217,0.793040293040293
"कम हुई है ।",217,0.8359073359073359
"फायरिंग कर दी ।",217,0.7959558823529411
"जाने लगे । </s>",217,0.9976958525345622
"मुख्यमंत्री श्री शिवराज सिंह",217,0.9976958525345622
"पता चला कि वह",217,0.1434724983432737
"के क्षेत्र में भी",217,0.14808481532147744
"मीडिया पर खूब वायरल",217,0.793040293040293
"<s> देवास । </s>",217,0.9976958525345622
"कराती है । </s>",217,0.9976958525345622
"राष्ट्रपति रामनाथ कोविंद ने",217,0.5242130750605327
"सुधार हो रहा है",217,0.9976958525345622
"खराब होने के कारण",217,0.5623376623376624
"साल की सजा सुनाई",217,0.6482035928143712
"निर्देश देते हुए कहा",217,0.9976958525345622
"भुगतान करना होगा ।",217,0.8108614232209738
"से हुआ था ।",217,0.9058577405857741
"<s> न्यूज 24 ब्यूरो",217,0.9976958525345622
"दिए गए है ।",217,0.8800813008130082
"स्थापित किया गया है",217,0.4270216962524655
"में शामिल हो सकते",217,0.11941533370104798
"फोटो शेयर करते हुए",217,0.9976958525345622
"को मंजूरी दी गई",217,0.30364656381486677
"यह फैसला लिया गया",217,0.5579896907216495
"धमकी दी थी ।",217,0.6961414790996785
"पर बड़ी संख्या में",217,0.9976958525345622
"G आईसीआईसीआई प्रु FMP",217,0.8424124513618677
"काफी है । </s>",216,0.9976851851851852
"करोड़ रुपये का निवेश",216,0.16653786707882534
"भेजी जाएगी । </s>",216,0.9976851851851852
"जी ने कहा कि",216,0.743103448275862
"उठा रही है ।",216,0.7614840989399293
"हटा दिया । </s>",216,0.9976851851851852
"प्रोफेसर डॉ . </s>",216,0.9976851851851852
"रहा है ।",216,0.663958646347571
"की सजा सुनाई थी",216,0.15048882681564246
"जा रहा हैं ।",216,0.6570121951219512
"<s> मुझे नहीं लगता",216,0.5106635071090048
"<s> डी . </s>",216,0.9976851851851852
"बताया गया है .",216,0.060145129779514375
"का कारण बन सकता",216,0.39541284403669724
"ने पहली पारी में",216,0.9976851851851852
"स्थित हैं । </s>",216,0.9976851851851852
"लोगों का कहना था",216,0.14243225380039656
"वर्ष की तुलना में",216,0.9976851851851852
"राष्ट्रीय स्वयं सेवक संघ",216,0.9976851851851852
"में पुलिस ने एक",216,0.27878395860284605
"गांव के ही एक",216,0.4565677966101695
"हाल ही में इस",216,0.03218339307048985
"<s> अधिकारियों के मुताबिक",216,0.5611979166666666
"काट दिया । </s>",216,0.9976851851851852
"समाजवादी पार्टी के राष्ट्रीय",216,0.2362938596491228
"का मन बना लिया",216,0.5746666666666667
"बंद हो गई ।",216,0.4208984375
"अर्जुन संवाददाता नई दिल्ली",216,0.9976851851851852
"इस महीने की शुरुआत",216,0.9054621848739496
"के पूर्व मुख्यमंत्री और",216,0.28926174496644297
"भी उपस्थित थे ।",216,0.9976851851851852
"<s> घटना के समय",216,0.07805143064107208
"संभावना नहीं है ।",216,0.7807971014492754
"बात की गई तो",216,0.5082547169811321
"वायरस के संक्रमण को",216,0.2443310657596372
"जेल में बंद हैं",216,0.28505291005291006
"को खत्म कर दिया",216,0.9092827004219409
"की वजह से लोगों",216,0.02414295317051311
"पर ध्यान देना चाहिए",216,0.6884984025559105
"लाता है । </s>",216,0.9976851851851852
"करना आवश्यक है ।",216,0.8868312757201646
"ध्यान देने की जरूरत",216,0.5483460559796438
"- 19 से संक्रमित",216,0.28848728246318606
"जारी कर कहा कि",216,0.46949891067538124
"करने का आरोप लगा",216,0.08919701986754967
"कर सकी । </s>",216,0.9976851851851852
"होता रहा । </s>",215,0.9976744186046511
"है कि वह अपनी",215,0.0806997742663657
"<s> एन . </s>",215,0.9976744186046511
"एक महिला के साथ",215,0.8187022900763359
"की रिपोर्ट दर्ज कराई",215,0.4953810623556582
"ने खारिज कर दिया",215,0.7552816901408451
"को चुनौती देने वाली",215,0.5750670241286864
"प्रधानमंत्री नरेंद्र मोदी द्वारा",215,0.02304964539007092
"<s> बुधवार की सुबह",215,0.38099467140319715
"बधाई देते हुए कहा",215,0.8187022900763359
"जम्मू - कश्मीर पुलिस",215,0.04531051964512041
"ने कहा कि लोगों",215,0.0034687409036514762
"विस्तार से चर्चा की",215,0.7771739130434783
"कराने की बात कही",215,0.9976744186046511
"आदेश दिए थे ।",215,0.7973977695167286
"नियुक्त किया गया था",215,0.1899911426040744
"सामने है । </s>",215,0.9976744186046511
"को खत्म करने की",215,0.20784883720930233
"<s> साथ ही एक",215,0.024643841911764705
"को पकड़ लिया ।",215,0.6383928571428571
"घोषणा कर दी ।",215,0.1991643454038997
"को देखते हुए सरकार",215,0.051132300357568536
"साथ दिया । </s>",215,0.9976744186046511
"निवासी हैं । </s>",215,0.9976744186046511
"लगे थे . </s>",215,0.9976744186046511
"ने इस मैच में",215,0.7886029411764706
"<s> लंबे समय तक",215,0.2785714285714286
"की स्थापना की थी",215,0.17949790794979079
"से पराजित किया ।",215,0.858
"उसका कहना है कि",215,0.9976744186046511
"अपराध है । </s>",215,0.9976744186046511
"में भर्ती कराया है",215,0.03930731170973062
"हिदायत दी । </s>",215,0.9976744186046511
"करने के लिए आवश्यक",215,0.006780893370846901
"में काम करता था",215,0.4054820415879017
"नहीं लगता । </s>",215,0.9976744186046511
"चेक कर सकते हैं",215,0.8545816733067729
"सेक्सी मूवी सेक्सी मूवी",215,0.6128571428571429
"में आयोजित बैठक में",215,0.9976744186046511
"में लगा हुआ है",215,0.7973977695167286
"जिले में कोरोना संक्रमण",215,0.20845481049562684
"के योग हैं ।",215,0.9976744186046511
"<s> नागरिकता संशोधन कानून",215,0.7320819112627986
"हासिल कर ली है",215,0.46630434782608693
"ले गया था ।",215,0.897489539748954
"कि इससे पहले भी",215,0.9976744186046511
"आरोप लगाए । </s>",215,0.9976744186046511
"सुविधा है । </s>",215,0.9976744186046511
"ट्रेन की चपेट में",215,0.9976744186046511
"को पुरालेखित . </s>",215,0.9976744186046511
"श्रद्धांजलि दी गई ।",215,0.9976744186046511
"<s> समाचार एजेंसी सिन्हुआ",215,0.3864864864864865
"D आईसीआईसीआई प्रु FMP",215,0.7915129151291513
"आ जाएंगे । </s>",214,0.9976635514018691
"उठाते हुए कहा कि",214,0.8211538461538461
"के बारे में जागरूक",214,0.007432291304045116
"इसके साथ ही इस",214,0.052521525215252156
"<s> इसके अलावा कई",214,0.02798531917682527
"से इन्कार कर दिया",214,0.9976635514018691
"और कहा था कि",214,0.9976635514018691
"करने की कोशिश करते",214,0.05371069182389937
"के कम से कम",214,0.9976635514018691
"में रखा गया ।",214,0.12753882915173237
"सरकार पर निशाना साधते",214,0.3588235294117647
"बाकी है . </s>",214,0.9976635514018691
"<s> देश के कई",214,0.14176626826029218
"सहयोग किया । </s>",214,0.9976635514018691
"में पानी की कमी",214,0.3394276629570747
"इस घटना की जानकारी",214,0.39391143911439114
"के लिए मजबूर कर",214,0.20372137404580154
"जा रहा है तो",214,0.004090821996551064
"किसानों के हित में",214,0.7625
"<s> इससे पहले उन्होंने",214,0.04119235963727571
"दिक्कत हो रही है",214,0.7491228070175439
"सामना करना पड़ा .",214,0.10123281175912754
"को अधिक से अधिक",214,0.9976635514018691
"की सेवा के लिए",214,0.875
"के लिए भारत सरकार",214,0.20372137404580154
"<s> इस शो में",214,0.4930715935334873
"<s> मामले को लेकर",214,0.830739299610895
"लेने की मांग की",214,0.5739247311827957
"अगले कुछ दिनों में",214,0.7652329749103942
"में करने के लिए",214,0.9123931623931624
"कलेक्टर डॉ . </s>",214,0.9976635514018691
"काम करती हैं ।",214,0.6909385113268608
"बंद हुआ था ।",214,0.7311643835616438
"अटल बिहारी वाजपेयी की",214,0.25296208530805686
"<s> यदि आप एक",214,0.22932330827067668
"की इजाजत दे दी",214,0.9976635514018691
"नहीं आएगी । </s>",214,0.9976635514018691
"तस्वीरें शेयर की हैं",214,0.7286689419795221
"नहीं पड़ेगा । </s>",214,0.9976635514018691
"<s> ऐसे समय में",214,0.9976635514018691
"किए जाने की बात",214,0.13427672955974843
"लगाना चाहिए । </s>",214,0.9976635514018691
"का सामना नहीं करना",214,0.7849264705882353
"<s> दिल्ली पुलिस की",214,0.244279176201373
"कोरोना वायरस संक्रमण की",214,0.14940517844646606
"होने से लोगों को",214,0.6082621082621082
"शानदार है । </s>",214,0.9976635514018691
"दर्ज किया गया .",214,0.05605145707534786
"उन्होंने कहा कि पिछले",214,0.008526698350573106
"<s> जैसा कि आप",214,0.32153614457831325
"पार्टी है । </s>",214,0.9976635514018691
"के लिए उपयोग किया",214,0.42614770459081835
"राशि वालों के लिए",214,0.9976635514018691
"को कोरोना वायरस के",214,0.34105431309904155
"संचालित है । </s>",214,0.9976635514018691
"भरा था । </s>",214,0.9976635514018691
"से कुछ दूरी पर",214,0.9976635514018691
"जन्मदिन है । </s>",214,0.9976635514018691
"कोशिश की गई ।",214,0.3372827804107425
"है ? "" </s>",214,0.9976635514018691
"के लिए सरकार की",214,0.13410804020100503
"कार्रवाई करने के लिए",214,0.4631236442516269
"परेशान हैं . </s>",213,0.9976525821596244
"देश - विदेश से",213,0.325920245398773
"शामिल करें । </s>",213,0.9976525821596244
"मुझे यकीन है कि",213,0.9976525821596244
"महासचिव प्रियंका गांधी वाड्रा",213,0.5083732057416268
"<s> पूछताछ के दौरान",213,0.6854838709677419
"बारे में कुछ नहीं",213,0.390625
"पुलिस में शिकायत दर्ज",213,0.6558641975308642
"देखने को मिल सकता",213,0.08070641853399164
"गांव - गांव में",213,0.5
"<s> जांच में पता",213,0.43016194331983804
"की भी घोषणा की",213,0.9976525821596244
"हुआ करते थे ।",213,0.6231671554252199
"का स्वागत किया है",213,0.1877208480565371
"जायजा लेने के लिए",213,0.7130872483221476
"काफी मशक्कत के बाद",213,0.9976525821596244
"एक पुलिस अधिकारी ने",213,0.8673469387755102
"पता चला है ।",213,0.1091983556012333
"रखी गई थी ।",213,0.8603238866396761
"बार नहीं है जब",213,0.7508833922261484
"की व्यवस्था की है",213,0.10998964803312629
"पुष्टि नहीं हुई है",213,0.8709016393442623
"पुलिस ने रविवार को",213,0.8891213389121339
"आया हूं । </s>",213,0.9976525821596244
"<s> दिल्ली पुलिस के",213,0.2431350114416476
"निभाते हैं । </s>",213,0.9976525821596244
"एक सप्ताह के भीतर",213,0.390625
"से निकाल दिया ।",213,0.4427083333333333
"लेकर सोशल मीडिया पर",213,0.8079847908745247
"अस्पताल में भर्ती होने",213,0.03794642857142857
"अनुमति दी है ।",213,0.8638211382113821
"पैदा करता है ।",213,0.8173076923076923
"के लिए गुरुवार को",213,0.9976525821596244
"रुक - रुक कर",213,0.9976525821596244
"नहीं करनी चाहिए ।",213,0.8018867924528302
"को विशेष रूप से",213,0.9976525821596244
"अधिकारियों से कहा कि",213,0.7535460992907801
"खा लिया । </s>",213,0.9976525821596244
"बरामद किए । </s>",213,0.9976525821596244
"कर डाली । </s>",213,0.9976525821596244
"में चल रहा था",213,0.226545842217484
"कर रखा था ।",213,0.8399209486166008
"ट्वीट करते हुए कहा",213,0.32196969696969696
"संबंध है । </s>",213,0.9976525821596244
"<s> अगर आपके पास",213,0.5636604774535809
"आह्वान किया है ।",213,0.6746031746031746
"<s> इसके बाद अब",213,0.010936695831188883
"नहीं देता । </s>",213,0.9976525821596244
"<s> चर्चा है कि",213,0.9976525821596244
"ओर से जारी बयान",213,0.2208939708939709
"की पुष्टि की ।",213,0.1693227091633466
"के थे . </s>",213,0.9976525821596244
"प्रधानमंत्री इमरान खान ने",213,0.48963133640552997
"का ध्यान रखें ।",213,0.5790190735694822
"से घायल हो गई",213,0.08141762452107279
"मायावती ने कहा कि",213,0.8817427385892116
"के लिए आए थे",213,0.504750593824228
"उसे इलाज के लिए",213,0.9976525821596244
"छानबीन शुरू कर दी",213,0.9976525821596244
"की अपील करते हुए",213,0.8366141732283464
"परेशानी हुई । </s>",213,0.9976525821596244
"साहू ने बताया कि",213,0.9976525821596244
"सूचना पाकर मौके पर",213,0.9976525821596244
"बेसब्री से इंतजार कर",212,0.42384769539078154
"से जानकारी दी ।",212,0.6889250814332247
"का था . </s>",212,0.9976415094339622
"लग रही हैं ।",212,0.5891364902506964
"गांव में रहने वाले",212,0.6714285714285714
"किसान सम्मान निधि योजना",212,0.5826446280991735
"करने चाहिए । </s>",212,0.9976415094339622
"की खरीद के लिए",212,0.9976415094339622
"कम थी । </s>",212,0.9976415094339622
"<s> शुक्रवार की सुबह",212,0.38594890510948904
"खतरा मंडरा रहा है",212,0.9976415094339622
"जांच कराई जा रही",212,0.9976415094339622
"देखा है . </s>",212,0.9976415094339622
"विषय बना हुआ है",212,0.9976415094339622
"रूप से जख्मी हो",212,0.8392857142857143
"के बाद शनिवार को",212,0.9038461538461539
"के इतिहास में पहली",212,0.34786184210526316
"खेला जाएगा . </s>",212,0.9976415094339622
"को जीत के लिए",212,0.9976415094339622
"<s> इस फोटो में",212,0.5354430379746835
"मिलते ही मौके पर",212,0.9976415094339622
"टूट गई । </s>",212,0.9976415094339622
"के कारण होता है",212,0.9976415094339622
"कि कुछ दिन पहले",212,0.8359683794466403
"का कार्य चल रहा",212,0.9976415094339622
"में फेंक दिया ।",212,0.5047732696897375
"कोतवाली क्षेत्र के गांव",212,0.4558189655172414
"<s> इस बात पर",212,0.08597560975609755
"दुबे ने बताया कि",212,0.9976415094339622
"इस अभियान के तहत",212,0.7218430034129693
"भूमिका में हैं ।",212,0.6911764705882353
"वृद्धि हो रही है",212,0.9976415094339622
"संख्या में पुलिस बल",212,0.863265306122449
"हुए कहा कि अगर",212,0.029940543601359004
"उनका निधन हो गया",212,0.9976415094339622
"नहीं मिलता है ।",212,0.680064308681672
"है कि उनके पास",212,0.3180451127819549
"हिस्सा ले रहे हैं",212,0.9976415094339622
"ले जाया गया था",212,0.10428994082840237
"बात कह रहे हैं",212,0.7862453531598513
"सुबह 9 बजे से",212,0.8041825095057035
"ने बताया कि गिरफ्तार",212,0.004488635157791973
"<s> कोरोना वायरस संक्रमण",212,0.06722822631913541
"चोरी के मामले में",212,0.9976415094339622
"बना लिए हैं ।",212,0.709731543624161
"का किरदार निभाया था",212,0.6130434782608696
"शिकायत में बताया कि",212,0.6757188498402555
"कर चुके हैं और",212,0.06554074992252866
"गया . . .",212,0.7663043478260869
"साथ मारपीट की ।",212,0.35074626865671643
"करा दिया गया ।",212,0.28087649402390436
"शिकायत दर्ज कराई ।",212,0.2000946073793756
"आईसीआईसीआई प्रु FMP S",212,0.47959183673469385
"आईसीआईसीआई प्रू एफएमपी सीरीज",212,0.2823765020026702
"लाख से अधिक लोग",211,0.2592364532019704
"की रहने वाली हैं",211,0.2338888888888889
"ने कोरोना वायरस के",211,0.3841240875912409
"दूरी पर स्थित है",211,0.9976303317535545
"आयोजित होगी । </s>",211,0.9976303317535545
"के भी निर्देश दिए",211,0.8487903225806451
"सूची जारी कर दी",211,0.9976303317535545
"जा रहे हैं तो",211,0.017228678998199378
"नहीं चल रहा है",211,0.6746794871794872
"में भर्ती हैं ।",211,0.7258620689655172
"बिलासपुर निप्र) । </s>",211,0.9976303317535545
"एक महिला की मौत",211,0.8770833333333333
"भारतीय दंड संहिता की",211,0.7767527675276753
"की हत्या करने के",211,0.4095330739299611
"जाती थीं । </s>",211,0.9976303317535545
"दिया जायेगा . </s>",211,0.9976303317535545
"<s> घटना को लेकर",211,0.5397435897435897
"ने दिया । </s>",211,0.9976303317535545
"प्रदेश के मुख्यमंत्री शिवराज",211,0.13749183540169824
"विश्व कप के लिए",211,0.35497470489038785
"की जाए . </s>",211,0.9976303317535545
"दिशा - निर्देशों के",211,0.37256637168141593
"<s> इस योजना में",211,0.13571889103803997
"कैमरा है । </s>",211,0.9976303317535545
"<s> बहुजन समाज पार्टी",211,0.9976303317535545
"दो गज की दूरी",211,0.9976303317535545
"बर्दाश्त नहीं की जाएगी",211,0.9976303317535545
"के तहत कार्रवाई की",211,0.6812297734627831
"<s> वाराणसी . </s>",211,0.9976303317535545
"से लिया है ।",211,0.7517857142857143
"खबर लिखे जाने तक",211,0.9976303317535545
"की सूचना है ।",211,0.7913533834586466
"<s> पिछले कई दिनों",211,0.5814917127071824
"2014 - 15 में",211,0.5658602150537635
"के आदेश जारी किए",211,0.5798898071625345
"प्रभाव पड़ता है ।",211,0.8807531380753139
"पुरानी है । </s>",211,0.9976303317535545
"का सामना करते हुए",211,0.7111486486486487
"नहीं लगेगा । </s>",211,0.9976303317535545
"पर एक वीडियो शेयर",211,0.38909426987060997
"<s> ममता बनर्जी ने",211,0.7063758389261745
"अधिसूचना जारी कर दी",211,0.9976303317535545
"डाल दें । </s>",211,0.9976303317535545
"<s> पता चला कि",211,0.5288944723618091
"जांच के बाद ही",211,0.4740990990990991
"की हालत गंभीर है",211,0.2887517146776406
"को देखते हुए पुलिस",211,0.05017878426698451
"सामने आई हैं ।",211,0.7767527675276753
"लगातार बढ़ती जा रही",211,0.9976303317535545
"अभियान की शुरुआत की",211,0.6119186046511628
"रही हो । </s>",211,0.9976303317535545
"सामना कर रहा है",210,0.9976190476190476
"रुपये थी । </s>",210,0.9976190476190476
"वीडियो शेयर करते हुए",210,0.9976190476190476
"दिखाकर रवाना किया ।",210,0.9976190476190476
"बात हो रही है",210,0.838
"की बात कही .",210,0.03219609651144921
"यह जानकारी देते हुए",210,0.9976190476190476
"ले चुके हैं ।",210,0.6960132890365448
"बुलाया जाएगा । </s>",210,0.9976190476190476
"के लिए बता दे",210,0.25393939393939396
"की निंदा करते हुए",210,0.7817164179104478
"के बारे में कई",210,0.007293044628559493
"नहीं आता है ।",210,0.5771349862258953
"हासिल कर सकते हैं",210,0.9976190476190476
"रन बनाकर आउट हो",210,0.4249492900608519
"<s> इस आधार पर",210,0.9976190476190476
"पुलिस ने मंगलवार को",210,0.7935606060606061
"लौट आए । </s>",210,0.9976190476190476
"होने दें । </s>",210,0.9976190476190476
"करने का वादा किया",210,0.8313492063492064
"का वादा किया है",210,0.23098125689084895
"<s> बिग बॉस के",210,0.2742146596858639
"बताया कि बुधवार को",210,0.6198224852071006
"ने आत्महत्या कर ली",210,0.9976190476190476
"कुछ देर बाद ही",210,0.6891447368421053
"लग रहा है .",210,0.09794296400187004
"शुरू कर दिया जाएगा",210,0.02752233315817131
"बिक्री के लिए उपलब्ध",210,0.3480066445182724
"दिशा - निर्देशों का",210,0.37079646017699114
"का मामला है ।",210,0.6486068111455109
"दिखने लगा है ।",210,0.7935606060606061
"से भी कम समय",210,0.43195876288659796
"बड़ी संख्या में लोगों",210,0.1759026028547439
"सुनाई थी । </s>",210,0.9976190476190476
"ठप है । </s>",210,0.9976190476190476
"फैल गया । </s>",210,0.9976190476190476
"पिछले कई वर्षों से",210,0.8877118644067796
"में रहने के लिए",210,0.3076358296622614
"टीम इंडिया के पूर्व",210,0.20202507232401157
"का ऐलान किया गया",210,0.1191017623649801
"रवाना होंगे । </s>",210,0.9976190476190476
"किसी तरह का कोई",210,0.6868852459016394
"में रखा जाता है",210,0.9976190476190476
"पर आ गए ।",210,0.37277580071174377
"से नवाजा गया ।",210,0.4988095238095238
"जाना जाता था ।",210,0.8551020408163266
"में की जाती है",210,0.9976190476190476
"पर लाने के लिए",210,0.9976190476190476
"करने पर विचार कर",210,0.6272455089820359
"साबित हो सकते हैं",210,0.9976190476190476
"फायदा मिलेगा । </s>",210,0.9976190476190476
"के बाद शव को",210,0.6253731343283582
"पहुंच गए . </s>",210,0.9976190476190476
"से अधिक आयु के",210,0.6629746835443038
"मानने को तैयार नहीं",209,0.9976076555023924
"का हिस्सा हैं ।",209,0.6619047619047619
"से परेशान हैं ।",209,0.556
"इस संबंध में एक",209,0.0832667731629393
"याचिका दायर की गई",209,0.24048442906574394
"हटा दिया है ।",209,0.7665441176470589
"घायलों को इलाज के",209,0.9976076555023924
"यह पहला मौका है",209,0.4804147465437788
"वालों की संख्या बढ़कर",209,0.2995689655172414
"का काम कर रहा",209,0.1798964624676445
"कहा कि इसके लिए",209,0.5318877551020408
"कदम उठाए हैं ।",209,0.8208661417322834
"कुछ दिनों के लिए",209,0.5359897172236504
"का परिचय देते हुए",209,0.9976076555023924
"खबर सुने लखनऊ ।",209,0.9976076555023924
"सुने लखनऊ । </s>",209,0.9976076555023924
"अपने समर्थकों के साथ",209,0.9976076555023924
"<s> बिलासपुर निप्र) ।",209,0.9976076555023924
"जानकारी है । </s>",209,0.9976076555023924
"करने के लिए हर",209,0.006591218031802232
"निर्देशित किया गया है",209,0.6026011560693642
"की जांच की जाएगी",209,0.06415384615384616
"जोड़ा गया है ।",209,0.8241106719367589
"कमरे में बंद कर",209,0.8872340425531915
"<s> इसके माध्यम से",209,0.9976076555023924
"उन्होंने कहा कि उन्हें",209,0.008327009864611207
"टीम इंडिया के लिए",209,0.20106075216972036
"पर ध्यान देने की",209,0.6598101265822784
"के नाम पर एक",209,0.05701394585726005
"रहना है । </s>",209,0.9976076555023924
"थाने में शिकायत दर्ज",209,0.5443864229765013
"कोरोना संकट के बीच",209,0.39339622641509436
"अनुमति है । </s>",209,0.9976076555023924
"सलाह देते हैं ।",209,0.6836065573770492
"का इस्तेमाल करते हुए",209,0.2639240506329114
"तारीफ की है ।",209,0.7067796610169491
"काफी परेशानियों का सामना",209,0.9976076555023924
"बैठता है । </s>",209,0.9976076555023924
"आमंत्रित किया गया है",209,0.5291878172588832
"रात के अंधेरे में",209,0.9976076555023924
"मिली थीं । </s>",209,0.9976076555023924
"<s> जानकारों का कहना",209,0.7264808362369338
"परंपरा है । </s>",209,0.9976076555023924
"सचिव ने कहा कि",209,0.9976076555023924
"पूजा अर्चना की ।",209,0.4815242494226328
"में मामला दर्ज किया",209,0.351010101010101
"के पक्ष में नहीं",209,0.17062193126022912
"होती थी . </s>",209,0.9976076555023924
"का पूरी तरह से",209,0.8241106719367589
"<s> भारत में भी",209,0.14232081911262798
"ही नहीं है .",209,0.1595256312165264
"मामला सामने आने के",209,0.7958015267175572
"देखा जाता है कि",209,0.2944915254237288
"<s> इस प्रकार के",209,0.2957446808510638
"प्रदेश में अब तक",209,0.9976076555023924
"में छात्र - छात्राओं",209,0.8273809523809523
"आत्महत्या कर ली थी",209,0.15571321882001493
"हो रहा । </s>",209,0.9976076555023924
"रद्द करने की मांग",209,0.879746835443038
"के बारे में लोगों",209,0.0072582329596880876
"ने कहा कि कई",209,0.0033717131860668196
"हिरासत में लिया ।",209,0.14193328795098706
"की तरफ से कोई",209,0.057628524046434496
"समस्या का समाधान नहीं",209,0.42464358452138495
"पदक जीता । </s>",209,0.9976076555023924
"दे दिए हैं ।",209,0.7867924528301887
"के खिलाफ पुलिस ने",209,0.6280120481927711
"एसबीआई डीएफएस 366 दिन",209,0.9976076555023924
"लेते है । </s>",208,0.9975961538461539
"हम आपको बता दें",208,0.612094395280236
"खबर सामने आ रही",208,0.9975961538461539
"पक्ष के लोगों ने",208,0.7255244755244755
"ने कहा कि पूर्व",208,0.0033555418998027103
"नहीं पा रहे हैं",208,0.7572992700729927
"ही उसकी मौत हो",208,0.9975961538461539
"<s> लोक निर्माण विभाग",208,0.9975961538461539
"कि कम से कम",208,0.9975961538461539
"19 महामारी के कारण",208,0.39599236641221375
"साफ - सफाई के",208,0.18559928443649373
"को भेजा गया है",208,0.532051282051282
"चोरी कर ले गए",208,0.8943965517241379
"की समस्या को लेकर",208,0.4021317829457364
"सीटों पर जीत दर्ज",208,0.41919191919191917
"से की गई ।",208,0.3278041074249605
"पूछताछ में बताया कि",208,0.8792372881355932
"में जीत दर्ज की",208,0.5446194225721784
"से जुड़े हैं ।",208,0.70578231292517
"घटना की सूचना मिलने",208,0.13842561707805204
"दो पक्षों के बीच",208,0.9975961538461539
"के लिए है .",208,0.16883645240032547
"बना हुआ था ।",208,0.8366935483870968
"से बताया गया है",208,0.4836829836829837
"के खिलाफ प्राथमिकी दर्ज",208,0.9975961538461539
"में खरीद सकते हैं",208,0.9975961538461539
"थाना क्षेत्र में एक",208,0.3143939393939394
"में तब्दील कर दिया",208,0.9975961538461539
"प्रमुख ने कहा कि",208,0.9975961538461539
"पदों पर आवेदन करने",208,0.7742537313432836
"आवेदन आमंत्रित किए हैं",208,0.7490974729241877
"कहा कि प्रदेश के",208,0.15381764269829504
"पूजा की । </s>",208,0.9975961538461539
"है या नहीं .",208,0.16924959216965743
"ने एक ट्वीट में",208,0.49522673031026254
"मौत हो जाती है",208,0.9975961538461539
"लापता हैं । </s>",208,0.9975961538461539
"जोड़ा जाएगा । </s>",208,0.9975961538461539
"<s> ऐसा करने के",208,0.2262813522355507
"की ओर से किए",208,0.012703563119872658
"कैप्शन में लिखा है",208,0.5845070422535211
"को फिर से शुरू",208,0.39980732177263967
"सबसे ज्यादा रन बनाने",208,0.8718487394957983
"पर पलटवार करते हुए",208,0.9975961538461539
"<s> पूरी दुनिया में",208,0.8905579399141631
"में जुट गया है",208,0.8137254901960784
"की बात करते हुए",208,0.2518203883495146
"करने वाले हैं .",208,0.2639949109414758
"लगता है कि इस",208,0.05759089647515959
"और सोशल मीडिया पर",208,0.6781045751633987
"सरकार के कार्यकाल में",208,0.7656826568265682
"लगे रहे । </s>",208,0.9975961538461539
"टाटा एफएमपी - सीरीज",208,0.7204861111111112
"कहा कि भाजपा के",207,0.20146341463414635
"कमेटी की ओर से",207,0.9975845410628019
"ने खुलासा किया कि",207,0.49049881235154397
"करने के लिए काम",207,0.006527992918787342
"चली गई है ।",207,0.806640625
"दे रही थी ।",207,0.7705223880597015
"खोला गया । </s>",207,0.9975845410628019
"की जानकारी दी थी",207,0.06334355828220858
"सुबह 7 बजे से",207,0.8003875968992248
"अध्यक्ष सोनिया गांधी ने",207,0.32265625
"शिफ्ट कर दिया गया",207,0.7972972972972973
"करने पर जोर दिया",207,0.7763157894736842
"दर्ज की . </s>",207,0.9975845410628019
"संबोधन में कहा कि",207,0.9057017543859649
"और सरकार के बीच",207,0.6704545454545454
"बदल रहा है ।",207,0.7348754448398577
"हर साल की तरह",207,0.9975845410628019
"मिल जाएंगे । </s>",207,0.9975845410628019
"पीने के पानी की",207,0.4963942307692308
"करता हूँ । </s>",207,0.9975845410628019
"तेजी आई है ।",207,0.7348754448398577
"हुए कहा कि सरकार",207,0.029232729331823328
"जाने की घोषणा की",207,0.8676470588235294
"पदाधिकारी डॉ . </s>",207,0.9975845410628019
"दुर्भाग्यपूर्ण है । </s>",207,0.9975845410628019
"दिशा - निर्देश दिए",207,0.2650834403080873
"मुख्यमंत्री पद की शपथ",207,0.9975845410628019
"और डीजल की कीमतों",207,0.5377604166666666
"<s> कार्यक्रम का शुभारंभ",207,0.29249291784702547
"<s> अहमदाबाद . </s>",207,0.9975845410628019
"रखने की अपील की",207,0.9017467248908297
"की मौके पर मौत",207,0.14481065918653577
"में मदद कर सकता",207,0.3680926916221034
"में मुकदमा दर्ज किया",207,0.3095952023988006
"दिए गए हैं कि",207,0.052531162554057494
"मजबूत है । </s>",207,0.9975845410628019
"ने कुछ दिन पहले",207,0.9975845410628019
"हो जाते है ।",207,0.6929530201342282
"करना पड़ता है .",207,0.16857142857142857
"आने से पहले ही",207,0.9975845410628019
"नहीं देते । </s>",207,0.9975845410628019
"मदद करेगी । </s>",207,0.9975845410628019
"को अवगत कराया ।",207,0.3874296435272045
"के बाद फिर से",206,0.9975728155339806
"लोगों ने पुलिस को",206,0.6782178217821783
"<s> वारदात के बाद",206,0.7934362934362934
"की जानकारी नहीं है",206,0.4526431718061674
"अलग - अलग क्षेत्रों",206,0.03550449205252246
"और डीजल के दाम",206,0.7365591397849462
"में मुकदमा दर्ज कर",206,0.308095952023988
"को इस तरह से",206,0.42723492723492723
"नहीं निकला । </s>",206,0.9975728155339806
"आलोचना की । </s>",206,0.9975728155339806
"पा रही हैं ।",206,0.8973799126637555
"न करे । </s>",206,0.9975728155339806
"की गई थी और",206,0.03723500634172858
"<s> इसके अलावा भी",206,0.026936688950058987
"में परेशानी हो रही",206,0.8422131147540983
"आने के बाद भी",206,0.07864523536165327
"से भारी मात्रा में",206,0.9975728155339806
"<s> टाइम्स ऑफ इंडिया",206,0.9975728155339806
"<s> इस बार के",206,0.11084142394822007
"पर काम करने के",206,0.23378839590443687
"की शपथ दिलाई ।",206,0.6966101694915254
"साल की तरह इस",206,0.9975728155339806
"नहीं की जाती है",206,0.7185314685314685
"ले जाते हैं ।",206,0.7313167259786477
"जाता है कि यह",206,0.08292978208232446
"वीडियो में देखा जा",206,0.9975728155339806
"की याचिका पर सुनवाई",206,0.6895973154362416
"कुछ ही देर बाद",206,0.29912663755458513
"उपयोग किया जा सकता",206,0.529639175257732
"में शामिल कर लिया",206,0.6693811074918566
"<s> लॉकडाउन के कारण",206,0.19932104752667312
"के माध्यम से अपने",206,0.03190003104625892
"अपनी मां के साथ",206,0.7639405204460966
"हिरासत में लिए गए",206,0.7903846153846154
"की कमी आई है",206,0.8896103896103896
"हुए लिखा है कि",206,0.8526970954356846
"समझाने का प्रयास किया",206,0.9975728155339806
"के पहले चरण में",206,0.4835294117647059
"को आकर्षित करने के",206,0.6650485436893204
"उन्‍ होंने बताया कि",206,0.9975728155339806
"जांच जारी है ।",206,0.7555147058823529
"सीमित है । </s>",206,0.9975728155339806
"छानबीन कर रही है",206,0.9975728155339806
"<s> राजधानी दिल्ली में",206,0.75
"छुटकारा पाने के लिए",206,0.9975728155339806
"जानी थी । </s>",206,0.9975728155339806
"<s> ऐसे में सरकार",206,0.018550279833905038
"ही सोशल मीडिया पर",206,0.9975728155339806
"को जाता है ।",206,0.8353658536585366
"<s> उन्होने बताया कि",206,0.9975728155339806
"में रहने के बाद",206,0.30176211453744495
"उठाई है । </s>",206,0.9975728155339806
"से बचाव को लेकर",206,0.9975728155339806
"और 12 वीं की",206,0.37027027027027026
"से संपर्क किया ।",206,0.288623595505618
"निर्देशित किया । </s>",206,0.9975728155339806
"कार्यक्रम में मुख्य अतिथि",206,0.8707627118644068
"करने के लिए नहीं",205,0.006464767805772453
"बंगाल की खाड़ी में",205,0.55420054200542
"का निर्णय किया है",205,0.5311688311688312
"का प्रस्ताव है ।",205,0.818
"भी देखने को मिल",205,0.2872191011235955
"घोषणा की गई थी",205,0.27785326086956524
"में मारे गए लोगों",205,0.6104477611940299
"को राहत देने के",205,0.7277580071174378
"सुर्खियों में हैं ।",205,0.6862416107382551
"के बाद राज्य में",205,0.49515738498789347
"प्रतिबंध लगा दिया गया",205,0.3272
"के खतरे को देखते",205,0.6618122977346278
"ने कहा कि जिले",205,0.0033070280410103818
"भी मिलता है ।",205,0.7659176029962547
"जम्मू - कश्मीर और",205,0.043198141106886356
"कदम उठा रही है",205,0.8969298245614035
"जाने की उम्मीद है",205,0.9975609756097561
"बात नहीं है .",205,0.2166313559322034
"जा गिरा । </s>",205,0.9975609756097561
"जोशी ने कहा कि",205,0.9975609756097561
"को देखते हुए इस",205,0.04874851013110846
"क्राइम ब्रांच की टीम",205,0.9975609756097561
"के दो दिन बाद",205,0.7277580071174378
"कि दोनों देशों के",205,0.8930131004366813
"को अंतिम रूप देने",205,0.409
"को खुश करने के",205,0.8814655172413793
"लगाम लगाने के लिए",205,0.9975609756097561
"और इसी वजह से",205,0.9975609756097561
"उन्होंने कहा कि इसके",205,0.008167259075841687
"बरामद हुए । </s>",205,0.9975609756097561
"चिंतित है । </s>",205,0.9975609756097561
"पुलिस की मदद से",205,0.9975609756097561
"ऐसा नहीं हुआ ।",205,0.6350931677018633
"उन्होंने लिखा है कि",205,0.8702127659574468
"खतरा बना हुआ है",205,0.9975609756097561
"विकसित किया गया है",205,0.7382671480144405
"का कहर जारी है",205,0.9975609756097561
"हटाया गया । </s>",205,0.9975609756097561
"सवाल उठाए हैं ।",205,0.7895752895752896
"को बदलने के लिए",205,0.9975609756097561
"का उपयोग कर रहे",205,0.27635135135135136
"और कोविड - 19",205,0.9975609756097561
"पर हमला करते हुए",205,0.8814655172413793
"लेकिन हाल ही में",205,0.9975609756097561
"का प्रयोग किया ।",205,0.22132034632034633
"शुरुआत हो चुकी है",205,0.9975609756097561
"असर पड़ता है ।",205,0.6908783783783784
"आयोजित एक कार्यक्रम में",205,0.8313008130081301
"की पहचान की गई",205,0.35814360770577935
"दर्ज कराया गया है",205,0.4904076738609113
"पर विचार करने के",205,0.5177215189873418
"आयोजित होगा । </s>",205,0.9975609756097561
"को मिलेंगे । </s>",205,0.9975609756097561
"केस हैं । </s>",205,0.9975609756097561
"को स्वीकार कर लिया",205,0.9975609756097561
"नाम हैं । </s>",205,0.9975609756097561
"<s> om News 18",205,0.9975609756097561
"का फैसला कर लिया",205,0.9975609756097561
"शुरू हुआ है ।",205,0.8019607843137255
"आईसीआईसीआई प्रु FMP Sr",205,0.463718820861678
"लिए . . .",204,0.9084821428571429
"भी चल रहा है",204,0.791828793774319
"पर होता है ।",204,0.7481617647058824
"के लिए संघर्ष कर",204,0.4833729216152019
"देखा गया . </s>",204,0.9975490196078431
"होने की खबर है",204,0.39980353634577603
"कसते हुए कहा कि",204,0.9975490196078431
"पुलिस ने शव का",204,0.1333551769331586
"डूबने से मौत हो",204,0.9975490196078431
"भगा दिया । </s>",204,0.9975490196078431
"बाइक सवार बदमाशों ने",204,0.9975490196078431
"<s> यहां बता दें",204,0.9975490196078431
"एक संवाददाता सम्मेलन में",204,0.8272357723577236
"<s> गोरखपुर । </s>",204,0.9975490196078431
"को बनाया गया है",204,0.6460317460317461
"पर प्रकाश डालते हुए",204,0.9975490196078431
"उन्हें पता चला कि",204,0.9975490196078431
"कहा था कि इस",204,0.04053784860557769
"पेश करने के लिए",204,0.6092814371257484
"की आने वाली फिल्म",204,0.9975490196078431
"ही रहते हैं ।",204,0.7593283582089553
"<s> स्‍ वास्‍ थ्‍",204,0.9975490196078431
"पर चर्चा करने के",204,0.7826923076923077
"जारी रखने के लिए",204,0.9084821428571429
"ट्रंप ने कहा कि",204,0.6738410596026491
"में तब्दील हो गया",204,0.35954063604240283
"में भेजा गया है",204,0.5313315926892951
"अब इस मामले में",204,0.7140350877192982
"दिखाता है । </s>",204,0.9975490196078431
"के लिए सरकार को",204,0.12782663316582915
"अधिक होता है ।",204,0.9975490196078431
"<s> ऐसी ही एक",204,0.8043478260869565
"होने के कारण वह",204,0.06441911997467553
"का निर्माण कराया गया",204,0.34786324786324785
"के दिशा - निर्देशों",204,0.5716292134831461
"की गई तो उन्होंने",204,0.4927360774818402
"तैयारी की है ।",204,0.8409090909090909
"लड़ रहे हैं .",204,0.35086206896551725
"भी दी है ।",204,0.6898305084745763
"दिया जाता है और",204,0.05232707636924659
"दर्शन किए । </s>",204,0.9975490196078431
"पीट - पीटकर हत्या",204,0.6783333333333333
"खारिज करते हुए कहा",204,0.9975490196078431
"<s> इस गाने में",204,0.32664526484751205
"जम्मू - कश्मीर को",204,0.042986903253062946
"लाख रुपये से अधिक",204,0.4845238095238095
"इंकार कर दिया है",204,0.1916195856873823
"ने कहा कि इससे",204,0.0032908567547462724
"थानाध्यक्ष ने बताया कि",204,0.9975490196078431
"लिए किया जा सकता",204,0.5716292134831461
"जांच कराई जाएगी ।",204,0.9975490196078431
"कहा था कि वे",204,0.04053784860557769
"की जिम्मेदारी है ।",204,0.5748587570621468
"हालत को देखते हुए",204,0.9975490196078431
"के साथ बाइक से",204,0.6898305084745763
"जताया है . </s>",204,0.9975490196078431
"की योजना बना रहा",204,0.1912593984962406
"को निर्देश दिए गए",204,0.17304421768707484
"साल के अंत में",204,0.3854166666666667
"खराब हो गई है",204,0.2742587601078167
"से बार - बार",204,0.9975490196078431
"निभाया है । </s>",204,0.9975490196078431
"के बाद रविवार को",204,0.888646288209607
"हालत गंभीर है ।",204,0.9975490196078431
"हाथ है । </s>",204,0.9975490196078431
"कर लिए गए हैं",204,0.7115384615384616
"<s> मायावती ने कहा",204,0.8964757709251101
"का इस्तेमाल किया है",204,0.10565939771547248
"करने के लिए किसी",204,0.006433155249265008
"शेयर कर रहे हैं",204,0.8771551724137931
"में काम कर चुके",204,0.11311839911061701
"<s> ! ! </s>",204,0.9975490196078431
"लोगों की मौत के",204,0.031648522550544324
"की शूटिंग कर रहे",204,0.6166666666666667
"में भारत के लिए",204,0.2803030303030303
"को कम किया जा",203,0.7879377431906615
"हादसे का शिकार हो",203,0.6982758620689655
"उन्होंने कहा कि हमें",203,0.008087383681456927
"भी हुए हैं ।",203,0.7310469314079422
"प्रदान की जाती है",203,0.8804347826086957
"कि या । </s>",203,0.9975369458128078
"आसानी होगी । </s>",203,0.9975369458128078
"के खिलाफ शिकायत दर्ज",203,0.6795302013422819
"शव पोस्टमार्टम के लिए",203,0.9975369458128078
"को सूचित किया ।",203,0.3204113924050633
"लोगों की मदद के",203,0.20984455958549222
"पर हमला किया ।",203,0.2650523560209424
"है कि राज्य सरकार",203,0.2721774193548387
"पर काम चल रहा",203,0.9975369458128078
"फैसला किया है कि",203,0.0785188057386584
"को सस्पेंड कर दिया",203,0.9975369458128078
"किंग्स इलेवन पंजाब के",203,0.3729281767955801
"में शामिल हो गया",203,0.11169332597904026
"भरोसा है । </s>",203,0.9975369458128078
"को गिरफ्तार करने के",203,0.3901734104046243
"ने बताया कि जांच",203,0.004297629406396571
"नजर नहीं आ रही",203,0.31105990783410137
"अंतिम चरण में है",203,0.7130281690140845
"नियमों का पालन नहीं",203,0.1616121308858739
"झुलस गए । </s>",203,0.9975369458128078
"का प्रयास करते हैं",203,0.6683168316831684
"की अनुमति होगी ।",203,0.7818532818532818
"को उत्तर प्रदेश के",203,0.5955882352941176
"छक्के की मदद से",203,0.9975369458128078
"किया हो । </s>",203,0.9975369458128078
"- अर्चना की ।",203,0.49511002444987773
"<s> इसके आधार पर",203,0.9975369458128078
"मदद मिलेगी . </s>",203,0.9975369458128078
"गठन किया गया था",203,0.1814516129032258
"की जाती थी ।",203,0.84375
"की मांग भी की",203,0.7472324723247232
"भर्ती कराया है ।",203,0.9975369458128078
"भेजा है . </s>",203,0.9975369458128078
"<s> सरकार के इस",203,0.3380634390651085
"आयोजित की जा रही",203,0.8842794759825328
"का प्रयोग किया जाता",203,0.21915584415584416
"<s> इसके बाद यह",203,0.010422027792074112
"2017 - 18 के",203,0.28282122905027934
"अपील की है .",203,0.11883802816901408
"कहा कि कांग्रेस ने",203,0.19911504424778761
"फोटो सोशल मीडिया पर",203,0.9975369458128078
"की बधाई दी ।",203,0.6553398058252428
"ऐसा होता है तो",203,0.4025844930417495
"से कर रहे हैं",203,0.8067729083665338
"सीसीटीवी कैमरे में कैद",203,0.9975369458128078
"मुख्यमंत्री योगी आदित्यनाथ की",203,0.08235054900366003
"काफी परेशानी का सामना",203,0.9975369458128078
"लगी हुई थी ।",203,0.8881578947368421
"पर विचार कर रहा",203,0.24368231046931407
"<s> इस दौरान लोगों",203,0.01754613984923317
"आरोप लगाया . </s>",203,0.9975369458128078
"पी G आईसीआईसीआई प्रु",203,0.9975369458128078
"से बात करने के",202,0.3450342465753425
"दिल दहला देने वाली",202,0.5857558139534884
"संभावनाएं हैं । </s>",202,0.9975247524752475
"खड़े थे । </s>",202,0.9975247524752475
"की सांस ली है",202,0.42066805845511485
"में थीं । </s>",202,0.9975247524752475
"की मौत की सूचना",202,0.18692022263450836
"की बात सामने आ",202,0.24306393244873342
"इस बारे में कुछ",202,0.06683250414593699
"शुरुआत की . </s>",202,0.9975247524752475
"का समर्थन करने के",202,0.45691609977324266
"खलबली मच गई ।",202,0.6458333333333334
"घटनास्थल पर ही मौत",202,0.7462962962962963
"फिर से शुरू करने",202,0.31288819875776397
"फैसला लिया गया ।",202,0.23594847775175645
"वहां से फरार हो",202,0.9975247524752475
"का विरोध करने पर",202,0.30952380952380953
"अफरातफरी मच गई ।",202,0.8760869565217392
"24 घंटों में कोरोना",202,0.6316614420062696
"इसका मतलब यह है",202,0.37177121771217714
"कर चुका है .",202,0.17959001782531195
"से 12 वीं तक",202,0.5373333333333333
"की धमकी दी गई",202,0.13460253841015363
"स्थापित किया गया था",202,0.3974358974358974
"2021 - 22 में",202,0.28992805755395684
"ज्ञापन दिया । </s>",202,0.9975247524752475
"000 करोड़ रुपये का",202,0.2862215909090909
"आने वाले लोगों की",202,0.285007072135785
"<s> सीहोर । </s>",202,0.9975247524752475
"स्वीकार किया है कि",202,0.5274869109947644
"पकड़ा गया । </s>",202,0.9975247524752475
"छलांग लगा दी ।",202,0.8611111111111112
"हासिल की है .",202,0.19009433962264152
"<s> कोरोना वायरस का",202,0.0640495867768595
"लेता है . </s>",202,0.9975247524752475
"ब्यूरो मप) । </s>",202,0.9975247524752475
"सांसद डॉ . </s>",202,0.9975247524752475
"भाग लिया था ।",202,0.8466386554621849
"में शामिल नहीं हो",202,0.24131736526946107
"क्रिकेट कंट्रोल बोर्ड बीसीसीआई)",202,0.6277258566978193
"बात कही गई ।",202,0.20353535353535354
"गया । ' </s>",202,0.9975247524752475
"चाहिए . ' </s>",202,0.9975247524752475
"की संख्या में कमी",202,0.098388671875
"पर रहेंगे । </s>",202,0.9975247524752475
"में जुटा है ।",202,0.7901960784313725
"इसके साथ ही यह",202,0.04956949569495695
"उड़ गए । </s>",202,0.9975247524752475
"<s> नीतीश कुमार ने",202,0.5943952802359882
"भी जारी कर दिया",202,0.520671834625323
"नहीं हो सकती है",202,0.3163265306122449
"पाकिस्तान की तरफ से",202,0.9975247524752475
"शुरू होने वाला है",202,0.9975247524752475
"से पूछताछ की तो",202,0.1596671949286846
"मांगे हैं । </s>",202,0.9975247524752475
"रुपये से अधिक की",202,0.41632231404958675
"समाप्त हो गया ।",202,0.4269067796610169
"में बने हुए हैं",202,0.8799126637554585
"<s> इसके अलावा इसमें",202,0.026412373836675843
"मंत्री रविशंकर प्रसाद ने",202,0.9975247524752475
"दूर रहें । </s>",202,0.9975247524752475
"का कहना है की",202,0.008047767393561786
"<s> मोदी सरकार के",202,0.2958883994126285
"बैठते हैं । </s>",202,0.9975247524752475
"सके थे । </s>",202,0.9975247524752475
"डोर - टू -",202,0.9975247524752475
"- टू - डोर",202,0.5740740740740741
"ने कहा कि उसने",202,0.0032585141822180537
"जान गंवा चुके हैं",201,0.9975124378109452
"के बारे में और",201,0.006979739608716842
"पर कोविड - 19",201,0.9975124378109452
"करने के लिए भारत",201,0.006338317579742674
"यह सही है कि",201,0.9975124378109452
"के जातकों के लिए",201,0.9975124378109452
"के बीच चलने वाली",201,0.9975124378109452
"नेता के रूप में",201,0.9975124378109452
"जम्मू एवं कश्मीर के",201,0.5418918918918919
"<s> ऐसे ही एक",201,0.7453531598513011
"में घुस गया ।",201,0.5931952662721893
"<s> सलमान खान की",201,0.2727891156462585
"काम करना बंद कर",201,0.9975124378109452
"के लिए भी कहा",201,0.06964223688780827
"परिजनों का कहना है",201,0.8285123966942148
"लगाई गई हैं ।",201,0.8642241379310345
"अफरा - तफरी का",201,0.3065749235474006
"आवश्यक है . </s>",201,0.9975124378109452
"करने की स्थिति में",201,0.9975124378109452
"ने किया है .",201,0.21793478260869564
"देना चाहते हैं ।",201,0.5207792207792208
"कमी की वजह से",201,0.9975124378109452
"कुल मामलों की संख्या",201,0.9975124378109452
"कर सकते हैं या",201,0.010697897769715078
"<s> पुलिस अधिकारी ने",201,0.8052208835341366
"खोले जाएंगे । </s>",201,0.9975124378109452
"खारिज कर दी ।",201,0.37830188679245286
"<s> इसके बाद इस",201,0.010319094184251159
"रहने वाला है .",201,0.13751714677640603
"अपने सोशल मीडिया अकाउंट",201,0.5761494252873564
"अंतिम सांस ली ।",201,0.8285123966942148
"दूर - दूर से",201,0.43398268398268397
"के लिए भेजा है",201,0.14341917024320458
"कहा कि यह एक",201,0.14497469269703542
"कम हो रहा है",201,0.9975124378109452
"के नेतृत्व में पुलिस",201,0.08531914893617021
"रखने के निर्देश दिए",201,0.9975124378109452
"पर विचार - विमर्श",201,0.9975124378109452
"लिए पूरी तरह तैयार",201,0.33250414593698174
"बड़ी संख्या में लोग",201,0.3542402826855124
"में पाया गया है",201,0.2901591895803184
"जीता था . </s>",201,0.9975124378109452
"परीक्षा होगी । </s>",201,0.9975124378109452
"<s> उत्‍ तर प्रदेश",201,0.9975124378109452
"कहा कि राहुल गांधी",201,0.9975124378109452
"चला दी । </s>",201,0.9975124378109452
"का अधिकार नहीं है",201,0.9975124378109452
"से भी मुलाकात की",201,0.6986062717770035
"लिए कहा गया था",201,0.19149952244508117
"छात्र - छात्राओं का",201,0.07186379928315412
"<s> विराट कोहली ने",201,0.3747663551401869
"मंत्री सुषमा स्वराज ने",201,0.6188271604938271
"का अनुमान है .",201,0.14362464183381088
"अनुमान है . </s>",201,0.9975124378109452
"घेराव किया । </s>",201,0.9975124378109452
"से जूझ रही है",201,0.6705685618729097
"वापस ले लिया है",201,0.3113354037267081
"महत्व होता है ।",201,0.7741312741312741
"को अंतिम रूप दिया",201,0.401
"संक्रमित लोगों की संख्या",201,0.842436974789916
"ने अपने करियर की",201,0.4773809523809524
"<s> दिल्ली सरकार के",201,0.30105105105105107
"समस्या यह है कि",201,0.9975124378109452
"को हटा दिया गया",201,0.4358695652173913
"आरोप है . </s>",201,0.9975124378109452
"को रखा गया है",201,0.6937716262975778
"रह जाते हैं ।",201,0.7801556420233463
"के पदों पर भर्ती",201,0.6150306748466258
"के मामले को लेकर",201,0.899103139013453
"तैयार कर लिया है",201,0.4962871287128713
"पाई जाती है ।",201,0.646774193548387
"लाभ उठाने के लिए",201,0.9975124378109452
"वार्ता की । </s>",201,0.9975124378109452
"के लिए गए थे",201,0.6426282051282052
"उत्तर प्रदेश के पूर्व",201,0.04261424017003188
"लगी थी . </s>",201,0.9975124378109452
"समापन हुआ । </s>",201,0.9975124378109452
"कर देते हैं .",201,0.1369535519125683
"में दूसरे नंबर पर",201,0.9975124378109452
"की हालत गंभीर बनी",201,0.27503429355281206
"रिपोर्ट निगेटिव आई है",201,0.7059859154929577
"किया है ? </s>",201,0.9975124378109452
"लग गई . </s>",201,0.9975124378109452
"रहा होगा । </s>",201,0.9975124378109452
"पुलिस ने सोमवार को",201,0.9975124378109452
"<s> बाद में उन्होंने",201,0.10271516393442623
"बढ़ रही हैं ।",201,0.7623574144486692
"निकाला जाएगा । </s>",201,0.9975124378109452
"गई जानकारी के अनुसार",200,0.5973053892215568
"पुलिस ने मौके से",200,0.26112565445026176
"भारत - पाकिस्तान के",200,0.5683760683760684
"हमें लगता है कि",200,0.9975
"<s> पेट्रोल - डीजल",200,0.9975
"रोकता है । </s>",200,0.9975
"भी रहे हैं ।",200,0.764367816091954
"चल सका है ।",200,0.7732558139534884
"शेयर की । </s>",200,0.9975
"बनी हैं । </s>",200,0.9975
"पहुंच गये । </s>",200,0.9975
"अंकों की गिरावट के",200,0.9975
"<s> विधायक ने कहा",200,0.7702702702702703
"के रूप में शपथ",200,0.009520400858983535
"के बाद एक कई",200,0.20336391437308868
"अंजाम देने के लिए",200,0.3302980132450331
"चाहिए था . </s>",200,0.9975
"की इस घड़ी में",200,0.9975
"खुश करने के लिए",200,0.9975
"आये हैं . </s>",200,0.9975
"का मौका मिलता है",200,0.9975
"एक तस्वीर शेयर की",200,0.8417721518987342
"योग्य है । </s>",200,0.9975
"लोग परेशान हैं ।",200,0.890625
"ने इस मुद्दे पर",200,0.6435483870967742
"तिथि है . </s>",200,0.9975
"में बता रहे हैं",200,0.875
"की स्थिति है ।",200,0.8599137931034483
"भी मौके पर पहुंचे",200,0.23170731707317074
"के एक दिन पहले",200,0.2845934379457917
"करने लगते हैं ।",200,0.7099644128113879
"जीतकर पहले बल्लेबाजी करने",200,0.4705188679245283
"के लिए जिले में",200,0.4618055555555556
"उन्होंने कहा कि इन",200,0.007967570589879788
"यह पहली बार नहीं",200,0.33986371379897784
"पांच लोगों की मौत",200,0.9975
"छाया हुआ है ।",200,0.7281021897810219
"भारत मिशन के तहत",200,0.9975
"पड़ती है . </s>",200,0.9975
"लगा हुआ था ।",200,0.764367816091954
"को पाने के लिए",200,0.9975
"साथ काम कर रहे",200,0.399
"ने कैप्शन में लिखा",200,0.9975
"कर दिया गया और",200,0.011977665706051873
"बनर्जी ने कहा कि",200,0.8827433628318584
"' बिग बॉस '",200,0.3866279069767442
"<s> पुलिस ने मामला",200,0.0176081200353045
"घर जा रहा था",200,0.9975
"होने के मामले में",200,0.741635687732342
"दूसरे स्थान पर है",200,0.28378378378378377
"के रूप में उपयोग",200,0.009520400858983535
"में से एक को",200,0.02991901619676065
"हो चुके है ।",200,0.764367816091954
"रूप में भी जाना",200,0.5155038759689923
"मची हुई है ।",200,0.8562231759656652
"को गंभीरता से लिया",200,0.203779366700715
"<s> ऐसे लोगों को",200,0.40965092402464065
"से एक है और",200,0.0834378920953576
"में जेल में बंद",200,0.9975
"में की जा रही",200,0.8599137931034483
"<s> पुलिस सूत्रों ने",200,0.3176751592356688
"डीS P - बी",200,0.9975
"P - बी .",200,0.9975
"प्रू एफएमपी सीरीज -",200,0.9975
"सीटों पर जीत हासिल",199,0.401010101010101
"पदों को भरने के",199,0.7723735408560312
"में काम करते थे",199,0.2949479940564636
"समाप्त हो गया है",199,0.4205508474576271
"नहीं कर सकते .",199,0.10747157552788306
"के लिए भी यह",199,0.06894755123306703
"लग सकती है ।",199,0.8593073593073594
"किए जाने को लेकर",199,0.9974874371859297
"के मुख्यमंत्री अशोक गहलोत",199,0.9974874371859297
"हवाले कर दिया गया",199,0.22404063205417607
"मिल पाया है ।",199,0.851931330472103
"दिल्ली उच्च न्यायालय ने",199,0.6572847682119205
"पता लगाया जा रहा",199,0.465962441314554
"की हत्या की गई",199,0.23973429951690822
"<s> सीएम योगी आदित्यनाथ",199,0.3915187376725838
"शुरू होगी . </s>",199,0.9974874371859297
"<s> आधिकारिक सूत्रों ने",199,0.7434456928838952
"देने को कहा ।",199,0.2591383812010444
"पारी खेली थी ।",199,0.7297794117647058
"जाया जा रहा था",199,0.622257053291536
"गर्व की बात है",199,0.9974874371859297
"को सुप्रीम कोर्ट में",199,0.3160828025477707
"से मिला । </s>",199,0.9974874371859297
"में नजर आए ।",199,0.390748031496063
"का कारण बनता है",199,0.9974874371859297
"शुरू की . </s>",199,0.9974874371859297
"के लोगों का कहना",199,0.5925373134328358
"टिकैत ने कहा कि",199,0.9022727272727272
"मशक्कत के बाद आग",199,0.794
"कहा है कि वो",199,0.022742896425297893
"की कोशिश की और",199,0.034425945195976415
"तैयार हो गया है",199,0.6423948220064725
"<s> लोगों ने बताया",199,0.3007575757575758
"में पीएम मोदी ने",199,0.5687679083094556
"दोपहर 12 बजे तक",199,0.36556169429097607
"बताता है । </s>",199,0.9974874371859297
"साफ - सफाई का",199,0.17754919499105545
"- 21 के लिए",199,0.698943661971831
"पर सुप्रीम कोर्ट ने",199,0.41527196652719667
"<s> स्वास्थ्य मंत्रालय ने",199,0.3308333333333333
"मांग रहे हैं ।",199,0.8168724279835391
"<s> नई दिल्ली: भारत",199,0.0860051993067591
"साबित कर दिया है",199,0.4703791469194313
"कह सकते हैं ।",199,0.2993966817496229
"रुपये था । </s>",199,0.9974874371859297
"सवाल है । </s>",199,0.9974874371859297
"जगह बनाई । </s>",199,0.9974874371859297
"बारिश के मौसम में",199,0.9974874371859297
"बेच रहे हैं ।",199,0.8668122270742358
"कैसे हो सकता है",199,0.9974874371859297
"स्वाभाविक है । </s>",199,0.9974874371859297
"शनिवार और रविवार को",199,0.9022727272727272
"कार्रवाई नहीं की ।",199,0.23574821852731592
"को मैदान में उतारा",199,0.7462406015037594
"कहा कि राज्य के",199,0.14510233918128654
"एवं सेवा कर जीएसटी)",199,0.9974874371859297
"के राष्ट्रीय अध्यक्ष जेपी",199,0.14425872093023256
"से जारी बयान में",199,0.6728813559322034
"पुलिस ने बुधवार को",199,0.8706140350877193
"जिम्मेदार हैं । </s>",199,0.9974874371859297
"में भी जाना जाता",199,0.9974874371859297
"केंद्रीय गृहमंत्री अमित शाह",199,0.9974874371859297
"मीणा ने बताया कि",199,0.9974874371859297
"पीट दिया । </s>",199,0.9974874371859297
"प्राप्त होती है ।",199,0.8305439330543933
"आने की वजह से",199,0.9974874371859297
"दिखाया गया है कि",199,0.2096092925026399
"की चपेट में है",199,0.05574276888514462
"परिणाम है । </s>",199,0.9974874371859297
"दो लोगों को गिरफ्तार",199,0.7114695340501792
"आदेश जारी किए हैं",199,0.48891625615763545
"आने की उम्मीद है",199,0.9974874371859297
"किए गए थे .",199,0.14542124542124543
"बारिश की संभावना है",199,0.6382636655948553
"मरीज हैं । </s>",199,0.9974874371859297
"तक के लिए स्थगित",198,0.3564981949458484
"में शिफ्ट कर दिया",198,0.9974747474747475
"पीछे है । </s>",198,0.9974747474747475
"को सुनने के बाद",198,0.6021341463414634
"लिए किया गया है",198,0.4468325791855204
"के किरदार में नजर",198,0.674061433447099
"मुकाबला करने के लिए",198,0.9974747474747475
"निभाता है । </s>",198,0.9974747474747475
"ने अपने सोशल मीडिया",198,0.9974747474747475
"छाया रहा । </s>",198,0.9974747474747475
"हो जायेगी । </s>",198,0.9974747474747475
"बंद रहेगा । </s>",198,0.9974747474747475
"में काम कर रहा",198,0.10978321289605336
"अंजाम दिया गया ।",198,0.39031620553359686
"लगा रहा है ।",198,0.7078853046594982
"लेता था । </s>",198,0.9974747474747475
"बनाया गया . </s>",198,0.9974747474747475
"से मिलने के बाद",198,0.26907356948228883
"<s> ऐसे में उन्हें",198,0.0178281278209063
"दस्तक दे दी है",198,0.9018264840182648
"ली जाती है ।",198,0.8229166666666666
"भी मानना है कि",198,0.9974747474747475
"में थी . </s>",198,0.9974747474747475
"बिहार की राजधानी पटना",198,0.9974747474747475
"पूछताछ में पता चला",198,0.9974747474747475
