Ngram,Count,KneserNey_Prob
"गया है । </s>",94329,0.9966637381813299
"रहा है । </s>",92139,0.9957123865617188
"रही है । </s>",73230,0.9958860815505243
"रहे हैं । </s>",71056,0.9925927880935289
"गई है । </s>",51554,0.9979045238144159
"किया है । </s>",41571,0.9958495966900028
"जाता है । </s>",39065,0.9976694183370577
". . . </s>",36231,0.6773833602145559
"सकता है । </s>",35669,0.9913218112896495
"<s> उन्होंने कहा कि",35620,0.94030256395767
"नहीं है । </s>",34051,0.9893010288734505
"सकते हैं । </s>",33636,0.9928199504501611
"किया गया । </s>",32979,0.9989927301998502
"गया था । </s>",32789,0.9984697207215725
"जा रहा है ।",32599,0.624883977046081
"दिया है । </s>",32158,0.9965136068646582
"की है । </s>",31156,0.996983821760077
"होता है । </s>",25081,0.9946756588604128
"गए हैं । </s>",24967,0.9974727306640349
"का कहना है कि",24737,0.9880959889409714
"किया गया है ।",24595,0.7557753783459951
"जा रही है ।",22481,0.7759453054948731
"हो गई । </s>",22273,0.999136419317367
"कर दिया । </s>",21664,0.9975020009499563
"हुआ है । </s>",20837,0.9964489964529537
"दी है । </s>",20629,0.9976179415747457
"कर रहे हैं ।",19949,0.6573354814892807
"हुई है । </s>",19160,0.9971243450158289
"करते हैं । </s>",18859,0.9915741283518117
"किया था । </s>",18851,0.9981862558771809
"सकती है । </s>",18238,0.9925845667387302
"गया है . </s>",17982,0.9853802186303616
"रहे थे । </s>",17940,0.9975393900887117
"हो गया । </s>",17892,0.9976997324683647
"रहा है . </s>",17848,0.9781453433186876
"गई थी । </s>",17411,0.9984371878258107
"रहे हैं . </s>",16950,0.9748792783125594
"होती है । </s>",16924,0.9962176357539683
"किया जा रहा है",16722,0.922275258613506
"दिया गया है ।",16558,0.7605895148797682
"<s> बता दें कि",16530,0.9778419614456804
"रहा था । </s>",16461,0.9981049917235457
"किया जाएगा । </s>",16416,0.9944114878867104
"रही हैं । </s>",16105,0.9954719031615957
"जाती है । </s>",16004,0.996187066713816
"करता है । </s>",15941,0.9951149446831565
". . . .",15408,0.28809759901110077
"की थी । </s>",15065,0.9982604107139088
"रही है . </s>",14734,0.9788876292163364
"की गई । </s>",14561,0.9999999380482818
"लिया है । </s>",13892,0.9971821284685736
"नई दिल्ली । </s>",13624,0.9999999999814804
"दिया गया । </s>",13518,0.9979144461569095
"चुके हैं । </s>",13478,0.9984251793519597
"जा सकता है ।",13323,0.6607380871623187
"हो गए । </s>",12909,0.9999999049425787
"कर सकते हैं ।",12899,0.6888446890194315
"दिया था । </s>",12782,0.9984959872282799
"की जा रही है",12582,0.8544633315068553
"कर दिया है ।",12120,0.7309247044050117
"की गई है ।",12097,0.8005983009154937
"हो गया है ।",11967,0.7413777609085566
"गए थे । </s>",11897,0.9978819031070604
"<s> उन्होंने बताया कि",11817,0.9798675379025583
"चुकी है । </s>",11594,0.997397110866595
"जाते हैं । </s>",11537,0.9971255657463881
"कर रही है ।",11510,0.726854113592751
"<s> नई दिल्ली ।",11359,0.7276245930400692
"हो गई है ।",11301,0.7664398459888708
"चुका है । </s>",11219,0.9979312829159627
"रही थी । </s>",10762,0.997659076612376
"जा रहा है कि",10761,0.20621841776165523
"हुए हैं । </s>",10686,0.9967114270892984
"हुआ था । </s>",10569,0.9999997931921866
"मौत हो गई ।",10438,0.6272051474032938
"किया है . </s>",10054,0.9844517249361459
"<s> इसके साथ ही",9848,0.9608669767596173
"हो रहा है ।",9838,0.6923092040785428
"हो रही है ।",9478,0.7374727060633004
"की जाएगी । </s>",9453,0.993979489645595
"किया गया था ।",9434,0.719410056576211
"की मौत हो गई",9270,0.7362156546851067
"दी गई है ।",9205,0.789483473903781
"हुई थी । </s>",9082,0.9999997863077688
"के साथ - साथ",9032,0.999999550262718
"<s> गौरतलब है कि",8895,0.9939374853327809
"होते हैं । </s>",8759,0.9964440815892911
"गई है . </s>",8714,0.986438928273283
"जा रहे हैं ।",8686,0.7115865523501436
"ने कहा है कि",8671,0.9926857045068331
"किया जा सकता है",8440,0.8668723721373846
"कर दिया गया है",8403,0.5047035863990406
"किया जाता है ।",8356,0.7079131946748961
"हो सकता है ।",8134,0.628556490345923
"सकते हैं . </s>",8047,0.9821164524628216
"दी गई । </s>",8044,0.9999998878569158
"में है । </s>",8043,0.9952661981965067
"कर दी । </s>",7967,0.9999998617003324
"शामिल हैं । </s>",7918,0.9969457284717937
"सकता है . </s>",7874,0.979167385013931
"जाता है . </s>",7862,0.9836681608290025
"नहीं है . </s>",7740,0.9577438176007729
"दिया है . </s>",7692,0.984665263657887
"कर रहा है ।",7598,0.6946674756924881
"बताया जा रहा है",7405,0.9708849956426602
"कर दी है ।",7098,0.8113418825365669
"की है . </s>",7094,0.9860260252455597
"आया है । </s>",7062,0.9961553475069347
"दी थी । </s>",6640,0.9999997077179451
"गया था . </s>",6635,0.9911069398084386
"करते हुए कहा कि",6622,0.8134656929088391
"आई है । </s>",6574,0.9966259532854581
"रहता है । </s>",6514,0.9968999868131855
"करती है । </s>",6284,0.9931639402377003
"कर लिया । </s>",6239,0.9999997843310016
"हो सकती है ।",6238,0.7322604804788052
"<s> आपको बता दें",6176,0.9383673412737435
"गई हैं । </s>",6175,0.9964085061715807
"चल रहा है ।",6157,0.7664509650638548
"रहते हैं । </s>",6148,0.9951027546935519
"में हैं । </s>",6147,0.9946189809499203
"- - - -",6091,0.9999709940084199
"दिया जाएगा । </s>",6079,0.9943963450313544
"कहा गया है कि",6015,0.718445864690292
"जारी है । </s>",5968,0.9966173674777371
"कर रहे थे ।",5858,0.7256454887427899
"आपको बता दें कि",5850,0.9657413806676026
"है । ' </s>",5844,0.9999999964521635
"<s> इस मौके पर",5772,0.9999967421751967
"<s> इस अवसर पर",5731,0.9999975974269679
"जा रहा है .",5707,0.10939088685468727
"हो चुकी है ।",5675,0.7259990100403382
"<s> हाल ही में",5568,0.9887221512254394
"देते हैं । </s>",5565,0.9915802460807871
"कर लिया है ।",5550,0.780738493489778
"का आयोजन किया गया",5541,0.6406367038938674
"होता है . </s>",5356,0.9733726885296234
"दिए हैं । </s>",5251,0.999999040301986
"देता है । </s>",5231,0.9999991792988115
"सिंह ने बताया कि",5221,0.9795800795631427
"<s> इस मामले में",5185,0.7636639424447437
"कर रहे हैं .",5183,0.1707573866234121
"मिली है । </s>",5088,0.9940889653885852
"<s> बताया जा रहा",5024,0.9999986651166844
"जानकारी दी । </s>",4989,0.999999779147434
"करना चाहिए । </s>",4952,0.9887654898702523
"नहीं हैं । </s>",4927,0.9867320627255621
"हुए थे । </s>",4906,0.9999995852777702
"लिया था । </s>",4893,0.9954730733312528
"भी है । </s>",4885,0.995667702022451
"किया था . </s>",4875,0.9934225847537768
"ली है । </s>",4854,0.9999991155566715
"की बात करें तो",4836,0.9999932915841352
"रहे है । </s>",4834,0.9999991118974108
"हो गए हैं ।",4800,0.7446620012924152
"का है । </s>",4780,0.9999991018644527
"कर दिया गया ।",4771,0.28654010582814476
"आ रहे हैं ।",4730,0.7163935217943296
"मिला है । </s>",4677,0.9958998113315237
"रही हैं . </s>",4656,0.98528545122336
"रहती है । </s>",4635,0.9999990737674399
"जरूरत है । </s>",4606,0.9791161347128943
"शामिल है । </s>",4560,0.9999990585333516
"करना होगा । </s>",4535,0.9873171494512015
"लिया गया है ।",4534,0.7775762307946761
"आयोजन किया गया ।",4479,0.7992124360616601
"दी है . </s>",4449,0.9930176713035851
"हो जाता है ।",4447,0.6255973094647946
"किया गया है .",4437,0.13633013534935667
"गए हैं . </s>",4415,0.986694443237896
"हो जाएगा । </s>",4407,0.9871756446857113
"पर है । </s>",4383,0.9999990205138224
"लगा है । </s>",4378,0.9999990193951767
"की जरूरत है ।",4358,0.717252330681797
"जा सके । </s>",4341,0.9892311391870102
"आए हैं । </s>",4308,0.9950900510973343
"लोगों की मौत हो",4307,0.6705408415839782
"की गई थी ।",4283,0.7766419315806252
"किए हैं । </s>",4279,0.9999988223009416
"कर दिया था ।",4268,0.7151069443762559
"हुआ है . </s>",4263,0.9850873822284701
"में कहा गया है",4253,0.7699044597685722
"सकती है . </s>",4221,0.9840231362542641
"जरूरी है । </s>",4219,0.9914805953534227
"दिया गया था ।",4139,0.7507947323790385
"सिंह ने कहा कि",4134,0.8895478279282353
"<s> डॉ . </s>",4124,0.9999999995032437
"चाहते हैं । </s>",4115,0.9797048134376238
"में भर्ती कराया गया",4059,0.744389507522695
"हुई है . </s>",4049,0.9896025598991075
"वाला है । </s>",4048,0.9999989394545661
"होना चाहिए । </s>",4044,0.987482016298851
"लिया गया । </s>",4035,0.9999996285114813
"आता है । </s>",3974,0.9941824446783809
"हो चुका है ।",3968,0.7203371003484932
"की थी . </s>",3954,0.9936486027807967
"<s> इतना ही नहीं",3953,0.9762213527040079
"करते हैं . </s>",3941,0.9679460662737104
"नहीं था । </s>",3935,0.9928722574410794
"सकती हैं । </s>",3919,0.994353100266732
"है । "" </s>",3895,0.9999999883102776
"करते थे । </s>",3895,0.9999994776309988
"करना है । </s>",3885,0.9884867498916732
"शुरू कर दी है",3885,0.48132218934650134
"दी जाएगी । </s>",3879,0.9922605948898346
"मिलता है । </s>",3877,0.9999988926778652
"<s> जानकारी के अनुसार",3863,0.5349542726561106
"गयी है । </s>",3853,0.9999988857804526
"की मांग की है",3852,0.3678431638409774
"हो गई थी ।",3781,0.7740410759651198
"हो रहे हैं ।",3777,0.7612186867690566
"माना जाता है ।",3767,0.5743032733072726
"आते हैं । </s>",3740,0.9999986525737242
"की जाती है ।",3739,0.7429991261896234
"को संबोधित करते हुए",3738,0.9766077230617112
"किए गए हैं ।",3737,0.8237723852083844
"जा रही है .",3708,0.1279759230784996
"आ रही है ।",3702,0.6621411153252553
"जा रहा था ।",3694,0.6935516030414157
"कर सकता है ।",3683,0.7044765384906487
"अस्पताल में भर्ती कराया",3671,0.6571293465410631
"<s> उल्लेखनीय है कि",3644,0.9999967795455544
"लगी है । </s>",3637,0.9999988196073918
"माना जा रहा है",3619,0.890803081648226
"होती है . </s>",3610,0.9771220989358893
"चल रही है ।",3592,0.7546266109390314
"हो गया था ।",3588,0.7428892497005538
"चुके हैं . </s>",3576,0.9932554527321712
"को गिरफ्तार कर लिया",3562,0.8096393415799922
"ने कहा था कि",3527,0.9650261598968981
"<s> इस संबंध में",3523,0.9999999943265343
"घायल हो गए ।",3517,0.7327586033906693
"बात यह है कि",3508,0.9855981374649859
"जाना चाहिए । </s>",3499,0.9805901761726237
"का मानना है कि",3494,0.991973379976104
"रखा है । </s>",3481,0.9999987667084412
"दे रहे हैं ।",3464,0.7070171285675235
"प्रधानमंत्री नरेंद्र मोदी ने",3433,0.36956782569717755
"कर दिया . </s>",3432,0.9737463533745836
"पड़ता है । </s>",3425,0.9918185911477033
"कोविड - 19 के",3415,0.32425506894649336
"संभावना है । </s>",3408,0.9914896491635158
"किया जाए । </s>",3407,0.9906210790553505
"मांग की है ।",3406,0.7400779042342506
"कुमार ने बताया कि",3401,0.9791088455174123
"दिया गया है .",3380,0.15522759096493322
"रहे थे . </s>",3370,0.9830051487168926
"कर दी गई है",3353,0.467869863722278
"जा सकती है ।",3341,0.741184568526663
"लगे हैं । </s>",3336,0.9999984893962016
"दिया जा रहा है",3332,0.9096539240812699
"सामने आया है ।",3311,0.6439742895439717
"<s> प्रधानमंत्री नरेंद्र मोदी",3299,0.9999999987185054
"जाती है . </s>",3295,0.9852652272380762
"हो जाती है ।",3284,0.6369289667648254
"मांग की । </s>",3280,0.9999995073602285
"हो सकते हैं ।",3260,0.7298365178366325
"मिले हैं । </s>",3239,0.9999984441573723
"लगता है । </s>",3214,0.9999986642539153
"कर सकते हैं .",3201,0.17091020171378693
"किए गए । </s>",3189,0.9999996152097052
"किया गया . </s>",3159,0.9892640662231295
"दिए गए हैं ।",3158,0.803892866054657
"ने किया । </s>",3152,0.9999994335890866
"आए थे । </s>",3134,0.9999993507890047
"आ रहा है ।",3134,0.6805677298108255
"दिया था . </s>",3132,0.9926229549973182
"बनाया गया है ।",3110,0.8000976170838408
"की मांग की ।",3105,0.2964564653475188
"कर रही हैं ।",3090,0.700176043022649
"चुकी हैं । </s>",3084,0.99999836596165
"गंभीर रूप से घायल",3075,0.8109722107526955
"हो चुके हैं ।",3055,0.7054492652027501
"करती हैं । </s>",3040,0.9999983423110951
"करता था । </s>",3030,0.9999992786297753
"कराया गया । </s>",3024,0.9999995043134348
"में से एक है",3022,0.45397768835744534
"मिल रहा है ।",3014,0.7552568184855809
"की संभावना है ।",3004,0.7884806733061304
"लगाया है । </s>",2990,0.9999985641846434
"नई दिल्ली . </s>",2986,0.999997133657052
"ही है । </s>",2986,0.9916140152138669
"रखा गया है ।",2985,0.7880189212493117
"जा सकता है .",2972,0.14736498352072347
"गई थी . </s>",2961,0.9999951771475127
"के बारे में जानकारी",2948,0.10309602491653878
"मामला सामने आया है",2942,0.8594493077582219
"करता है . </s>",2941,0.9791824551304649
"हो जाएगी । </s>",2932,0.9861260679284645
"गिरफ्तार किया है ।",2930,0.8360638921343847
"जाती हैं । </s>",2926,0.999998277725813
"लिया है . </s>",2922,0.9999935292798365
"सरकार की ओर से",2917,0.9999498405296675
"<s> उत्तर प्रदेश के",2913,0.47716238165849384
"<s> जानकारी के मुताबिक",2909,0.40277279858759496
"पड़ रहा है ।",2905,0.8430221798761384
"एक बार फिर से",2901,0.5664032144942897
"<s> नई दिल्ली .",2895,0.18538319228371847
"जा चुका है ।",2879,0.7769570516722615
"निर्देश दिए । </s>",2879,0.9999999998583758
"प्रदर्शन किया । </s>",2878,0.9999993796639336
"कर ली । </s>",2854,0.9999999998847702
"कर दिया है .",2852,0.17196420936283627
"शुरू कर दिया है",2852,0.3747617643386129
"<s> भोपाल । </s>",2841,0.9999999996152539
"वाले हैं । </s>",2840,0.9999982255724397
"आया था । </s>",2825,0.9999992262825556
"नहीं होगा । </s>",2812,0.9869245559925686
"होने की वजह से",2809,0.9999922940544261
"मौजूद थे । </s>",2798,0.9999992728279988
"मिलती है । </s>",2768,0.999998449028932
"दिया जाता है ।",2766,0.7119698841203954
"रहा था . </s>",2749,0.9750773212665023
"कहा जाता है ।",2741,0.4888980268903716
"बात कही । </s>",2736,0.9999999996987454
"कहा है । </s>",2731,0.9999984280161419
"पहुंच गए । </s>",2709,0.9999995470298079
"जाता था । </s>",2706,0.9999991922572873
"का आरोप है कि",2688,0.764343668021579
"वाली है । </s>",2684,0.9999984004888539
"होती हैं । </s>",2674,0.9999981154172509
"है . . .",2654,0.6683241295718904
"होनी चाहिए । </s>",2648,0.9868578013264134
"चुकी है . </s>",2640,0.9912583277445063
"हैं । ' </s>",2640,0.9999999921463801
"<s> मुंबई । </s>",2629,0.9999999995721676
"हो गई . </s>",2618,0.9804209258317467
"सकते है । </s>",2600,0.9999983488123398
"शुरू कर दिया ।",2588,0.34012297340258085
"भी हैं । </s>",2585,0.9999980505321968
"कर रही है .",2583,0.16306826608128755
"बताया जाता है कि",2576,0.8625614514683548
"कर लिया गया है",2548,0.5877390122586237
"काम कर रहे हैं",2541,0.7577324652714635
"लेते हैं । </s>",2538,0.9999980144309413
"निरीक्षण किया । </s>",2523,0.9999992923792314
"को रोकने के लिए",2513,0.9501386085784334
"से बचने के लिए",2512,0.949161325905467
"हुई हैं । </s>",2500,0.9999979842502915
"हो गया . </s>",2495,0.9771767531388705
"मच गया । </s>",2485,0.9999993967983207
"बना हुआ है ।",2478,0.7868552510659503
"नजर आ रहे हैं",2474,0.8478748116164229
"देते हुए कहा कि",2470,0.7813158303474205
"ने हाल ही में",2469,0.999996203301323
"नहीं थी । </s>",2455,0.9999992094693099
"<s> 🔊 पूरी खबर",2453,0.9999999121975199
"🔊 पूरी खबर सुने",2449,0.9999999197959107
"देती है । </s>",2448,0.9999982462876158
"कराया गया है ।",2444,0.8351559040200685
"जाते हैं . </s>",2443,0.9841775615338495
"<s> आरोप है कि",2443,0.9999582244319245
"मुझे लगता है कि",2437,0.9998693985720127
"जा रही हैं ।",2431,0.7690726354473917
"हो गया है .",2424,0.1501307189846466
"नहीं हुआ । </s>",2422,0.9921151413348384
"ले गए । </s>",2418,0.9999994925160255
"<s> 1 . </s>",2417,0.9999999909361549
"ध्यान में रखते हुए",2417,0.9827895520378155
"आती है । </s>",2409,0.9999982178962572
"यह भी कहा कि",2400,0.6303300776914893
"को गिरफ्तार किया है",2396,0.43167043226621893
"हुए हैं . </s>",2395,0.9999922516260017
"मौजूद रहे । </s>",2392,0.999999157571702
"आवश्यकता है । </s>",2390,0.9999982037289052
"<s> बताया जाता है",2389,0.999999991136185
"को कहा । </s>",2389,0.9999999996781609
"नहीं किया । </s>",2383,0.9999992508068825
"का फैसला किया है",2380,0.5263647958198904
"कर रहा था ।",2379,0.7110811087109851
"चुका है . </s>",2371,0.9999920255401444
"हो जाते हैं ।",2358,0.686581977635468
"लग गई । </s>",2350,0.9999996161366091
"की मांग को लेकर",2346,0.9254366403664304
"पर हैं । </s>",2336,0.9999978427336168
"बनी हुई है ।",2330,0.8000949507009508
"कर दिया गया था",2326,0.1396708336633434
"का कहना था कि",2324,0.9999999417223668
"<s> 2 . </s>",2313,0.9999999896361443
"ने कहा कि इस",2310,0.0376012202863703
"दी गई थी ।",2308,0.7780846895042752
"किए जा रहे हैं",2292,0.7968939162945243
"उनका कहना है कि",2290,0.9999954035898726
"जा रहे थे ।",2282,0.7304064949959731
"कहते हैं । </s>",2269,0.9999977790329346
"ने बताया कि इस",2266,0.04849412245533597
"<s> 3 . </s>",2257,0.9999999888518257
"अधिकारी ने बताया कि",2251,0.9854203466587914
"मार दी । </s>",2251,0.9999995105137931
"जा रही थी ।",2248,0.7515468697673534
"बताया गया है कि",2247,0.6269995505424399
"से निपटने के लिए",2242,0.962433335196386
"मौत हो चुकी है",2240,0.8488516413097418
"की जा सकती है",2240,0.7978458336914479
"को ध्यान में रखते",2236,0.6322693150435895
"हुआ था . </s>",2233,0.9999928450451268
"को दी । </s>",2231,0.9999995061257501
"रूप से घायल हो",2229,0.8011058988249216
"गए थे . </s>",2227,0.9999943095981645
"मिली जानकारी के अनुसार",2226,0.644347603606521
"हो गई है .",2226,0.15091558562023388
"आ गया । </s>",2226,0.9999993266144774
"हो रहा है .",2219,0.15609393554872614
"हो गए थे ।",2218,0.7480117078144164
"का सामना करना पड़ा",2217,0.2999794681462137
"पुलिस ने बताया कि",2200,0.9659513989350627
"कहा जा रहा है",2195,0.8921437691503158
"दी जा रही है",2193,0.8330833655460126
"की बात कही ।",2190,0.3368537597890408
"ने कहा कि यह",2190,0.03564404913942544
"जा सकता है कि",2188,0.1084563522014828
"<s> उनका कहना है",2181,0.7177707157363288
"शुरू हो गया है",2177,0.5738204471503373
"भेज दिया । </s>",2172,0.9999990696666904
"रहती हैं । </s>",2157,0.9999976637115108
"कर चुके हैं ।",2156,0.6688261571984556
"बनाया है । </s>",2153,0.999998005997252
"करने लगे । </s>",2151,0.9999999997473342
"करने की मांग की",2150,0.6566712589427265
"की आवश्यकता है ।",2140,0.7827559356031275
"जाना है । </s>",2135,0.9999979891859876
"गिरफ्तार कर लिया ।",2130,0.33922550662639234
"रही थी . </s>",2128,0.97917269506328
"पहुंच गया । </s>",2099,0.9999992858712847
"किए जाएंगे । </s>",2092,0.9999969469179473
"रन बनाए । </s>",2088,0.9999999993598888
"कम है । </s>",2087,0.9903896650019768
"है . "" </s>",2082,0.9999999628517028
"शुरू हो गई है",2070,0.5338600247835561
"कर ली है ।",2066,0.7627068566025536
"की मौत हो चुकी",2065,0.16393033620508285
"का मामला सामने आया",2058,0.9296644100178763
"गयी है . </s>",2050,0.9999907768564305
"उम्मीद है । </s>",2046,0.9859062687014294
"के निर्देश दिए ।",2042,0.41684092960259594
"मौत हो गई थी",2033,0.1221360346937113
"<s> लखनऊ । </s>",2028,0.9999999993134691
"करने के निर्देश दिए",2024,0.7965110389251095
"है . ' </s>",2023,0.9999999737827162
"मनाया गया । </s>",2023,0.9999992590429199
"किया जाएगा . </s>",2022,0.9999908484951948
"जारी किया है ।",2015,0.7502743702674632
"कर सकती है ।",2014,0.7093713279776525
"वायरल हो रहा है",2011,0.9641670774927897
"मोदी ने कहा कि",2008,0.8749533826264845
"नहीं किया जा सकता",2006,0.6210959770563003
"दिया गया . </s>",2005,0.9890085934500371
"हुई थी . </s>",2003,0.9999928704612008
"किया गया था .",1998,0.1523112058152072
"पाया है । </s>",1998,0.9999978513073492
"जा सकते हैं ।",1992,0.7574133271555438
"का आरोप लगाया है",1991,0.4495517131211967
"नहीं किया गया है",1991,0.5025913368667686
"आई थी । </s>",1989,0.9999990242569914
"मिली थी । </s>",1985,0.9999990222907587
"नहीं होगी । </s>",1978,0.9849357559258459
"जाना जाता है ।",1976,0.7734939122347844
"<s> सोशल मीडिया पर",1967,0.7879885638543753
"के बाद से ही",1965,0.48743894576562957
"चल रहा था ।",1963,0.7768004730673284
"पड़ रहा है ।",1958,0.9378573709220163
"में है . </s>",1956,0.9852528625938393
"<s> जी . </s>",1956,0.99999163345188
"किया जा चुका है",1953,0.9686100091368487
"दे दी है ।",1951,0.794665140928774
"आ रही हैं ।",1949,0.6154037377906276
"में हुई । </s>",1949,0.9999988603276283
"की जाए । </s>",1947,0.999996536196817
"गिरफ्तार कर लिया है",1947,0.3101402187064592
"बताया है । </s>",1946,0.9999977938911015
"ने कहा कि वह",1944,0.031661625119009516
"जा रहे हैं .",1944,0.15922640276758313
"कार्रवाई की जाएगी ।",1936,0.9073375400167812
"ले लिया । </s>",1933,0.9999993039012516
"शुरू कर दी ।",1933,0.23952642987025916
"यही वजह है कि",1930,0.9885370879627198
"पड़ता है । </s>",1923,0.9999977675049837
"मुख्यमंत्री ने कहा कि",1922,0.9506368956598004
"पर पहुंचे । </s>",1919,0.9999999998173846
"दिए थे । </s>",1916,0.9999989380859815
"ली थी । </s>",1916,0.999998987080979
"<s> 4 . </s>",1914,0.9999999840478215
"विभाग की ओर से",1914,0.9999235552899897
"हो रही है .",1913,0.14880423952387084
"की उम्मीद है ।",1912,0.7861655677717384
"समय - समय पर",1906,0.9999998599116364
"में कोविड - 19",1902,0.9999999759562348
"हो सके । </s>",1902,0.9999961803080409
"शामिल हुए । </s>",1900,0.999999999817404
"दे रहा है ।",1897,0.7434379311718579
"कहा गया है ।",1889,0.2260419223532633
"दे रही है ।",1889,0.7238107018031925
"पहुंच गई । </s>",1889,0.9999995224568721
"पहुंचे थे । </s>",1884,0.9999989200492254
"सूचना दी । </s>",1882,0.9999994145412052
"गए है । </s>",1877,0.9999977127927989
"एक है । </s>",1864,0.9999976968412466
"जा सकता । </s>",1862,0.9866087174968208
"<s> इस बारे में",1856,0.9999999997120661
"हो गयी । </s>",1855,0.9999999996697903
"की गई है .",1854,0.12266928196555145
"<s> पुलिस ने बताया",1852,0.16398052807196756
"शामिल थे । </s>",1850,0.9999989002014814
"पूरा करने के लिए",1849,0.8021500899062691
"रही थीं । </s>",1847,0.9999983518844326
"कर दी गई ।",1846,0.2575677938563999
"होते हैं . </s>",1845,0.9880689964071458
"आरोप लगाया है ।",1845,0.5429595076376571
"उपस्थित थे । </s>",1842,0.9999988954249407
"पड़ा है । </s>",1841,0.9999976680674001
"आवश्यक है । </s>",1840,0.9999976668000454
"कहा जाता है कि",1839,0.32751522119898907
"हो सकता है .",1839,0.14206375742820593
"यही कारण है कि",1839,0.9846944424230736
"कराया है । </s>",1835,0.9999976604425524
"हो गए . </s>",1833,0.9885273813328948
"मिल रही है ।",1827,0.7434788543883698
"में हैं . </s>",1817,0.999989786815781
"दे दी । </s>",1815,0.9999993929292277
"स्थित है । </s>",1809,0.9999976268170723
"पर ही मौत हो",1806,0.99997937806409
"के बारे में बताया",1803,0.06302987750923739
"नजर आए । </s>",1794,0.9999999997047093
"चले गए । </s>",1794,0.9999993159998605
"अधिक है । </s>",1793,0.9999976056397566
"पता चलता है कि",1793,0.8248548900533945
"नहीं हुआ है ।",1791,0.7266800422055164
"में शामिल होने के",1788,0.42383237281565606
"आया है . </s>",1785,0.9860365461686167
"नहीं हुई । </s>",1779,0.9999987514213308
"दर्ज किया गया है",1779,0.4673856811078684
"की हैं । </s>",1778,0.9999971657062592
"में कहा है कि",1776,0.999925359341534
"<s> यहां तक कि",1773,0.8360022703850735
"करना पड़ा । </s>",1768,0.999999999591262
"का दावा है कि",1768,0.9875765039025504
"बात है । </s>",1766,0.9842570550552464
"की घोषणा की है",1761,0.33796975324155
"स्वागत किया । </s>",1760,0.9999989856095459
"ही मौत हो गई",1760,0.9012368152683737
"के बारे में बात",1759,0.06153421393570407
"भर्ती कराया गया है",1752,0.41548074132542623
"हत्या कर दी गई",1752,0.36324135335617164
"आ गए । </s>",1752,0.9999992996025969
"काम कर रही है",1746,0.6784362932833329
"एक बयान में कहा",1746,0.9131987389003543
"नहीं होता । </s>",1744,0.9999999991692766
"कर सकेंगे । </s>",1739,0.9999999995663706
"का सामना करना पड़",1737,0.23500874649033782
"नहीं मिला । </s>",1737,0.9999980777640158
"शर्मा ने बताया कि",1730,0.9748892106829999
"<s> इस दौरान उन्होंने",1730,0.15157076206251974
"से मिली जानकारी के",1729,0.9777888774193524
"रहा हूं । </s>",1725,0.9507820388167537
"कर रहा है .",1725,0.15763866856216235
"या नहीं । </s>",1725,0.9788577705577707
"जान से मारने की",1722,0.9479429616767717
"फैसला किया है ।",1719,0.6670182263757863
"<s> पुलिस के मुताबिक",1718,0.42669353551816785
"ने एक बार फिर",1718,0.9534477556985764
"न हो । </s>",1717,0.999993377400913
"गये हैं । </s>",1716,0.9999970633017068
"पर पहुंची पुलिस ने",1715,0.902902158734952
"कोशिश की । </s>",1713,0.9999990567084351
"<s> इसी के साथ",1712,0.5947868579667991
"उपलब्ध है । </s>",1708,0.9999974864824845
"हैं । "" </s>",1706,0.9999999733109797
"सामने आई है ।",1704,0.6496082578176278
"देखा जा सकता है",1697,0.9637855939013243
"नजर आ रही हैं",1697,0.5273788825296568
"दी जाती है ।",1695,0.6843727878424919
"फरार हो गए ।",1694,0.7860175757969771
"की मौत के बाद",1693,0.682170012440144
"<s> पुलिस के अनुसार",1691,0.41998389124119967
"पाई है । </s>",1691,0.9999974612135326
"रखा था । </s>",1690,0.9999987066557511
"प्रदान करता है ।",1690,0.8663620752747383
"करने के लिए एक",1687,0.05364701623739652
"ने बताया कि वह",1683,0.036048844628351326
"भाग लिया । </s>",1681,0.9999991995485541
"<s> रायपुर । </s>",1680,0.999999998951934
"लगाया गया है ।",1677,0.7389340267224693
"से एक है ।",1676,0.7019845215265664
"<s> घटना के बाद",1676,0.6086959341703861
"न करें । </s>",1675,0.9999972810435599
"दिए गए । </s>",1671,0.9999992656515557
"की जरूरत नहीं है",1669,0.6433362629810219
"मिला था । </s>",1666,0.9999986880241413
"लिया जाएगा । </s>",1666,0.9879900732197399
"पा रहा है ।",1666,0.8260230194219538
"होने के बाद भी",1660,0.22325806164495626
"सका है । </s>",1660,0.99999741380246
"की जानकारी दी ।",1659,0.5098082600540209
"ने आरोप लगाया कि",1657,0.6283530451350775
"मृत घोषित कर दिया",1656,0.9999332065037171
"तैयार है । </s>",1655,0.9999974059891744
"रखते हैं । </s>",1653,0.9999969513767265
"<s> मुख्यमंत्री ने कहा",1652,0.8008211592816057
"<s> इस वजह से",1649,0.9999999771925975
"सम्मानित किया गया ।",1646,0.7268514628258207
"नहीं थे । </s>",1644,0.999998762392178
"कर रहे हैं और",1641,0.05404443456389277
"मंत्री ने कहा कि",1640,0.9558173791029564
"मौत हो गई है",1639,0.09857517385050044
"जा चुकी है ।",1639,0.7886609223971113
"पता चला है कि",1639,0.8429791460850168
"जांच की जा रही",1638,0.9032987018218
"से इनकार कर दिया",1635,0.9387102602261116
"नईदुनिया प्रतिनिधि) । </s>",1634,0.9999999989759326
"करने की कोशिश की",1634,0.4124033522255387
"ने की । </s>",1630,0.999999008675797
"ने इस मामले में",1629,0.6760514375164489
"को पूरा करने के",1628,0.5971460401352995
"शुरू किया । </s>",1625,0.9999989013371081
"करने का निर्देश दिया",1622,0.8918229492156178
"है और न ही",1622,0.984038943519803
"दी थी . </s>",1619,0.999991179452616
"की मौत हुई है",1618,0.6555402786416813
"शामिल हैं . </s>",1617,0.9999885235895325
"<s> यही वजह है",1616,0.9029886297615644
"आ गई । </s>",1613,0.9999994407445948
"भी किया । </s>",1612,0.9999988924769235
"कर दी थी ।",1609,0.7642791725641258
"करना पड़ रहा है",1609,0.9530299853850697
"के रूप में हुई",1606,0.07729954458804845
"उसकी मौत हो गई",1605,0.8714143988249605
"निर्देश दिया । </s>",1605,0.9999987410068857
"का आरोप लगाते हुए",1603,0.9618383556530423
"के अलग - अलग",1601,0.9999893629462399
"कर रही थी ।",1599,0.7135335745894091
"कुमार ने कहा कि",1598,0.90963506252547
"काम किया है ।",1597,0.702124509125578
"होना है । </s>",1596,0.9999973100952905
"<s> स) ता .",1594,0.9999999552626032
"घोषणा की । </s>",1592,0.999998985013536
"में थे । </s>",1590,0.9999987203602142
"<s> पीएम मोदी ने",1590,0.7546345416193797
"कराया जाएगा । </s>",1587,0.9999966142160369
"भेजा गया है ।",1585,0.8595202521561357
"जम्मू - कश्मीर के",1584,0.3352424074754478
"सोशल मीडिया पर वायरल",1576,0.18421131027982285
"नहीं हुई है ।",1572,0.777684465379552
"साल की उम्र में",1572,0.7546982737371069
"हुए है । </s>",1569,0.9999972638062993
"को गिरफ्तार किया गया",1568,0.282534228462943
"आ गया है ।",1567,0.6635855097066133
"का निरीक्षण किया ।",1561,0.7266194204482151
"करना शुरू कर दिया",1557,0.8087814574993638
"करने का फैसला किया",1556,0.642896015339977
"देना चाहिए । </s>",1555,0.9821504663889481
"करने की बात कही",1554,0.606932907433203
"दी गई है .",1554,0.13322958702320922
"में एक बार फिर",1553,0.9107625881855366
"चला गया । </s>",1551,0.9999990335550141
"की कोशिश की ।",1550,0.2691928604700323
"करनी चाहिए । </s>",1550,0.9833394665568127
"हत्या कर दी ।",1549,0.3211915062332707
"<s> सूत्रों के मुताबिक",1548,0.5516108113214166
"घायल हो गया ।",1547,0.7612793377732591
"<s> 5 . </s>",1545,0.9999999751819475
"मनाया जाता है ।",1540,0.818162681760001
"दर्ज की गई है",1535,0.44665097735614645
"<s> मालूम हो कि",1532,0.9999997695930323
"टक्कर मार दी ।",1529,0.8421564423960667
"नहीं किया है ।",1528,0.6795004479283877
"मौके पर ही मौत",1528,0.8077485855966979
"की ओर से जारी",1523,0.09430059913679804
"किए थे । </s>",1520,0.9999986614294346
"<s> जम्मू - कश्मीर",1518,0.9829901070956458
"<s> उत्तर प्रदेश में",1517,0.2485070323237967
"के लिए भेज दिया",1510,0.9553910434683468
"सूत्रों ने बताया कि",1508,0.9627858915860488
"मुलाकात की । </s>",1507,0.9999989277647972
"के बारे में भी",1507,0.05267836299290495
"को कहा है ।",1507,0.7205884365631916
"किया जाना चाहिए ।",1507,0.718432621832012
"भारतीय जनता पार्टी के",1505,0.32641970965766537
"प्रधानमंत्री नरेंद्र मोदी के",1502,0.1616964928580849
"के लिए । </s>",1495,0.9999999994590599
"पहुंच गया है ।",1491,0.7990438485420837
"फरार हो गया ।",1491,0.7427264516705322
"हो जाएंगे । </s>",1489,0.999995710511985
"<s> सुप्रीम कोर्ट ने",1489,0.5765955125195069
"चाहती है । </s>",1487,0.9999971129200292
"ने यह भी कहा",1484,0.634872939326029
"हो सकती है .",1484,0.1741334269032024
"<s> कोविड - 19",1483,0.99999996916302
"शामिल किया गया है",1483,0.6675992180377706
"प्रयास किया । </s>",1480,0.9999987936978384
"सामने आए हैं ।",1480,0.674744860813556
"से मारने की धमकी",1479,0.8842618176270169
"कराया था । </s>",1478,0.9999985211422323
"गिरफ्तार कर लिया गया",1477,0.23519699533397623
"मामले सामने आए हैं",1475,0.6299660239016452
"जारी है . </s>",1474,0.9999871726972065
"<s> इस फिल्म में",1473,0.4651778495572115
"दिया जाए । </s>",1472,0.9999954184614149
"से बात करते हुए",1469,0.9349564230535359
"कर दिया जाएगा ।",1468,0.846761908243492
"कराया जा रहा है",1464,0.9292930303800299
"जम्मू - कश्मीर में",1464,0.30983679880859366
"अधिकारियों ने बताया कि",1464,0.9836705789894818
"हो सकता है कि",1461,0.11279566015575812
"लगती है । </s>",1461,0.9999970615414672
"<s> यही कारण है",1459,0.923090259945648
"हुए कहा है कि",1457,0.9999090172893373
"सामने आने के बाद",1453,0.9304390112162139
"के हैं । </s>",1452,0.9999965293565626
"कम करने के लिए",1451,0.9112674136849204
"दर्ज किया है ।",1451,0.8724414088746182
"लगाया जा सकता है",1450,0.9539007590487371
"<s> माना जा रहा",1449,0.9999436983428445
"<s> डा . </s>",1448,0.9999999968729741
"जा चुके हैं ।",1444,0.7829277751099373
"काम करता है ।",1444,0.7026643131216879
"का नाम नहीं ले",1443,0.8774793219282877
"घोषित कर दिया ।",1442,0.5013954390342062
"किया जाता है .",1441,0.12205382277444657
"होने की संभावना है",1439,0.6771684989361698
"क्या है ? </s>",1437,0.9854075343925378
"जा सकेगा । </s>",1437,0.999999999195445
"ले रहे हैं ।",1436,0.7580332274512488
"करने के लिए कहा",1433,0.04539795138318897
"भेज दिया है ।",1430,0.8387155328259673
"जानकारी ली । </s>",1428,0.9999999997697016
"दूर करने के लिए",1427,0.9018688493773757
"<s> नई दिल्‍ ली",1420,0.8979783487941099
"हो रही हैं ।",1418,0.7688590894025089
"करने का आरोप लगाया",1415,0.5861793584311648
"हो गई हैं ।",1414,0.8132520727359743
"मिल सकता है ।",1414,0.8244429258380052
"बन गया है ।",1412,0.7512529801878056
"लिए हैं । </s>",1409,0.9999964234391262
"की कोशिश कर रहे",1408,0.4616556705462783
"में कोरोना वायरस के",1404,0.37829139940584633
"चुकी थी । </s>",1404,0.9999986176974044
"प्राप्त करने के लिए",1403,0.8527558653999137
"माना जाता है कि",1403,0.21371768647222267
"में कम से कम",1403,0.9999999451570987
"अपील की । </s>",1401,0.9999988466392216
"निर्देश दिए हैं ।",1400,0.7544383959391247
"की जांच के लिए",1398,0.6130997373829006
"आने वाले दिनों में",1397,0.9999997969017743
"पहुंच गई है ।",1396,0.807053299808465
"रखी है । </s>",1396,0.999996924722123
"चर्चा की । </s>",1395,0.99999884167853
"को मिला । </s>",1394,0.9999976047891647
"ले सकते हैं ।",1393,0.7482650618743503
"चाहता है । </s>",1390,0.9999969114475421
"एक के बाद एक",1390,0.9994751315133198
"नजर आ रहा है",1385,0.912634055552927
"<s> मिली जानकारी के",1383,0.9635853232276005
"उन्होंने कहा कि इस",1383,0.055509765125733204
"घोषणा की है ।",1382,0.6496881872620245
"यादव ने कहा कि",1382,0.8837945303001765
"नहीं की । </s>",1381,0.9999988299359517
"लगते हैं । </s>",1380,0.9999963482795137
"गिरफ्तार किया गया है",1380,0.45492399607904704
"का निर्णय लिया है",1377,0.42020304488461974
"हमला कर दिया ।",1376,0.695942646691271
"बताई जा रही है",1373,0.927128745565618
"रहते हैं . </s>",1371,0.9804952718288409
"जांच शुरू कर दी",1370,0.9996875025787382
"ने कहा कि सरकार",1370,0.022285760586423113
"से बचाव के लिए",1369,0.8908983066033596
"करने का निर्णय लिया",1368,0.8713109356814731
"रहता था । </s>",1368,0.9999984022282306
"<s> इसके बाद भी",1367,0.07124670821946909
"चली गई । </s>",1367,0.9999993401031686
"मुख्यमंत्री शिवराज सिंह चौहान",1366,0.9671753903580778
"को बचाने के लिए",1366,0.8690954593430167
"शामिल होंगे । </s>",1364,0.9999955518967736
"आवेदन कर सकते हैं",1361,0.9318979110804922
"काम किया । </s>",1359,0.9999986862934517
"भी शामिल हैं ।",1357,0.7764643881498495
"लोग घायल हो गए",1356,0.898996276615992
"कर दी है .",1348,0.15402373852315374
"आई है . </s>",1348,0.9999859737059958
"पर रोक लगा दी",1348,0.9222931191090112
"मच गई । </s>",1347,0.9999993303051459
"भी शामिल है ।",1347,0.802293321928484
"ने बताया है कि",1338,0.9997316295533185
"नए मामले सामने आए",1337,0.77299213233524
"जांच कर रही है",1336,0.8301068671199991
"किया जा सके ।",1335,0.7654990404829295
"की बात कही है",1334,0.20513011649526083
"ज्यादा है । </s>",1334,0.9999967817931661
"में हुआ था ।",1333,0.743090798727373
"आग लग गई ।",1332,0.7656052112877592
"<s> भारतीय जनता पार्टी",1332,0.9615485400484922
"<s> इंदौर । </s>",1330,0.9999999982032528
"जारी किया गया है",1326,0.6073285084615047
"आ रहे हैं .",1322,0.20012382079708932
"पा रहे हैं ।",1320,0.7671075154146603
"देखा जा रहा है",1318,0.9398188281389358
"शर्मा ने कहा कि",1315,0.9018958355431747
"हो चुकी है .",1311,0.16764134810933284
"किया गया है कि",1309,0.04023645336035397
"लोगों की मौत हुई",1308,0.20347685943377508
"भी की । </s>",1308,0.999998764634212
"करते है । </s>",1308,0.999996717822694
"का निर्देश दिया ।",1308,0.3685364139094848
"परेशान हैं । </s>",1307,0.9999961443196089
"कर दी . </s>",1306,0.9802868024698437
"दे दिया । </s>",1306,0.9999984527687991
"ने एक बयान में",1306,0.8367222291795032
"नहीं हैं . </s>",1304,0.9648516836162768
"के निर्देश दिए हैं",1303,0.26594567568409744
"कर दिए हैं ।",1302,0.8127012479293056
"होने जा रहा है",1301,0.9808333201800505
"की मांग की थी",1300,0.12408702801226756
"तैयार हैं । </s>",1298,0.9706576392013883
"लोगों का कहना है",1297,0.8576407384155954
"सामना करना पड़ रहा",1295,0.727293580017488
"किया जायेगा । </s>",1293,0.9999999991918641
"की चपेट में आ",1291,0.3630268585295359
"यह जानकारी दी ।",1290,0.6230682144644457
"जरूरत नहीं है ।",1289,0.7362341567862285
"भेजा है । </s>",1288,0.9999966668572078
"निर्णय लिया है ।",1287,0.7724768847719029
"नहीं दिया । </s>",1286,0.9999984287061053
"का प्रयास किया ।",1284,0.33835543564417936
"पा रही है ।",1282,0.839737071154604
"मुख्यमंत्री योगी आदित्यनाथ ने",1279,0.5218177283732761
"दर्ज कर लिया है",1278,0.5569693653769736
"कही है । </s>",1274,0.999996630229265
"करने के साथ ही",1274,0.7106632727784202
"का है . </s>",1272,0.999985135656983
"जा रही है कि",1271,0.04384279574146729
"<s> इसी क्रम में",1270,0.9999999446664531
"<s> जयपुर । </s>",1270,0.999999998181048
"लाया गया । </s>",1269,0.9999988187894616
"नजर आ रही है",1269,0.39459011233326835
"चुके थे । </s>",1267,0.9999983941379168
"दी हैं । </s>",1265,0.999996016304924
"चल रहे हैं ।",1262,0.7313230607982983
"करती है . </s>",1261,0.9841748713817198
"बात की । </s>",1260,0.9999987175726582
"बंद कर दिया गया",1257,0.3861886072664312
"रखता है । </s>",1257,0.9999965846555956
"में मदद करता है",1257,0.9999999155587338
"पड़ सकता है ।",1257,0.8041841820575555
"से मना कर दिया",1255,0.9612717654606748
"हिरासत में ले लिया",1254,0.9997323832099889
"देना होगा । </s>",1251,0.999993998632622
"की हत्या कर दी",1249,0.8899291925994802
"की गई . </s>",1249,0.9999817025206545
"दोनों देशों के बीच",1245,0.8164650675827831
"के विकास के लिए",1244,0.8868648774630065
"करने की जरूरत है",1244,0.6648297024409772
"में हुई है ।",1243,0.8270744778968936
"आ गई है ।",1241,0.7761372158804519
"आने वाले समय में",1241,0.9608816607053395
"इस बात की जानकारी",1240,0.3494937265676596
"प्रशासन की ओर से",1239,0.9998819086562067
"जाते थे । </s>",1238,0.9999983565207922
"सम्मानित किया । </s>",1234,0.9999985532194495
"के एक अधिकारी ने",1233,0.8490657512829006
"कहा जा सकता है",1232,0.8192808467942748
"मौत हुई है ।",1229,0.7124035636158641
"बढ़ रहा है ।",1229,0.7563002987255565
"शामिल होने के लिए",1227,0.7017513189183229
"बनाई है । </s>",1225,0.9999964954384356
"की घोषणा की ।",1223,0.23466502425079758
"नईदुनिया न्यूज) । </s>",1223,0.9999999980117992
"की अपील की ।",1221,0.3996355877261813
"की मौके पर ही",1219,0.8544587280768254
"है . . </s>",1218,0.3067956122606841
"जताई है । </s>",1218,0.9999964752972772
"बात कर रहे हैं",1217,0.727497525025741
"<s> वीर अर्जुन संवाददाता",1213,0.9646537865389708
"गयी थी । </s>",1211,0.9999983973964953
"बढ़ गई है ।",1208,0.8167425270929126
"को बढ़ावा देने के",1206,0.6599992002529841
"महत्वपूर्ण है । </s>",1206,0.9999964402256083
"से घायल हो गए",1206,0.4628048899720552
"पाया गया । </s>",1205,0.9999987560529683
"भेज दिया गया है",1204,0.4683678293930713
"गिरफ्तार किया । </s>",1204,0.9999985171701002
"खबर है । </s>",1203,0.9999964313483655
"करता हूं । </s>",1202,0.9308586690808112
"को मिल रहा है",1202,0.9714123392684137
"बनाए रखने के लिए",1200,0.949402518428144
"भर्ती कराया गया ।",1199,0.28438931485575736
"पड़ा था । </s>",1197,0.9999981739751207
"में कहा था कि",1196,0.9584752927006079
"कराया गया था ।",1196,0.7898015584005174
"का हवाला देते हुए",1196,0.9999997968071179
"की मांग की गई",1195,0.11406968611618988
"मौके पर पहुंची पुलिस",1192,0.40611755352565304
"कर सके । </s>",1191,0.9768323523703178
"दिख रहा है ।",1191,0.631818961828479
"<s> उदाहरण के लिए",1190,0.8429729377181916
"देते हैं . </s>",1189,0.9999843924678504
"भेजा गया । </s>",1189,0.9999987393135633
"लगा दी । </s>",1187,0.9999990717494087
"को कहा गया है",1187,0.6470045051374994
"कोविड - 19 महामारी",1187,0.11264184056263662
"लगाया था । </s>",1187,0.9999981585915917
"की चपेट में आने",1186,0.3334422967175273
"भी कहा जाता है",1185,0.9260740730645217
"कराई है । </s>",1183,0.9999963710161316
"की मांग कर रहे",1182,0.67435367822182
"जायजा लिया । </s>",1182,0.9999988616253124
"से है । </s>",1180,0.9999963617899014
"रहते थे । </s>",1180,0.9999982757396108
"को दूर करने के",1180,0.6145816548013828
"कोविड - 19 से",1179,0.11189074594688984
"मामले में पुलिस ने",1178,0.769375963477901
"मिल सकती है ।",1178,0.7901388355890129
"कोशिश कर रहे हैं",1177,0.7779596148567308
"गई थीं । </s>",1176,0.9999974115055673
"करते रहे । </s>",1172,0.999998280641221
"करनी होगी । </s>",1172,0.9999939989995837
"आरोप लगाया है कि",1172,0.34471272875181835
"हासिल की । </s>",1171,0.9999986201037997
"की आवश्यकता होती है",1171,0.9999998851594019
"शुरू की । </s>",1171,0.9999986201037997
"<s> कोरोना वायरस के",1170,0.37272964052026275
"<s> सूत्रों के अनुसार",1168,0.4161736612610684
"लगाया गया । </s>",1167,0.9999987155474095
"<s> उन्होंने आगे कहा",1167,0.8050043272842994
"कर रहे है ।",1165,0.689152950553249
"की जाएगी . </s>",1165,0.9828919399458137
"कर दिए । </s>",1165,0.999999999650012
"<s> . . .",1164,0.8398634247587649
"<s> उन्होंने यह भी",1164,0.962502622985338
"ने कहा कि हम",1163,0.018909647614768377
"एक - दूसरे के",1161,0.2989779354241008
"निधन हो गया ।",1161,0.5158440913379377
"चाहते हैं . </s>",1159,0.9535286178577014
"में अलग - अलग",1157,0.9999852809653673
"नहीं होती । </s>",1156,0.9999999980576635
"आनन - फानन में",1156,0.9999999997951508
"भी है . </s>",1153,0.9999836015227079
"ली गई है ।",1153,0.8722670158491705
"सुनिश्चित करने के लिए",1152,0.8450990896804126
"करना चाहते हैं ।",1152,0.4455735399089311
"नहीं हो रहा है",1152,0.7252059157531952
"चुका था । </s>",1150,0.9999980993462777
"सकी है । </s>",1150,0.9999962668800727
"आम आदमी पार्टी के",1150,0.36284333047881795
"हो गये । </s>",1149,0.9999999992307851
"कर लिया था ।",1148,0.7338601014701996
"कर दी गई थी",1147,0.15995610163695345
"नहीं मिली । </s>",1146,0.9999999995016452
"काम करने के लिए",1143,0.6651203282958138
"तोड़ दिया । </s>",1142,0.9999982305744759
"करने लगा । </s>",1139,0.9999999994977073
"नहीं होता है ।",1138,0.6344251741638973
"दर्ज की गई ।",1138,0.33116280865571873
"ली है . </s>",1138,0.9999833853740617
"लगाया जा रहा है",1137,0.9107812777253219
"अधिकारी ने कहा कि",1137,0.9623595261814869
"किसी भी तरह की",1137,0.4081369333135841
"कहा था । </s>",1136,0.9999980759227284
"देखने को मिला ।",1134,0.4989190233083536
"के लिए कहा गया",1134,0.2640876025838601
"आई हैं । </s>",1133,0.9999955521851093
"चलाया जा रहा है",1132,0.9192904349666615
"भी हो सकता है",1129,0.9654886167699622
"पुलिस को बताया कि",1129,0.8745548803029835
"होता था । </s>",1124,0.9999980553809781
"में ले लिया ।",1124,0.4314844922044515
"<s> मौसम विभाग के",1123,0.4971544148339982
"को सूचना दी ।",1123,0.6191835610464296
"संबोधित करते हुए कहा",1122,0.5338644140911998
"दावा किया है कि",1119,0.6669258702250737
"को पूरी तरह से",1119,0.9385702413848387
"रहे है . </s>",1119,0.9822036711503199
"मौजूद हैं । </s>",1118,0.9999954925095964
"होने के साथ ही",1117,0.653361486108
"मौत हो गई .",1116,0.0670220156938434
"दर्ज किया गया ।",1116,0.2932843228605531
"वाला है . </s>",1116,0.9999830578455935
"कर रहे थे .",1115,0.13804464430062607
"सूत्रों का कहना है",1115,0.9999374157949757
"<s> उन्‍ होंने कहा",1114,0.6868243562360834
"लगी थी । </s>",1114,0.999998257852025
"रहने वाला है ।",1114,0.76462805913577
"पाए गए हैं ।",1112,0.8387051347976745
"बात ये है कि",1112,0.9717783842921058
"पुलिस ने शव को",1111,0.7297233915969092
"से मौत हो गई",1109,0.8352270406579401
"संबोधित किया । </s>",1108,0.9999983886938635
"चल रहा है .",1108,0.1378623669660284
"नहीं आया । </s>",1108,0.9999999993692774
"किए गए थे ।",1106,0.8109591569786907
"खास बात यह है",1105,0.7874992477756376
"हुए थे . </s>",1104,0.9999885212636888
"रहता है . </s>",1104,0.9802237667359048
"ले लिया है ।",1103,0.7644952097296748
"का निर्णय लिया गया",1103,0.3366858094421558
"पुलिस मौके पर पहुंची",1101,0.7318218168615801
"हिस्सा लिया । </s>",1101,0.999998777875676
"में काम करने वाले",1101,0.4057730428156307
"की जांच कर रही",1100,0.6173162674303081
"सरकार की तरफ से",1100,0.9998756765463346
"की गयी । </s>",1099,0.9999999994426396
"पोस्टमार्टम के लिए भेज",1099,0.5786521557042993
"का गठन किया गया",1099,0.4747142070932749
"यह भी है कि",1097,0.9808076629003272
"बनाए गए हैं ।",1097,0.8868834522427415
"किया जा रहा था",1096,0.060417616746948344
"की सुरक्षा के लिए",1096,0.8339616110677034
"में था । </s>",1094,0.9999980020550452
"परेशानी का सामना करना",1094,0.9066803901366658
"- आर . </s>",1093,0.9999999801647084
"उन्होंने कहा कि यह",1092,0.04386816981629978
"काम करते हैं ।",1091,0.6661168265310472
"चपेट में आने से",1089,0.8227085025330312
"कर लिया है .",1089,0.15311675002560288
"पिछले 24 घंटे में",1089,0.8518803824371424
"करने के मामले में",1089,0.9211310116254844
"आरोप लगाया । </s>",1088,0.9999999986494073
"लिखा है । </s>",1087,0.9999960505170963
"मौजूद है । </s>",1087,0.9999960505170963
"जताई जा रही है",1087,0.885276485702397
"बात कही है ।",1083,0.7709928813041554
"इलाज चल रहा है",1083,0.7822090072560797
"पर निशाना साधते हुए",1082,0.9999999997365916
"कर लिया गया ।",1081,0.24933768165050357
"मिली जानकारी के मुताबिक",1080,0.31259204425709747
"ने कहा कि भारत",1079,0.017546614179610835
"बताया गया है ।",1079,0.3015173002988446
"सकता था । </s>",1077,0.9999979705183095
"गई हैं . </s>",1077,0.9999827694004403
"लिया था . </s>",1075,0.9999851376611797
"<s> इसके बाद उन्होंने",1074,0.05577797077003608
"कर सकें । </s>",1074,0.9823784193059334
"लगा था । </s>",1073,0.9999979629526742
"<s> बताया गया कि",1073,0.5932077787415482
"का पालन करते हुए",1072,0.8856561890739435
"की जा रही थी",1071,0.0726979535555093
"बयान में कहा गया",1071,0.4273447052109845
"की घोषणा की थी",1070,0.20531586813654557
"पुलिस को सूचना दी",1070,0.6261824692070082
"ऐसा लगता है कि",1069,0.9141411734700726
"देखने को मिल रहा",1068,0.40622012036525285
"रखा गया । </s>",1068,0.999998596482984
"में रखा गया है",1066,0.6377038458099061
"गृह मंत्री अमित शाह",1065,0.9999998430421553
"बैठक हुई । </s>",1064,0.999997912385853
"बंद हुआ । </s>",1062,0.99999772840851
"बंद है । </s>",1061,0.9999959537342918
"<s> घटना की सूचना",1061,0.500241205481324
"दिए जाएंगे । </s>",1060,0.9999939744833448
"पर है . </s>",1060,0.9999821627883795
"कर लें । </s>",1060,0.9999999993916481
"<s> इस घटना के",1059,0.3463857963186876
"हैं . . .",1059,0.6944594798135397
"कर देते हैं ।",1058,0.723818648033195
"मौके पर पहुंचे ।",1058,0.4746019554411361
"हो गईं । </s>",1058,0.9999999992276605
"मामले की जांच कर",1057,0.25295105930426853
"काम कर रहा है",1057,0.7108513142487043
"नहीं किया गया ।",1057,0.2669323879353801
"की रिपोर्ट के मुताबिक",1056,0.4712433108568654
"बनाता है । </s>",1056,0.9999959345758367
"मिली है . </s>",1055,0.9999820782518316
"मिल सके । </s>",1055,0.9999931136927904
"आ चुके हैं ।",1055,0.7256192471750571
"रिपोर्ट में कहा गया",1054,0.7696008583678381
"पेश किया । </s>",1054,0.9999983061411771
"को पोस्टमार्टम के लिए",1053,0.9102952256258248
"हो रही थी ।",1053,0.7145320872153342
"होने वाला है ।",1052,0.6821226647464431
"हार का सामना करना",1052,0.9743147737430983
"जा रहा है और",1051,0.020137988105789453
"रूप में हुई है",1050,0.6704485629820122
"आता है . </s>",1050,0.9701866898535224
"उन्होंने कहा है कि",1050,0.9998737506576805
"पुलिस का कहना है",1049,0.9673828914495815
"के लिए तैयार है",1049,0.23092134039772666
"जाया गया । </s>",1048,0.999998569698308
"मिले थे । </s>",1048,0.9999980585617755
"में हुआ । </s>",1048,0.9999976980628222
"बढ़ रही है ।",1047,0.7490170043439841
"देखा गया । </s>",1046,0.9999985669635055
"का रहने वाला है",1045,0.6924632626632047
"नहीं था . </s>",1045,0.9754832518391199
"<s> कहा जाता है",1044,0.9999364264353935
"जारी कर दिया है",1044,0.45831811381190485
"नहीं कर रहे हैं",1043,0.7415789648605281
"कर सकते है ।",1042,0.6942017487829226
"सामना करना पड़ा ।",1042,0.49482742944409197
"से बचाने के लिए",1042,0.9734856456610216
"ले जाया गया ।",1039,0.5135012412985118
"<s> मुझे लगता है",1039,0.9999867850109311
"भर्ती कराया गया था",1037,0.24583516006355963
"के बाद पुलिस ने",1037,0.6546566684219792
"आए हैं . </s>",1037,0.9999821047678632
"शुरू हुआ । </s>",1037,0.9999976736449736
"में आने के बाद",1036,0.7174560657257623
"प्राप्त कर सकते हैं",1036,0.9221555587976862
"जानी चाहिए । </s>",1035,0.9999885694493207
"कहा गया था कि",1032,0.7237802985740954
"कर ली गई है",1030,0.6556021063415114
"करने के लिए तैयार",1029,0.032641421129839844
"पीएम मोदी ने कहा",1029,0.6948539536588572
"शिवराज सिंह चौहान ने",1029,0.5700690155951725
"<s> केंद्र सरकार ने",1028,0.4476680225950465
"भर्ती कराया । </s>",1027,0.999999999308952
"कर चुकी है ।",1025,0.7264081518655283
"चाहते थे । </s>",1023,0.9999980111170486
"शुरू हो गया ।",1023,0.26974463601924525
"पर पहुंची । </s>",1022,0.9999999992067462
"देता है . </s>",1022,0.9740116048679663
"<s> वहीं दूसरी ओर",1022,0.6177914131822028
"<s> इस वीडियो में",1022,0.5897729260060098
"बढ़ावा देने के लिए",1021,0.8965613841985611
"<s> इसके बाद से",1021,0.05305195471136454
"ने पुलिस को बताया",1021,0.43504179047398883
"जाती थी । </s>",1021,0.9999980991646973
"मिला है . </s>",1018,0.9999814268719865
"इस घटना के बाद",1018,0.7019743453578832
"का जिक्र करते हुए",1016,0.9701325434998079
"बता दें कि इस",1016,0.09013812579370371
"भी थे । </s>",1015,0.9999979954411238
"बनाया गया । </s>",1015,0.9999985231958884
"के खिलाफ मामला दर्ज",1013,0.9999996736432554
"जारी रहा । </s>",1013,0.9999981180831089
"यादव ने बताया कि",1012,0.9999681285154834
"कांग्रेस अध्यक्ष राहुल गांधी",1012,0.9999835089724408
"वीडियो सोशल मीडिया पर",1012,0.9186537494353244
"नहीं होने के कारण",1011,0.791655152351882
"बनाया जा रहा है",1011,0.9096814890997545
"शुरू होगा । </s>",1010,0.9999925666231784
"से मुलाकात की ।",1009,0.4976024287407033
"नहीं की गई है",1008,0.4999897781600514
"बयान में कहा कि",1008,0.4022119851973549
"रखा जाएगा । </s>",1008,0.9999946694056057
"लिया गया था ।",1007,0.7656333808163891
"वाले हैं . </s>",1007,0.9999815716427748
"लोगों को गिरफ्तार किया",1006,0.7445851531759392
"का निर्देश दिया है",1006,0.2834528183777655
"पाए गए । </s>",1005,0.9999987790087062
"के नाम से जाना",1005,0.287731757640194
"मुश्किल है । </s>",1004,0.9999957240160194
"से घायल हो गया",1003,0.384442735107952
"नहीं मिला है ।",1003,0.8269842151578641
"मारकर हत्या कर दी",1003,0.9999503209047091
"शुरू कर दी गई",1003,0.12432663130870314
"बना है । </s>",1003,0.9999957197528252
"कर दिया था .",1002,0.16779920889856698
"के मुख्यमंत्री योगी आदित्यनाथ",1002,0.9999676590155115
"में बताया गया है",1001,0.5521731787480758
"ने सोशल मीडिया पर",1001,0.8570655669945177
"उन्होंने यह भी कहा",999,0.7566198432255342
"का जायजा लिया ।",999,0.786323623531005
"शुरू हो गई ।",999,0.2579238339296729
"हो सका । </s>",998,0.999999998869448
"ने बताया कि यह",997,0.0213323347301686
"करना होगा . </s>",997,0.9999768700252266
"दिवस के अवसर पर",997,0.9998799679034083
"को कम करने के",994,0.49992905380210173
"करती थी । </s>",994,0.9999980475323499
"में मौत हो गई",994,0.9120226737253917
"बैठक की । </s>",994,0.9999983743878766
"हैं . "" </s>",993,0.9999999221120294
"<s> मध्य प्रदेश के",993,0.4260726427253527
"योजना है । </s>",991,0.9999956679233941
"एक - दूसरे को",991,0.25517109380974096
"के साथ आता है",991,0.999999892549459
"गिर गया । </s>",990,0.9999984859028553
"लेता है । </s>",990,0.9999956635475592
"उन्होंने कहा था कि",989,0.9701049938451369
"अधिकारी डॉ . </s>",989,0.9999999979285913
"की पुष्टि हुई है",989,0.6654967920495983
"हो गए हैं .",989,0.1533202997260601
"की जा चुकी है",988,0.8556041704472503
"छात्र - छात्राओं को",986,0.3542004160865233
"कहना है कि इस",985,0.06574238714386599
"आ रही है .",982,0.17548471224913978
"आयोजित किया गया ।",980,0.65180755538596
"स) ता . </s>",980,0.7235778508304475
"लिए है । </s>",979,0.9999956148233745
"भेज दिया गया ।",979,0.3806154829300037
"कोविड - 19 की",979,0.09289917874576972
"मिलते हैं । </s>",979,0.9999948525288344
"की जांच की जा",978,0.3016183985933108
"जारी रहेगा । </s>",977,0.9999948357951869
"ने भाग लिया ।",976,0.7957405588123414
"करने का प्रयास किया",976,0.5012088144483005
"सकती हैं . </s>",975,0.9999809668146402
"उत्तर प्रदेश के मुख्यमंत्री",973,0.20879169767108877
"के लिए तैयार हैं",972,0.21397871095347537
"मदद मिलेगी । </s>",972,0.966931944280958
"हुए उन्होंने कहा कि",972,0.9554388100644794
"<s> जबलपुर । </s>",970,0.9999999967617212
"देख सकते हैं ।",970,0.5292843547569658
"रुपये है । </s>",970,0.9999955741361687
"कर लिया . </s>",970,0.9999843966990913
"प्रधानमंत्री नरेंद्र मोदी की",969,0.10429684911912618
"के खिलाफ मुकदमा दर्ज",969,0.9677617744829525
"की बात कही थी",967,0.14865613267226618
"खत्म होने के बाद",966,0.909152153737212
"<s> 6 . </s>",966,0.9999999398745936
"निर्देश दिए गए हैं",965,0.6528195709059946
"का इंतजार कर रहे",965,0.6633068916185331
"में होगा । </s>",964,0.9999922119184752
"मदद करता है ।",964,0.7363867009177227
"डीएसपी - बीआर एफएमपी",964,0.930050242300932
"की सूचना मिलते ही",963,0.9999998874296208
"लग रहा है ।",963,0.4514897927527325
"करना पड़ता है ।",963,0.7868767115633192
"सामने आ रहे हैं",962,0.9033269935350267
"शव को कब्जे में",962,0.9999998493740679
"भी नहीं है ।",961,0.6712820619569445
"दिल्‍ ली । </s>",961,0.9999999996577875
"को कब्जे में लेकर",961,0.6705094669147633
"फैसला लिया है ।",960,0.6943143662208457
"के लिए कहा ।",960,0.22353719268107625
"बनाया था । </s>",960,0.9999977231752286
"<s> खास बात यह",959,0.6426403806152516
"प्राप्त किया । </s>",959,0.9999981383449434
"गलत है । </s>",959,0.9999955233702645
"का सामना करना पड़",958,0.12956463659465237
"सामने आया है .",957,0.18599799972165812
"की जरूरत होती है",957,0.9772956105464808
"की गयी है ।",957,0.6361529729779032
"की घोषणा कर दी",957,0.8457586587660344
"बनाया जाएगा । </s>",956,0.9999943794569566
"कराई जाएगी । </s>",955,0.9999942021043212
"लिए कहा । </s>",955,0.9999999991948967
"ही हैं । </s>",955,0.9999947231683024
"बधाई दी । </s>",954,0.9999988450383105
"बन गया । </s>",953,0.9999984271183913
"मामला दर्ज किया गया",950,0.4765746812278085
"किसी भी प्रकार की",950,0.4877960990876566
"का आरोप लगाया ।",949,0.2141234940823992
"लगाई है । </s>",949,0.9999954761981913
"हिस्सा है । </s>",947,0.9999954666442277
"उठाया है । </s>",947,0.9999954666442277
"सवाल के जवाब में",946,0.9998771175960786
"करना चाहिए . </s>",946,0.9739529359038336
"में रहते हैं ।",946,0.6882065464015492
"लगे थे । </s>",946,0.9999978492312269
"बाकी है । </s>",945,0.999995457049824
"हो जाता है .",945,0.1328511188840024
"पिछले कुछ दिनों से",944,0.73630522658606
"देती हैं । </s>",943,0.9999946560188003
"कि इस मामले में",943,0.7075689511431072
"करना पड़ रहा है",943,0.9522454092209759
"आ गए हैं ।",943,0.7655812764610819
"हो चुकी हैं ।",942,0.7690313046090799
"करने जा रही है",938,0.7589577823675239
"ने आगे कहा कि",938,0.8848674539571707
"में से एक हैं",938,0.14083405558017378
"हुए कहा था कि",938,0.999870519041599
"फैसला किया । </s>",938,0.9999980966660988
"जागरण संवाददाता । </s>",938,0.9999999962049669
"की मदद के लिए",938,0.9747414022728124
"जाते है । </s>",938,0.9999954231472107
"माना जाता है .",937,0.14273885126120295
"की बात कही गई",937,0.14404021009264256
"कर दिया है कि",935,0.05634938335428573
"ने दावा किया कि",935,0.4594305914020542
"नाम से जाना जाता",935,0.8602721841048623
"का आदेश दिया है",935,0.40612471214802004
"को मिली । </s>",935,0.9999999993891822
"संभव है । </s>",934,0.9999954035461281
"उपस्थित रहे । </s>",934,0.9999978425176778
"कार्रवाई की मांग की",934,0.8012483672482668
"ने कहा कि देश",933,0.015170420420293417
"निर्देश दिया है ।",932,0.6324397959329492
"दे सकते हैं ।",932,0.7264924497671437
"की अपील की है",932,0.305229993733156
"के निर्देश दिए गए",931,0.1899960492144764
"मनाया जाएगा । </s>",931,0.9999942285293776
"की रिपोर्ट के अनुसार",930,0.4149244613788571
"सामने आ रही है",930,0.6634290673474394
"हो रहा था ।",930,0.7059060586239524
"शव को पोस्टमार्टम के",929,0.9999997725533273
"के हवाले कर दिया",929,0.9684885686562363
"उन्‍ होंने कहा कि",929,0.9156602340822421
"आधारित है । </s>",929,0.9999953788074097
"जरूरत है . </s>",928,0.9775917738014366
"कार्यक्रम का आयोजन किया",928,0.86754508647596
"मांग की थी ।",927,0.7030625491721115
"को एक बार फिर",927,0.966105071892037
"की बात है कि",926,0.36483284461416293
"व्यवस्था की गई है",926,0.7195695499529362
"रेफर कर दिया गया",926,0.4921860764671507
"करने जा रहे हैं",926,0.840239157704601
"नई दिल्‍ ली ।",925,0.7075364705855034
"उपलब्ध हैं । </s>",924,0.9999945461317411
"मामला दर्ज कर लिया",924,0.5663619765924821
"कर सकती हैं ।",924,0.7694765026443725
"करने की अपील की",924,0.8553002073179443
"को इलाज के लिए",923,0.8620453270976551
"रहती हैं . </s>",923,0.9999798945225072
"ले रहा है ।",923,0.7892761579592996
"को हिरासत में लिया",922,0.4011420277853931
"कराई थी । </s>",920,0.999997890486039
"अनुमान है । </s>",919,0.9999953285223978
"कर रही हैं .",919,0.20811731618836482
"मीडिया पर वायरल हो",918,0.614625473417617
"कि कोविड - 19",918,0.9999999501838329
"रह गए । </s>",918,0.999998663293845
"पहुंच रहे हैं ।",918,0.8578298314058597
"<s> इस तरह के",917,0.30165319864163503
"लगा दी है ।",917,0.7694314236768637
"किए जाने के बाद",917,0.47494034447488626
"<s> इसके बाद वह",916,0.04757922973307665
"का फैसला किया ।",915,0.20223075966024873
"नजर आएंगे । </s>",914,0.9999999984796475
"गोली मारकर हत्या कर",914,0.8591782399920369
"किया जाना है ।",914,0.9000739375349796
"पाते हैं । </s>",914,0.9999944864614101
"बारे में जानकारी दी",913,0.33446821050937064
"करते थे . </s>",913,0.9999861199070235
"बनाया गया था ।",913,0.7918690397758998
"दे रहे हैं .",913,0.1862190220241373
"बना रहे हैं ।",913,0.6662245076907934
"लगा दिया । </s>",912,0.9999977843377758
"इस योजना के तहत",912,0.7086499616012218
"अपने परिवार के साथ",911,0.7773958755277711
"दिया गया था .",911,0.1651362870958788
"जानते हैं । </s>",910,0.9999944622260756
"में शामिल किया गया",909,0.5172991203211718
"करने का आदेश दिया",908,0.7850104030672632
"से इंकार कर दिया",907,0.9201721638199389
"पर पहुंच गया ।",907,0.47905115306414364
"शुरू करने के लिए",907,0.7729781538235678
"हासिल करने के लिए",906,0.760350549816438
"ने कहा कि आज",905,0.014714374246934066
"उनका कहना था कि",904,0.999999850180067
"कहा है कि वह",904,0.10388333047698836
"की बात है ।",903,0.35566511172461673
"दिया जाएगा . </s>",903,0.9999795079261173
"दे दिया है ।",903,0.6679332338760219
"आस - पास के",902,0.7364789181734802
"दी गई . </s>",901,0.999974635347722
"बनता है । </s>",900,0.9999952299023152
"माना गया है ।",900,0.7280585516726659
"में . . .",899,0.9326252144353196
"मंत्री डॉ . </s>",898,0.9999999977186824
"बढ़ता जा रहा है",898,0.9610329581592801
"में भर्ती कराया ।",898,0.1645855503394856
"चल रही थी ।",898,0.7349909329118764
"को शामिल किया गया",898,0.6265635251225493
"<s> साथ ही उन्होंने",897,0.10369978734563484
"शुरू हुई । </s>",897,0.9999975237219036
"तैयार किया गया है",897,0.7526145946811617
"से पता चलता है",897,0.9999999077286397
"शामिल है . </s>",896,0.9999788979416098
"पर पहुंच गए ।",895,0.5454435184353685
"न होने के कारण",895,0.7359733795669023
"का अनुमान है ।",894,0.6410233275791299
"विभाग की टीम ने",894,0.6882592542100351
"में डॉ . </s>",894,0.9999999977084751
"पड़ती है । </s>",892,0.99999518712117
"आ रही हैं .",892,0.2813904382729092
"वाली हैं । </s>",891,0.9999943441366204
"मरने वालों की संख्या",890,0.8850632638579732
"आयोजित की गई ।",889,0.6342546582652183
"एसएल एफटीपी सीरीज -",889,0.9999996854093485
"<s> ov . i",888,0.9999992886448325
"ov . i </s>",888,0.9999999871777449
"में कहा गया कि",888,0.16065828592978823
"की जरूरत है .",888,0.1460555489303148
"प्राप्त जानकारी के अनुसार",888,0.837738888574762
"शुरू होगी । </s>",888,0.9999920797607119
"मिल रहे हैं ।",885,0.7639922407306617
"गिरफ्तार किया था ।",885,0.7936584706844391
"जानकारी दी गई ।",885,0.5444136951139442
"नुकसान हुआ है ।",884,0.8355506818523203
"चलता है । </s>",884,0.9999951435657054
"लग गया । </s>",881,0.9999982985741508
"इस बात को लेकर",880,0.5606607527048634
"अस्पताल ले जाया गया",880,0.9653605989201935
"<s> उन्होंने कहा है",880,0.02321166320670972
"जांच की । </s>",880,0.9999981637972152
"सोशल मीडिया पर काफी",880,0.10278966822754455
"ने कहा कि अगर",880,0.014327583526245885
"के रूप में भी",880,0.042356651343644074
"बने हुए हैं ।",879,0.7849130106407272
"<s> सूचना मिलते ही",879,0.9999998766720418
"पुलिस को दी ।",879,0.434672676376968
"ने कहा कि जब",879,0.014294843049206269
"ले गया । </s>",878,0.9999982927606228
"<s> आम आदमी पार्टी",878,0.9057390902327621
"से हराया । </s>",876,0.9999999965753257
"हो जाए । </s>",875,0.9999922925430887
"नहीं हो पाया है",874,0.531025545304581
"एक - दूसरे से",874,0.22502215940557235
"दर्ज की । </s>",873,0.9999981490739397
"ही नहीं है ।",872,0.6687774844801148
"की गई हैं ।",871,0.8250317942862776
"नहीं हो पा रहा",871,0.5113794367657123
"करने को कहा ।",870,0.3027353154066153
"नहीं किया जाएगा ।",870,0.8540592536121702
"बन गई है ।",869,0.7801036582657739
"भी जाना जाता है",869,0.9597790117002644
"ने कहा कि भाजपा",868,0.014107546551460695
"करने की कोशिश कर",868,0.2188954376013738
"के बारे में पता",868,0.03034429892538749
"रखा गया था ।",867,0.7637107849913671
"पड़ा है । </s>",867,0.9999950483415037
"दिखाई दे रहे हैं",867,0.8637238290094115
"आ रहे थे ।",866,0.7861140867540759
"होती थी । </s>",866,0.9999977589459075
"हैं . ' </s>",866,0.9999999387556984
"अध्यक्ष डॉ . </s>",865,0.9999999976316495
"की मौत हो गयी",865,0.06864230242930014
"किए जाते हैं ।",865,0.8308200891632826
"से सम्मानित किया गया",864,0.6755444044058051
"दर्ज कराई है ।",864,0.7900224818754109
"को देखने के लिए",864,0.6438700334231513
"वाली है . </s>",864,0.9999781163838916
"भाग निकले । </s>",863,0.9999999977938396
"हाल ही में एक",863,0.13071011924343443
"पर आधारित है ।",863,0.6762056691708097
"<s> कहा जा रहा",862,0.9432945904957628
"को खारिज कर दिया",862,0.9404057065597986
"कर रहे हैं कि",862,0.02838740343441441
"चुके है । </s>",862,0.9999950196195866
"गये थे । </s>",862,0.9999976396435507
"के . . .",861,0.9995939063389362
"से जाना जाता है",860,0.8486782885605911
"कर दें । </s>",860,0.9999932016193254
"प्रदान करने के लिए",860,0.8927760938259937
"नारेबाजी की । </s>",859,0.999998118907508
"बिड़ला एसएल एफटीपी सीरीज",859,0.7199449521890298
"को ध्यान में रखकर",858,0.242475242298562
"<s> उनका कहना था",858,0.282229271490628
"परेशानियों का सामना करना",856,0.9708162762387144
"कर सकते हैं और",855,0.045621477659523
"कराई गई । </s>",855,0.9999989449368789
"<s> घटना की जानकारी",855,0.4034293341887664
"भारतीय जनता पार्टी भाजपा)",855,0.185342360264128
"आत्महत्या कर ली ।",854,0.6378760203060613
"रखी थी । </s>",854,0.999997727455686
"का ऐलान किया है",853,0.48569259992473146
"दिए हैं . </s>",851,0.9999781934715325
"आती हैं । </s>",851,0.9999940782911031
"निकाला गया । </s>",851,0.9999982385943911
"की व्यवस्था की गई",851,0.44177516580170906
"मांगी है । </s>",850,0.9999949493083337
"कहना है कि वह",850,0.05677272557047417
"लगा है . </s>",850,0.9999777559478616
"देखने को मिल रही",849,0.3228887451689376
"का फैसला लिया है",849,0.4681916412107709
"कह रहे हैं कि",849,0.5855401953232164
"पूछताछ की । </s>",848,0.9999980945065441
"लिया गया है .",848,0.14533004635610713
"तो पता चला कि",847,0.962586821951193
"प्रदेश के मुख्यमंत्री योगी",847,0.5537957828403863
"चुकी हैं . </s>",847,0.9999780904891077
"नहीं की है ।",846,0.7323411158984353
"देते हुए बताया कि",846,0.898378959645328
"जानकारी के लिए बता",846,0.7408105090385046
"रहना चाहिए । </s>",845,0.9999859992663277
"मौके पर पहुंच गए",845,0.43219244816658564
"के लिए कहा है",845,0.1967393160822102
"से कहा है कि",844,0.9998429362447446
"बनाते हैं । </s>",844,0.9999940291774038
"मांगा है । </s>",844,0.9999949134029427
"<s> इसके बाद पुलिस",844,0.04380440150823272
"में नहीं है ।",843,0.7383028643761
"पर निर्भर करता है",843,0.9999998059935921
"<s> 7 . </s>",842,0.9999999197262397
"कर सकता है .",841,0.16075138995008723
"आ रहा था ।",840,0.7315537373103423
"ने कहा कि प्रदेश",840,0.013649010210469999
"काम चल रहा है",839,0.8521415990351984
"के रहने वाले हैं",839,0.5799849391252426
"अनिवार्य है । </s>",839,0.9999948830894918
"नहीं मिली है ।",839,0.8218247137399456
"अच्छा है । </s>",839,0.9999948830894918
"दम तोड़ दिया ।",839,0.7933159979055527
"होती जा रही है",839,0.8467790331937962
"कर दिए गए हैं",839,0.5912547255037804
"मिलता है . </s>",839,0.9999774643095142
"भेजा जाएगा । </s>",838,0.9999935880201081
"हो गयी है ।",837,0.5654049033249513
"होने वाली है ।",837,0.6867605416535227
"सिंह का कहना है",837,0.947523119030312
"हो चुका है .",835,0.15147811658075294
"दिन है । </s>",835,0.9999948585773457
"कोरोना वायरस से संक्रमित",835,0.46542218844770605
"दर्ज है । </s>",834,0.9999948524125702
"करने की आवश्यकता है",834,0.6095541963107591
"नहीं होती है ।",834,0.7174546566726349
"ने कहा कि राज्य",834,0.013556306668727638
"दिखाई दे रहा है",833,0.9020032952036405
"विरोध किया । </s>",833,0.9999978567500609
"पर हमला कर दिया",832,0.900401892033278
"पर बंद हुआ ।",832,0.6509121311475434
"वृद्धि होगी । </s>",832,0.9999915466676829
"लेना चाहिए । </s>",831,0.9999857633935582
"<s> इससे पहले भी",830,0.16280938965287906
"करने की घोषणा की",829,0.824187612292582
"ने यह जानकारी दी",829,0.9351157575705948
"होने जा रही है",828,0.8831768307947732
"सकता है ? </s>",828,0.9999755994436671
"ने इस संबंध में",825,0.9999999757725823
"आदेश दिया है ।",825,0.6916655770528477
"बढ़ती जा रही है",824,0.8096219832465612
"जरूरी है . </s>",824,0.9999770540724301
"दी जाए । </s>",824,0.9999918155038868
"रहे हैं ? </s>",824,0.9691107751405169
". . । </s>",823,0.9999999958191294
"सकते है . </s>",823,0.9999770261915947
"की जांच की गई",822,0.25342933406941665
"<s> कोरोना काल में",822,0.7798445697987776
"<s> रिपोर्ट के मुताबिक",821,0.580423496643936
"नहीं हो रही है",820,0.7161044405425158
"लिए थे । </s>",820,0.9999975187472447
"आश्वासन दिया । </s>",820,0.9999975357512824
"सूत्रों की मानें तो",819,0.9999999971034484
"भाग गए । </s>",819,0.9999985017139801
"<s> ग्वालियर । </s>",818,0.9999999951450059
"कोरोना वायरस के संक्रमण",817,0.2025942754003032
"होने की उम्मीद है",817,0.8129749271923183
"ने कहा कि कोरोना",817,0.013275383839107943
"आज के समय में",817,0.9174487362549743
"करने को कहा है",817,0.28427341555182944
"से बचें । </s>",817,0.9999999948974216
"जाने के बाद भी",816,0.3052645629258355
"इस मामले की जांच",816,0.5039177803235486
"के लोगों के लिए",816,0.46784558204580695
"ने कहा कि मैं",815,0.013266571647097106
"हासिल की है ।",815,0.7696240597366671
"के तहत मामला दर्ज",815,0.9722873932642743
"शुरुआत की । </s>",815,0.9999980173515943
"महत्व है । </s>",815,0.9999947324074646
"शिकायत की । </s>",814,0.9999980149159083
"<s> इस योजना के",814,0.5255000231110322
"ली गई । </s>",814,0.999998891794879
"के निर्माण के लिए",813,0.7848466018880484
"हड़कंप मच गया ।",813,0.6214147579268957
"की कोशिश कर रही",813,0.2664753190721956
"रखा है . </s>",813,0.9999767436109254
"बारे में बात करते",813,0.37980658646497095
"के इलाज के लिए",812,0.9141135466664958
"जाना था । </s>",812,0.9999973081874622
"के आस - पास",812,0.9999517655893321
"दिख रही है ।",812,0.6983460387261458
"के खिलाफ कार्रवाई की",812,0.4807229769080878
"मांग कर रहे हैं",812,0.6214303187256044
"आयोजन किया जा रहा",811,0.9995822408781732
"किए हैं . </s>",811,0.9999771179337537
"ने कहा कि वे",810,0.013196601625715142
"निकाली गई । </s>",810,0.9999988863222611
"<s> इस घटना में",810,0.26488136439902465
"की जा रही हैं",810,0.05498171602504162
"मानते हैं । </s>",810,0.9999937785502825
"को मिल रही है",809,0.849724101267277
"आते हैं . </s>",809,0.9999770613649867
"दिया जा सकता है",808,0.8679924493806837
"लगाया जाएगा । </s>",808,0.9999933499515476
"यह भी बताया कि",808,0.6955384752670138
"नहीं किया जा रहा",807,0.25012222582315596
"में लिखा है कि",807,0.7925453986560517
"अपील की है ।",807,0.47406191509440565
"<s> इस तरह की",807,0.2656162589158943
"समीक्षा की । </s>",806,0.9999979952128403
"में हुई थी ।",806,0.7548006318638096
"कराई जा रही है",805,0.865740924734958
"लोगों ने बताया कि",805,0.9999599329908935
"<s> ज्ञात हो कि",805,0.9719525476188166
"को कोविड - 19",805,0.9999999431910046
"दिख रहे हैं ।",805,0.6988167818175852
"पाता है । </s>",805,0.9999946669715325
"जताया है । </s>",804,0.9999946603384124
"लाभ मिलेगा । </s>",804,0.9999906249630829
"लग रहा है कि",804,0.37578427819744165
"<s> मोदी ने कहा",804,0.7832860565175467
"दिवस के मौके पर",804,0.9999999807829005
"जिला अस्पताल में भर्ती",804,0.7208647860553813
"जाने की मांग की",804,0.6686967488881479
"से इस्तीफा दे दिया",803,0.9318285534385631
"भी कर सकते हैं",803,0.9028121888635946
"कोरोना वायरस संक्रमण के",802,0.5621694110610174
"के मुख्यमंत्री अरविंद केजरीवाल",802,0.9999998537710838
"पकड़ लिया । </s>",802,0.9999983222457847
"बना सकते हैं ।",800,0.7419100558028067
"कर पाएंगे । </s>",800,0.9999999980178003
"होता जा रहा है",800,0.9440634621213763
"करना पड़ा । </s>",800,0.9999999981163719
"है या नहीं ।",799,0.6536240621714698
"किया गया है और",798,0.024501830182779325
"कोहराम मच गया ।",798,0.8758476767544338
"कर चुका है ।",798,0.7124914421395688
"दे दी गई है",798,0.5473668551409903
"बन गए हैं ।",797,0.7464562337479084
"दिल्ली के मुख्यमंत्री अरविंद",796,0.8685658354255726
"पहुंचा है । </s>",796,0.9999946066734718
"रहती है . </s>",796,0.9999762469292492
"नहीं करेंगे । </s>",796,0.9999874658546084
"होने के बाद से",795,0.1071786143516441
"<s> इसकी वजह से",795,0.7136920810799869
"रोक लगा दी है",795,0.43448670569019904
"में पता चला कि",794,0.5170430214107534
"होना चाहिए . </s>",794,0.9726832970606196
"मौके पर पहुंची और",793,0.26983776401285386
"बताया था । </s>",793,0.9999972436925844
"का था । </s>",792,0.9999972402123982
"<s> मीडिया रिपोर्ट्स के",792,0.8191867923374846
"सूचना पर पहुंची पुलिस",792,0.9994937885688756
"से रोकने के लिए",792,0.9999264194782553
"जानकारी देते हुए बताया",791,0.631143855242663
"बनी है । </s>",791,0.999994572581648
"<s> इसमें कहा गया",791,0.9367589495354364
"नहीं मिल रहा है",791,0.7752325968898672
"<s> इस बैठक में",790,0.8168614755182011
"सामना करना पड़ रहा",790,0.8174465170601221
"का निर्देश दिया गया",789,0.22226566156165592
"करती हैं . </s>",788,0.9999764500561855
"अधिकारियों का कहना है",788,0.9512791763845547
"उपयोग किया जाता है",788,0.9617011288229717
"में काम कर रहे",787,0.43821897960931294
"इनकार कर दिया ।",787,0.41181145548765796
"को लगता है कि",787,0.999595583634047
"में आग लग गई",787,0.8777919540358216
"के लिए है ।",786,0.6409390499810481
"<s> मौके पर पहुंची",786,0.42245127272814703
"फैल गई । </s>",785,0.9999988508548171
"जा सके . </s>",784,0.9999999572500593
"एक अधिकारी ने बताया",784,0.5116878033790164
"जारी की है ।",783,0.7819727528359817
"ने ट्वीट कर कहा",783,0.612873579294892
"हो चुकी थी ।",782,0.8054777089719565
"में पेश किया गया",782,0.44108357892326644
"<s> मुंबई . </s>",781,0.9999999163275709
"निर्णय लिया गया है",781,0.4051938322101818
"हो जाती है .",781,0.15132832043689848
"हो जाएगा . </s>",780,0.9999762764836975
"का आयोजन किया जा",780,0.09010840816317209
"ने दावा किया है",779,0.3827529188173004
"जा सका । </s>",779,0.9999999985516163
"के लिए प्रेरित किया",778,0.49273085335094036
"बढ़ गया है ।",778,0.7588476017242067
"<s> इस बात की",778,0.3165235053302509
"कोरोना की दूसरी लहर",778,0.9995541147524082
"हो जाने के बाद",777,0.687441636433
"<s> अधिकारियों ने बताया",777,0.6062193726359228
"लगता है . </s>",776,0.9589039322362528
"हत्या के मामले में",776,0.8938150778903143
"<s> उन्होंने कहा था",775,0.02044131233328778
"दर्ज हैं । </s>",774,0.9999934891805281
"हो सकी । </s>",774,0.9999999978880609
"चर्चा की गई ।",774,0.7775791050299149
"<s> राज्य सरकार ने",774,0.47384182532680313
"आ रहा है .",773,0.16770241652107118
"हासिल किया । </s>",773,0.9999976903917215
"कर रहा हूं ।",772,0.6236697434737022
"की गिरावट के साथ",772,0.9317576002029577
"गिरावट दर्ज की गई",772,0.7987252617547671
"करने के आरोप में",771,0.8618986988722874
"तय है । </s>",771,0.9999944317925857
"नहीं करते । </s>",771,0.9999999956370655
"नहीं आया है ।",769,0.7843399766078885
"मौके पर पहुंचे और",769,0.3446661878592921
"मौके से फरार हो",769,0.9727075194825012
"हो पाया है ।",769,0.7800154164252922
"मना कर दिया ।",769,0.4402607624588024
"कही थी । </s>",768,0.9999974729780675
"के नाम से भी",766,0.2192633345794457
"गिरफ्तार किया गया था",766,0.25234532417322214
"देखने को मिली ।",766,0.44667189426456766
"मंजूरी दे दी है",765,0.5839674762112274
"होने लगी । </s>",765,0.9999999989610429
"<s> इस हादसे में",765,0.8625967999987635
"। . . .",765,0.9021824371646794
"हो पा रहा है",765,0.8139467304665949
"बढ़ी है । </s>",765,0.9999943881203708
"<s> बिलासपुर । </s>",764,0.9742038106003275
"हो सकती हैं ।",763,0.7431038484227002
"करते हुए उन्होंने कहा",763,0.8350647542612984
"की सुविधा के लिए",763,0.9127369035440721
"<s> सूत्रों ने बताया",762,0.6350838537941742
"लगी हैं । </s>",761,0.9999933779575937
"के लिए किया जाता",760,0.35789737506509933
"आयोजन किया । </s>",759,0.9999976477902512
"पहले बल्लेबाजी करते हुए",759,0.999955010448652
"पिछले 24 घंटों में",759,0.7350125309077505
"का आयोजन किया जाएगा",759,0.08768193194007975
"में उन्होंने कहा कि",759,0.8457509043030702
"अलग है । </s>",759,0.9999943437576859
"नहीं ले रहा है",759,0.863686847801373
"पड़ रही है ।",757,0.8131703745463882
"मौत हो गयी ।",757,0.5226489066288805
"में होगी । </s>",757,0.999990709151271
"<s> हो सकता है",757,0.9999152454563116
"मनाया जा रहा है",757,0.9553162873630857
"<s> सूचना मिलने पर",756,0.7764977311558957
"ही होगा । </s>",756,0.9999900691658864
"की कोशिश की है",756,0.1312443110732463
"हंगामा किया । </s>",755,0.9999976353282128
"बताते हुए कहा कि",755,0.8562370345694144
"जाती हैं . </s>",755,0.999975420720893
"कर देता है ।",754,0.6965437142878322
"को मंजूरी दे दी",754,0.9999995534336896
"के रूप में काम",754,0.03627541115619247
"में ले लिया है",754,0.2894482658409359
"ने कहा कि कांग्रेस",753,0.012244675747980995
"पारी खेली । </s>",753,0.9999999948617295
"खराब है । </s>",752,0.9999942911064942
"होने की बात कही",752,0.4168122833117883
"<s> ऐसी स्थिति में",752,0.9999036791990485
"में कोहराम मच गया",751,0.9999997252593881
"स्‍ वास्‍ थ्‍ य",750,0.9999999990446856
"समय है । </s>",750,0.9999942758827781
"अतिथि के रूप में",750,0.999994042978972
"पड़ता है . </s>",749,0.9999747564161313
"धमकी दी । </s>",749,0.9999985289273007
"आशंका है । </s>",749,0.999994268240432
"करने के बारे में",749,0.9999949193482759
"<s> पुलिस का कहना",748,0.7593931132146114
"चाहिए था । </s>",748,0.9999970778719511
"<s> सूचना पर पहुंची",748,0.52369442660522
"हो रहे हैं .",748,0.15066816029125438
"जा सकती है .",748,0.1658248273606766
"के लिए जाना जाता",747,0.9685864538913264
"गये हैं . </s>",747,0.9999751574889881
"की रक्षा के लिए",746,0.9523977087050972
"हजारों की संख्या में",746,0.9992930431648602
"इंतजार कर रहे हैं",745,0.6158067732597254
"में हड़कंप मच गया",745,0.999999803892635
"लिए गए । </s>",744,0.999998350677083
"की तैयारी में है",744,0.4579803844209476
"पुलिस ने गिरफ्तार कर",744,0.64373346029249
"देने की घोषणा की",744,0.9124144536568292
"का काम किया है",743,0.37413958239391254
"को पुलिस ने गिरफ्तार",743,0.547731747761903
"पुष्टि हुई है ।",743,0.7878060172937255
"आ सकती है ।",742,0.7936828447636828
"कहना है कि यह",742,0.04951461263008562
"कर दिया जाता है",742,0.9293446058836409
"गुप्ता ने बताया कि",741,0.9999564724125091
"की गई थी .",740,0.1340725061439063
"सामने आए । </s>",740,0.9999999992841198
"को हिरासत में ले",740,0.32191095635447625
"कब्जे में लेकर पोस्टमार्टम",740,0.8185477097994844
"<s> पुलिस ने शव",739,0.06555163375878426
"रेफर कर दिया ।",739,0.3929726648009214
"के साथ मौके पर",739,0.999999891360349
"माहौल है । </s>",739,0.9999941906794095
"किया जा सकता ।",738,0.07572813650212412
"अपने माता - पिता",738,0.9999998362108367
"शुरू की है ।",738,0.8314012787694198
"की तैयारी कर रहे",738,0.35197430537043867
"को अलग - अलग",738,0.9097486947707635
"संभावना है . </s>",738,0.9999743801567512
"तो यह है कि",737,0.9999860036467776
"की योजना है ।",737,0.8236925586881011
"जुटी है । </s>",737,0.9999941749146318
"की तेजी के साथ",737,0.9692690903992073
"<s> बताते चलें कि",737,0.9999998696674356
"नहीं आ रहा है",736,0.6406868409924983
"रह गया । </s>",736,0.9999979633747647
"का आश्वासन दिया ।",736,0.5404558874364026
"जारी कर दिया गया",736,0.32315411520975895
"सोशल मीडिया पर एक",736,0.08596288963476037
"को गिरफ्तार किया ।",736,0.1325139810297033
"लगा रहे हैं ।",736,0.6805592703500549
"को बंद कर दिया",735,0.9509728139432361
"चल रही हैं ।",735,0.7794469377942518
"लगाए गए हैं ।",735,0.8382251866475103
"ही नहीं । </s>",735,0.9999838431927549
"में बताया । </s>",734,0.9999999988632969
"नईदुनिया प्रतिनिधि । </s>",734,0.9999999948664257
"अंजाम दिया । </s>",733,0.9999972432688288
"का सामना करना पड़ता",732,0.09898110639337984
"शुभारंभ किया । </s>",732,0.9999975610284163
"घोषणा की थी ।",731,0.5572210094725165
"का आरोप लगाया था",731,0.16496816015303123
"थमने का नाम नहीं",730,0.8697173820981746
"उन्होंने कहा कि सरकार",730,0.02929458709462106
"आयोजन किया जाएगा ।",730,0.9317733322146373
"कर दिया गया .",730,0.043804391670855876
"बात करते हुए कहा",729,0.7292412216633203
"में थी । </s>",729,0.9999973377875938
"मिल गई है ।",729,0.8258023325434986
"- 19 महामारी के",728,0.6042018698259864
"कम से कम एक",728,0.16161636286436132
"पर उन्होंने कहा कि",728,0.9999221900038737
"पिछले कई दिनों से",728,0.9997279077563048
". . ' </s>",728,0.9999999271462016
"ने कहा कि उन्होंने",728,0.011826847836834055
"बारिश हुई । </s>",727,0.999996944674756
"देना है । </s>",727,0.9999940947896612
"पर रहे । </s>",726,0.9999972243960207
"में स्थित है ।",726,0.8142742472509839
"में किया गया ।",725,0.4675165619366011
"<s> जिसकी वजह से",725,0.9999999481033776
"जा रहे है ।",725,0.7340313806631723
"शेयर किया है ।",725,0.5530726843827557
"ने कहा कि उन्हें",725,0.011784747946326907
"में चल रहा है",725,0.7733043444026336
"को मिलेगा । </s>",724,0.9999895890474014
"पर पहुंच गई ।",724,0.4594439290172988
"बना रहेगा । </s>",724,0.9999930311766541
"कुलपति प्रो . </s>",723,0.9999999817290859
"आ रही थी ।",722,0.7262308519525091
"के रूप में जाना",722,0.034731802479267604
"आवश्यकता होती है ।",722,0.8161593909333488
"में मदद मिलेगी ।",722,0.7648792233507345
"रखना चाहिए । </s>",722,0.9999836140997879
"मदद करने के लिए",721,0.9996006261896707
"कि प्रधानमंत्री नरेंद्र मोदी",721,0.9999999941364068
"सराहना की । </s>",720,0.9999977557521518
"के माता - पिता",720,0.9999998321161075
"का सामना करना पड़ा",720,0.09735440129694904
"होनी है । </s>",720,0.9999940373778938
"से हुई । </s>",719,0.9999969106794819
"अभियान चलाया । </s>",719,0.999999994512775
"संभव नहीं है ।",719,0.8262584226265844
"कर रहे हैं तो",719,0.023665842805192346
"नहीं हो सका ।",719,0.44445795967381985
"के रूप में की",718,0.03454010476293998
"ठीक नहीं है ।",718,0.7406228439516033
"मौत हो गई और",718,0.04310326782650603
"निर्देश दिया गया है",717,0.606000358673732
"भेजा था । </s>",717,0.9999969515316868
"लगे हुए हैं ।",717,0.8057098596276714
"चल रही है .",717,0.15050994824086464
"बने हैं । </s>",716,0.9999929617677776
"बताने जा रहे हैं",716,0.8251987641691051
"रह चुके हैं ।",716,0.6892076967689502
"आए थे . </s>",716,0.9999823009428943
"करना है . </s>",715,0.9999735560219333
"खेला जाएगा । </s>",714,0.9999924744549727
"चलाया गया । </s>",714,0.9999979006216062
"सामना करना पड़ता है",713,0.935272281088849
"घर - घर जाकर",713,0.5682406816797868
"हो गया था .",712,0.14729810875664545
"का काम करता है",712,0.6583590123277712
"<s> राहुल गांधी ने",712,0.6119896911964992
"<s> बताया गया है",712,0.39375019883181706
"की कोशिश कर रहा",711,0.23300390967447485
"होते है । </s>",711,0.9999939619016647
"रहा है ? </s>",711,0.9722808643151811
"<s> मौसम विभाग ने",711,0.3148164842675458
"शुरू किया है ।",710,0.8169454073188099
"बना दिया । </s>",710,0.9999971539662696
"परेशान है । </s>",709,0.9999939448689472
"ने बताया था कि",709,0.9996432340069178
"का आयोजन किया ।",708,0.08178161642080424
"गयी थी . </s>",708,0.9999798298499792
"कांग्रेस के वरिष्ठ नेता",708,0.9172974011509007
"जानकारी दी है ।",708,0.5350427837332064
"अवगत कराया । </s>",708,0.99999999899759
"नाम नहीं ले रहा",708,0.4893907491011784
"रहती थी । </s>",707,0.9999972549464722
"के साथ काम करने",707,0.3256742516978879
"में शामिल हो गए",706,0.39126995787635843
"दिक्कतों का सामना करना",706,0.9996529430896219
"ने गिरफ्तार कर लिया",706,0.9092560145882825
"हो गयी . </s>",706,0.9999999568293519
"जा रहा था कि",706,0.13239560777769674
"लाभ होगा । </s>",706,0.9999893658490229
"<s> कुछ दिन पहले",705,0.735606169551316
"गिरफ्तार किया गया ।",705,0.23248293381403787
"परेशानी हो रही है",705,0.836667730309766
"ज्ञापन सौंपा । </s>",705,0.9999999963672452
"कहा गया । </s>",704,0.9999978708008903
"लिया जाता है ।",704,0.7280707426110796
"जानकारी दी . </s>",704,0.9999803321678279
"दुष्कर्म किया । </s>",703,0.9999974604165017
"<s> मध्य प्रदेश में",703,0.3015425860593147
"के लिए पूरी तरह",703,0.8230826934124831
"करते हुए कहा है",703,0.08627949778604935
"की कमी के कारण",703,0.6629100951651965
"लगा हुआ है ।",702,0.807871462162767
"बन गए । </s>",702,0.9999982519996434
"<s> इस तरह से",702,0.23052096637567293
"मेरा मानना है कि",702,0.999980212005566
"मिल रहा है .",701,0.17549290503839168
"जांच की गई ।",701,0.5501224953399008
"जारी किया । </s>",701,0.9999974531708997
"देने की बात कही",701,0.6652848734379844
"करना पड़ सकता है",700,0.999999930998662
"की आशंका है ।",700,0.7900992050568914
"नहीं हो पाई है",700,0.5641901065641426
"बातचीत की । </s>",700,0.9999976916307848
"के साथ बैठक की",700,0.3852675255076939
"में बात करते हुए",700,0.7683678695615773
"पर था । </s>",700,0.9999968774974562
"से होगा । </s>",699,0.9999892593553793
"<s> मुख्यमंत्री योगी आदित्यनाथ",699,0.9279644412030306
"देते थे । </s>",699,0.9999970892313887
"में भाग लेने के",699,0.4737451656163071
"हुई हैं . </s>",698,0.9999734135304787
"रुपए है । </s>",698,0.9999938494442459
"बढ़ा है । </s>",697,0.9999938406199191
"हो गई थी .",697,0.1425539295169194
"ले जाने के लिए",696,0.7859790019191294
"शुरू हो चुका है",696,0.9661300883783615
"कोर्ट ने कहा कि",696,0.6768334368153168
"की गोली मारकर हत्या",696,0.9998719125092426
"माता - पिता के",696,0.20470964231521518
"भी किया गया ।",696,0.5275140631064272
"मांग की है कि",695,0.1508343035135344
"एक वरिष्ठ अधिकारी ने",694,0.8877914981769499
"के बारे में पूछा",694,0.0242516896050521
"कोशिश कर रही है",694,0.7427046081178338
"अपील की है कि",694,0.4069209800658652
"की . . .",694,0.9037118577026668
"आरोप है । </s>",693,0.9999938050679417
"कहा कि देश में",693,0.42662635354094325
"कहा था कि वह",693,0.13887737771884673
"<s> इसी कड़ी में",692,0.9999991714675669
"ने बताया कि पुलिस",692,0.01478127112143154
"घायल कर दिया ।",691,0.7159156885665985
"भी हैं . </s>",691,0.9999731442030017
"<s> कोरोना महामारी के",691,0.5505601254729182
"पसंद करते हैं ।",691,0.6485429019763205
"के थे । </s>",690,0.9999970512648415
"ले रही है ।",690,0.7996235984690205
"नही है । </s>",690,0.9999937781334545
"को यह जानकारी दी",690,0.9562987215583345
"बनी रहती है ।",690,0.8284172415876833
"मामले की जांच की",690,0.16565735301569126
"पहुंच गए हैं ।",689,0.7607075125430144
"स्वागत किया गया ।",689,0.9245426599332107
"<s> देश में कोरोना",689,0.3744351774639742
"आरोप लगाते हुए कहा",689,0.6520988253515457
"दी गई हैं ।",689,0.8052025747498196
"लगाए हैं । </s>",689,0.9999926859589677
"सकते थे । </s>",689,0.9999970469851098
"में भारतीय जनता पार्टी",688,0.9700088401510002
"करने के बाद भी",688,0.14167464121138185
"नहीं रहा । </s>",687,0.9999972250628666
"लिए किया जाता है",687,0.9393373301022361
"शिविर का आयोजन किया",686,0.9195515389843875
"करने का फैसला लिया",685,0.2827991069285727
"करते हुए बताया कि",685,0.8831034220663375
"शुरू कर दिया गया",685,0.09007386510968254
"प्रयास किया जा रहा",685,0.9995053975944502
"कर ली थी ।",685,0.7689646200472088
"कर देंगे । </s>",684,0.965753587109365
"ऐलान किया है ।",684,0.6179986501510512
"व्यक्त किया । </s>",683,0.9999973860509527
"कमी है । </s>",683,0.9999937143661546
"वाले थे । </s>",683,0.9999970210435442
"की जायेगी । </s>",683,0.9999999968648013
"पर हैं . </s>",683,0.9999728296402257
"पाया गया है ।",682,0.617286799431581
"विषय है । </s>",682,0.9999937051496828
"सूचना के आधार पर",682,0.999987136935203
"जेल भेज दिया गया",682,0.39069736498035224
"<s> इसी वजह से",682,0.9999998871271939
"नहीं हो सका है",682,0.42143372677534724
"ने दी । </s>",681,0.9999983820360474
"से चल रहा है",681,0.8248904056291408
"गंभीर है । </s>",681,0.9999936959061434
"हो गया है कि",680,0.042115187861829655
"तैयारी है । </s>",680,0.9999936866354171
"इसके साथ ही उन्होंने",680,0.16794481360020425
"घटना के बारे में",679,0.9999943955697476
"से हैं । </s>",679,0.9999925782411322
"वारदात को अंजाम दिया",679,0.48699198076789774
"को दी गई ।",679,0.5055590712270948
"चर्चा हुई । </s>",678,0.9999967238621645
"उद्घाटन किया । </s>",678,0.9999973667740423
"लगाए जा रहे हैं",678,0.7533671375673417
"<s> प्रधानमंत्री ने कहा",677,0.7756560838814557
"करना था । </s>",677,0.9999967714153906
"देखा है । </s>",677,0.9999936586589122
"जाना चाहिए . </s>",677,0.9999499658039337
"जोर दिया । </s>",677,0.9999970152378899
"कर सकते । </s>",677,0.9999769663189966
"को अंजाम देने के",676,0.448651239423914
"रह गया है ।",676,0.8428578645430513
"ने किया है ।",676,0.735589678660179
"कुमार सिंह ने बताया",676,0.6789653046216673
"लगाई गई है ।",676,0.8750618904428225
"का माहौल है ।",676,0.7835780785196033
"निशाना साधते हुए कहा",675,0.9154772863662821
"में प्रधानमंत्री नरेंद्र मोदी",675,0.9999999937368139
"भी हुई । </s>",675,0.999996709301552
"करने जा रहा है",675,0.8117931858564112
"कुछ समय के लिए",674,0.8447386373574896
"में जुटी है ।",674,0.8094389365404425
"चुना गया । </s>",673,0.9999977727248541
"जा रही है और",673,0.0232105341701643
"बन सकता है ।",673,0.796387778650138
"भारतीय क्रिकेट टीम के",673,0.6780735623809956
"नहीं होना चाहिए ।",671,0.7007192202033931
"के बारे में कहा",671,0.023453723452218925
"अधिकारी डा . </s>",671,0.9999999932519619
"नहीं होगा . </s>",670,0.999965581216643
"बात की जाए तो",670,0.9991781645847951
"हो पाई है ।",669,0.8902917824286098
"मौके पर पहुंची ।",669,0.22772578292892617
"बारे में बताया ।",669,0.35728120655703227
"दर्ज कर लिया गया",669,0.291431018410882
"भी हो सकती है",669,0.8797596546658504
"जारी कर दी है",669,0.5085520541201015
"नहीं कर सकते ।",669,0.3619138767274221
"की रोकथाम के लिए",668,0.935180186075651
"खेला गया । </s>",668,0.999997756053633
"के लिए रवाना हो",667,0.3463490281415016
"ने आरोप लगाया है",666,0.2525538177864493
"चौहान ने कहा कि",666,0.8208238422986669
"करा दिया । </s>",666,0.9999969659400172
"कोशिश की जा रही",666,0.9997136425700327
"नहीं करना चाहिए ।",666,0.7049043899005317
"लौट रहे थे ।",665,0.7836309656598118
"आग पर काबू पाया",665,0.592629589080225
"के मामले में पुलिस",664,0.11187456827729007
"हो सकते हैं .",664,0.14857498888240891
"कराई गई है ।",664,0.9253800018277184
"शाह ने कहा कि",664,0.8856703594138166
"हो चुके हैं .",663,0.15301633357849112
"हूं । ' </s>",663,0.9999999687276674
"बंद कर दिया है",663,0.20382748508250279
"वित्त मंत्री निर्मला सीतारमण",663,0.9999999231388293
"दी गयी है ।",662,0.6133639012994654
"प्राप्त होगा । </s>",662,0.9999886590474473
"लिए जाना जाता है",661,0.9344064754243495
"ही है . </s>",661,0.9674154753090127
"में पूछे जाने पर",661,0.9616902314533659
"<s> प्राप्त जानकारी के",661,0.9617222541287143
"है कि इस बार",660,0.15155447315739703
"कि हाल ही में",660,0.999985796895404
"<s> एक बार फिर",660,0.5646706736657398
"शुरू हो जाएगा ।",659,0.8482921688293843
"भाग गया । </s>",659,0.9999977254079314
"बात कही थी ।",659,0.7601751220493329
"के आदेश के बाद",659,0.5899500432637469
"ने बताया कि एक",658,0.014071622596053861
"पहुंचे हैं । </s>",658,0.9999923413764875
"में जुट गई है",658,0.7079074236914641
"इंतजार है । </s>",658,0.9999934755502791
"मांग की गई है",658,0.45298717421988643
"इसका मतलब है कि",658,0.9998783454958108
"मीडिया रिपोर्ट्स के मुताबिक",657,0.7152698269643033
"नियुक्त किया गया है",657,0.5822900464835484
"जीत दर्ज की ।",657,0.384933808100734
"<s> लखनऊ . </s>",657,0.9999998494475861
"की संभावना है .",657,0.17229104711267762
"तरह - तरह के",656,0.5615102456013171
"मामला दर्ज किया है",655,0.3281440862919054
"जारी किए हैं ।",655,0.824145601712354
"ने बताया कि उनके",654,0.013984409694797443
"कराने की मांग की",654,0.7679447181462219
"में वृद्धि होगी ।",654,0.8842416684497658
"मारपीट की । </s>",654,0.9999975292684241
"डिग्री सेल्सियस दर्ज किया",653,0.9557727797501364
"प्रधानमंत्री ने कहा कि",652,0.9264375034323067
"लगे हैं . </s>",652,0.9999715377979665
"<s> कभी - कभी",652,0.9485642567774817
"माता - पिता को",652,0.19175253418977406
"भी था । </s>",651,0.9999966424703831
"की बात की जाए",651,0.45747488770921124
"बनाए हैं । </s>",651,0.9999922590256971
"होनी चाहिए . </s>",650,0.9999478874604047
"नहीं कर सकते हैं",650,0.35490754761396637
"सकते हैं ? </s>",650,0.9999717458804461
"का सामना कर रहे",650,0.5625128742996786
"प्रधानमंत्री नरेंद्र मोदी और",650,0.0699211188250461
"की धमकी दी ।",649,0.4343610938942798
"घोषित कर दिया गया",649,0.2257269844388129
"इस मामले में पुलिस",649,0.12707213636359965
"तेजी से वायरल हो",649,0.948423792886295
"चाहता था । </s>",649,0.9999966321236046
"की कोशिश की गई",649,0.11263970374317961
"स्थान पर है ।",649,0.7687343767594249
"मुकदमा दर्ज कर लिया",649,0.6659830312196298
"मारने की धमकी दी",648,0.42360882079326634
"को होगा । </s>",648,0.9999884140268674
"हत्या कर दी थी",647,0.13402845005517403
"को अस्पताल में भर्ती",647,0.9671226359727526
"की पुष्टि की है",647,0.5173996914308729
"बंद हैं । </s>",647,0.9999922111680507
"<s> ic . i",646,0.9999986558510836
"ic . i </s>",646,0.9999999823743614
"घटना को अंजाम दिया",646,0.46635962880460363
"बन रहा है ।",646,0.8476334020023
"प्रयास कर रही है",646,0.8269707607400503
". . . ।",645,0.012045326581663981
"नहीं की जा सकती",645,0.5463286877756413
"नहीं हुए । </s>",644,0.9999999994612848
"पर पहुंच गया है",643,0.33971230441140693
"करने को कहा गया",643,0.22370676379663051
"देने की मांग की",643,0.6970590080110468
"मौके पर पहुंच गई",643,0.32891482265756616
"<s> इस मैच में",643,0.6728493118211447
"पता लगाने के लिए",643,0.9995730235917539
"देती है . </s>",643,0.999970594954405
"के बारे में कुछ",642,0.022469816789765444
"रूप में जाना जाता",642,0.9471225453096094
"सूचना मिली थी कि",642,0.6456841855565791
"पूछताछ की जा रही",642,0.9573302114803035
"के एक वरिष्ठ अधिकारी",641,0.8169729294126826
"तक चलेगा । </s>",641,0.999999996548704
"आरोप लगाया था कि",641,0.4544105676591994
"नहीं हो पा रही",641,0.3762409335010478
"सुशांत सिंह राजपूत की",641,0.37027647295158644
"से फरार हो गया",640,0.5402704875857598
"बात सामने आई है",640,0.6254648131351062
"मुख्यमंत्री अरविंद केजरीवाल ने",640,0.6110571711891171
"<s> माना जाता है",640,0.999894054845824
"कहा कि प्रदेश में",640,0.47497183533104315
"कर रही है और",640,0.04036771797184436
"में लेकर पोस्टमार्टम के",640,0.921693769633467
"ग्रामीणों ने बताया कि",639,0.9999495243469003
"हो पाया । </s>",639,0.9999999980254654
"सेल्सियस दर्ज किया गया",638,0.9994696025109545
"जानकारी नहीं है ।",638,0.7545983252384967
"सामने आ चुके हैं",638,0.9631753427921237
"की घोषणा की गई",638,0.12234404633286514
"कर चुके हैं .",638,0.19772829715862775
"<s> ऐसे में अब",636,0.057908417735064215
"उन्होंने बताया कि इस",635,0.12286012223145629
"दे रही हैं ।",635,0.7095958808903724
"को अंजाम दिया ।",635,0.31012820349440046
"लिए अलग - अलग",635,0.9999731812235118
"विकेट के नुकसान पर",635,0.9994024419388715
"तैयार करने के लिए",635,0.7715881908045614
"<s> प्रो . </s>",635,0.9999999791970537
"भेजा गया था ।",633,0.8383821056896671
"थाना क्षेत्र के ग्राम",633,0.31884352230274693
"लिए तैयार है ।",633,0.72196720436271
"<s> धीरे - धीरे",632,0.9999997826479694
"<s> हादसे के बाद",632,0.84230750817668
"के आदेश दिए हैं",632,0.39662152910359505
"<s> स्वास्थ्य विभाग के",632,0.35882025918798177
"हो सका है ।",632,0.8330148142382997
"के डॉ . </s>",632,0.9999999967585077
"सीएम ने कहा कि",631,0.9998090015424069
"में कोरोना संक्रमण के",631,0.44163390412474535
"करने के उद्देश्य से",631,0.9999037087105
"<s> सूत्रों का कहना",631,0.9111762200830411
"हरा दिया । </s>",631,0.9999967976482591
"की जानकारी देते हुए",630,0.9999313959638275
"है . A </s>",630,0.9999998585875122
"तैयार किया है ।",629,0.7529749173514371
"की होगी । </s>",629,0.999988818485711
"आह्वान किया । </s>",629,0.9999971616419725
"की जानकारी ली ।",629,0.7543360729192702
"शराब के नशे में",628,0.9999992694713552
"रहने वाले हैं ।",628,0.7177773094357142
"ने कहा कि एक",628,0.010211958781271098
"हो जाती हैं ।",628,0.7094409198016635
"<s> पश्चिम बंगाल में",628,0.40780571538964455
"किया जा सकेगा ।",628,0.8223681655742785
"नहीं कर पा रहे",627,0.532195546732886
"<s> थाना क्षेत्र के",627,0.8905928405671725
"रही हूं । </s>",626,0.9325437506732264
"उन्होंने आगे कहा कि",626,0.9653152820512445
"बन रहे हैं ।",625,0.8548302587919068
"के एक गांव में",624,0.5416057787430054
"नहीं करते हैं ।",624,0.6161887640501649
"की आवश्यकता नहीं है",624,0.6948858257159739
"देखते हैं । </s>",624,0.9999919240796935
"शुरू होने के बाद",624,0.6209660317672778
"मामला है । </s>",624,0.999993120051416
"शुरू होने से पहले",624,0.8623536258662287
"<s> के . </s>",623,0.9996798118284628
"<s> लोगों का कहना",623,0.8151877307577251
"स्वास्थ्य विभाग की टीम",623,0.5433376493636954
"शुरू हो चुकी है",623,0.8767869977100032
"नजर आई । </s>",622,0.9999999988462773
"ने इस बारे में",622,0.9999999991408274
"मिश्रा ने बताया कि",621,0.9999480612844915
"गिर गई । </s>",621,0.9999985473768622
"भाग लेने के लिए",621,0.8610141210452462
"को संबोधित किया ।",620,0.6767081425197439
"शामिल रहे । </s>",620,0.9999967498572758
"में कोरोना वायरस संक्रमण",620,0.16679842972298878
"क्या है । </s>",620,0.999993075664651
"लेकर पोस्टमार्टम के लिए",620,0.9665076544908673
"से कम नहीं है",619,0.6113381453575294
"इस मामले को लेकर",619,0.8031512855128305
"एक निजी अस्पताल में",619,0.8987499808064564
"सलाह दी जाती है",618,0.9997794212060278
"रहा है कि इस",618,0.09397816334676895
"रखा जाता है ।",618,0.7343421585671517
"दो अलग - अलग",618,0.9999724434901779
"की जाती है .",618,0.1227130113245565
"भी कर रहे हैं",618,0.8351293615291369
"बना दिया है ।",618,0.7462428899616067
"से की । </s>",618,0.9999973853423128
"नहीं की गई ।",618,0.3066865090518437
"दर्ज कराया है ।",618,0.868683477118558
"वितरण किया गया ।",617,0.9004150097083824
"अभियान चलाया जा रहा",617,0.9999012687450778
"पर भर्ती के लिए",616,0.9999718566964597
"करने के लिए भी",616,0.01965859814967124
"प्रयास कर रहे हैं",616,0.7867740521595541
"कहा कि केंद्र सरकार",615,0.653170185199992
"के लिए बता दें",615,0.7458974173792443
"निर्णय लिया गया ।",615,0.3188484587141109
"बना लिया । </s>",614,0.9999978085360249
"क्षेत्र के एक गांव",613,0.9988565118943431
"संबोधित कर रहे थे",613,0.8890158264435281
"जीता था । </s>",613,0.9999964343364102
"ने मौके पर पहुंचकर",613,0.5225631254535793
"चल रहे थे ।",613,0.8108612563618228
"देखी गई । </s>",613,0.9999985284193009
"महिला एवं बाल विकास",613,0.9469884930961401
"दबोच लिया । </s>",612,0.999997801374378
"विधानसभा चुनाव के लिए",612,0.39958522874352914
"बनाई गई है ।",612,0.8397387150252776
"तोड़ दिया । </s>",612,0.9999966982288423
"समस्या है । </s>",612,0.9999929851504634
"को गिरफ्तार किया था",612,0.11018917849052727
"रहीं हैं । </s>",612,0.999991765728315
"साबित हो सकता है",611,0.9998949931430898
"हो गया है और",611,0.037803730428022396
"किसी भी तरह के",611,0.2191986682404442
"पर काम कर रहे",611,0.3969852342250644
"लेती है । </s>",611,0.9999929736695313
"<s> 8 . </s>",611,0.9999998471067549
"लगाया है . </s>",610,0.9999690041896432
"के कई हिस्सों में",610,0.9528074169733528
"से भी जाना जाता",610,0.9999991855681278
"लगा दिया है ।",610,0.7922810622582362
"भी मौजूद थे ।",610,0.8329106497817558
"दी जा सकती है",610,0.8057704334709355
"निशाना साधा । </s>",610,0.999999991268088
"का आरोप है ।",609,0.17290358082497975
"<s> कोरोना संक्रमण के",609,0.3820151189516985
"जरूरत होती है ।",609,0.6964808451677478
"पिछले कुछ समय से",609,0.8103484287368863
"भारत और पाकिस्तान के",608,0.717313598290183
"में एक - एक",608,0.6193600280303198
"कर रखा है ।",608,0.8140335370812861
"ऐसा नहीं है कि",608,0.5357493115451103
"- बीआर एफएमपी -",608,0.6572653656240566
"कार्रवाई की । </s>",607,0.9999973379597188
"<s> पटना । </s>",607,0.9999999917718545
"किया गया था और",606,0.04615792892309253
"की अध्यक्षता में हुई",606,0.27473725570126306
"को टक्कर मार दी",606,0.9999517297666679
"पहुंची थी । </s>",606,0.9999967974375509
"सवार थे । </s>",606,0.999996642529275
"कमी आई है ।",605,0.7669436033461444
"हो रहा है और",605,0.04251862666730157
"नहीं थी . </s>",605,0.9999763959236121
"छात्र - छात्राओं ने",605,0.21723162752188055
"आप जानते हैं कि",605,0.9360149104943305
"पर थे । </s>",605,0.9999966369797367
"उसे मृत घोषित कर",604,0.9999575777857093
"अध्यक्ष राहुल गांधी ने",604,0.4782758063176556
"बढ़ रहे हैं ।",604,0.7339026085384415
"जा सकता है और",603,0.029871749100794383
"में लगे हुए हैं",603,0.7539389495087888
"के लिए अलग -",603,0.5363397559956987
"में जाना जाता है",603,0.9048872332840171
"लिए कहा गया है",603,0.5775583257264597
"<s> उसने बताया कि",603,0.9999427630539192
"की मुख्यमंत्री ममता बनर्जी",602,0.9999997020257924
"से अपील की है",602,0.5067812632718118
"के खिलाफ केस दर्ज",602,0.9999990301554578
"ने प्रधानमंत्री नरेंद्र मोदी",601,0.9999999929656395
"कहा जाता है .",601,0.10707931114192722
"<s> अधिकारी ने कहा",601,0.5117591919759179
"<s> इनमें से एक",600,0.2245710166848257
"उनकी मौत हो गई",600,0.8476963850978877
"हो सकता । </s>",600,0.9999727155283313
"<s> देखते ही देखते",600,0.9997257156188658
"मजबूर हैं । </s>",600,0.9999916010428813
"के बाद पहली बार",600,0.9999993284548563
"डाउनलोड कर सकते हैं",599,0.7978163295845927
"बेहतर है । </s>",599,0.9999928329083199
"सूचना पुलिस को दी",599,0.8752285870875578
"सौंप दिया । </s>",599,0.9999966265710375
"को संबोधित कर रहे",598,0.9042496542389628
"की तैयारी कर रही",598,0.2851288465789892
"किए गए हैं .",598,0.13169465376911402
"नहीं हो सकता ।",598,0.4301044969611428
"जुट गई है ।",598,0.8548897733032883
"चाहता हूं । </s>",598,0.9563408952913867
"के विधानसभा चुनाव में",598,0.7118956185978871
"ने लिखा है कि",597,0.7244507344178848
"बंद कर दिया ।",597,0.1836772590521956
"लिया जा रहा है",597,0.9151084469815115
"Rojgarlive . c </s>",597,0.9999999825905318
"शुरू कर दिया था",597,0.0784006485542591
"को निलंबित कर दिया",597,0.999999330970501
"ने बताया कि कोरोना",597,0.01275136647883704
"पास है । </s>",597,0.9999928088979625
"नाम से भी जाना",596,0.8965879737050716
"कब्जे में ले लिया",596,0.946156852524845
"में बड़ी संख्या में",596,0.9999850356965416
"आ सकते हैं ।",596,0.7730047217620122
"प्रतिशत है । </s>",596,0.9999927968323551
"की जाएंगी । </s>",595,0.9999999977301371
"प्रावधान है । </s>",595,0.9999927847261909
"कुछ दिन पहले ही",594,0.8035257534198808
"से बातचीत में कहा",594,0.7182372790441298
"भी कहा है कि",594,0.8208307787195771
"की तैयारी है ।",594,0.8821470654501653
"में शामिल हुए ।",594,0.46369767993264877
"<s> एस . </s>",594,0.9999999490498219
"ने कहा कि केंद्र",594,0.00964951947313914
"इस बात की पुष्टि",593,0.16703353003371912
"दर्शाता है । </s>",593,0.999992760391372
"रोक दिया । </s>",593,0.9999965924385353
"पूजा की जाती है",592,0.9997919944533059
"बता दें कि इससे",592,0.052488300381600315
"लिए तैयार हैं ।",591,0.6985655279244445
"साथ है । </s>",591,0.9999927358918504
"तैयारी में है ।",591,0.822334007328052
"अधिकार है । </s>",591,0.9999927358918504
"आरोप लगाया था ।",591,0.419446927098627
"बना रही है ।",591,0.7870675386665341
"प्रधानमंत्री नरेंद्र मोदी को",591,0.0635977119353603
"देखी जा रही है",590,0.878164637337661
"मिलती है . </s>",590,0.9999679534842074
"काम करता था ।",590,0.8084212652252627
"का प्रयास किया गया",590,0.15538811569786173
"मामले की जांच के",589,0.14122871019927472
"के बारे में पूछे",589,0.020573454274724897
"पश्चिम बंगाल की मुख्यमंत्री",589,0.766091130973115
"रहा हैं । </s>",589,0.9999914441862967
"पकड़ लिया । </s>",589,0.9999977155197272
"हाल के दिनों में",588,0.9998197404762773
"फैसला किया है .",588,0.22789364108951735
"की जानकारी मिलते ही",588,0.9999995274457536
"प्रेरित किया । </s>",588,0.9999969637292528
"की बात यह है",588,0.8258111399132172
"बना रहता है ।",588,0.7954524747496587
"नहीं आई । </s>",587,0.9999999987774865
"की समीक्षा की ।",587,0.5240154659762266
"ठाकुर ने कहा कि",586,0.9265544390940245
"नहीं मिल पा रहा",586,0.5569554831223502
"को होगी । </s>",586,0.9999879979991675
"देश में कोरोना वायरस",586,0.3930564924296601
"नहीं आई है ।",586,0.8400290798886859
"पुष्टि की है ।",586,0.6468267302802749
"सूचना मिलने के बाद",586,0.9995735712824573
"को . . .",586,0.9560370419504863
"हो सकेगा । </s>",585,0.999999998023683
"पुलिस ने इस मामले",585,0.7796299925416121
"तैनात किया गया है",585,0.6908106220306313
"दावा किया था कि",585,0.7639446879822953
"सहयोग मिलेगा । </s>",585,0.999987115333878
"बताया है . </s>",585,0.999967679582363
"मिल जाएगी । </s>",584,0.9999905188521007
"<s> पुलिस ने इस",584,0.05175190021783621
"करना पड़ता है ।",584,0.8655437389876712
"की शुरुआत की थी",584,0.2554132261102733
"ने कहा कि अब",584,0.00949782214411906
"की शुरुआत की ।",584,0.2554846985964961
"किसी बात को लेकर",584,0.9996097120469186
"प्रस्तुत किया । </s>",584,0.999996942932878
"<s> इसे देखते हुए",584,0.999999568858186
"पर निशाना साधा है",584,0.4922317247518482
"में बताया गया कि",584,0.3221612434718563
"थाना क्षेत्र के गांव",584,0.2943909466249929
"करना होता है ।",583,0.7429924812197045
"बात नहीं है ।",583,0.6198010298893115
"<s> इस कार्यक्रम में",583,0.5806684408318475
". . ! </s>",582,0.9999998707512192
"दिवस के रूप में",582,0.9999923234265102
"के साथ । </s>",582,0.9999999904384156
"है कि भारत में",582,0.34423096338292375
"खत्म करने के लिए",582,0.8498892014094968
"का ऐलान कर दिया",582,0.8636378506871297
"पहुंचा था । </s>",582,0.9999962444127481
"उपयोग कर सकते हैं",582,0.9456215066373364
"प्राचार्य डॉ . </s>",582,0.9999999964800289
"रखती है । </s>",581,0.9999926108641715
"कर रहा है और",581,0.053038424866952316
"<s> उन्होंने आरोप लगाया",581,0.9159636893943829
"दी गयी । </s>",580,0.9999999989438981
"के लिए सरकार ने",580,0.3658960701071982
"दें कि इससे पहले",580,0.9998857898947038
"साथ आता है ।",580,0.7302048366213911
"शुरू किया था ।",580,0.7213948487997937
"में होता है ।",580,0.7064734055873144
"से कहा गया है",579,0.5867632998191923
"दर्ज कराई । </s>",579,0.9999999960356398
"दर्ज कराई थी ।",579,0.77037806160161
"पूछताछ कर रही है",579,0.95264927072228
"वाला था । </s>",579,0.9999962249537468
"के रूप में मनाया",579,0.027847432059503834
"किए जा चुके हैं",579,0.9563780264240251
"किसी भी तरह का",578,0.20734376494349271
"के बारे में बताने",578,0.020182001506685164
"को याद करते हुए",578,0.8542232658440954
"काम करेंगे । </s>",578,0.9999827384433707
"नहीं होंगे । </s>",577,0.9999894848998255
"चलाया जाएगा । </s>",577,0.999990687627124
"साबित होगा । </s>",577,0.9999869883698616
"<s> वहीं दूसरी तरफ",577,0.34865529169811116
"कर जेल भेज दिया",577,0.956451374269559
"के लोकसभा चुनाव में",577,0.725012048330731
"तेज हो गई है",577,0.6945370714357324
"की बात कर रहे",577,0.6361793588242676
"रखा गया है .",576,0.1519006833135133
"लगाते हुए कहा कि",576,0.7959411055514386
"लिए कहा है ।",576,0.762450777063453
"लिया गया . </s>",576,0.9999647808304473
"रन बनाए . </s>",576,0.9999998302247923
"बारे में विस्तार से",575,0.9999991105136545
"में किया जाता है",575,0.9609264200915473
"जारी किया था ।",575,0.6956631549735302
"निर्णय लिया । </s>",575,0.9999976598975988
"<s> मान्यता है कि",575,0.9999189992797285
"पसंद है । </s>",574,0.9999925207527589
"उन्होंने कहा कि वह",574,0.023175352957123904
"में आया है ।",574,0.6238848774717423
"दौरा किया । </s>",574,0.9999968896738688
". . . '",574,0.010717859148105116
"कार्रवाई की जा रही",574,0.8393107413940517
"इस्तेमाल किया जाता है",574,0.9208252013378795
"<s> अधिकारी ने बताया",573,0.48804451141274807
"में रहता है ।",573,0.7601128646915534
"नजर आया । </s>",573,0.9999999987803828
"की ओर से आयोजित",573,0.035450730603510214
"<s> अलग - अलग",573,0.9999702793663698
"की कोशिश की जा",573,0.09944785345047791
"हो जाता है और",573,0.0804794822966903
"दे सकता है ।",572,0.7841888932749963
"होती हैं . </s>",572,0.9999675570704094
"में आता है ।",572,0.5910873627388418
"का हिस्सा है ।",571,0.682118091243446
"नहीं कर सकता ।",571,0.43723627030340084
"<s> कोर्ट ने कहा",571,0.5625767365933745
"वायरल हो रही है",571,0.627814172144102
"कर दी जाएगी ।",571,0.8765592505426957
"में प्रवेश के लिए",571,0.9573729199963533
"में पहुंचे । </s>",570,0.9999999993851947
"कर देगा । </s>",570,0.9999999979775107
"<s> टीम इंडिया के",570,0.5776425559932952
"दे रहे थे ।",570,0.7184295876589194
"लेते हैं . </s>",570,0.9999674432355687
"लगी है . </s>",570,0.9999668290450568
"दर्ज की है ।",570,0.7198001302911314
"है कि देश में",570,0.47175330094025386
"में सामने आया है",569,0.5376049817025876
"हाल है । </s>",569,0.999992455030024
"बारे में पूछे जाने",569,0.8583175357741182
"का पता लगाने के",569,0.5958119044563508
"<s> सूत्रों की मानें",569,0.7116485991879596
"के लिए भेजा गया",569,0.40826730083815943
"ठीक हो चुके हैं",569,0.9620642314457902
"में लिया है ।",569,0.8369032053592518
"दर्ज किया गया था",569,0.14941330596272537
"आई थीं । </s>",568,0.9999946407227942
"पहुंची है । </s>",568,0.999992441746626
"क्या आप जानते हैं",568,0.8534780272889139
"सकती थी । </s>",568,0.9999965831816124
"आ सकता है ।",568,0.7675358444507648
"<s> शादी के बाद",568,0.7190550760644884
"बढ़ा दी है ।",567,0.7880154522652763
"कामना की । </s>",567,0.9999971501614627
"दी जाएगी . </s>",567,0.9999645862219886
"बनाया जा सकता है",567,0.9490693605954664
"का विषय है ।",567,0.6576063034093966
"रक्षा मंत्री राजनाथ सिंह",567,0.9999999326054957
"<s> उन्होने कहा कि",566,0.9999995444139732
"हो गई है और",566,0.03833188611777536
"सुनाई है । </s>",566,0.999992415039017
"छोड़ दिया । </s>",566,0.9999964298870168
"के लिए लोगों को",566,0.45853101093834775
"पार्टी के राष्ट्रीय अध्यक्ष",566,0.6858117516191051
"<s> प्रधानमंत्री नरेन्द्र मोदी",566,0.9999999627688811
"खतरा है । </s>",566,0.999992415039017
"<s> कुछ देर बाद",566,0.7107812736942556
"आदेश दिया । </s>",566,0.9999964298870168
"आदेश दिए हैं ।",565,0.7994238718346817
"वर्ष 2020 - 21",565,0.9999551081775931
"कहा है . </s>",565,0.9653791554801445
"पलट गई । </s>",565,0.9999984034000557
"देखने को मिला है",565,0.24849682200927728
"पुलिस ने मौके पर",564,0.738847950920288
"मिल पा रहा है",563,0.8783860955904451
"से मनाया गया ।",563,0.9999001342580933
"चौधरी ने कहा कि",563,0.9391815999108626
"रह गई । </s>",563,0.9999983977282975
"जुटे हैं । </s>",563,0.9999910490687901
"का आह्वान किया ।",563,0.4320346566977325
"पर जोर दिया ।",563,0.3947268178164829
"ने बताया कि उन्होंने",563,0.012029605359420176
"दिया गया है और",563,0.02583022071343518
"एक ही परिवार के",563,0.8645989523811161
"आदि मौजूद रहे ।",563,0.9999287954453893
"बंगाल की मुख्यमंत्री ममता",562,0.934212898097827
"आप देख सकते हैं",562,0.9376663797816817
"करना पड़ेगा । </s>",562,0.9999755072300485
"ने शुक्रवार को कहा",562,0.36558409829550254
"देखने को मिली है",561,0.32703117868167403
"<s> ऐसे में अगर",561,0.05112413441338088
"हमला किया । </s>",561,0.9999968175985753
"को है । </s>",561,0.9999923474368692
"रखी गई है ।",561,0.7863065004373975
"पाए हैं । </s>",560,0.9999910011173728
"प्राथमिक उपचार के बाद",560,0.9265204999798621
"आती है . </s>",560,0.9999662367065756
"विकेट लिए । </s>",560,0.9999999985558831
"ने सोमवार को कहा",559,0.34794464755903687
"तो उन्होंने कहा कि",559,0.8796390313476611
"ने मंगलवार को कहा",559,0.3314663514920667
"गुप्ता ने कहा कि",559,0.9531668823620401
"<s> रिपोर्ट के अनुसार",559,0.3951274488506472
"यह है कि इस",558,0.09760859546823845
"बनाया गया है .",558,0.14340758109036736
"पाया जाता है ।",557,0.5891356008334768
"कर सकता । </s>",556,0.9999705563255373
"कर दी हैं ।",556,0.8182353266984841
"<s> आज हम आपको",556,0.8113363544149861
"का स्वागत किया ।",556,0.49284550529231136
"दिखाया गया है ।",556,0.5890793122634111
"पड़ी है । </s>",556,0.9999922786188554
"देख रहे हैं ।",555,0.6104454485301091
"शामिल था । </s>",555,0.9999960617085034
"नहीं दिया जा रहा",555,0.7788566563423004
"में लगे हैं ।",555,0.7603583606226694
"कर पा रहे हैं",555,0.7409361370896355
"गठन किया गया है",555,0.49767514559133175
"हिरासत में लिया गया",555,0.3785394957991393
"बन जाता है ।",555,0.7453759244934435
"मुख्यमंत्री नीतीश कुमार ने",555,0.4579547595618841
"करते हुए कहा था",555,0.06809406617973301
"सूत्रों ने कहा कि",554,0.9643634086026391
"काम किया जा रहा",554,0.9422999909938723
"मिल जाएगा । </s>",554,0.9999903010123655
"भी कहा गया है",554,0.6649255732077637
"लगाए जाएंगे । </s>",554,0.9999884710331147
"साधा है । </s>",554,0.9999922507438332
"आयोजन हुआ । </s>",554,0.99999564543292
"बरामद किया है ।",553,0.8485352805392277
"दिखाई दे रही है",553,0.5471126577370006
"नाम नहीं ले रही",552,0.38145636134285105
"कृषि कानूनों के खिलाफ",552,0.6250966642505875
"नजर आएंगी । </s>",552,0.9999999926516977
"तलाश की जा रही",552,0.9996545035355829
"के आरोप में गिरफ्तार",551,0.3793317390740917
"ले गई । </s>",551,0.999998362833088
"पर काम कर रही",551,0.35774401824591434
"कोई कार्रवाई नहीं की",551,0.5461649809742727
"बताया गया । </s>",551,0.9999972795713735
"मजबूत करने के लिए",551,0.9635910891005337
"बनाया है . </s>",551,0.9999656852190242
"करने की सलाह दी",550,0.7610460544199795
"जाता था . </s>",550,0.999970950883215
"कहा कि राज्य सरकार",550,0.40254105840811355
"पेश किया गया ।",550,0.3879245386976943
"तैयारी शुरू कर दी",550,0.9992215973324934
"शिक्षा के क्षेत्र में",550,0.9998462381386347
"चाहती हैं । </s>",550,0.9999908375013251
"<s> 9 . </s>",549,0.9999998120089976
"<s> मीडिया रिपोर्ट के",549,0.9048244707847052
"<s> उत्तर प्रदेश की",548,0.08971399753789272
"ली जाएगी । </s>",548,0.9999898960029685
"नहीं हो सकी ।",548,0.44280329046695993
"शुरू किया गया है",548,0.41264519373959835
"रहा हूं . </s>",548,0.8745443874277795
"झटका लगा है ।",548,0.7542978508914356
"के लिए तैयार नहीं",547,0.1204262120380064
"बना रहा है ।",547,0.7769422492592268
"करने वाले हैं ।",547,0.6969121158596508
"करना चाहते हैं तो",547,0.2113696674649202
"शिरकत की । </s>",547,0.9999970459626131
"में आ गया ।",547,0.3958071399596318
"मिले हैं . </s>",547,0.9999660743039748
"मंत्रालय की ओर से",547,0.9997325133912982
"घटना के बाद से",547,0.3374108258691527
"ने कहा कि प्रधानमंत्री",546,0.008871759017424525
"की सजा सुनाई है",546,0.3819149779488523
"लिए भेज दिया ।",546,0.3715308250597807
"करवाया गया । </s>",546,0.9999972546590234
"की जान चली गई",546,0.9002298914414962
"खुश हैं । </s>",546,0.9999907703767926
"हो पा रही है",546,0.7568949983668494
"वर्मा ने बताया कि",545,0.999940818454439
"किया जाता है और",545,0.04613186670472055
"बता रहे हैं ।",545,0.5242140107942108
"<s> Also Read -",545,0.9999992118199001
"की जानकारी दी गई",545,0.1673371264221832
"से जूझ रहे हैं",545,0.6580587520003565
"सोशल मीडिया पर शेयर",545,0.06362755344075594
"आसार हैं । </s>",544,0.9999907364443544
"<s> साथ ही यह",544,0.0628698760314417
"जा चुका है .",544,0.14666427961909165
"प्रधानमंत्री नरेन्द्र मोदी ने",544,0.3583408738476401
"वित्त मंत्री अरुण जेटली",544,0.9999990805860142
"<s> ऐसा करने से",544,0.5942708238231059
"के बारे में विस्तार",543,0.01896260162432409
"की अनुमति देता है",543,0.9999996188971498
"नहीं किया . </s>",543,0.9999562459391801
"ने कोविड - 19",543,0.9999999157804027
"संवाददाता नई दिल्ली ।",543,0.9995485539950453
"का शुभारंभ किया ।",543,0.603656475436534
"बाहर निकाला । </s>",542,0.9999999950899121
"<s> सुप्रीम कोर्ट के",542,0.2098896197203822
"क्लिक करें । </s>",542,0.9999915973209647
"पर चर्चा की ।",542,0.37289988201083507
"का प्रयास कर रहे",541,0.436992654031312
"सवाल यह है कि",541,0.9999809328792515
"सामने आया है कि",541,0.10507003445832393
"लगाया गया था ।",541,0.7567274747226094
"एक हैं । </s>",541,0.9999906850752843
"के लिए कहा था",541,0.12590007332569098
"नहीं दी । </s>",540,0.9999979595676819
"में नजर आ रही",540,0.38812968581364593
"अभी हाल ही में",540,0.9999826406499381
"कम नहीं है ।",540,0.7690911608929658
"में निधन हो गया",540,0.9999554587827779
"<s> खबर है कि",540,0.9991640658462794
"हो चुकी है और",540,0.06899205611578933
"जीत लिया । </s>",539,0.9999975036013345
"<s> इस मामले की",539,0.07932600310864782
"रह गई है ।",539,0.8269667105183043
"काम करती है ।",539,0.7537779304154055
"<s> सुशांत सिंह राजपूत",539,0.9999293264845265
"लगी हुई है ।",538,0.7644255528467062
"को निर्देश दिए कि",538,0.45727794212708595
"मौत के घाट उतार",538,0.7557001859725603
"भाग निकला । </s>",538,0.9999999954341723
"का काम करते हैं",537,0.6972206016805632
"नहीं कर रही है",537,0.6601126121297373
"बहुत जरूरी है ।",537,0.690475220371954
"नहीं होनी चाहिए ।",537,0.7874288259609536
"सामने आया । </s>",537,0.9999999986986208
"काम कर रही हैं",536,0.2080523306613473
"पद से इस्तीफा दे",536,0.6354794633649108
"शुरू की गई है",536,0.4500603701415405
"से मिलने के लिए",536,0.7294944147844555
"की हैं . </s>",535,0.9999653133537835
"पुलिस की ओर से",535,0.9997265136916638
"<s> दोनों के बीच",535,0.8665153938462633
"मांगी थी । </s>",535,0.9999963724245903
"और पाकिस्तान के बीच",534,0.8472666797027778
"अच्छा रहेगा । </s>",534,0.999990551632767
"करने की दिशा में",534,0.999950676520242
"में जगह - जगह",534,0.9999995537673799
"इस्तेमाल कर सकते हैं",534,0.7927841068635537
"फेंक दिया । </s>",534,0.9999962159476619
"लागू होने के बाद",533,0.8467122847978673
"से हमला कर दिया",533,0.8515480127751839
"पहुंचते हैं । </s>",533,0.9999905452640315
"निकले थे । </s>",533,0.9999961826880689
"शादी के बंधन में",533,0.9999993960736074
"दिखाई दिए । </s>",533,0.9999999992350168
"के दौरान मौत हो",532,0.9999991065899975
"की मांग करते हुए",532,0.6605061788312574
"हुई थीं । </s>",532,0.9999942780649381
"बनी रहेगी । </s>",532,0.9999911098686853
"आया था . </s>",532,0.9999699680183612
"सोमवार को कहा कि",531,0.9245835768262983
"मनाई गई । </s>",531,0.9999983011695508
"कांग्रेस अध्यक्ष सोनिया गांधी",531,0.999999730682634
"घायल हुए हैं ।",531,0.8199716923130198
"रहे हैं । '",531,0.007407193659039715
"भारत की ओर से",531,0.999724453531149
"<s> कहते हैं कि",531,0.9994479080768651
"तैयार नहीं है ।",530,0.7956088247492579
"बढ़ जाती है ।",530,0.7770823673860762
"आसान है । </s>",530,0.9999918998341201
"राहत की सांस ली",530,0.9475724507614469
"प्रतियोगिता का आयोजन किया",530,0.8760808574609529
"नहीं हो सकी है",530,0.42802645676230183
"सलाह दी । </s>",530,0.9999979210689589
"मामले दर्ज किए गए",530,0.8236800302493378
"प्रदर्शन कर रहे हैं",530,0.5627652228974421
"हो गयी है .",530,0.3576912237794241
"और यहां तक कि",529,0.9337117198790429
"के कप्तान विराट कोहली",529,0.9999998254652308
"करार दिया । </s>",529,0.9999961801815718
"विवाद हो गया ।",529,0.6397112242669515
"मदद की । </s>",529,0.9999969454471632
"अमेरिकी राष्ट्रपति डोनाल्ड ट्रंप",528,0.84158357390319
"इसमें कहा गया है",528,0.7116044955872974
"के लिए किया गया",528,0.24854789382158937
"लागू करने के लिए",528,0.8241405076807017
"मौसम विभाग के अनुसार",528,0.4592155769638751
"कर सकती है .",528,0.18573108739384353
"मचा हुआ है ।",528,0.8053589147170805
"<s> जिला अस्पताल में",527,0.5879893880983588
"ने कहा कि पिछले",527,0.008558571492205968
"गिरावट आई है ।",527,0.791432453738312
"सौंपी गई है ।",527,0.8969776212794248
"किया और कहा कि",527,0.9997276840143067
"बनाए थे । </s>",527,0.9999961392272119
"भारतीय जनता पार्टी की",527,0.1142086293997481
"को बढ़ाने के लिए",526,0.9997621868328771
"जारी किया गया था",526,0.24072547943799605
"में कोरोना वायरस से",526,0.1417091449428715
"<s> पहले चरण में",526,0.7496886346759025
"अग्रवाल ने बताया कि",526,0.9999386807180024
"को कम करने में",526,0.2642873968691577
"दिए गए थे ।",526,0.8166083576386227
"मुकदमा दर्ज किया गया",526,0.4775743334044647
"बनती है । </s>",526,0.9999918382359004
"पेश किया है ।",525,0.7701539632134552
"वीं और 12 वीं",525,0.9999986022928047
"तैयारी कर रही है",525,0.8112517513869125
"जारी किए गए हैं",525,0.4910413633324601
"पिटाई कर दी ।",525,0.6910353762956669
"नहीं करेगा । </s>",525,0.999982202579898
"का जवाब देते हुए",524,0.9999086204398021
"संबोधित करेंगे । </s>",524,0.9999809595806647
"शुक्रवार को कहा कि",524,0.9269220762801685
"सीएमओ डॉ . </s>",524,0.9999999960904138
"खरीद सकते हैं ।",524,0.7380585727148712
"बन गई । </s>",523,0.9999982751836166
"सोशल डिस्टेंसिंग का पालन",523,0.8454788270977457
"<s> ऐसे में इस",523,0.04765744434117235
"गया हैं । </s>",522,0.9999903460263004
"का इस्तेमाल किया गया",522,0.27146686912957446
"में भर्ती किया गया",522,0.9129579515079035
"के बारे में कोई",522,0.018284902430001474
"जा रहा था .",522,0.09790929201213475
"करा रहे हैं ।",522,0.8881641150064351
"पता नहीं चल पाया",522,0.46805911135271233
"आलम यह है कि",521,0.9999802009360366
"नाम है । </s>",521,0.99999175990803
"तक पहुंचने के लिए",521,0.9060109067703158
"सांस ली । </s>",521,0.9999999993687789
"ने कहा कि उनकी",521,0.008469878818459231
"रह रहे हैं ।",521,0.7474724203949509
"अधिकारियों ने कहा कि",521,0.8775435965038256
"दिया जाता है .",521,0.1339645858186446
"सिंह के नेतृत्व में",521,0.939676138404415
"भी दी । </s>",520,0.9999978810895158
"बता दें कि यह",520,0.04611759689775322
"से हुई थी ।",520,0.805072450482863
"की कामना की ।",520,0.7612914000866441
"में आ गए ।",520,0.36639339636851487
"दूर है । </s>",520,0.9999917440616992
"सुनिश्चित करें । </s>",520,0.9999912418230055
"पड़ती है । </s>",520,0.9999917440616992
"शेयर करते हुए लिखा",519,0.6071990810408527
"तरीका है । </s>",519,0.9999917281543037
"के लिए सबसे लोकप्रिय",519,0.24522651276056737
"अभियान चलाया गया ।",519,0.7896095558989354
"हो जाएगी . </s>",519,0.9999613109592824
"उन्होंने आरोप लगाया कि",519,0.857796661192065
"की सराहना की ।",518,0.6259632812536515
"पुलिस को दी गई",518,0.25622240370834465
"बात है . </s>",518,0.9482855303681256
"<s> साथ ही इस",518,0.059851119574878146
"यह भी कहा गया",518,0.1359303706784537
"देखने को मिलता है",518,0.9999302368830977
"मुख्यमंत्री डॉ . </s>",518,0.9999999960451289
"गंभीरता से लेते हुए",518,0.9394671107861325
"<s> मामले की जांच",518,0.33898955860263447
"था । ' </s>",518,0.9999999599738292
"का विरोध कर रहे",518,0.7983102951649366
"निकला था । </s>",517,0.9999957722402697
"लिखा था । </s>",517,0.9999957722402697
"<s> इस वीडियो को",517,0.29834340639843016
"ने शव को कब्जे",517,0.5444036855289284
"बैठ गए । </s>",517,0.9999976265062858
"के बारे में नहीं",517,0.018061838232043773
"मौत के मामले में",517,0.8506187821402794
"D बिड़ला एसएल एफटीपी",517,0.8954649604338628
"कारण है । </s>",516,0.9999916800621775
"युवक की मौत हो",516,0.7497088134810366
"काम कर रहे थे",516,0.15377534773030474
"उठा रहे हैं ।",516,0.7662681470334335
"पदों पर भर्ती के",516,0.6637586831316972
"भेजा जा रहा है",516,0.8921689393418429
"बोल दिया । </s>",516,0.9999960839458362
"जारी रहेगी । </s>",516,0.9999908342056989
"आयोजित की जाएगी ।",516,0.8096036028587545
"चलता रहा । </s>",515,0.9999962982877464
"गांव के रहने वाले",515,0.9999200050801027
"चाहिए । ' </s>",514,0.9999999596623415
"एक सवाल के जवाब",514,0.9409274639705608
"पूरा किया । </s>",514,0.9999965266007796
"नहीं हो पाया ।",514,0.31210788339783613
"जाने की बात कही",514,0.5532095549138356
"का प्रावधान है ।",514,0.8474451780643583
"और चीन के बीच",514,0.8523513476631015
"दर्ज कराया था ।",514,0.8761036704003783
"हो सकी है ।",513,0.8824263654981687
"दावा किया गया है",513,0.609745204845518
"मंगलवार को कहा कि",513,0.9058497757920411
"हो गए थे .",513,0.1727726728347162
"निशाना साधा है ।",513,0.6771470544178684
"निलंबित कर दिया गया",513,0.46394228142795185
"प्रदान करते हैं ।",513,0.8344079162479446
"में जानकारी दी ।",512,0.43948445600194697
"के आसार हैं ।",512,0.876164241528162
"आपकी जानकारी के लिए",512,0.9987238573094018
"का मामला दर्ज किया",512,0.39047631272980754
"की ओर से इस",512,0.03168264791292128
"सक्षम है । </s>",512,0.9999916150626633
"योगदान दिया । </s>",512,0.999996053351663
"रवाना किया । </s>",511,0.9999965062090034
"सजा सुनाई है ।",511,0.8943579967655547
"<s> स्थानीय लोगों ने",511,0.4565048233391422
"शिकायत की है ।",511,0.7417413091606772
"जा सकेंगे । </s>",511,0.9999999985243024
"कोशिश कर रहा है",510,0.6432578785920302
"दिखाई दिया । </s>",510,0.9999960378746107
"को जोड़ा । </s>",510,0.9999999879751311
"बात कही गई है",510,0.5160336959365762
"को शेयर करते हुए",510,0.99979086853547
"होने लगी है ।",509,0.8937816038706156
"की जा सके ।",509,0.8722699697630094
"भारतीय जनता पार्टी ने",509,0.11028176697685252
"के रूप में कार्य",509,0.024476416077298828
"से कहा था कि",509,0.9997613887249898
"की तलाश कर रहे",509,0.5888360448170336
"ने बुधवार को कहा",509,0.3152807664642429
"की हत्या के बाद",508,0.3679525468255192
"<s> आनन - फानन",508,0.9999991568181658
"रुपये प्रति 10 ग्राम",508,0.9999258916519581
"का निधन हो गया",508,0.9282881304478104
"प्रयास किए जा रहे",508,0.999579242217819
"ने बताया कि जिले",508,0.010848887029933568
"निदेशक डॉ . </s>",508,0.9999999959672772
"के बारे में एक",508,0.01775252648641074
"के निधन के बाद",507,0.8569736018840927
"नहीं दिया गया ।",507,0.43678000438440573
"बनाई थी । </s>",507,0.99999617208512
"की बात करते हैं",507,0.6155755714224509
"होते जा रहे हैं",507,0.8846407507807925
"की बढ़त के साथ",507,0.9489192307202615
"<s> अगर आप भी",506,0.27755001329447254
"भी किया है ।",506,0.7712975713354104
"रुपये की लागत से",506,0.922311456885704
"मुझे नहीं लगता कि",506,0.8924452443705686
"कोशिश की . </s>",506,0.9998715458646454
"को सम्मानित किया गया",506,0.5652333831863403
"का चयन किया गया",506,0.5447137216880669
"<s> उम्मीद है कि",506,0.9992461669353143
"ने उसे मृत घोषित",506,0.9999994347811137
"काम शुरू कर दिया",506,0.9490921763822789
"फायदा होगा । </s>",506,0.9999851626272926
"बैठे हैं । </s>",506,0.9999900407623098
"के कई इलाकों में",506,0.9999997273104632
"जा रही हैं .",506,0.159974471299035
"फिल्म है । </s>",505,0.9999914988358092
"लग रहा था कि",505,0.6122882190915665
"में शामिल होने की",505,0.11971951494002187
"करता था . </s>",505,0.9999683623480559
"उन्होंने कहा कि हम",505,0.020274587480122848
"नहीं कर रहा है",505,0.5982816914641323
"तक है । </s>",504,0.9999914819684199
"करने में मदद करता",504,0.22112194999780682
"श्रद्धांजलि दी । </s>",504,0.9999978138225163
"से हरा दिया ।",504,0.6881884447495723
"लिए गए हैं ।",504,0.8592694081504986
"नहीं करता । </s>",504,0.999999989368801
"<s> इस बार भी",503,0.27354747156325643
"सूत्रों से मिली जानकारी",503,0.9996345887012561
"से फरार हो गए",503,0.4247105386885102
"को हिरासत में लेकर",503,0.21864228480842407
"पूजा - अर्चना की",503,0.4757921332196901
"दर्ज किया था ।",503,0.8875342190286114
"करार दिया है ।",503,0.7366209049723687
"पुलिस बल के साथ",503,0.9533733066251859
"को कहा था ।",503,0.4965017629801831
"<s> ग्रामीणों ने बताया",502,0.6007580462006468
"लिए भेज दिया है",502,0.3414657591977219
"जारी की गई है",502,0.5603571178641434
"गोली मार दी ।",502,0.5581842882348276
"<s> इस बात का",502,0.20429640465310003
"कराया जाए । </s>",501,0.9999865388726602
"की कोशिश करते हैं",501,0.7216796670352282
"ने कहा कि ये",501,0.008145680961547861
"जारी किया है .",501,0.186331705901165
"<s> भारतीय क्रिकेट टीम",501,0.6580565917350091
"ही था । </s>",501,0.9999956372219948
"में कोई बदलाव नहीं",501,0.9999984542825368
"रखना होगा । </s>",500,0.9999849845788202
"बना हुआ है .",500,0.1585827353054827
"का निर्णय लिया ।",500,0.15241259298634457
"गिरफ्तार किया है .",500,0.14253784950652174
"मिली थी . </s>",500,0.9999714390675707
"<s> इस फिल्म के",500,0.1578198660572186
"पसंद कर रहे हैं",499,0.9492469669113947
"को मृत घोषित कर",499,0.9999486512676721
"देखा गया है ।",499,0.47879089662273705
"2 - 1 से",499,0.905371366791699
"कोर्ट में पेश किया",499,0.610119314623965
"विदेश मंत्रालय के प्रवक्ता",499,0.9569629931573773
"कर लिया जाएगा ।",499,0.8549249553847964
"लिया जा सकता है",499,0.9267968045196455
"के लिए आवेदन करने",499,0.17099552915126578
"चौधरी ने बताया कि",498,0.9999352330475286
"गिरफ्तार कर जेल भेज",498,0.7562572683879021
"पूछे जाने पर कि",498,0.710172173572315
"आ रही है कि",498,0.08887495452450159
"चला है । </s>",497,0.9999913619961441
"<s> सीएम ने कहा",497,0.962504865837202
"ने बताया कि वे",497,0.010627477717650647
"ने हिस्सा लिया ।",497,0.7197160083409746
"आग्रह किया । </s>",497,0.9999964077923555
"होने से पहले ही",497,0.7702581452110285
"की खबर है ।",497,0.7356399836344477
"के रूप में एक",497,0.02390310251244204
"लगा दी गई है",497,0.5749974619669526
"ने कहा कि उनके",496,0.00806287699165324
"नवदुनिया प्रतिनिधि) । </s>",496,0.9999999966263587
"<s> रिपोर्ट में कहा",495,0.6622599837645481
"स्थगित कर दिया गया",495,0.6444611075617862
"का दावा किया है",495,0.4145248964750402
"स्थिति को देखते हुए",495,0.9998888251450662
"तिवारी ने बताया कि",495,0.999934840520544
"रहा है कि यह",495,0.07522897531317517
"आशंका जताई जा रही",495,0.9999992952526356
"विरोध कर रहे हैं",495,0.6418215661757173
"की घटना को अंजाम",494,0.7944874156958496
"स्थान प्राप्त किया ।",494,0.7413370513946458
"केंद्रीय गृह मंत्री अमित",494,0.7195951270032486
"नहीं हो सकता है",493,0.35735424396153154
"<s> लेकिन इस बार",493,0.43991119399378165
"जांच में पता चला",493,0.9995186725666997
"दर प्रदान करता है",493,0.9999998551424257
"ने संयुक्त रूप से",493,0.9999995477579623
"को जल्द से जल्द",493,0.9999995320699351
"दावा किया जा रहा",493,0.999312773533871
"कर ली . </s>",493,0.9999999213042056
"खबर आ रही है",493,0.942677802570227
"कर हत्या कर दी",493,0.9998989287371667
"लगाकर आत्महत्या कर ली",492,0.9998866398846524
"मार दिया । </s>",492,0.9999958929188039
"रह सकता है ।",492,0.8343153228678155
"कहा कि सरकार ने",492,0.3102452343728046
"को उम्मीद है कि",492,0.9992247164009534
"तैयारी कर रहे हैं",492,0.6812203606737711
"घटना को अंजाम देने",492,0.3550233482740842
"<s> आगरा । </s>",492,0.9999999881402845
"बताए जा रहे हैं",492,0.9521712326862345
"साथ हैं । </s>",492,0.9999897573693675
"को प्रधानमंत्री नरेंद्र मोदी",491,0.9999999913897135
"निजी अस्पताल में भर्ती",491,0.6519744075796299
"<s> इस मामले को",491,0.0722428511608971
"<s> इस बात को",491,0.19965678397418335
"चुना गया है ।",490,0.8453331784230691
"स्थिति है । </s>",490,0.9999912385960891
"रही थीं . </s>",490,0.9999832496254053
"इंकार कर दिया ।",490,0.4621424805535685
"बिक्री और रूपांतरण दर",490,0.9999999964652355
"और रूपांतरण दर प्रदान",490,0.9999978017526615
"रूपांतरण दर प्रदान करता",490,0.9999980373170192
"2021 तक विनिमय दर",490,0.9999997209229594
"तक विनिमय दर आरेख",490,0.9992800567725753
"विनिमय दर आरेख के",490,0.9999999965603151
"दर आरेख के साथ",490,0.9999978112662516
"आरेख के साथ विज़ुअलाइज़ेशन",490,0.9984747722644637
"के साथ विज़ुअलाइज़ेशन और",490,0.9999999964902254
"साथ विज़ुअलाइज़ेशन और इतिहास",490,0.999997659181014
"विज़ुअलाइज़ेशन और इतिहास तालिका",490,0.9999978100124369
"और इतिहास तालिका के",490,0.9999989457716992
"इतिहास तालिका के लिए",490,0.9999980137141404
"तालिका के लिए सबसे",490,0.9984811117117462
"लिए सबसे लोकप्रिय रूपांतरणों",490,0.9999982450221673
"सबसे लोकप्रिय रूपांतरणों की",490,0.9999999965163205
"लोकप्रिय रूपांतरणों की सूची",490,0.9999976631303914
"रूपांतरणों की सूची को",490,0.998725139739283
"की सूची को जोड़ा",490,0.9999976586308755
"सूची को जोड़ा ।",490,0.9995450194144683
"को खत्म करने के",490,0.476267141052011
"बुधवार को कहा कि",490,0.9292428332035962
"में काम करने के",490,0.18083377288937044
"भारत और चीन के",490,0.7531228557790998
"का इस्तेमाल करते हैं",490,0.6217597242770339
"किए जा सकते हैं",489,0.9524645471346538
"बैठे थे । </s>",489,0.9999958392080587
"बयान दिया है ।",489,0.6488062238425167
"की बात सामने आई",489,0.5920193754580957
"ने कही । </s>",489,0.9999999983144527
"सामने आई । </s>",489,0.9999999985324838
"एसएल एफटीपी सीरिज -",489,0.9999998029738864
"में इस तरह की",488,0.4379233697323714
"मौका मिलेगा । </s>",488,0.9999845542424561
"बारिश हो सकती है",488,0.9997408782794182
"जानी है । </s>",488,0.9999912026886959
"का इंतजार है ।",488,0.8509972517827278
"<s> सिंह ने कहा",488,0.7294230114969735
"कि इस तरह के",488,0.4418654011117917
"की जानी चाहिए ।",488,0.718367010252476
"नहीं आए । </s>",488,0.9999999989144438
"पुलिस ने मामला दर्ज",488,0.9999054660945342
"के घाट उतार दिया",487,0.9999983488982245
"प्रकाश डाला । </s>",487,0.9999999957664072
"ने कहा कि सभी",487,0.007919444879898204
"को सील कर दिया",487,0.9997974800636242
"दिए जा रहे हैं",487,0.8527688652940121
"<s> बयान में कहा",487,0.9304507502435859
"मिल गया । </s>",487,0.999996922061246
"आवेदन करने के लिए",487,0.7516311652519433
"भूमिका निभाई । </s>",487,0.999999989585719
"होने चाहिए । </s>",486,0.9999756571605902
"आवश्यकता नहीं है ।",486,0.8413554084231549
"बन रही है ।",486,0.851721878665772
"से लगाया जा सकता",486,0.9992209500725732
"मच गया है ।",486,0.8051212640486426
"से . . .",486,0.9205505809008487
"दिखता है । </s>",486,0.9999911664857688
"का प्रयास किया जा",486,0.1280131383052505
"का उद्घाटन किया ।",486,0.6372477738986955
"तक पहुंच गया है",486,0.4923621998863288
"ने बताया कि पिछले",486,0.010380040822185504
"<s> 10 . </s>",486,0.9999997595650544
"सामना करना पड़ सकता",486,0.27270617998137997
"में जुटे हैं ।",485,0.8240299661749936
"का वितरण किया गया",485,0.5006414681012143
"text - align justify",485,0.9999999963020902
"का लक्ष्य रखा गया",485,0.49008611295921634
"कर रहा था .",485,0.1447455953987695
"<s> इस क्रम में",485,0.9999996385439258
"कर चुकी हैं ।",485,0.7082104656716208
"वृद्धि हुई है ।",484,0.809549273383853
"<s> चंडीगढ़ । </s>",484,0.999999987806138
"दर्ज किया । </s>",484,0.9999963113074395
"जैश - - मोहम्मद",484,0.9348708942088667
"नहीं चला । </s>",484,0.9999999959965343
"यह पूछे जाने पर",484,0.9998893380577643
"है और साथ ही",484,0.9022673608106321
"होने की स्थिति में",484,0.9989525419731679
"दिया गया है कि",484,0.02224885688042518
"टूट गया । </s>",484,0.9999969029831133
"हो रहा है कि",484,0.03408210896055912
"को मजबूत करने के",484,0.47908885995510886
"को रद्द कर दिया",484,0.9995173702479356
"कर ली है .",484,0.17846940919664325
"दे दिया था ।",484,0.725720684183782
"में आयोजित कार्यक्रम में",483,0.8200320790478665
"<s> प्रधानमंत्री मोदी ने",483,0.7689388884999342
"एक रिपोर्ट के मुताबिक",483,0.5715378680482599
"की सलाह दी ।",483,0.2387548378320807
"स्थापित करने के लिए",483,0.8722490196955144
"सामना करना पड़ा ।",483,0.6999215850760724
"2020 - 21 में",483,0.43287679433613613
"या नहीं . </s>",483,0.9370357154394665
"पर रहा । </s>",483,0.9999960530397295
"कार्य किया जा रहा",483,0.9992985452426469
"एक अधिकारी ने कहा",483,0.3153863443128003
"कोरोना वायरस के कारण",483,0.11974928113019141
"चुनौती है । </s>",482,0.9999910931785967
"को कम से कम",482,0.9999998403639199
"में इलाज चल रहा",482,0.9999994471936953
"के रूप में विकसित",482,0.023177601726129874
"करनी है । </s>",482,0.9999910931785967
"के मुख्यमंत्री नीतीश कुमार",482,0.9999997991074387
"कार्रवाई होगी । </s>",481,0.9999853780197758
"इस बात का खुलासा",481,0.15610083373144268
"का काम चल रहा",481,0.999999219679023
"समाप्त होने के बाद",481,0.9559430809370342
"करने के आदेश दिए",481,0.6133941146551595
"दे रही है .",481,0.18402042594471274
"का आयोजन हुआ ।",481,0.8866292073480934
"मंत्री निर्मला सीतारमण ने",481,0.7742270234930299
"पर स्थित है ।",480,0.848583602813278
"टकरा गई । </s>",480,0.9999981206688155
"नेता ने कहा कि",480,0.9997489166109557
"सोशल मीडिया पर भी",480,0.05605486764301767
"को दर्शाता है ।",480,0.8893161820456088
"के लिए काम कर",480,0.2510467087818643
"साथ ही कहा कि",479,0.7676754481197765
"मारे गए । </s>",479,0.9999974382124212
"<s> बता दे कि",479,0.816768492650526
"नोटिस जारी किया है",479,0.43511339104890856
"कार्रवाई की है ।",479,0.8320908603250777
"हो जाएंगी । </s>",479,0.9999999971804417
"कैमरा दिया गया है",479,0.9992110334147692
"पड़े हैं । </s>",479,0.9999894793856551
"का आदेश दिया ।",479,0.20785332786751343
"जान दे दी ।",479,0.7788127975548549
"की गयी है .",478,0.31753975291627407
"की मौत के मामले",478,0.1924116116923132
"उपलब्ध कराने के लिए",478,0.6912044223346899
"दौरान मौत हो गई",478,0.9147759554294486
". . ? </s>",478,0.999999911863204
"<s> इसके जवाब में",478,0.9999986025126649
"जिले में अब तक",478,0.9437118285990136
"की कोशिश की थी",478,0.0829340430265855
"कार्रवाई की गई है",478,0.4972605832147317
"को लेकर चर्चा में",478,0.5198017012307118
"में आ गए हैं",478,0.3366058547802122
"रिपोर्ट के आधार पर",477,0.9999816087836655
"में पता चला है",477,0.3102158603908774
"ने बताया कि जब",477,0.01020145439076124
"के बीच खेला गया",477,0.7863430759838209
"को उपचार के लिए",476,0.8937873095032797
"मिल गई । </s>",476,0.9999981048761165
"साधते हुए कहा कि",476,0.8428574231886801
"करते रहते हैं ।",476,0.6960573875484195
"कार्यरत हैं । </s>",476,0.9999894130792621
"लगाई गई । </s>",476,0.9999981048761165
"हो रही है और",475,0.03690354807365639
"का दौरा किया ।",475,0.4585934766058531
"से अधिक है ।",475,0.7891078270975171
"भी होगा । </s>",474,0.9999841609481226
"से एक हैं ।",474,0.6403263955419352
"ने टक्कर मार दी",474,0.9999382874232083
"की जांच की ।",474,0.14606100376529396
"पता चला । </s>",474,0.9999999959120729
"इसके बाद पुलिस ने",474,0.7816411272630434
"के आधार पर ही",474,0.09354371387187599
"घोषणा कर दी है",474,0.44081992133349474
"का काम कर रहे",474,0.40962402583332547
"- आई पी G",474,0.5009326149757766
"<s> इसके बाद ही",473,0.02459059549632217
"नयी दिल्ली । </s>",473,0.9999999994665746
"लोगों को हिरासत में",473,0.999999983454671
"बरकरार है । </s>",473,0.9999909237041937
"बारिश की वजह से",473,0.999954236784108
"राहुल गांधी ने कहा",473,0.35637173497520397
"रिलीज होगी । </s>",473,0.9999851307135564
"अध्यक्ष ने कहा कि",472,0.999744660960294
"<s> वह कहते हैं",472,0.9999995812639646
"10 वीं और 12",472,0.9998791060193981
"जा सकता . </s>",472,0.9999229861534853
"में शामिल होने वाले",472,0.11175886951642089
"वायरल होने के बाद",472,0.9990353492704749
"पाई गई । </s>",472,0.9999980888157447
"देता था । </s>",472,0.9999953691699563
"<s> इसके बाद दोनों",472,0.024490265943057827
"को सौंप दिया ।",472,0.3700250482085395
"पूरी कर ली गई",472,0.4323436933965094
"<s> इस हमले में",471,0.7519210049873799
"<s> इसी के चलते",471,0.16346616080098997
"निर्भर करता है ।",471,0.5496376844427113
"भी होता है ।",471,0.6288073608484464
"की ओर से एक",471,0.029157710323382123
"पुलिस मामले की जांच",470,0.7992121062375538
"नहीं कहा जा सकता",470,0.9568807507037167
"काम है । </s>",470,0.9999908657703906
"बात कही जा रही",470,0.9996781585396672
"ने इस बात की",470,0.34770741618356066
"समिति की बैठक में",470,0.5603275437826001
"मुख्य अतिथि के रूप",470,0.7708758951951946
"इस्तीफा दे दिया है",470,0.39459376298484733
"ही जा रहा है",470,0.928137703903209
"दिए है । </s>",470,0.9999908657703906
"कहा है कि इस",469,0.05405310167847835
"पहुंचाया गया । </s>",469,0.9999968039314004
"का आदेश दिया था",469,0.2035560964053748
"हम बात कर रहे",469,0.9575181738944691
"कोरोना से बचाव के",469,0.7440075540283607
"दम तोड़ दिया ।",469,0.871767871477385
"बना ली है ।",469,0.7567400666552658
"इजाफा हुआ है ।",469,0.8335975986756746
"को मिली है ।",468,0.7690529364446902
"में की गई है",468,0.441962320055474
"ने बताया कि उन्हें",468,0.009994845277573773
"राष्ट्रपति डोनाल्ड ट्रंप ने",468,0.4637621268772602
"का उपयोग करते हैं",468,0.5871814041575553
"बनी रही । </s>",468,0.9999999994248159
"की वारदात को अंजाम",468,0.9999991889422718
"मौत हो गई जबकि",468,0.028073586376378915
"<s> लंदन । </s>",468,0.9999999846204272
"<s> आपकी जानकारी के",468,0.9999983547890405
"<s> ऐसा ही एक",468,0.5814546005856062
"में आ गया है",468,0.3389362826905656
"तैयार है . </s>",468,0.9999595994779538
"में लिया । </s>",468,0.9999971248741866
"करने की अंतिम तिथि",468,0.7931863501508142
"के छात्र - छात्राओं",468,0.851702712947176
"अधीक्षक डॉ . </s>",468,0.9999999956226
"काम किया है .",467,0.20503277358907837
"लॉकडाउन की वजह से",467,0.999953648819878
"अखिल भारतीय विद्यार्थी परिषद",467,0.9999985248127031
"<s> पुलिस ने आरोपी",467,0.041409267979078825
"ने बताया कि आरोपी",467,0.009969928270812035
"राष्ट्रीय अध्यक्ष अमित शाह",467,0.9999996900448617
"कोशिश की है ।",467,0.6363025422479478
"रहते है । </s>",467,0.9999908070922561
"की अनुमति नहीं दी",467,0.38970191340091653
"हैं और न ही",467,0.9999252867924575
"उन्होंने कहा कि मैं",467,0.018738592856723094
"से लेकर अब तक",467,0.999890681611916
"उन्होंने कहा कि अगर",467,0.01875031913272784
"वीडियो शेयर किया है",467,0.7452271897133281
"नहीं दी गई है",466,0.46266075492678926
"मांग की है .",466,0.10115726949000407
"की घटना के बाद",466,0.7940460357113741
"में शामिल होने का",466,0.1103693328856322
"हैं . . </s>",466,0.30551448328175684
"के लिए केंद्र सरकार",466,0.6683410559182505
"<s> खबरों के मुताबिक",466,0.5950273779852141
"विचार कर रही है",466,0.9533962302641027
"नियंत्रित करने के लिए",466,0.9993820847269369
"मिली हैं । </s>",466,0.9999891858921218
"<s> - - -",466,0.9996208680370944
"की घोषणा के बाद",466,0.7372056913565144
"पड़ रही है ।",465,0.9477254434178326
"में शामिल है ।",465,0.7442664659677537
"पहुंचे थे . </s>",465,0.9999727472583062
"किया जाता था ।",465,0.7842164143952775
"उनका मानना है कि",465,0.9999701265116286
"गांधी ने कहा कि",465,0.7679381217788736
"बन चुका है ।",465,0.7923028036742298
"की योजना बना रहे",465,0.4377931184106823
"की बैठक हुई ।",464,0.790215265610531
"कोरोना की वजह से",464,0.9999533491355238
"<s> उसने कहा कि",464,0.8109849540030196
"सर्जन डॉ . </s>",464,0.9999999955848637
"होना जरूरी है ।",464,0.8186565586526449
"देनी होगी । </s>",464,0.9999848423006727
"महसूस कर रहे हैं",464,0.8042056347631323
"में बिक्री के लिए",464,0.9998056826609854
"बना रहा । </s>",463,0.9999958825446854
"से मरने वालों की",463,0.8312152563823243
"तैयारी की जा रही",463,0.9995880906082977
"हिरासत में लिया है",463,0.31556281670415903
"है और ना ही",463,0.9999992216631065
"<s> समाजवादी पार्टी के",463,0.6505175606969602
"<s> ्र . </s>",463,0.999999678394188
"की एक रिपोर्ट के",463,0.7328067794638073
"हवाले कर दिया ।",462,0.5218440135020073
"रोक लिया । </s>",462,0.9999970875348902
"यह है कि यह",462,0.08076132643061379
"कहा कि राज्य में",462,0.3384154283556556
"करा दिया गया है",462,0.6145263479717104
"कही जा रही है",462,0.8327424477126725
"बेहद जरूरी है ।",462,0.7421579126796463
"की तुलना में अधिक",462,0.19918503980750846
"पॉजिटिव आई है ।",462,0.8960083289967107
"किया जायेगा . </s>",461,0.9999999008949682
"जेल भेज दिया ।",461,0.2640583112301743
"लगता है कि यह",461,0.12815684747502462
"नहीं मिलेगा । </s>",461,0.9999836496102357
"का पीछा करते हुए",461,0.9999987461307535
"में मनाया जाता है",461,0.9999730962591589
"का सामना करना पड़ता",461,0.062296334803943414
"हड़कंप मच गया ।",461,0.6756036038930501
"पांडेय ने बताया कि",461,0.9999300348322544
"की जांच शुरू कर",461,0.6786514453529305
"किसी भी तरह से",461,0.1653203353588506
"में पूरी तरह से",461,0.9006864545031638
"बरामद किया । </s>",461,0.9999961272728866
"रिपोर्ट आने के बाद",460,0.9995605820866588
"बढ़ जाता है ।",460,0.7163302173469388
"पालन करें । </s>",460,0.999990099452093
"नहीं करता है ।",460,0.629111556529726
"को तैयार नहीं है",460,0.44682654891052337
"को पूरा करने में",460,0.16851634495464113
"को नियंत्रित करने के",460,0.601711745006764
"किलोमीटर की दूरी पर",459,0.7687226464540737
"जारी कर दिए हैं",459,0.47236553640158596
"उठाए हैं । </s>",459,0.9999890209710867
"अपने दोस्तों के साथ",459,0.9998319084309517
"हराया था । </s>",459,0.99999523801355
"की हत्या के मामले",459,0.33254254168090386
"देखा था । </s>",459,0.99999523801355
"के हवाले से कहा",458,0.3700185828100178
"जीत हासिल की ।",458,0.3624294947619578
"जारी होने के बाद",458,0.9084114478399369
"होगा । ' </s>",458,0.9999999547302261
"पर आ गया ।",458,0.5092015420030596
"आरोपी को गिरफ्तार कर",458,0.7182153082513729
"तक पहुंच गई है",458,0.5179805133505216
"में मदद करते हैं",458,0.9396079295719135
"में यह भी कहा",458,0.5690727393327002
"कर लेते हैं ।",458,0.6382114374400353
"के लिए तैयार हो",458,0.10074709816712811
"कांग्रेस उपाध्यक्ष राहुल गांधी",458,0.9999990821275024
"शेयर की है ।",457,0.5488846360413049
"करने के लिए किया",457,0.01448174259703697
"छापेमारी की । </s>",457,0.9999964642047032
"के बाद मौके पर",457,0.9282964077983107
"खबर सामने आई है",457,0.884285719016909
"अग्रवाल ने कहा कि",457,0.9394434495821715
"कुछ ही देर में",457,0.6664289510978244
"में देखा जा सकता",457,0.6396982173429281
"<s> आम तौर पर",457,0.9999999661622152
"शुरू कर दिया .",456,0.05984475044012804
"अस्पताल पहुंचाया । </s>",456,0.9999999943955112
"के नाम से मशहूर",456,0.13043833602876004
"होने के साथ -",456,0.26649920475268024
"मिल चुके हैं ।",456,0.7227468427843484
"हासिल किया है ।",456,0.8161806849938755
"हो जाते हैं .",455,0.13233418493956312
"<s> दो दिन पहले",455,0.44583945909497413
"ली थी . </s>",455,0.9999686143599678
"को मिला है ।",455,0.6795213669175069
"निर्देश दिये । </s>",455,0.9999999926000807
"पर पहुंच गई है",455,0.28896966506515676
"व्याप्त है । </s>",455,0.999990564641942
"के खिलाफ एफआईआर दर्ज",455,0.9999993625473794
"के आने के बाद",454,0.9116104274140062
"वारदात को अंजाम देने",454,0.32551388542704496
"पर प्रतिबंध लगा दिया",454,0.9491774357691407
"को गिरफ्तार कर जेल",454,0.10302171873350216
"राहत मिलेगी । </s>",454,0.9999818677826472
"जाता रहा है ।",454,0.7105379464496171
"<s> विरोध करने पर",454,0.9992431578942111
"सदस्य हैं । </s>",453,0.9999888755534853
"सामने आई है .",453,0.17241355143925516
"खिलाफ मामला दर्ज कर",453,0.45494501608377264
"शामिल हुए थे ।",453,0.7416855065081664
"को इस मामले में",453,0.669811142276867
"को अंजाम दिया है",453,0.22113265124293774
"में रहे । </s>",453,0.9999955516810398
"जानकारी दी गई है",453,0.2794265045413235
"हुए कहा कि यह",452,0.06424554580282466
"जाने लगा । </s>",452,0.9999999987342669
"करने से इनकार कर",452,0.7880086777252144
"<s> जिस तरह से",452,0.9133185360407118
"जा सकती । </s>",452,0.9999602669767679
"<s> जैसे - जैसे",452,0.8239730118705283
"में पिछले 24 घंटे",452,0.5381863861101295
"बताते हैं । </s>",452,0.9999888509418778
"को देखने के बाद",452,0.3365493082515608
"किये हैं । </s>",451,0.9999888262211281
"से अधिक लोगों को",451,0.3531759336567064
"<s> स्वास्थ्य विभाग की",451,0.2561366645646899
"लगाई थी । </s>",451,0.999995696778616
"के बारे में बताते",451,0.015745295038843886
"मैन ऑफ द मैच",451,0.8414274996330903
"रहना होगा । </s>",451,0.9999833531915967
"घटना के संबंध में",451,0.9999999479061258
"होना था । </s>",451,0.9999951535437237
"बिहार के मुख्यमंत्री नीतीश",451,0.9461300930392808
"रखे हैं । </s>",451,0.9999888262211281
"नजर आते हैं ।",450,0.7954550195207251
"आने के बाद से",450,0.17278727264923122
"कोविड - 19 का",450,0.04266671766928924
"की बात कही जा",450,0.06911322635041472
"होने के बाद अब",450,0.060595044742016935
"उपयोग करने के लिए",450,0.8994733621721714
"देने का फैसला किया",450,0.822932849926406
"अमित शाह ने कहा",450,0.5093996956079013
"<s> नगर निगम के",450,0.30874320913483205
"ध्यान रखें । </s>",450,0.9999999978499134
"दिखाया है । </s>",449,0.9999904385569791
"केस दर्ज कर लिया",449,0.7234114009760609
"रखी जा रही है",449,0.9266389016195821
"पूरा हो चुका है",449,0.9484805774700392
"से वायरल हो रहा",449,0.6726957143130746
"फैसला लिया गया है",449,0.5269602999597784
"कुछ देर के लिए",449,0.9081111294047612
"वर्ष 2019 - 20",449,0.9999193207744472
"लगी रही । </s>",449,0.9999999994004763
"आरोप लगाया गया है",449,0.5826856283974634
"जा सकते हैं .",448,0.17014327767943363
"से पता चला है",448,0.5892580323299739
"किसी भी प्रकार का",448,0.2298297326028843
"मानी जाती है ।",448,0.7768599155686771
"लगाए गए । </s>",448,0.9999972609458699
"ये भी कहा कि",448,0.6234698373061252
"कदम है । </s>",448,0.9999904172144725
"मांग कर रहे थे",447,0.34149300965549406
"टी2 0 विश्व कप",447,0.9999979486756285
"प्रवेश किया । </s>",447,0.99999600597942
"को सोशल मीडिया पर",447,0.8310012018860693
"घोषित किया गया है",447,0.44830206661315253
"ट्वीट करते हुए लिखा",447,0.6762653745493022
"हो पाई । </s>",447,0.9999999955479284
"कोरोना वायरस महामारी के",447,0.5382126685921421
"के लिए . </s>",447,0.7002375450478988
"ने कहा कि '",447,0.007267914269277836
"मैदान में हैं ।",447,0.7554306985975104
"लग सकता है ।",447,0.6840550323628475
"G बिड़ला एसएल एफटीपी",447,0.8776053865309269
"जारी रही । </s>",446,0.9999999993964437
"<s> बताते हैं कि",446,0.9997866502853102
"लौट गए । </s>",446,0.9999972486631159
"02 2021 तक विनिमय",446,0.9997542361351657
"प्रसिद्ध है । </s>",446,0.9999903742423399
"जा रहे हैं और",446,0.036495151709454804
"एफएमपी - सीरीज -",446,0.760200133762166
"की चपेट में आकर",445,0.12498068585693053
"<s> जिले में कोरोना",445,0.21131542969747627
"से एक दिन पहले",445,0.7846255027966887
"को दिया । </s>",445,0.9999954591371942
"पड़ा है . </s>",445,0.9999575113610839
"भी मौके पर पहुंच",445,0.5165730110235852
"की गिरफ्तारी के लिए",445,0.4813744335388067
"मीडिया पर काफी एक्टिव",445,0.6175797474736694
"से होगी । </s>",445,0.9999841951180048
"पर सुनवाई करते हुए",445,0.9999991199069256
"लगती हैं । </s>",445,0.9999886755634355
"रोक लगा दी गई",445,0.2431268203702188
"पाए जाते हैं ।",445,0.6238699555589862
"सफलता मिलेगी । </s>",444,0.9999814593993736
"धूमधाम से मनाया गया",444,0.599218766205143
"केजरीवाल ने कहा कि",444,0.864346485281119
"बनी हुई है .",444,0.15227450224182068
"से गिरफ्तार कर लिया",444,0.957956731325637
"कर लिया गया था",444,0.10230251423601527
"चाहती है . </s>",444,0.9999574156659513
"लग रही है ।",444,0.745183901301899
"<s> मंत्री ने कहा",443,0.8344056909566345
"तैयार किया जा रहा",443,0.7856544945288385
"समारोह का आयोजन किया",443,0.904083502283783
"में गिरफ्तार किया गया",443,0.5733797573629917
"समिति की ओर से",443,0.9996697174380138
"होते थे । </s>",443,0.9999954071619428
"से होता है ।",443,0.7822867154832731
"नहीं है ? </s>",443,0.999954393542565
"रनों की पारी खेली",443,0.7920273301417102
"<s> इसके अलावा उन्होंने",443,0.058729421013237366
"के लिए राज्य सरकार",442,0.5377598245049889
"के लिए जाने जाते",442,0.7040843586405362
"कमी नहीं है ।",442,0.8122405249683579
"बीत जाने के बाद",442,0.8664181282409051
"लक्ष्य है । </s>",442,0.9999902871314109
"साबित हो रहा है",442,0.9997863429317134
"से चली आ रही",442,0.9999986421298412
"के समाधान के लिए",442,0.9581581643901818
"बता दें कि पिछले",442,0.03917598669813743
"करवाया है । </s>",442,0.9999902871314109
"चेतावनी दी है ।",442,0.5062076439388553
"बनाई जा रही है",441,0.8051089270095553
"के लिए आवेदन किया",441,0.15107286451095672
"की कोशिश की .",441,0.07650425438187235
"की कमी है ।",441,0.7275976451027938
"साथ ही यह भी",441,0.9997254937344829
"नहीं किया जाता है",441,0.6621079314732715
"सामने आए हैं .",441,0.20074065692001103
"दर्ज कर जांच शुरू",441,0.8407182544732452
"आयी है । </s>",441,0.9999902651067656
"हूं । "" </s>",441,0.9999998967540392
"विधानसभा चुनाव से पहले",441,0.8325112431524472
"आम आदमी पार्टी ने",441,0.13899554568042977
"24 घंटों के दौरान",441,0.9267868711677879
"ही होता है ।",440,0.7112775649011094
"से बात की ।",440,0.26421910973598595
"की सूचना मिलने पर",440,0.6503822601858825
"प्रवक्ता ने बताया कि",440,0.999926695585612
"विभाग के अधिकारियों ने",440,0.26588756116543727
"हो सकेगी । </s>",440,0.9999999941875923
"<s> एक अधिकारी ने",440,0.9473253059067702
"कर पाए । </s>",439,0.9999999962041759
"देखा गया था ।",439,0.7171647598292906
"के लिए अलग से",439,0.3903991642187853
"चलती है । </s>",439,0.9999902207564547
"रद्द कर दिया गया",439,0.4236202467803063
"बड़ी संख्या में लोग",439,0.37037219421014933
"सुशांत सिंह राजपूत के",439,0.2535188187002484
"बढ़ गई है ।",438,0.9288619519328428
"बातचीत में कहा कि",438,0.8761431703346533
"उम्मीद है . </s>",438,0.9999568323189095
"के इस दौर में",438,0.9999989621862532
"<s> इसी तरह से",438,0.475939706184852
"की तैयारी कर रहा",438,0.20873709444752886
"उपयोग करें । </s>",438,0.9999896021642988
"सील कर दिया गया",438,0.5456041883677643
"लेना - देना नहीं",438,0.93749486920026
"से की थी ।",438,0.7474401643506228
"खारिज कर दिया है",437,0.2862567365242128
"आयोजन किया गया है",437,0.07808997825154465
"दिए गए हैं .",437,0.11110710594200168
"का सिलसिला जारी है",437,0.8100842300067831
"की शुरुआत की है",437,0.19105044772491023
"कर दी गई हैं",437,0.06086928967707536
"लिए बता दें कि",437,0.8771570146493041
"नहीं आ रहे हैं",437,0.7165230394517176
"के रूप में देखा",437,0.02101640923185995
"होने लगा है ।",437,0.8438088755242977
"डाल दिया । </s>",437,0.9999953760092711
"कर दिया है और",437,0.02631154589316916
"कुमार का कहना है",436,0.9998399509435733
"व्यवस्था है । </s>",436,0.9999901534680817
"अलग - अलग स्थानों",436,0.07617879358856129
"आई थी . </s>",436,0.9999672466371223
"देश की राजधानी दिल्ली",436,0.7077352443524506
"की सूचना पुलिस को",436,0.9999985261244149
"उन्होंने कहा कि आज",436,0.017491486826920408
"में लिया गया है",436,0.47093113810953746
"करने वालों के खिलाफ",436,0.5152062919317709
"घटना सामने आई है",436,0.8544786205432737
"की और कहा कि",435,0.9996700907483671
"का उपयोग करने के",435,0.3894066969798966
"घायल हो गए थे",435,0.09056244715527546
"करने के लिए आपको",435,0.013769215032848333
"ने शनिवार को कहा",435,0.3602576175885491
"में काम किया है",435,0.4148664183611036
"उम्मीद की जा रही",435,0.8292734702919687
"देश की सबसे बड़ी",435,0.7247489726826997
"शुरू हो जाएगी ।",434,0.7967224324515403
"<s> लंबे समय से",434,0.5648182534186118
"तरह - तरह की",434,0.37127135677348977
"करा सकते हैं ।",434,0.8271551050162201
"देते है । </s>",434,0.9999901080923587
"पर होगा । </s>",434,0.9999827011276732
"की योजना बनाई है",434,0.4235732051668449
"करना चाहती है ।",434,0.6869694894559331
"नहीं होता . </s>",434,0.9999018363788431
"करने का मामला सामने",434,0.6980776976326797
"दावा किया है ।",433,0.2586419226996808
"लगा दिया गया है",433,0.5877213279440351
"सफल बनाने के लिए",433,0.9996503517826598
"मौका है । </s>",433,0.9999900852473063
"ने टॉस जीतकर पहले",433,0.8899029857220747
"का आग्रह किया ।",433,0.365677040913282
"<s> Rojgarlive . c",433,0.9999978322957321
"<s> रिपोर्ट्स के मुताबिक",433,0.7549354895125343
"शुरू हो रहा है",432,0.9997813971662438
"अपने करियर की शुरुआत",432,0.8579138845366626
"बन सकते हैं ।",432,0.7755549197137516
"को इस बारे में",432,0.9999999987629504
"ने यह भी बताया",432,0.18460351538616018
"राहत मिली है ।",432,0.8544530401083326
"ने कहा कि जो",432,0.007025670599918758
"के लिए जरूरी है",431,0.7744864962356044
"पता नहीं चल सका",431,0.38633811220305453
"नहीं मिल रही है",431,0.6851020993295618
"लॉन्च किया है ।",431,0.7565701805466253
"रन की पारी खेली",431,0.7479711629922136
"मीडिया से बात करते",431,0.8565413443245463
"विभाग के अधिकारियों को",431,0.2600944998250771
"मदद करते हैं ।",431,0.7326977203846357
"में सक्षम है ।",431,0.8030300251113733
"करने का आग्रह किया",431,0.9181429599480382
"आने वाले हैं ।",431,0.6574165884813878
"मामले सामने आने के",431,0.8158812782397599
"घटना की सूचना मिलते",431,0.28766862329241144
"<s> नयी दिल्ली ।",430,0.8235385476233875
"लिया जाए । </s>",430,0.9999843162214017
"बारे में बात की",430,0.2007935070366586
"को नोटिस जारी कर",430,0.40073993184343665
"में उपलब्ध है ।",430,0.8026101090796072
"एक व्यक्ति की मौत",430,0.7856469417596513
"संक्रमण को देखते हुए",430,0.9998720196437388
"कम है . </s>",430,0.9999560291992613
"बचा है । </s>",430,0.9999900160746131
"ले ली । </s>",430,0.9999999992351949
"सूचना मिलते ही पुलिस",430,0.5570033496400726
"<s> कार्यक्रम के दौरान",430,0.48977778145036793
"का होगा । </s>",430,0.9999825402079305
"जाना होगा । </s>",430,0.9999825402079305
"करता रहा । </s>",429,0.9999955562195556
"का होता है ।",429,0.7305383804064896
"बताया कि जिले में",429,0.6560837100072354
"तक चलेगी । </s>",429,0.9999999924949682
"बारिश हो रही है",429,0.8797354439572393
"विदेश मंत्री सुषमा स्वराज",429,0.9999994886110727
"हो चुका है और",429,0.07774760037241321
"निर्देश दिए थे ।",429,0.8639780403322703
"लोग गंभीर रूप से",428,0.9999998352427507
"के नियमों का पालन",428,0.7886951101836978
"<s> जांच के दौरान",428,0.47626561960277664
"होती रही । </s>",428,0.9999999993710603
"जिम्मेदारी है । </s>",428,0.999989969420756
"कप्तान विराट कोहली ने",428,0.3861718928943031
"सही है । </s>",428,0.999989969420756
"2019 - 20 में",428,0.48136341885427303
"मुश्किल हो गया है",428,0.7255748443412172
"चले गए थे ।",428,0.8002971068580461
"दी गई थी .",428,0.14407115464760115
"में हाल ही में",428,0.9999780980162771
"रही है ? </s>",428,0.9999527951854118
"संक्रमित मरीजों की संख्या",428,0.8517799115547154
"और डॉ . </s>",427,0.9999999952022877
"<s> रायपुर . </s>",427,0.99999965720294
"बनाती है । </s>",427,0.9999899459299383
"को सफल बनाने के",427,0.5743452214428102
"<s> मौजूदा समय में",427,0.9999987594038426
"ने रविवार को कहा",427,0.40884811101339574
"मरीजों की मौत हो",427,0.4944739302910015
"जीत दर्ज की थी",427,0.25004557517683623
"सफल रहे । </s>",427,0.9999952808232109
"जोर - शोर से",427,0.9999978254349456
"शपथ ली । </s>",427,0.9999999992298216
"कहना है कि जब",427,0.028419002015759805
"आम आदमी पार्टी आप)",427,0.13457148674141847
"सामने आया था ।",427,0.6630891333657436
"जा सकेगी । </s>",427,0.9999999940106339
"पर रही । </s>",427,0.9999999993695875
"मांग की गई ।",426,0.29330728240013426
"<s> आज के समय",426,0.35743850576760294
"आ जाता है ।",426,0.6352162698218962
"संक्रमित पाए गए हैं",425,0.5268867927985534
"दे दी है .",425,0.17286910405083217
"पर चर्चा की गई",425,0.2922747845613643
"पहुंची पुलिस ने शव",425,0.4177486708360993
"छात्र - छात्राओं के",425,0.15252173188799975
"उन्होंने कहा कि भारत",425,0.017074057267253893
"<s> ऐसा नहीं है",425,0.5940305808815062
"समय आ गया है",425,0.9989560059779384
"लेते थे । </s>",424,0.9999952013508034
"में किसी तरह की",424,0.6116724494106096
"<s> पुलिस ने मौके",424,0.03754847725910698
"जाना जाता है .",424,0.16573518666837025
"तहरीर दी है ।",424,0.9995532141874987
"भी दिया । </s>",424,0.9999952342359704
"से कम से कम",424,0.9999998185269089
"काम किया था ।",424,0.7043496737708689
"श्रीवास्तव ने बताया कि",424,0.9999239293812954
"रखा जा रहा है",424,0.9393049023870066
"की तारीफ करते हुए",424,0.9433618705535075
"बने थे । </s>",424,0.9999952013508034
"ने कहा कि यदि",424,0.006898706271426236
"की पूर्व संध्या पर",424,0.9999987148110842
"खत्म हो गया है",424,0.4798289230909946
"के लिए किसी भी",424,0.5271336833550985
"<s> अमित शाह ने",424,0.8102624136129378
"आयोजित किया जाएगा ।",423,0.8972675687632959
"पेश किया गया है",423,0.298579713887246
"से चल रही है",423,0.5942064926576488
"पड़ा था । </s>",423,0.9999948327381073
"मदद करेगा । </s>",423,0.9999779110034196
"अर्चना की । </s>",423,0.9999961800036627
"को मजबूर हैं ।",423,0.8733059593254668
"करने के साथ -",423,0.23571308911369862
"के मामले में भी",423,0.07088550985608816
"बनाना है । </s>",423,0.9999898508559897
"दे दी गई ।",422,0.2893169810830852
"केस दर्ज किया है",422,0.3995762249526105
"इंडियन प्रीमियर लीग आईपीएल)",422,0.4185414957329192
"का काम कर रही",422,0.3643516239145419
"एक दिन पहले ही",422,0.7435878946332596
"माता - पिता की",422,0.12403575633406372
"पर आरोप है कि",422,0.9997581570786532
"निधन हो गया था",422,0.18725324961665857
"से जूझ रहा है",421,0.9027792490075538
"माना जा रहा था",421,0.10346157412733681
"के लिए सबसे पहले",421,0.1991243641020541
"मिल रही है .",421,0.17105963804282204
"प्रवक्ता ने कहा कि",421,0.9223390808457713
"को संबोधित करेंगे ।",421,0.7524755555888494
"ने बताया कि सभी",421,0.008989639742261649
"का आरोप लगाया गया",421,0.09493172684308303
"नहीं होगी . </s>",421,0.9999568237764564
"शनिवार को कहा कि",421,0.9328402951181711
"<s> ऐसा लगता है",421,0.9999209561917433
"लेती हैं । </s>",420,0.9999880014898305
"की अलग - अलग",420,0.9999594525641189
"<s> कोलकाता । </s>",420,0.9999999832309445
"<s> बार - बार",420,0.9999997024422045
"तैनात हैं । </s>",420,0.9999880014898305
"का काम किया ।",420,0.21125374148856413
"मरीजों की संख्या में",420,0.30012728123226723
"प्रदर्शन किया है ।",420,0.6710406768219532
"स्वास्थ्य एवं परिवार कल्याण",420,0.9999969912273429
"बरामद की है ।",420,0.9176513876577397
"सीएमओ डा . </s>",420,0.9999999892192059
"<s> वे कहते हैं",420,0.914410242523156
"अपने साथियों के साथ",419,0.9998901433080913
"साफ कर दिया है",419,0.4763043680010805
"कहा है कि वे",419,0.04814540268660112
"सामना करना पड़ता है",419,0.932460762410655
"मौजूद थे . </s>",419,0.9999697553105308
"को परेशानी का सामना",419,0.9995522699675863
"कराया गया है .",419,0.1429828074775795
"टी2 0 वर्ल्ड कप",419,0.9999987662600652
"का उपयोग कर सकते",419,0.5681235748671271
"मंत्री राजनाथ सिंह ने",419,0.6780723723774503
"से किया जा रहा",419,0.6986602153224523
"की उम्मीद है .",418,0.17163040123090537
"तहत मामला दर्ज किया",418,0.5875872513268905
"अध्यक्ष अमित शाह ने",418,0.4518676189781223
"का वादा किया था",418,0.46241624749928284
"से पूछा गया कि",418,0.7164956692113335
"वीडियो वायरल हो रहा",418,0.7718832788950809
"करने के लिए अपने",418,0.013260986463954124
"करवाया था । </s>",418,0.9999947709287544
"ने बताया कि अब",418,0.008934665543932368
"के निर्देश दिए थे",418,0.08520321485333598
"नहीं ले रही है",417,0.5944774279326663
"याचिका में कहा गया",417,0.7109934854581569
"होने का नाम नहीं",417,0.853576343689028
"के साथ काम कर",417,0.19191918869044905
"कारण यह है कि",417,0.9999752630399881
"नजर आईं । </s>",417,0.9999999925194426
"नहीं रहे । </s>",417,0.9999951676535036
"को अंजाम दिया गया",417,0.20362762505258897
"के लिए जिला अस्पताल",417,0.42953899566585846
"मामले की जांच शुरू",417,0.09964818839096531
"ली जा रही है",417,0.8950852268270789
"ने आज कहा कि",416,0.9999991055355936
"सही नहीं है ।",416,0.7284459547338374
"की सलाह दी जाती",416,0.20578635421182256
"ने कहा कि हमने",416,0.0067525075928471364
"खुलासा हुआ है ।",416,0.5133598178344917
"को मिलता है ।",416,0.6740300261459006
"माने जाते हैं ।",416,0.7428066540252058
"सूचना दी गई ।",416,0.6349774589944085
"बढ़ा दी गई है",416,0.8292204805538418
"- ऊि्‌ । </s>",416,0.9999999791627122
"में इस बात का",416,0.4255544518307231
"उन लोगों के लिए",416,0.6619082971265527
"में शामिल होंगे ।",416,0.7582477707536274
"के संपर्क में आने",416,0.2688291049819289
"हुए नजर आ रहे",415,0.7123604882155149
"से बाहर कर दिया",415,0.9999981938715921
"साथ मौके पर पहुंचे",415,0.6400054699591315
"जवाब दिया । </s>",415,0.9999951308820517
"टॉस जीतकर पहले बल्लेबाजी",415,0.703767648081645
"खारिज कर दिया ।",415,0.27208376294339137
"किसी भी प्रकार के",415,0.21287263276257776
"दर्ज की थी ।",415,0.7268310777514259
"दे चुके हैं ।",415,0.7152657609157118
"आयोजन किया गया था",415,0.0740174948912987
"गिर गए । </s>",415,0.9999970431415656
"शेयर किया है .",415,0.3157226982209524
"विकसित करने के लिए",415,0.9993061481512111
"रूप में हुई ।",415,0.26502983464954444
"शिकायत की थी ।",415,0.6405968820860025
"मिला था . </s>",415,0.9999615011705258
"D डीएसपी - बीआर",415,0.9999987756445591
"मौत हुई । </s>",414,0.9999946347307912
"में रहने वाले लोगों",414,0.3272958870793311
"रविवार को कहा कि",414,0.9381201204042976
"होने हैं । </s>",414,0.9999878275983787
"<s> यह पूछे जाने",414,0.999998629231864
"देखने को मिलेगा ।",414,0.7878649070560214
"ने बताया कि घटना",414,0.008838117966346506
"की प्राप्ति होती है",414,0.9999990492509183
"की पूजा की जाती",414,0.7129362303507262
"में भेज दिया गया",414,0.49236965037834574
"की अनुमति दे दी",414,0.9999978780517179
"मंत्रालय ने कहा कि",414,0.7232377002086695
"बाद एक बार फिर",414,0.9996508079907676
"प्रावधान किया गया है",413,0.8570883752281009
"में जुटी हुई है",413,0.7708282670202966
"शुरुआत की थी ।",413,0.6523566960080117
"व्यक्ति की मौत हो",413,0.7921062237186764
"बढ़ा दिया है ।",413,0.7857714816237011
"के साथ बैठक कर",413,0.2271477172799162
"अब तक का सबसे",413,0.9420810079021815
"कर रही है कि",413,0.02604356611521877
"फिल्मों में काम किया",413,0.5264522504000534
"की सलाह दी है",413,0.20431078845051467
"है कि किसी भी",413,0.564635278206658
"ने की है ।",413,0.828225121337164
"G डीएसपी - बीआर",413,0.9999987697154771
"उन्होंने कहा कि कांग्रेस",412,0.016519137223195337
"देख सकते हैं कि",412,0.2240692098076661
"कहा कि देश के",412,0.2533988601050708
"प्रतीक है । </s>",412,0.9999895798836981
"सामना करना पड़ा था",412,0.19539146826031198
"पुलिस ने गिरफ्तार किया",412,0.3562663051865636
"कि इस तरह की",412,0.37310819660777744
"रखती हैं । </s>",412,0.9999877685090505
"कर जांच शुरू कर",412,0.8260637618089636
"आरोपियों को गिरफ्तार कर",412,0.518517442345127
"बुलाया गया । </s>",412,0.9999963617568611
"और इंग्लैंड के बीच",412,0.9166188542085889
"से हुआ । </s>",412,0.9999941445869847
"कह सकते हैं कि",412,0.62041424060954
"होने लगा । </s>",412,0.9999999986113802
"का प्रयास कर रही",412,0.3328264941664069
"दिया जायेगा । </s>",412,0.9999999974637872
"करने के लिए प्रेरित",412,0.013045461444200858
"में किसी भी तरह",412,0.4373735120609837
"में नजर आ रहे",412,0.2962939616165485
"मंदिर निर्माण के लिए",412,0.9994763832369266
"में पहले से ही",412,0.8772038855951995
"- आई पी D",412,0.4353485222971877
"हो चुका था ।",411,0.7036178595957548
"सनसनी फैल गई ।",411,0.671219943376851
"लाया गया था ।",411,0.7626238368544228
"मंत्री अमित शाह ने",411,0.48769901159545825
"ने बताया कि अभी",411,0.008776128795454882
"मुश्किल हो जाता है",411,0.9998442577148691
"से की जा रही",411,0.8260413090427382
"ऐसा माना जाता है",411,0.9998350245774391
"कार्रवाई शुरू कर दी",411,0.9989583419291274
"नहीं दिया गया है",411,0.354976342542209
"सुरक्षित है । </s>",411,0.9999895545306171
"कही गई है ।",411,0.789679157989063
"उड़ गए । </s>",410,0.9999970070823163
"<s> वाशिंगटन । </s>",410,0.9999999803240155
"<s> कुछ समय पहले",410,0.4806596099775893
"शादी की थी ।",410,0.6789212834277943
"भी जारी है ।",410,0.7222760213549132
"हमला बोला । </s>",410,0.9999999875068678
"ने पुलिस को सूचना",410,0.17497179912589433
"2020 - 21 के",410,0.36742044280077873
"शामिल किया गया था",410,0.1844034415358161
"रन बनाए थे ।",410,0.6680045000986149
"को इस बात की",410,0.40319070146989944
"नहीं चल पाया है",410,0.7555098183183673
"काम किया . </s>",409,0.999941910867909
"जाहिर की । </s>",409,0.999996049245842
"उन्होंने कहा कि देश",409,0.01641702719264226
"में भाग लिया ।",409,0.6052505843598934
"<s> इस दौरान पुलिस",409,0.03580225839415151
"पड़ गया । </s>",409,0.9999963350704812
"बारे में बताने जा",409,0.7961095931712636
"जूझ रहे हैं ।",409,0.7351810022357842
"भी मौजूद रहे ।",409,0.8753628710929665
"रह गए हैं ।",409,0.8182868540449382
"मरीज मिले हैं ।",408,0.891823639728153
"साथ ही उन्होंने कहा",408,0.5621480403609792
"लगती है . </s>",408,0.9999536582247116
"बुरा हाल है ।",408,0.8940302524164179
"किया गया था कि",408,0.03109338283338967
"वायरस की वजह से",408,0.9999469460756938
"उन्होंने कहा कि जब",408,0.01637432608213686
"चिंता का विषय है",408,0.7934956009375912
"लगातार जारी है ।",408,0.7687501055468903
"की पूजा - अर्चना",408,0.9498012459665055
"को हटाने के लिए",408,0.8736078250609466
"लोगों ने कहा कि",408,0.9412648846693952
"को गंभीरता से लेते",408,0.4176974867840377
"प्रयोग किया जाता है",408,0.9524357240905286
"पड़ रहा है .",407,0.1179649564438219
"नहीं रहा है ।",407,0.7621388518275792
"करने की जरूरत नहीं",407,0.21734562767704166
"परिजनों ने बताया कि",407,0.9999207519844454
"जाता हैं । </s>",407,0.9999876182450339
"दे रहा है .",407,0.159257310030657
"<s> आज का दिन",407,0.724998982543745
"पड़ सकता है ।",407,0.8431595041242468
"<s> पी . </s>",407,0.9999999172893357
"सुबह 10 बजे से",407,0.7911819986433636
"में शामिल हैं ।",407,0.7514479095287049
"साथ बैठक की ।",407,0.6477921183789793
"ठीक है । </s>",407,0.9999894518724414
"को नोटिस जारी किया",407,0.3800988252464215
"प्रदान की । </s>",407,0.9999960298318166
"एक वीडियो शेयर किया",407,0.7891055552180597
"में बड़े पैमाने पर",406,0.9999999794991977
"निर्धारित किया गया है",406,0.7492926141327392
"का इलाज चल रहा",406,0.999999343712712
"में हड़कंप मच गया",406,0.9999993183858342
"तहरीर दी । </s>",406,0.999997286124503
"हो जाती है और",406,0.07857536848879129
"भाजपा के राष्ट्रीय अध्यक्ष",406,0.6303742354569073
"का गठन किया है",406,0.17515013922592917
"द्वारा किया गया ।",406,0.5997805354141255
"<s> इस राशि के",406,0.6708080704496387
"अर्पित की । </s>",405,0.9999960102260478
"परिजनों को सौंप दिया",405,0.9382807328352337
"शुरू की थी ।",405,0.7670082731074019
"कह रहे हैं ।",405,0.28137801841493676
"ने बताया कि दोनों",405,0.008645024538582567
"प्रधानमंत्री नरेंद्र मोदी से",405,0.04352474123279155
"करता हूं . </s>",405,0.9366264438870601
"भाग लेंगे । </s>",405,0.9999726140873176
"में मदद मिलती है",405,0.9999993977054007
"उन्होंने कहा कि प्रदेश",405,0.01623652558922309
"केस दर्ज किया गया",405,0.38437161515904894
"रखा जा सकता है",405,0.928017111295398
"ने बताया कि उनकी",405,0.008657005215994515
"जीते हैं । </s>",405,0.9999875571005649
"से अधिक उम्र के",405,0.841072081124779
"की पारी खेली ।",405,0.5304325313146192
"में आम आदमी पार्टी",405,0.9493239538829181
"मुखबिर की सूचना पर",405,0.9261031094491969
"<s> इस संदर्भ में",405,0.9999999368518445
"ने गुरुवार को कहा",404,0.3778579526355594
"का मौका मिलेगा ।",404,0.8289038780431189
"अंजाम देने के बाद",404,0.6679839067027349
"साफ हो गया है",404,0.6853709788956343
"ने अपने बयान में",404,0.9993941061723662
"जताई थी । </s>",404,0.9999951961563264
"करने होंगे । </s>",404,0.999984982146533
"- डॉ . </s>",404,0.9999999949291506
"है कि इस मामले",404,0.09293007875727853
"<s> साथ ही कहा",404,0.04661375434588122
"मौजूद है . </s>",404,0.9999531993952534
"<s> कार्यक्रम की अध्यक्षता",404,0.620333171360931
"अयोध्या में राम मंदिर",404,0.9364372599896017
"आ रहा है कि",404,0.08761175332270073
"इंतजार कर रहे थे",404,0.33317971026335114
"जेल भेज दिया है",404,0.2313232836194662
"रिपोर्ट पॉजिटिव आई है",404,0.664551219465522
"के आधार पर पुलिस",404,0.07982562967113313
"दिया जाना चाहिए ।",403,0.6446534059735958
"कोरोना पॉजिटिव पाए गए",403,0.828526531710255
"सामने आ रही हैं",403,0.28731663861755924
"जैन ने बताया कि",403,0.9999199654036458
"जुड़ा है । </s>",403,0.9999893471763861
"मौका मिला । </s>",403,0.999991714829021
"बीते 24 घंटे में",403,0.8415866515478149
"<s> कानपुर । </s>",403,0.9999999821754288
"के साथ मारपीट की",403,0.39369731076044817
"नजर आने वाले हैं",403,0.8766626085337192
"प्राप्त है । </s>",403,0.9999893471763861
"शामिल हो सकते हैं",403,0.9998124019986654
"पर रखा गया है",402,0.6242011515216584
"बोला है । </s>",402,0.9999893206768249
"तलाश शुरू कर दी",402,0.998935021226048
"लिए पूरी तरह से",402,0.6674153136098652
"में थे . </s>",402,0.9999684763062496
"रावत ने कहा कि",402,0.9426439343009777
"स्थान है । </s>",402,0.9999893206768249
"के लिए बनाए गए",402,0.9366230056068551
"लगा रहा । </s>",402,0.99999525775669
"कार्य कर रही है",402,0.8158433196737246
"नहीं आ रही है",402,0.6746917612871985
"जा रहा । </s>",402,0.99999525775669
"जा सकती हैं ।",402,0.8194647062845021
"खास बात ये है",402,0.8800294647812976
"में होती है ।",402,0.7122212373974329
"लिए आज का दिन",402,0.9997300391145343
"कराने के निर्देश दिए",402,0.8874375069805398
"के लिए आवेदन कर",402,0.13775810317994538
"की अनुमति दी गई",401,0.2937474636728891
"में जानकारी देते हुए",401,0.9998922180977838
"प्राप्त की । </s>",401,0.9999959704278039
"का दौर जारी है",401,0.7867156593515277
"कहते हैं . </s>",401,0.9320484577460519
"ट्वीट कर कहा कि",401,0.608056331194013
"भी कहा था कि",401,0.9425049148404686
"नहीं हुआ . </s>",401,0.9999342142711034
"चल रहा है और",401,0.049823744082720715
"इनकार कर दिया है",401,0.20988341943404662
"बनते हैं । </s>",401,0.9999874329818673
"ऐलान कर दिया है",401,0.5733248751559157
"सामना कर रहे हैं",401,0.898950462848077
"मुझे उम्मीद है कि",401,0.9990487792251099
"को अपने कब्जे में",401,0.9999991705201676
"के फैसले के बाद",401,0.5057826161324277
"भी दिया गया है",401,0.6161630981943219
"दे सकती है ।",401,0.7978954840275774
"कार्रवाई की गई ।",401,0.4170738366817424
"उन्होंने कहा कि भाजपा",401,0.016083589012738517
"विशेषज्ञ डॉ . </s>",401,0.999999994891214
"थाना क्षेत्र के एक",400,0.20142049072149204
"महिला की मौत हो",400,0.7382859393030059
"कयास लगाए जा रहे",400,0.9997606947639837
"की दूसरी लहर के",400,0.3490407896500758
"अफरा - तफरी मच",400,0.6135342607487811
"ने मामले की जांच",400,0.39406487081740205
"<s> कोरोना वायरस से",400,0.12742852671312802
"ले लिया था ।",400,0.7694342944381607
"<s> हिमाचल प्रदेश के",400,0.4041445330376148
"चाहती थी । </s>",400,0.9999951481178896
"कोई लेना - देना",399,0.9999972391919281
"<s> जगह - जगह",399,0.9999994027864183
"ने कहा कि हमें",399,0.006481453821113294
"है कि जब तक",399,0.3508592154479322
"नाम दिया गया है",399,0.6939901736505172
"जांच की जाएगी ।",399,0.8424539956543748
"प्रधानमंत्री अटल बिहारी वाजपेयी",399,0.9469396682042878
"जिक्र करते हुए कहा",399,0.725893130296946
"झटके महसूस किए गए",399,0.9999981311216868
"नहीं लिया । </s>",399,0.9999966276719783
"ने राहत की सांस",398,0.9990733928486746
"आ चुकी है ।",398,0.7222689305352469
"भारत की तरफ से",398,0.9996563924647439
"<s> लोकसभा चुनाव के",398,0.33543555166056377
"ने कहा कि दिल्ली",398,0.0064649428684759895
"<s> इंडियन प्रीमियर लीग",398,0.9999999666152909
"की गयी . </s>",398,0.9999999234209106
"ने अपने - अपने",398,0.9999361583517579
"मामला प्रकाश में आया",398,0.9222111141944203
"कांग्रेस नेता राहुल गांधी",398,0.9999986301098907
"होने के बाद ही",398,0.053583173775921054
"<s> बैठक के दौरान",397,0.5362966140032697
"करना पड़ा था ।",397,0.7344805270687141
"का उपयोग किया जाता",397,0.3604447879203086
"आग लगा दी ।",397,0.5271058867562369
"रखते हैं . </s>",397,0.9999532560309173
"चपेट में ले लिया",397,0.8963404448998925
"की कोशिश की तो",397,0.06884063213711326
"उन्होंने कहा कि राज्य",397,0.015922157144231317
"पूरी होने के बाद",397,0.9988531104676678
"पर पूरी तरह से",397,0.8190373480660967
"है कि इस तरह",397,0.09122370398505986
"है कि आने वाले",397,0.9998101735716152
"शुरू हो गया था",397,0.10453078211771148
"<s> निरीक्षण के दौरान",396,0.809099665639009
"प्रभारी डॉ . </s>",396,0.9999999948267091
"चपेट में आ गया",396,0.2686458257957874
"नहीं कर सकता है",396,0.3056209937534
"डाउनलोड करने के लिए",396,0.7255935951749181
"किया जाए . </s>",396,0.9998922122004358
"के लोगों के साथ",396,0.2268030203233678
"गंभीर बनी हुई है",396,0.9996801426440443
"प्रसाद ने बताया कि",396,0.9999185506506799
"पलट गया । </s>",396,0.9999962147571384
"<s> इसका मतलब है",396,0.49505951332997944
"जताते हुए कहा कि",396,0.8306638107213241
"एक - एक कर",395,0.22269505738998008
"लगाई जाएगी । </s>",395,0.9999859823028525
"तय किया गया है",395,0.508233242262116
"विकल्प है । </s>",395,0.9999891314229965
"ने ट्वीट करते हुए",395,0.9999991354230666
"नहीं किया है .",395,0.1753914522889866
"जांच के आदेश दिए",395,0.6222883914559058
"का नुकसान हुआ है",395,0.7184047773897425
"पेट्रोल और डीजल की",395,0.44179715841217965
"के पास है ।",395,0.7555357266093992
"निभा रहे हैं ।",394,0.7547528669898197
"रूप में की गई",394,0.5901567819291198
"काम करते थे ।",394,0.732464393570089
"शिकायत दर्ज कराई है",394,0.3734207345259435
"बात करें तो इसमें",394,0.17099185399002012
"पाती है । </s>",394,0.9999891038377756
"दर्ज किए गए हैं",394,0.46795783555734305
"<s> पिछले कुछ दिनों",394,0.33525592085304773
"दुकान है । </s>",394,0.9999891038377756
"<s> इसके बाद वे",394,0.020438285214720964
"करने के लिए कई",394,0.012500142898960755
"काबू पाया । </s>",394,0.9999999967976455
"खुलासा किया है ।",394,0.4909732641385132
"जीता है । </s>",394,0.9999891038377756
"मुख्यमंत्री ममता बनर्जी ने",393,0.5035407336056202
"स्थान पर रहे ।",393,0.8189145502142916
"की कोई कमी नहीं",393,0.9998617836694828
"बिग बॉस के घर",393,0.9090310969830427
"के साथ है ।",393,0.7403274436299666
"बनाया जाता है ।",393,0.7011573659646065
"हो जाता है तो",393,0.05515752507650307
"ग्रामीणों का कहना है",393,0.820021744214158
"नहीं मिल पा रही",393,0.37332380009893124
"की चेतावनी दी है",393,0.4389420529382382
"पार्टी के वरिष्ठ नेता",393,0.800720150078402
"का आग्रह किया है",393,0.33227243701612963
"की सराहना करते हुए",392,0.8780323410776217
"भी की है ।",392,0.7612432234900528
"के लिए ऑनलाइन आवेदन",392,0.7753245893975856
"बधाई दी है ।",392,0.817439845064581
"लौट रहा था ।",392,0.8988045730667513
"कोरोना वायरस के चलते",392,0.0970576860523629
"एक दूसरे के साथ",392,0.4474617793236067
"दिए जाते हैं ।",392,0.8274817621774128
"लगाए थे । </s>",392,0.9999948096243385
"<s> केंद्र सरकार के",392,0.17071099940189763
"में बताने जा रहे",392,0.9998714659242819
"देश है । </s>",392,0.9999890482451113
"उठा सकते हैं ।",392,0.800523326803093
"वाली थी । </s>",392,0.9999950490998873
"बढ़ रही है ।",392,0.8653629715357571
"चपेट में आ गए",392,0.2659419922458451
"प्रयास करें । </s>",391,0.9999883522965802
"के प्रधानमंत्री नरेंद्र मोदी",391,0.9999999891875943
"रहने की संभावना है",391,0.8828520250366215
"आ जाती है ।",391,0.6645438717560349
"पोस्टमार्टम के लिए भेजा",391,0.20562602664985755
"मिश्रा ने कहा कि",391,0.9126082982436305
"एक दर्जन से अधिक",391,0.7658724769183762
"के एक मामले में",391,0.9998229040624546
"की तलाश की जा",391,0.8012849836660331
"है कि वह अपने",391,0.1485090117386432
"करना पड़ा . </s>",391,0.9999998283125029
"के दौरान कहा कि",391,0.7645075241632047
"नहीं थे . </s>",391,0.9999675894504153
"करने वाली है ।",391,0.7568960165277856
"के एक अस्पताल में",391,0.9998706159823556
"पर क्लिक करें ।",391,0.7098984257605121
"पुलिस ने कहा कि",391,0.7970293494304396
"दो लोगों की मौत",391,0.8098946909979731
"हिरासत में भेज दिया",391,0.9999210044661307
"इस्तेमाल किया जा सकता",391,0.5579743308014975
"<s> उन्होंने दावा किया",390,0.9999986831904205
"यह भी कहा है",390,0.1023172695719628
"<s> इस दौरान एक",390,0.034156239417160054
"पत्र लिखा है ।",390,0.8184917392728056
"से हो रहा है",390,0.9321267951113
"कार्य चल रहा है",390,0.827032786122183
"शासन की ओर से",390,0.9996248328847183
"<s> दिल्ली के मुख्यमंत्री",390,0.4462326733198986
"आउट हुए । </s>",390,0.9999999991104291
"भाजपा के वरिष्ठ नेता",390,0.909448936336819
"उपलब्ध है . </s>",390,0.9999515193735445
"भी शामिल थे ।",390,0.8134921028744135
"था । "" </s>",390,0.9999998832526443
"की जांच कर रहे",390,0.21852582243415275
"के अधिकारियों के साथ",390,0.4861034461016668
"जागरूक किया । </s>",390,0.9999954222379506
"रह सकते हैं ।",390,0.7386760778833146
"में कोरोना वायरस का",390,0.10486725174361827
"इसकी जानकारी दी ।",389,0.5088419540899192
"खिलाफ मामला दर्ज किया",389,0.3907335398531072
"तैयारी कर ली है",389,0.7215636603878177
"बना ली । </s>",389,0.9999999991545856
"होने का अनुमान है",389,0.7611287027841239
"लगा दी थी ।",389,0.7453435228383553
"अनुमति देता है ।",389,0.904292245942874
"घेर लिया । </s>",389,0.9999965409797411
"का फैसला लिया गया",389,0.21445306293669633
"की ओर से कोई",389,0.02409454627687811
"<s> पिछले 24 घंटे",389,0.5904044982283896
"खेल रहे हैं ।",389,0.6550180662784466
"होने वाले विधानसभा चुनाव",389,0.734582436307925
"पर डॉ . </s>",389,0.9999999947336164
"देखा जाता है ।",389,0.5509187001018486
"अधिकारियों के साथ बैठक",389,0.56858853477512
"में इस तरह के",388,0.3482163840614617
"<s> इस फिल्म को",388,0.12246323924780025
"कर देती है ।",388,0.6803801232615587
"कोरोना संक्रमितों की संख्या",388,0.7804679872143125
"योगी आदित्यनाथ ने कहा",388,0.504577055317313
"पहुंच चुकी है ।",388,0.7731084273150967
"प्रकाश में आया है",388,0.8458680341519365
"<s> उन्होंने ट्वीट किया",388,0.5000766839797572
"लक्ष्य रखा गया है",388,0.7970359243415054
"की गईं । </s>",388,0.9999999978939814
"में पिछले 24 घंटों",388,0.46181294574295
"मौजूद रहेंगे । </s>",388,0.9999824626257341
"में लगी है ।",388,0.7891648505261182
"प्रदान किया । </s>",388,0.999995398641239
"यह बात सामने आई",387,0.8339149190384018
"पा सकते हैं ।",387,0.7817734782263577
"बन सकती है ।",387,0.8171760094216696
"निधन हो गया है",387,0.17213525618806846
"कहा कि जब तक",387,0.4448791940527597
"से लड़ने के लिए",387,0.999998283679058
"कोरोना महामारी के कारण",387,0.24776460069593007
"काम करेगा । </s>",387,0.99997585621304
"फैसला लिया । </s>",387,0.9999965231036675
"रुपए की लागत से",387,0.9994818990054929
"कार्य कर रहे हैं",387,0.7415503955890831
"चर्चा हो रही है",387,0.8802520378434836
"पॉजिटिव पाए गए हैं",387,0.5725026246913144
"गये है । </s>",386,0.9999888780105793
"में इलाज के दौरान",386,0.4952384310549474
"को बार - बार",386,0.9999996762324505
"नहीं होते । </s>",386,0.9999999859518576
"<s> एक यूजर ने",386,0.9999990689024599
"में हो रहा है",386,0.922580255731825
"के राष्ट्रीय अध्यक्ष अमित",386,0.28228800678894056
"तलाश कर रहे हैं",386,0.7595251160603672
"भी किया था ।",386,0.728291625769932
"फीसदी है । </s>",386,0.9999888780105793
"सुप्रीम कोर्ट के फैसले",386,0.2778583988318161
"सामने आई है कि",386,0.14675663264391683
"करने की योजना बना",386,0.2975252943277753
"बंद रहेंगे । </s>",386,0.9999823717585099
"में कमी आई है",385,0.87973066814678
"में किया जाएगा ।",385,0.8682664244510714
"को जेल भेज दिया",385,0.9999306883880698
"2017 - 18 में",385,0.5388202563738146
"कांग्रेस के पूर्व अध्यक्ष",385,0.7022534815737989
"नहीं दी है ।",385,0.8147381091564458
"लगाते हैं । </s>",385,0.9999869107161787
"विनिमय दर का नवीनतम",385,0.9999962066782747
"दर का नवीनतम अपडेट",385,0.9999999932878371
"का नवीनतम अपडेट .",385,0.9999967799918198
"नवीनतम अपडेट . </s>",385,0.9999995372843632
"तैयार हैं . </s>",385,0.9999517990760368
"मदद मिलती है ।",385,0.7348395749388671
"का . . .",385,0.9256026603741541
"पहुंच गए थे ।",385,0.8390418462519842
"एक है . </s>",385,0.9999508897550191
"कहा कि किसी भी",385,0.804792456753732
"निर्देश दिया है कि",385,0.26060479411814746
"विभाग की तरफ से",385,0.9996447901323846
"हो गए हैं और",385,0.0596021677405962
"जांच चल रही है",385,0.9992807179782716
"की थीं । </s>",384,0.9999920727357997
"पर प्रकाश डाला ।",384,0.7808843524418191
"में कहा गया था",384,0.06941155878046652
"के खिलाफ रिपोर्ट दर्ज",384,0.9999966223437845
"style "" text -",384,0.9999970025935925
"से की है ।",384,0.8616240707337327
"पूर्व प्रधानमंत्री अटल बिहारी",384,0.999998809133269
"मीडिया रिपोर्ट के मुताबिक",384,0.5897841758844541
"करने का काम किया",384,0.3627042198895906
"माना जा सकता है",384,0.8622051068073743
"पसंद किया जा रहा",384,0.9991177014380168
"<s> दिल्ली पुलिस ने",383,0.4388396137436798
"नहीं हूं । </s>",383,0.9998947786584962
"दी जा चुकी है",383,0.8578723654541708
"उसकी हत्या कर दी",383,0.9311901546962292
"में जुटे हुए हैं",383,0.8205825720417578
"की ओर से भी",383,0.023705053309582443
"वन विभाग की टीम",383,0.7832327417888777
"<s> सूत्रों ने कहा",383,0.31878665117917526
"आ जाएगा । </s>",383,0.9999859706549622
"सोशल मीडिया पर खूब",383,0.04468795071115044
"तैयारी कर रहा है",383,0.8000998686180543
"घायल हो गए हैं",383,0.07988595835401398
"करने के बाद ही",383,0.07867505830551311
"की मौत की खबर",383,0.3563489004380656
"<s> कुछ दिनों पहले",383,0.500527901387748
"को भी शामिल किया",383,0.7678811183967176
"ने मामला दर्ज कर",383,0.8030358671306348
"अदालत में पेश किया",383,0.6659307219831752
"फांसी लगाकर आत्महत्या कर",382,0.8891197470648144
"बाहर से आने वाले",382,0.8072251890104382
"कर रही थीं ।",382,0.734684955070942
"इस्तेमाल किया गया है",382,0.5648529726439088
"किसी भी कीमत पर",382,0.9999968167523919
"पार्टी की ओर से",382,0.9996169759817806
"पड़ी थी । </s>",382,0.9999949194951724
"लिए प्रेरित किया ।",382,0.5623382066190522
"नुकसान हो रहा है",382,0.926298128696452
"तय की गई है",382,0.6615305900563527
"मीटर की दूरी पर",382,0.8348108716907366
"ने किया था ।",382,0.75487742265056
"निकल गए । </s>",382,0.9999967877061511
"<s> आपको बता दे",381,0.05778441904143548
"में हिस्सा लेने के",381,0.4910241397815379
"जवाब देने के लिए",381,0.999232269019921
"मिलना चाहिए । </s>",381,0.99996894850406
"परेशानी होती है ।",381,0.8595730073765997
"बनता जा रहा है",381,0.9997582885550224
"आदि ने बताया कि",381,0.9999153439833839
"पीएम नरेंद्र मोदी ने",381,0.3832498451703911
"<s> इसके अलावा इस",381,0.050522469992510186
"मिल सकते हैं ।",381,0.8342591469004718
"बच्चे हैं । </s>",381,0.999986773295876
"जन्म दिया । </s>",381,0.9999946963675892
"रखा जाए । </s>",381,0.9999822991475137
"करती हूं । </s>",380,0.9020601906455168
"से हुई है ।",380,0.784254315817083
"<s> लॉकडाउन के दौरान",380,0.369613615299834
"नहीं की जाएगी ।",380,0.9060169014854415
"के इर्द - गिर्द",380,0.9999967289965013
"<s> कम से कम",380,0.9999997975142352
"भी करते हैं ।",380,0.7318441486664431
"में शिकायत दर्ज कराई",380,0.6203235928891471
"की गई है कि",380,0.02509791851729864
"प्रसाद ने कहा कि",380,0.9191037679867572
"फरार है । </s>",380,0.99998870240022
"नहीं किया गया था",379,0.09563957679415261
"<s> ग्रामीणों का कहना",379,0.7265825564481844
"सत्ता में आने के",379,0.6912977996059716
"में सफल रहे ।",379,0.6048455753596124
"भी किया गया है",379,0.28742838066661075
"में रहेंगे । </s>",379,0.9999820461709362
"को जिला अस्पताल में",379,0.510399653776273
"समर्थन किया । </s>",379,0.9999952893741444
"भी कहना है कि",379,0.9999722274955363
"चौहान ने बताया कि",379,0.999914897249787
"का सामना करने के",378,0.530018252660288
"<s> देश भर में",378,0.7541129443552491
"जुटे हुए हैं ।",378,0.8407592369307485
"की सूचना दी ।",378,0.528804985264535
"पर काम करता है",378,0.8389012224803734
"हो जाता है कि",378,0.053188304694704
"कहा कि इस तरह",378,0.13628380579586036
"में किया गया है",378,0.24400407738396118
"में डा . </s>",378,0.9999999880213398
"देना चाहिए . </s>",378,0.999910388490114
"का निर्माण किया गया",378,0.2661814788233434
"देता हूं । </s>",378,0.9998933868418096
"तिवारी ने कहा कि",378,0.9462723998662937
"की साफ - सफाई",378,0.9994433082429299
"ऐसा लग रहा है",378,0.6131287514308581
"हुए कहा कि इस",377,0.053653513169372065
"बारे में पूछा गया",377,0.5299326025160382
"करने का आश्वासन दिया",377,0.9509356776186645
"भाजपा अध्यक्ष अमित शाह",377,0.9999996160502663
"ने बताया कि सोमवार",377,0.008042465354036977
"विशेषज्ञों का कहना है",377,0.9998149034785091
"जमकर नारेबाजी की ।",377,0.7986806388700906
"के तौर पर काम",377,0.08782664963212376
"रख दिया । </s>",377,0.9999946400956272
"दे दी थी ।",377,0.77792393463156
"से जुड़ा हुआ है",377,0.8990766563083585
"नहीं की जा रही",377,0.3207518167852264
"जाने के बाद से",377,0.1412321095426864
"को गोली मार दी",377,0.7438601815586323
"बना लिया है ।",377,0.7367077638394746
"लॉन्च कर दिया है",377,0.8369091945252897
"खिलाफ मुकदमा दर्ज कर",377,0.4013214077701696
"तलाश कर रही है",377,0.7396289345081298
"करने से मना कर",376,0.7109872964701054
"को इस संबंध में",376,0.9999999468414371
"करने की तैयारी कर",376,0.3144078398201318
"हम चाहते हैं कि",376,0.9983903629965403
"है और इसके लिए",376,0.48527652173940417
"तफरी मच गई ।",376,0.8605083593420056
"पर हमला बोलते हुए",376,0.9999988243772426
"भारतीय क्रिकेट कंट्रोल बोर्ड",376,0.999996569638776
"लग गए । </s>",376,0.9999967364461428
"को जान से मारने",376,0.879779953848573
"निगम की ओर से",376,0.9996108638963833
"व्यक्त की । </s>",375,0.9999956910441316
"सभी जानते हैं कि",375,0.8299803054422299
"कहना है कि अगर",375,0.024975809510949503
"<s> उसके बाद से",375,0.1934338073790191
"किया जाता है तो",375,0.03171595877558974
"भर्ती हैं । </s>",375,0.9999865616686101
"की सूचना पर पुलिस",375,0.4035470447629743
"ठाकुर ने बताया कि",375,0.9999139894871181
"<s> पुलिस ने कहा",375,0.03317848339685029
"2018 - 19 में",375,0.4874812551029223
"छुट्टी दे दी गई",375,0.9135704945710538
"में आते हैं ।",374,0.6700090751740372
"राज्य सरकार की ओर",374,0.7114864705239219
"<s> आप सभी को",374,0.6961804591574178
"को ज्ञापन सौंपा ।",374,0.7481760895158459
"धरना दिया । </s>",374,0.9999945971017419
"शुरू किया गया ।",374,0.2816542989469405
"के बारे में बता",374,0.01305371769752103
"पाए जाने के बाद",374,0.9393800135750291
"होता है ? </s>",374,0.9999459795169955
"ने जानकारी देते हुए",374,0.9998844370513672
"कम हो जाती है",374,0.9360621710311405
"जा रही थी .",374,0.12487084993645418
"<s> केंद्रीय स्वास्थ्य मंत्रालय",374,0.6231366585867613
"किए गए . </s>",374,0.9999576101236897
"संक्रमण से बचाव के",374,0.7610806777807788
"के एक निजी अस्पताल",374,0.8689870886244835
"में प्रवेश किया ।",374,0.559003269717081
"के लिए किया जा",374,0.17595348754353987
"लोग हैं । </s>",374,0.9999865257372428
"<s> केंद्र सरकार की",373,0.16235096889661566
"गुरुवार को कहा कि",373,0.9364597314027518
"के लिए काम करने",373,0.19500367504585003
"पर थी । </s>",373,0.9999947969092651
"पूरा हो गया है",373,0.7202493400797647
"में रहती है ।",373,0.7646216349368667
"मिल गया है ।",373,0.7728638581477849
"को सूचना दी गई",373,0.2054929097843994
"कम करने में मदद",373,0.6728890971944966
"नरेंद्र मोदी ने कहा",373,0.19433653599189768
"शामिल थे . </s>",373,0.9999660254024461
"योजना बनाई है ।",373,0.8526393673904185
"रहने की जरूरत है",373,0.9990007132801193
"में किया जा रहा",373,0.6384334906950347
"जाने की वजह से",372,0.9999418118249545
"गयी हैं । </s>",372,0.9999864532949698
"तीन लोगों की मौत",372,0.7786174388117595
"का मामला दर्ज कर",372,0.28395148664363007
"निकाल दिया । </s>",372,0.9999945680539017
"<s> style "" text",372,0.9999960622479838
"बाल - बाल बच",372,0.7658884139404605
"आयोजित की गई थी",372,0.26511020588346346
"जाने की जरूरत है",372,0.7085800611561314
"का पीछा करने उतरी",372,0.865831278985896
"व्यक्त किया है ।",372,0.8085520702112031
"आते थे । </s>",372,0.9999945305718835
"आसपास के लोगों ने",372,0.40127629899114287
"कहा कि कोविड -",371,0.8692725818501922
"कहा कि प्रधानमंत्री नरेंद्र",371,0.46261835599525236
"प्रस्तुति दी । </s>",371,0.9999970300985127
"छापा मारा । </s>",371,0.9999999853397825
"जीत दर्ज की है",371,0.21729289080844236
"में आ रहे हैं",371,0.8731140260759116
"दी गई है कि",371,0.03175070163903969
"कार्यक्रम आयोजित किया गया",371,0.7620713215406982
"पर रोक लगाने के",371,0.41335916492463304
"अधिकारियों को निर्देश दिए",371,0.5566151079001925
"के एक दिन बाद",371,0.5286392955880768
"बात तो यह है",370,0.9243831267419574
"बरामद हुआ । </s>",370,0.9999934799184802
"गया है कि इस",370,0.07506117979613017
"करने का आरोप लगाते",370,0.15313923682881397
"का प्रतीक है ।",370,0.7860723823713058
"<s> इस घटना से",370,0.1208825900041083
"रुपये है . </s>",370,0.9999488987991415
"रवाना हुए । </s>",370,0.9999999990623443
"<s> भारतीय टीम के",370,0.4095241589752385
"रखा था . </s>",370,0.9999568188804546
"में काम कर रही",370,0.2060572234373183
"में भर्ती करवाया गया",370,0.8211092200091108
"हो जाएं । </s>",370,0.9999999968622042
"रख सकते हैं ।",370,0.7692108821582436
"से अवगत कराया ।",370,0.5696038988989854
"पर शेयर किया है",370,0.6625047770356608
"लोगों से अपील की",370,0.6920933194945775
"देकर सम्मानित किया ।",370,0.4938323817853666
"लक्ष्य का पीछा करने",370,0.5021641138206951
"इस नौकरी के लिए",370,0.9996605124630921
"दर्ज कराया । </s>",370,0.9999999980818749
"से बातचीत करते हुए",370,0.9998498202492363
"का काम करता था",370,0.34159413338159667
"को भरने के लिए",369,0.9993740024059391
"शुरू किया गया था",369,0.2774600805813268
"पुलिस के हवाले कर",369,0.8324448198532958
"<s> श्रीनगर । </s>",369,0.9999999791187913
"जुट गई । </s>",369,0.9999975553415487
"नहीं है । '",369,0.010698929629606356
"एसपी ने बताया कि",369,0.9999125909421931
"<s> स्वास्थ्य विभाग ने",369,0.2093909387105362
"पूरी करने के बाद",369,0.5749773740011627
"का फैसला किया था",369,0.08146575102101972
"हुए कहा कि वह",369,0.05248933141826562
"की मौत हुई थी",368,0.1488712074984048
"देखा गया है कि",368,0.3517123345392941
"घटना की जानकारी दी",368,0.2054772609508704
"ध्यान दें । </s>",368,0.9999841124799451
"का विरोध करते हुए",368,0.8132175559504075
"सौंपा गया । </s>",368,0.9999959267495294
"बढ़ रहा है ।",368,0.8418819308852852
"पर काबू पाया ।",368,0.5394234195445012
"<s> इसी कड़ी में",368,0.9999973501233894
"अंजाम दिया है ।",368,0.7886847951478947
"के लिए आज का",368,0.7389236775587769
"बरती जा रही है",368,0.8662084528832062
"आ गया . </s>",368,0.9999448743433089
"वर्ष 2018 - 19",367,0.9999201453445017
"पर पहुंच गए हैं",367,0.22332683916453153
"केंद्र की मोदी सरकार",367,0.999997142508172
"गया हो । </s>",367,0.9999690163416007
"अध्यक्ष डा . </s>",367,0.9999999876623064
"बंद था । </s>",367,0.9999940442730774
"उतारा है । </s>",367,0.9999883022127619
"उतार दिया । </s>",367,0.9999944940491865
"ने अपने ट्वीट में",367,0.9306398105063025
"समझते हैं । </s>",367,0.9999862687349558
"को कहा था कि",367,0.3637703958330627
"यह बात कही ।",367,0.6283396708951183
"जानकारी देते हुए कहा",367,0.2939591725781453
"टीम में शामिल किया",367,0.6235863064647588
"समिति का गठन किया",367,0.8850710241017125
"करोड़ रुपये से अधिक",367,0.5994180256746282
"से जीत दर्ज की",367,0.8284472572235566
"लगा ली । </s>",367,0.9999999991039069
"जांच की मांग की",366,0.7092755815531564
"नहीं दिया है ।",366,0.7998161557512375
"आ गया था ।",366,0.7771543896215853
"हो चुके हैं और",366,0.08434148098657648
"से इस बारे में",366,0.999999998539876
"ज्यादा है . </s>",366,0.999948340316072
"आदेश दिया था ।",366,0.6269767812560109
"योगी ने कहा कि",366,0.9996707103094502
"में किया गया था",366,0.23573972865059872
"अनिवार्य होगा । </s>",366,0.9999794871295359
"बीच - बीच में",366,0.9999962799878406
"से मांग की है",366,0.5610692002214086
"आम आदमी पार्टी की",366,0.11531422554265112
"मौत हुई है .",366,0.21171723056471747
"मदद कर सकता है",366,0.999583514047444
"वाली हैं . </s>",366,0.9999492968422792
"नहीं रही । </s>",366,0.9999999992645188
"में बताया है कि",366,0.7447617094045135
"सौंपा है । </s>",366,0.9999882702515946
"पर कब्जा कर लिया",366,0.9208752400817514
"का फैसला किया गया",365,0.08060816589290265
"करते रहे हैं ।",365,0.6744585621502166
"का प्रावधान किया गया",365,0.7531745854116811
"अपनी आने वाली फिल्म",365,0.9986123534659956
"जानकारी मिलने के बाद",365,0.9993153774562191
"घोषणा की है कि",365,0.17112155714572325
"सामना करना पड़ा है",365,0.17303326601185381
"क्षमता है । </s>",365,0.9999882381152976
"वाले लोगों के लिए",365,0.7184584237435717
"<s> माता - पिता",365,0.9999996688317738
"जा सका है ।",365,0.8660604404756838
"मामले की जांच में",365,0.08748687640968904
"<s> हिमाचल प्रदेश में",365,0.36860384849476985
"<s> एक तरफ जहां",365,0.7641853042504687
"राय ने बताया कि",365,0.9999116330347103
"अपनी चपेट में ले",365,0.9368119787201953
"को सम्बोधित करते हुए",365,0.9209587982377072
"पेट्रोल - डीजल की",364,0.42190611449203597
"कांग्रेस महासचिव प्रियंका गांधी",364,0.9999981395417106
"<s> आर . </s>",364,0.9999999404396327
"को तैयार हैं ।",364,0.758524273929203
"के बाद कहा कि",364,0.770150416796987
"के साथ गिरफ्तार किया",364,0.7143552078560848
"समझा जा सकता है",364,0.999716315434188
"कम से कम दो",364,0.08072226602392181
"समान है । </s>",364,0.9999882058024275
"आदेश दिए । </s>",364,0.999999998879846
"को खारिज करते हुए",364,0.9397962158888742
"इस्तेमाल करते हैं ।",364,0.6196863776039625
"ने संवाददाताओं से कहा",364,0.8932639666290976
"घोषित कर दिया है",364,0.12671527107210612
"साल की शुरुआत में",364,0.9204505890367662
"शुरू हो गए हैं",364,0.5044641590977198
"<s> ऐसे में यह",364,0.033175393191164124
"देने के साथ ही",363,0.7192630651169226
"में पाया गया कि",363,0.5250560772214925
"की सुरक्षा को लेकर",363,0.7121493789343752
"हटा दिया गया है",363,0.4644265625361893
"कहा कि इस मामले",363,0.13100717926982428
"सूत्रों के हवाले से",363,0.9991234848319018
"की शूटिंग के दौरान",363,0.5139421291431596
"लिए हैं . </s>",363,0.9999488778079179
"सुप्रीम कोर्ट के आदेश",363,0.26212762839796405
"संपन्न हुई । </s>",363,0.999993880932638
"करना चाहता है ।",363,0.6139701892920539
"की एक अदालत ने",363,0.8222826672645418
"कार्य किया । </s>",363,0.9999950817432526
"का ऐलान किया था",363,0.20644236438139238
"करने के लिए सरकार",363,0.01150990710658096
"पर वायरल हो रहा",363,0.36927102292280917
"खान ने कहा कि",363,0.7714797455927463
"ऐसा नहीं है ।",363,0.32153304836530716
"की खबर के मुताबिक",362,0.48706468733249353
"<s> सुबह से ही",362,0.7098839417879627
"के संबंध में जानकारी",362,0.15987000490962827
"चला रहे हैं ।",362,0.7433109619583518
"पूरा होने के बाद",362,0.9349854514504605
"तारीफ की । </s>",362,0.9999955363026225
"अपने बयान में कहा",362,0.8586508030530935
"दिखाई देता है ।",362,0.7383128943126795
"अपनी मांगों को लेकर",362,0.999646954535753
"में हुआ है ।",362,0.8406390906134682
"नाराजगी जताई । </s>",362,0.9999999912001989
"में हुई बैठक में",362,0.8886226980428712
"<s> जानकारी के लिए",362,0.05008716634198261
"ने कहा कि इन",362,0.005881497971621725
"आरोप लगाया है .",362,0.10635987574498681
"- तफरी मच गई",362,0.9180373022288896
"प्रतिबद्ध है । </s>",362,0.999988140641115
"मात दी । </s>",362,0.999996956261183
"एक यूजर ने लिखा",362,0.8122517013782933
"से बातचीत के दौरान",362,0.7614561058508884
"बारे में बताया गया",362,0.1941770959047345
"एक रिपोर्ट के अनुसार",362,0.42818961745456874
"गए है . </s>",362,0.9999477694908352
"के कुछ हिस्सों में",362,0.8051539845082117
"<s> पीएम ने कहा",362,0.9999973638260506
"<s> विश्व स्वास्थ्य संगठन",362,0.9999983081725538
"G आईसीआईसीआई प्रू एफएमपी",362,0.9999999981230387
"पाया था । </s>",361,0.9999939452859262
"<s> witter . c",361,0.9999957002039506
"witter . c </s>",361,0.9999999712092728
"में कोरोना संक्रमण की",361,0.25232665724861414
"से टकरा गई ।",361,0.8841408026587143
"सके हैं । </s>",361,0.9999860405144841
"का मौका मिला ।",361,0.44090255969111763
"पाया है . </s>",361,0.9999476248079843
"को देखा । </s>",361,0.9999999950696107
"आ चुका है ।",361,0.6942823718019083
"में होंगे । </s>",361,0.9999831933163416
"को निर्देश दिया कि",361,0.38739913845754465
"से कहा कि वह",361,0.19259352277126868
"आ गया है .",361,0.15258160272369092
"इस्तीफा दे दिया था",361,0.30270710852266014
"कर देगी । </s>",361,0.9999999956494039
"खिलाड़ी हैं । </s>",361,0.9999860405144841
"को जन्म दिया ।",361,0.38644878489846096
"की ओर से कहा",361,0.022322135482688674
"<s> कार्यक्रम का संचालन",361,0.5110543181093011
"खरीदा जा सकता है",361,0.9997139579447215
"भी थी । </s>",361,0.9999946239533403
"के रहने वाले थे",361,0.24924304783271684
"इस्तेमाल कर रहे हैं",361,0.876103769716926
"करने की तैयारी में",361,0.30173080580900397
"यूटीआई एफटीआईएफ सीरीज -",361,0.9445112226319728
"दर्ज की गई थी",360,0.10468576084221846
"जागरूक करने के लिए",360,0.8159189014666468
"मामले सामने आ चुके",360,0.48782750763273874
"पता नहीं चला ।",360,0.5994454290607054
"मोदी के नेतृत्व में",360,0.7888845882154274
"के मुख्यमंत्री शिवराज सिंह",360,0.9999997702586111
"कर सकते है .",360,0.2394868207923876
"बात की जानकारी दी",360,0.5681494164517027
"कर किया । </s>",360,0.9999950407577798
"कहा कि प्रदेश सरकार",360,0.26671721194486936
"देना नहीं है ।",360,0.7003322060344758
"आवेदन करने की अंतिम",360,0.8259420884364582
"आग के हवाले कर",360,0.9418142806152096
"खबर है . </s>",360,0.9999474793213399
"कर दी थी .",360,0.17074670308174048
"किया है कि वह",360,0.16205245484786526
"ने कहा कि हमारे",360,0.005844736286534637
"को मौत के घाट",360,0.9337827796704029
"पुरस्कार से सम्मानित किया",359,0.9998247749531598
"साबित करने के लिए",359,0.9991979149937399
"करने वाला है ।",359,0.7628488467373713
"से गिरफ्तार किया गया",359,0.4089484534152341
"से अपील की कि",359,0.3015951333149335
"चुने गए । </s>",359,0.9999965819045953
"सीएम योगी आदित्यनाथ ने",359,0.552373502350602
"हो जायेगा । </s>",359,0.9999999970893604
"होने वाला है .",359,0.2323542489860386
"प्रस्तावित है । </s>",359,0.9999880415378374
"हासिल की थी ।",359,0.6931548679649626
"रन बनाए हैं ।",359,0.5754261560676567
"वक्ताओं ने कहा कि",359,0.9996642896191051
"बरामद किया गया है",359,0.4188874854078394
"<s> चुनाव आयोग ने",359,0.5299678703737314
"लगते हैं . </s>",359,0.9999483082013209
"ने अलग - अलग",359,0.9999525628883843
"हो गए है ।",359,0.7485144294945845
"नहीं सकता । </s>",359,0.9999543992116958
"लगा सकते हैं ।",359,0.5611571032196748
"इन पदों के लिए",358,0.9999553639404173
"भी होगी । </s>",358,0.9999803542667938
"जुट गए । </s>",358,0.9999965723568427
"की सजा सुनाई गई",358,0.25037274564857853
"चाहता है . </s>",358,0.9999471859097272
"और ऑस्ट्रेलिया के बीच",358,0.9053673542041418
"पिछले काफी समय से",358,0.9994694374687437
"गये थे . </s>",357,0.9999645027314072
"छोड़ दिया है ।",357,0.7317969304725975
"देने से इनकार कर",357,0.7905187410419388
"में आ गई है",357,0.3463809480635717
"मांग की जा रही",357,0.9234330023340661
"से प्राप्त जानकारी के",357,0.9124104868381515
"उठाया था । </s>",357,0.9999938774459928
"अहम है । </s>",357,0.9999879745436516
"शुरू कर दी थी",357,0.04418403894671062
"अलग - अलग तरह",357,0.06235307656184849
"कोरोना वायरस को लेकर",357,0.6186692126039203
"ले रही हैं ।",356,0.8097316807238994
"pic . t </s>",356,0.9999991998358625
"हो गये . </s>",356,0.99999984087248
"का दिन आपके लिए",356,0.9999971051390849
"सिलसिला जारी है ।",356,0.8193104308826752
"दिखाई दे रही हैं",356,0.35136836094979473
"बदल गया । </s>",356,0.9999957894489517
"हो सकता है और",356,0.027459817271493242
"का सहयोग मिलेगा ।",356,0.9167452301326947
"आक्रोश है । </s>",356,0.9999879407642799
"प्रदेश कांग्रेस कमेटी के",356,0.8090302401577312
"कहा कि भारत में",356,0.22819879712846855
"के बारे में सोच",356,0.012423130147068796
"जा सकता था ।",355,0.7361823135676082
"शारीरिक दूरी का पालन",355,0.8032871185654601
"प्राप्त होता है ।",355,0.8485836937446679
"वर्ष 2021 - 22",355,0.999651697728799
"बताई गई है ।",355,0.8998046615501312
"कर रहे थे और",355,0.043888244423182156
"लिए गए थे ।",355,0.8951876562147989
"के साथ मनाया गया",355,0.5414008107927005
"मिल रही हैं ।",355,0.8243200452865795
"जानकारी दी है कि",355,0.26745268435557007
"बात की है ।",355,0.4700774024993267
"संकल्प लिया । </s>",355,0.9999962096932938
"को अच्छी तरह से",355,0.9457143115709177
"कर सकते हैं कि",355,0.018937527061839706
"<s> दुनिया भर में",355,0.6644728711588024
"में पेश किया ।",355,0.20022879688668213
"जाने जाते हैं ।",355,0.6907078308895931
"में बड़ी संख्या में",354,0.9999995832696968
"<s> इसके लिए आपको",354,0.06002329638789377
"कोई फर्क नहीं पड़ता",354,0.72938294754618
"पेट्रोल - डीजल के",354,0.41028185928744487
"गर्व है । </s>",354,0.9335300363793875
"कम हो जाता है",354,0.9998191805672633
"सौंपा गया है ।",354,0.8726434568605422
"का पालन करने के",354,0.3302684616342396
"के लिए आते हैं",354,0.8280998765726995
"दे रहा था ।",354,0.8118480513276208
"<s> विशेष रूप से",354,0.9999997509262464
"इस बात का पता",354,0.11481770557642561
"कर दें . </s>",354,0.9999491395126764
"दक्षिण अफ्रीका के खिलाफ",354,0.5106455128419347
"शांत कराया । </s>",354,0.9999999979951799
"कि जम्मू - कश्मीर",354,0.9999572252299052
"करनी चाहिए . </s>",354,0.9999043131335116
"अस्पताल रेफर कर दिया",354,0.9999993242020635
"में आयोजित किया गया",354,0.6035557906664298
"जारी किया जाएगा ।",354,0.8020594851951939
"घायल हो गई ।",354,0.794905895981039
"करने का प्रयास कर",353,0.18088550884456095
"<s> पुलिस मामले की",353,0.9182832909980314
"की होती है ।",353,0.6902869792728011
"के लिए पुलिस ने",353,0.30612287062664223
"लाया गया है ।",353,0.814039731533134
"में कोई कसर नहीं",353,0.9161585075089199
"व्यवस्था नहीं है ।",353,0.9246004993154537
"रहा है । '",353,0.0038066990393362896
"मिल पा रही है",353,0.7768313241649827
"नहीं किया जा सका",353,0.10906910138404131
"निर्णय लिया गया कि",353,0.18258101456022183
"न करें . </s>",353,0.9999189367107271
"नहीं जा सकता ।",353,0.4687092232882348
"बढ़ती जा रही है",353,0.8769723753982561
"<s> कंपनी ने कहा",353,0.2503300820404553
"का लक्ष्य रखा है",353,0.35653633224337755
"योजना बना रहे हैं",353,0.8217426745705895
"शुरू किया . </s>",353,0.9999326955948293
"की शिकायत के बाद",353,0.7332210839748015
"फिक्स्ड टर्म प्लान -",353,0.8860713592564166
"करने में मदद मिलेगी",352,0.15444032252367723
"<s> पश्चिम बंगाल के",352,0.2285803827204298
"घुस गया । </s>",352,0.9999957416017807
"कार्रवाई की जाए ।",352,0.9440523350348201
"बताया गया था कि",352,0.6471214097018158
"ने बताया कि रविवार",352,0.007507484405729072
"मैचों की टेस्ट सीरीज",352,0.9356693709995778
"बैठक आयोजित की गई",352,0.7996942493867111
"<s> भोपाल . </s>",352,0.9999994763132269
"दिख रहा है .",352,0.18635110538136637
"आउट हो गए ।",352,0.6347800361508322
"देकर सम्मानित किया गया",352,0.47055956119487435
"बात की . </s>",352,0.999815347180428
"लिए जाने जाते हैं",352,0.8248312277282385
"के मुख्य कार्यकारी अधिकारी",352,0.9999984641431676
"से हटा दिया गया",352,0.48334719976074664
"को सौंप दिया गया",351,0.2749764162304997
"जवान शहीद हो गए",351,0.8287529007791729
"चेतावनी दी है कि",351,0.4004283505955776
"लगाया जाता है ।",351,0.6727109725002598
"कराने का निर्देश दिया",351,0.999712346935316
"मौत हो चुकी थी",351,0.13275565005738757
"नहीं हुआ है .",351,0.1421865066537131
"घायल हो गए .",351,0.07301288825043446
"उनके माता - पिता",351,0.9999996556227848
"शुरू किया जाएगा ।",351,0.9013084421955787
"कुछ भी नहीं है",351,0.3721784775769807
"वापस लेने की मांग",351,0.7878529243341705
"का मतलब है कि",351,0.9997719411288989
"<s> पश्चिम बंगाल की",351,0.227812308862507
"करती थीं । </s>",351,0.9999913274374561
"में आग लगा दी",351,0.9996375382111234
"<s> कोरोना वायरस की",351,0.11162481270278553
"लेनी चाहिए । </s>",350,0.9999661982287054
"के अंतर्गत आने वाले",350,0.7822169306758305
"जुटी हुई है ।",350,0.7785852070473006
"निभाई है । </s>",350,0.9999877340345247
"से ज्यादा लोगों की",350,0.34721024118492005
"ले सकते हैं .",350,0.18769548020831042
"का उल्लेख करते हुए",350,0.940344132652041
"नहीं जाएगा । </s>",350,0.9999846478881443
"को दिए इंटरव्यू में",350,0.9999984151323406
"<s> पटना . </s>",350,0.9999994802690063
"सूत्र बताते हैं कि",350,0.9997281315064238
"बयान जारी कर कहा",350,0.8822867641331205
"के लिए बहुत ही",350,0.18697887350263603
"ऐसा करने के लिए",350,0.8489979526592201
"दी गयी है .",350,0.32397305077882405
"ने बताया कि शनिवार",350,0.00746662862793604
"पर कारोबार कर रहा",350,0.8270209887433231
"टर्म प्लान - सीरीज",350,0.999996465412102
"में जुट गए हैं",349,0.5096994511275325
"शुरू हुआ था ।",349,0.7303715735190702
"अब तक की सबसे",349,0.689211517348675
"लोगों की मदद से",349,0.3644958166618628
"में नजर आएंगे ।",349,0.7661007176743172
"डीजल की कीमतों में",349,0.9368057681086172
"में सनसनी फैल गई",349,0.9299106691966835
"भी शामिल हैं .",349,0.19932599259987852
"जा रहे थे .",349,0.11155645415270263
"को इस बात का",349,0.3432030497726293
"नाम किया । </s>",349,0.9999948844492856
"को पता चला कि",349,0.6528037437203353
"नहीं दिख रहा है",349,0.7731049785412563
"से अलग - अलग",349,0.887603909019949
"इस फिल्म के लिए",349,0.4632158811922694
"इनकार कर दिया था",349,0.18228895436259426
"<s> साथ ही साथ",349,0.040485267797440785
"देने की जरूरत है",349,0.8173408246064846
"दी जाती है .",349,0.14067663307504602
"सलाह दी है ।",349,0.5931045566889803
"की बात आती है",349,0.9999985168866459
"है कि कोई भी",349,0.9057664352113077
"<s> इसके लिए उन्होंने",349,0.05892937799511026
"देते हुए कहा है",349,0.11016121010097503
"<s> मौके पर पहुंचे",348,0.18721901220286144
"जुट गए हैं ।",348,0.8979153159390275
"इजाफा हो रहा है",348,0.9997286309649923
"शुरुआत की है ।",348,0.7489985710693438
"कहा है कि यह",348,0.04009310705645151
"बारे में पता चला",348,0.3790672492570713
"प्रदेश के पूर्व मुख्यमंत्री",348,0.8315825110432882
"पेश किया जाएगा ।",348,0.8278154215113437
"केंद्र सरकार की ओर",348,0.49015671509826314
"बरामद किया गया ।",348,0.4059656914924055
"लश्कर - - तैयबा",348,0.9979303820145045
"कही है . </s>",348,0.999945668263455
"<s> देहरादून । </s>",348,0.9999999852601426
"था . . .",348,0.6457341497507386
"सरकार पर निशाना साधा",348,0.5854545022433811
"में किसी भी प्रकार",348,0.3690786380749702
"बढ़ गई । </s>",348,0.9999974078190559
"दिए जाने के बाद",348,0.5973185622393428
"की गिरफ्तारी के बाद",348,0.3766747225250666
"के पद पर कार्यरत",348,0.24461512786464404
"हमला बोल दिया ।",348,0.7462461487265009
"के अध्यक्ष डॉ .",347,0.9999998673996133
"बराबर है । </s>",347,0.9999876279887137
"पुलिस मौके पर पहुंच",347,0.23039207529631212
"में इलाज के लिए",347,0.44627335428307413
"कर रही थी .",347,0.15456044345642775
"में मदद करने के",347,0.749426445609309
"मुख्यमंत्री त्रिवेंद्र सिंह रावत",347,0.9999969942568864
"या नहीं ? </s>",347,0.9999999178426261
"पूछा गया कि क्या",347,0.6852435952129549
"दिखाई देगा । </s>",347,0.9999999966777552
"करने के लिए कुछ",347,0.011009741625548757
"ना करें । </s>",347,0.9999868753543598
"सकता हूं । </s>",346,0.9319069904634625
"की दूरी पर स्थित",346,0.5656029857406184
"<s> पीठ ने कहा",346,0.9440098850378389
"अलग - अलग जगहों",346,0.06043126013485327
"बैठक का आयोजन किया",346,0.9386269189184054
"जरूरी होता है ।",346,0.7517496045097958
"ने बताया कि मंगलवार",346,0.007380022876578104
"से एक है .",346,0.14467965364561197
"ने कहा कि वो",346,0.005628589548301995
"उदाहरण है । </s>",346,0.9999875922314555
"लोगों को जागरूक करने",346,0.4077390082315966
"भी जारी रहा ।",346,0.944168693790866
"के आंकड़ों के अनुसार",346,0.5170168211260538
"ओर से कहा गया",346,0.9981433885315927
"काम करता है .",346,0.16801923244308015
"कहना है कि उन्हें",346,0.02299807712987627
"जीत हासिल की है",345,0.27312369078007587
"पाई थी । </s>",345,0.9999943746294372
"<s> इस तस्वीर में",345,0.5646515573984899
"अमेरिका के राष्ट्रपति डोनाल्ड",345,0.6495420140658363
"पूरी तरह से तैयार",345,0.08530376946111014
"जारी कर दी गई",345,0.26231270971950427
"के पहले सप्ताह में",345,0.8182014488363536
"की तैयारी की जा",345,0.5281150865345118
"पर विचार कर रही",345,0.4164180687831751
"से होती है ।",345,0.732310201854259
"कंपनी की ओर से",345,0.9995758980435946
"<s> मुख्यमंत्री शिवराज सिंह",345,0.999999760269855
"की कमी नहीं है",345,0.633038898583646
"को बधाई दी ।",345,0.520052629061371
"<s> पुलिस ने दोनों",345,0.030557696671444406
"बन गया है .",345,0.1831852153921046
"मामले सामने आ रहे",345,0.4677320667738339
"विरोध किया है ।",345,0.8154304348286902
"कर लिया है और",345,0.0484326053956123
"हिस्सा लेंगे । </s>",345,0.9999678513198947
"चयन किया गया है",344,0.5725733724791093
"लाया जाएगा । </s>",344,0.9999843801187516
"लिए जाएंगे । </s>",344,0.9999814330010047
"सिविल सर्जन डॉ .",344,0.999999750359103
"लग गया है ।",344,0.8480129149886211
"एक - दूसरे पर",344,0.08845009260474389
"दिखाई दी । </s>",344,0.9999967969957798
"पुलिस अधिकारी ने बताया",344,0.6784304859932273
"भी करेंगे । </s>",344,0.9999709965705473
"पूरे मामले की जांच",344,0.6381915498803025
"द्वारा की जा रही",344,0.9994455986966332
"निर्धारित की गई है",344,0.7311352039332737
"को तैनात किया गया",344,0.7289750361723276
"गांव के लोगों ने",344,0.38782027642317635
"है कि जल्द ही",344,0.8085770996222706
"कदम उठाया है ।",344,0.7934437476462063
"संक्रमित हो चुके हैं",344,0.9996977107789358
"सभा को संबोधित करते",344,0.5671594935998855
"से बढ़ रहा है",344,0.9998704445620766
"तक पहुंचाने के लिए",344,0.9999244252828154
"इस योजना का लाभ",344,0.7124298358727482
"भी कहते हैं ।",344,0.6573579261130932
"के पास बिक्री के",344,0.9999966437568112
"पास बिक्री के लिए",344,0.9997378975427246
"कोविड - 19 संक्रमण",343,0.032493620741410746
"पूरी की । </s>",343,0.999995289042418
"अपनी टीम के साथ",343,0.7858115266404285
"की सलाह दी गई",343,0.16955362593080645
"भारतीय कप्तान विराट कोहली",343,0.9999997308195542
"को सूचना मिली कि",343,0.5073616648554523
"लोक निर्माण विभाग के",343,0.43437040984462677
"बनाए जाएंगे । </s>",343,0.9999813788698122
"ने गिरफ्तार किया है",343,0.6560092596605495
"पूरी तरह से बंद",343,0.08468073750841583
"<s> सरकार की ओर",343,0.501437020579111
"तहरीर के आधार पर",343,0.9999744238769926
"में आयोजित की गई",343,0.5772130117020545
"ने बताया कि मामले",343,0.007314033743116195
"के खिलाफ जमकर नारेबाजी",343,0.9366407466090734
"<s> वित्त मंत्री ने",343,0.39966144529019354
"फैलने से रोकने के",343,0.9058021610950947
"शुरू कर सकते हैं",343,0.9359750629117144
"उपलब्ध होगा । </s>",343,0.9999781116309333
"इस बारे में बात",343,0.11418942544958278
"अस्पताल में भर्ती करवाया",343,0.06126760296260223
"से मुलाकात की और",343,0.16888013883248207
"करने लगे हैं ।",343,0.8061412206288662
"किए जाने की मांग",343,0.21651477971128635
"दिखाई है । </s>",343,0.9999874837086986
"आधार पर पुलिस ने",343,0.9989883884212504
"<s> बैठक के बाद",343,0.46350678039635024
"की वजह से ही",342,0.03864916064032458
"जा रहे हैं कि",342,0.027971720581111376
"मृत्यु हो गई ।",342,0.5611252651545486
"भी की गई ।",342,0.4587466901981719
"जाहिर की है ।",342,0.7293649006826962
"का नाम रोशन किया",342,0.6194400699467462
"का विरोध किया ।",342,0.30637930846713046
"साबित हो रही है",342,0.8868157944329865
"कर रहे है .",342,0.2018895460140254
"पर बात करते हुए",342,0.893605738973296
"बारे में जानकारी ली",342,0.12510599602869163
"ही थे । </s>",342,0.9999940507974874
"चुनाव लड़ रहे हैं",342,0.9436952013088156
"जमा करने के लिए",342,0.7530464932928744
"पीएम ने कहा कि",342,0.9358168304549658
"सरकार बनने के बाद",342,0.999102444411108
"योगदान है । </s>",342,0.9999874471113557
"D आईसीआईसीआई प्रू एफएमपी",342,0.9999999980132749
"जान बचाने के लिए",341,0.9997846429662084
"मौसम विभाग के मुताबिक",341,0.29632992776976974
"प्रधानमंत्री नरेंद्र मोदी का",341,0.03665208758800323
"मुख्यमंत्री अशोक गहलोत ने",341,0.619291405431723
"ने एक - दूसरे",341,0.5621281489139435
"रहें हैं । </s>",341,0.9999852217763308
"<s> मुद्रा कनवर्ट करें",341,0.9999999894009193
"के लिए अस्पताल में",341,0.5897339849261016
"में रह रहे हैं",341,0.42394759101394053
"कोरोना वायरस की वजह",341,0.3138786336722708
"हम जानते हैं कि",341,0.9991218446625922
"सुप्रीम कोर्ट ने कहा",341,0.23131993448880223
"होनी थी । </s>",341,0.9999943086426857
"का रहने वाला था",341,0.22544012557977822
"आर्थिक रूप से कमजोर",341,0.6932114601693156
"<s> हालांकि बाद में",341,0.999996165331342
"पुलिस को सूचना मिली",341,0.19940295756322823
"- अलग स्थानों पर",341,0.812769407222402
"सौंपी है । </s>",341,0.9999874102993654
"ने बताया कि शुक्रवार",341,0.007272931959504288
"आरोप लगाए हैं ।",341,0.7370584793435135
"आ जाते हैं ।",341,0.6749560365763064
"जाता है कि इस",340,0.13753242738150295
"पदों के लिए आवेदन",340,0.5049564577948822
"को जागरूक करने के",340,0.6484517521663292
"<s> अदालत ने कहा",340,0.6003832808429549
"नजर रखी जा रही",340,0.867602329187062
"अपने नाम किया ।",340,0.4974041026797277
"तैयार की जा रही",340,0.9994390763283583
"यह नहीं है कि",340,0.9221899122740815
"हमें उम्मीद है कि",340,0.998878119027262
"सोशल मीडिया के जरिए",340,0.537607431220669
"मौजूद हैं . </s>",340,0.9999454195419829
"किया हुआ है ।",340,0.8007422307162466
"तैयारी चल रही है",340,0.8358627833986956
"- देना नहीं है",340,0.910794093916137
"देख सकते हैं .",340,0.18511131541845893
"रुपये से कम हैं",340,0.7678277238637777
"मंत्री अरुण जेटली ने",340,0.6891794898100646
"शादी का झांसा देकर",340,0.9304148148325262
"पत्रकारों से बातचीत में",340,0.5387413624073043
"बढ़ता है । </s>",340,0.9999873732708342
"आयोजन होगा । </s>",339,0.9999778533610918
"को तैयार है ।",339,0.7080983446467903
"जाने की संभावना है",339,0.9990463821404474
"का आदेश दिया गया",339,0.147030598866781
"करने के लिए यह",339,0.010802147300370763
"भी किया जाता है",339,0.999771276747547
"में रहा । </s>",339,0.9999943764548359
"<s> आलम यह है",339,0.8768135372507839
"हिरासत में लेकर पूछताछ",339,0.8386246008636953
"नहीं हो पाई ।",339,0.2730022883661036
"का मामला प्रकाश में",339,0.9999967480567622
"संक्रमण को रोकने के",339,0.8951605159197095
"मामलों को देखते हुए",339,0.9998376650348311
"में लंबे समय से",339,0.594248348133446
"वायरल हो रही हैं",339,0.37188362735009667
"पाकिस्तान की ओर से",339,0.9995683918142777
"आयोजित किया गया था",339,0.22522902067326023
"विधानसभा चुनाव को लेकर",339,0.830002951981753
"याचिका दायर की थी",339,0.39120889728650693
"लगा रहता है ।",339,0.9073265826062795
"मामले को गंभीरता से",339,0.9999996558153146
"ने बताया कि दो",339,0.007236776077944033
"गंभीर रूप से जख्मी",338,0.08896487276111918
"बढ़ गया । </s>",338,0.9999955652184226
"भी किया जा सकता",338,0.43185185937656423
"संदेश दिया । </s>",338,0.9999940216451226
"शामिल होने के बाद",338,0.19411487070346037
"<s> मामले की जानकारी",338,0.22006846569842553
"की बात है तो",338,0.13284361852354104
"देने के लिए कहा",338,0.11329148681738818
"प्रक्रिया शुरू कर दी",338,0.9987333684404477
"शाम पांच बजे तक",338,0.7752736279673716
"ही उन्होंने कहा कि",338,0.9998324092391125
"में लॉन्च किया गया",338,0.468642736431471
"ने बताया कि उसके",338,0.007230786790252751
"आवश्यकता होगी । </s>",338,0.9999791917973733
"जानकारों का कहना है",338,0.9997935461875679
"के विभिन्न हिस्सों में",338,0.6873480691052091
"से पूछताछ की ।",338,0.26859902468072977
"बीच खेला गया ।",338,0.9345932718836981
"<s> सुनवाई के दौरान",337,0.8644207613323917
"के लिए आमंत्रित किया",337,0.8746703158757453
"संपन्न हुआ । </s>",337,0.9999928414535243
"को पत्र लिखा है",337,0.5473913299974782
"पहुंच गया है .",337,0.18026392352478013
"की तरह इस बार",337,0.5964818926301916
"महामारी की वजह से",337,0.9999357685426796
"है कि प्रदेश में",337,0.5429855399703813
"कोरोना महामारी के चलते",337,0.2152412290404122
"कप्तान महेंद्र सिंह धोनी",337,0.8392463334340956
"हाल ही में उन्होंने",337,0.050976534504309466
"जाम कर दिया ।",337,0.6955748370366565
"कहना है कि वे",337,0.022549461806581017
"ले सकेंगे । </s>",337,0.9999999977623694
"में हुआ था .",337,0.1875169450468518
"चलाते हैं । </s>",337,0.9999850463671477
"कहानी है । </s>",337,0.999987260866717
"कहा कि उत्तर प्रदेश",337,0.9375834072570542
"करने का अनुरोध किया",337,0.9272405653552518
"बीआर एफएमपी - सीरीज",337,0.6466104253898328
"दी गई जानकारी के",336,0.8924459725760634
"नहीं करेगी । </s>",336,0.9999739606208319
"तरह है । </s>",336,0.9999872229526298
"वितरण किया । </s>",336,0.9999946865261925
"बचे हैं । </s>",336,0.999985001862288
"<s> आज के दिन",336,0.28227540503083826
"एक से बढ़कर एक",336,0.9999963336504499
"नहीं लगा । </s>",336,0.9999999982972877
"का उपयोग करें ।",336,0.8431971649386277
"साथ मनाया गया ।",336,0.9998326654384122
"होने की आशंका है",336,0.4773720667604334
"लड़ रहे हैं ।",336,0.5805788783373719
"घोषणा की है .",336,0.15767492296477628
"है । . .",336,0.7714370664073228
"नजर आएंगे . </s>",336,0.9999996969195492
"कोरोना की तीसरी लहर",336,0.998977484206201
"जनता पार्टी भाजपा) के",336,0.5126091648436172
"बारी - बारी से",336,0.9999965577812187
"नहीं मिले । </s>",336,0.9999999977429662
"कहा था . </s>",336,0.9999524493624053
"<s> पं . </s>",336,0.9999998811208196
"<s> विदित हो कि",335,0.9999952584309387
"शिकायत के आधार पर",335,0.9999738131039059
"तैयार की है ।",335,0.8424229536362935
"पहुंच चुका है ।",335,0.7349541543992278
"में कही । </s>",335,0.9999999975396041
"है । । </s>",335,0.9999999941971796
"शामिल किया है ।",335,0.817670738808723
"घोषणा की थी कि",335,0.25432555681467167
"को बनाए रखने के",335,0.5847319301221465
"में देखने को मिला",335,0.3898667661347433
"जारी बयान में कहा",335,0.890069477792146
"सूत्रों की माने तो",335,0.9999993310284422
"लग जाता है ।",335,0.758578870591668
"लॉन्च किया गया है",335,0.4700092522579869
"के कई जिलों में",335,0.9216354071419108
"करने की मांग को",335,0.10225700381666593
"की भी मांग की",335,0.9095151949367063
"सक्रिय हैं । </s>",335,0.9999849570917277
"के लिए प्रतिबद्ध है",335,0.6999782162376856
"पाए गए थे ।",335,0.828122221030309
"<s> इसके बाद एक",335,0.017387474181991824
"के लिए घर से",335,0.4976479144231166
"ने शव को पोस्टमार्टम",334,0.35182152608076345
"रख दिया है ।",334,0.7959899984144446
"लक्ष्य का पीछा करते",334,0.45324967935506133
"आ रहे है ।",334,0.709401587115682
"जयंती के अवसर पर",334,0.9996417005978983
"के जाने के बाद",334,0.9986874931180563
"<s> भारत के लिए",334,0.23341295180192728
"वीडियो सामने आया है",334,0.8844561978656685
"आ गए थे ।",334,0.7377957032509092
"ले गए थे ।",334,0.9186524712013053
"गुहार लगाई । </s>",334,0.9999999922827304
"ने कहा कि मुख्यमंत्री",334,0.005421745231610226
"वर्ष की आयु में",334,0.5397010410334134
"के आधार पर किया",334,0.06584116510322426
"को फैलने से रोकने",334,0.880327737344615
"की तैनाती की गई",334,0.6295253484662902
"हो जाएंगे . </s>",334,0.9999543975063946
"एक ही दिन में",334,0.9990861222876735
"दिये हैं । </s>",334,0.9999849120530803
"ने बताया कि पहले",334,0.007127635308932651
