Sentence,Unigram_Add-One,Unigram_Add-K,Unigram_Token-Type,Bigram_Add-One,Bigram_Add-K,Bigram_Token-Type,Trigram_Add-One,Trigram_Add-K,Trigram_Token-Type,Quadrigram_Add-One,Quadrigram_Add-K,Quadrigram_Token-Type
"<s> नामांकन दाखिल करने के बाद समाचार एजेंसी एएनआई से अमित शाह ने कहा, ''इस सीट से ही मैंने बूथ कार्यकर्ता से लेकर संसद तक का सफर तय किया है. </s>",-283.49447581381077,-283.40713386082194,-451.11296004819957,-468.91408553187574,-468.87507490123767,-519.8122284042004,-629.0879455637892,-624.0162553508335,-686.2280117866056,-674.2537018272309,-670.7453684368935,-701.4941651328621
<s> इनमें एक उनका नाम भी है. </s>,-67.85278595812241,-67.83063439075679,-117.67978775778288,-126.94981060540503,-126.93872831021856,-137.26661281043397,-148.32188918263347,-147.81289103846524,-154.27908429300388,-138.15510557964274,-138.15510557964274,-138.15510557964274
<s> फ़िल्म एक ढर्रे पर चल रही होती है तभी एक घंटे और  20वें मिनट पर एंट्री होती है दूसरे हीरो की यानी आधी फ़िल्म निकल जाने के बाद. </s>,-256.6772399116133,-256.5930628840057,-422.3981227120316,-532.0090808323894,-531.9863068171753,-562.6096468431568,-708.6215210904048,-706.5977032091779,-727.640497483525,-732.5488866937914,-732.0548688093822,-735.7269389014197
<s> मर्दाना ट्रोल समाज असल में दीपिका की बात से डर गया. </s>,-116.92715917005262,-116.89634498867528,-182.95157014368678,-233.66559825938683,-233.6512667678195,-247.32515592279933,-286.86174669230684,-286.35474240810674,-292.4342020998606,-276.3102111592855,-276.3102111592855,-276.3102111592855
"<s> जिन छात्रों को खाने की चीज़ों या किसी और चीज़ की ज़रूरत महसूस हो रही है, वह उन्हें मुहैया कराई जा रही है. </s>",-220.25702778554682,-220.18643776725145,-357.9324898832314,-417.91161727388607,-417.88008540665516,-452.5440848917405,-536.7151524876981,-533.6740253278613,-566.4713104805434,-593.3377305133714,-592.8327208628214,-597.5718319695118
"<s> "" “कुछ समय पहले जब मैं समरकंद में
राष्ट्रपति पुतिन से मिला था तो मीडिया के सामने मैंने उनसे कहा कि यह युद्ध का समय
नहीं है. </s>",-239.39718102499918,-239.34620615998472,-410.076919775496,-445.9425422561485,-445.9053637671338,-492.7263392780057,-642.4793031547401,-639.4395894681516,-676.9949748466539,-703.9850474372079,-703.4808026676899,-708.0959166736285
<s> घरेलू हिंसा के दायरे को समझना और उससे घरों को बचाना ज़रूरी है. </s>,-131.97744251107773,-131.93462281875483,-209.3410400585679,-232.34247950149896,-232.325743339694,-246.49391290441298,-312.228053657288,-310.7163252917376,-324.68224243190446,-331.57225339114257,-331.57225339114257,-331.57225339114257
"<s> "" वे दावा करते हैं, ""इसी बीच यहां के स्थानीय लोग, जिनसे यहां रहते हुए हमारे संपर्क बन गए हों, वो लोग आए और फिर हमलावरों को भगाया. </s>",-315.2863130935672,-315.2078636110367,-469.1151866643236,-567.5153130454288,-567.4970913137648,-590.772203459005,-742.6546890924334,-741.648560530954,-750.6545721489828,-746.0375701300708,-746.0375701300708,-746.0375701300708
"<s> "" इस खदान की सुरक्षा के लिए इंडोनेशिया के सैन्य बलों को तैनात किया गया है और हाल ही में जब बीबीसी की टीम ने इसका दौरा किया तो सैन्य बलों की बढ़ी हुई तादाद स्पष्ट नज़र आई. </s>",-299.451346210309,-299.3300395838535,-537.6699533788162,-603.0375693126524,-602.9733315412469,-683.7162360875084,-814.003676468659,-807.4205424989354,-900.3813342478652,-897.5585465036788,-893.5093935659796,-939.8626427825816
"<s> यानी छात्रों के पास परीक्षा देने के लिए कंप्यूटर बेस्ड टेस्ट या फिर पेन-पेपर मोड दोनों का ही
विकल्प मौजूद था. </s>",-203.75708329194651,-203.69143851022343,-331.19366242015496,-403.5747624861842,-403.55349304219106,-438.9146666260782,-496.27497929340365,-493.77446731650065,-522.7154791087544,-537.6848231147376,-537.177929533731,-542.3097887459948
<s> इसके लिए ईडी-सीबीआई से फंसवा देने की कायर्तापूर्ण धमकी मत दीजिएगा. </s>,-152.4922177988555,-152.54403601654212,-211.86477737324867,-273.04544439606354,-273.0359916082135,-289.30416137170994,-282.948264791449,-282.44452835807067,-292.4329055805751,-276.3102111592855,-276.3102111592855,-276.3102111592855
"<s> "" सुधांशु कहते हैं, ""मौजूदा माहौल ने हमें राजनीतिक रूप से जागरूक कर दिया है. </s>",-181.15445636432764,-181.111589379611,-266.4043580030994,-325.05290439231527,-325.03830549247556,-343.71864269971474,-397.3861866091456,-396.8769016777281,-402.95828666263924,-386.83429562299966,-386.83429562299966,-386.83429562299966
<s> 2015 में खुद को ‘इंपैक्ट टीम’ कहने वाले एक ग्रुप ने एशले मैडिसन के सिस्टम में घुसकर उसके सर्वर से लगभग सभी जानकारी निकाल ली. </s>,-251.353973064234,-251.34465757338882,-382.623669681206,-483.2415485124805,-483.21266247396414,-507.8841352944767,-655.4604951674195,-654.4407972505834,-667.7614202299759,-663.1445067822851,-663.1445067822851,-663.1445067822851
<s> इसका स्क्रीनप्ले संजय लीला भंसाली ने तैयार किया है और उन्होंने ही इसका निर्देशन भी किया है. </s>,-154.76154825969004,-154.71177850964787,-263.2043345593845,-280.75444635864653,-280.726233306976,-314.70768364595705,-364.6742299469345,-361.63177585517246,-400.68489582411974,-398.99659617169607,-397.48806133693563,-411.16444032246324
"<s> हानिया का एक और वीडियो भी सोशल मीडिया पर वायरल हो गया है, जिसमें वह निर्देशक वजाहत रऊफ़ के बेटों आशिर वजाहत और नायल वजाहत के साथ गायक हसन रहीम का गाना 'तेरी आरज़ू' गा रही हैं जिसमें वो उन्हें गले लगाती हैं. </s>",-498.31324665504326,-498.29741494943363,-694.9285791167839,-866.9264023312509,-866.8908814954666,-920.659642078733,-1013.8326956232888,-1008.7622056774948,-1073.0621553443475,-1065.7748690625426,-1062.7321794717423,-1098.6390111806031
"<s> "" मनु भाकर ने कहा था, ""लाइफ़टाइम अचीवमेंट अवार्ड के लिए आपको बहुत लंबे समय तक अच्छा करना होता है, बहुत हासिल करना होता है. </s>",-282.69500407729686,-282.6303327389518,-414.8467270587176,-486.7424077125029,-486.72114193677044,-521.2884448840992,-620.700407319643,-618.6973174246217,-644.7470875413105,-648.9020532264476,-648.3991034020285,-652.8338747422747
<s> भर्तृहरि महताब लगातार सातवीं बार सांसद के तौर पर काम कर रहे हैं. </s>,-132.9603912197958,-132.9305313175947,-210.6268714033926,-248.9990037290633,-248.98092790663105,-274.4386382961102,-282.2091703591718,-280.1706553416749,-313.1736132937161,-269.90134484525885,-267.87787907218296,-290.32969731454466
<s> सिटीज़न कंज़्यूमर सिविक एक्शन ग्रुप की एस सरोजा कहती हैं कि एफ़एसएसएआई जिन भी ब्रैंड्स की लैब में जांच करती है उसके नतीजे सार्वजनिक करने चाहिए. </s>,-275.20743874975267,-275.33479861393346,-396.9746588226768,-570.6961933299186,-570.6778429256648,-591.6043936629278,-652.5775072917387,-650.5529398476049,-672.3783954122486,-690.7755278982137,-690.7755278982137,-690.7755278982137
<s> ऑटोमैटिक बंदूकों से हो रहे जवाबी हमलों की आवाज भी सुनी जा सकती है - ऐसा लग रहा है कि जितना अनुमान था उसके हिसाब से सेना काफी करीब हैं. </s>,-251.9677866889915,-251.8750349059929,-435.4903661864814,-500.391260598961,-500.3607086613745,-547.3090969488115,-671.5199531633016,-666.9854666281267,-725.3652788013402,-768.050067700481,-767.03003269779,-780.6783157677543
<s> एसजेवीएनएल ड्रिलिंग का और पाइप लाइन का काम देख रही है. </s>,-117.99778956370167,-117.98226680405696,-183.9401959222845,-222.59783560720473,-222.592532107621,-233.3163768528129,-257.61852031686306,-256.11090424507336,-269.42020517064014,-276.3102111592855,-276.3102111592855,-276.3102111592855
"<s> वीडियो: सुप्रिया सोगले और शाहनवाज़ अहमद (बीबीसी हिन्दी के एंड्रॉएड ऐप के लिए आप 
यहां क्लिक
 कर सकते हैं. </s>",-230.22318893311046,-230.20823627710408,-318.2855839646078,-419.2793895700155,-419.2611310231521,-439.8510870089437,-474.89036654762134,-473.40101154476486,-490.46822112338947,-497.35838008671385,-497.35838008671385,-497.35838008671385
<s> हर तरफ़ लाल फीते लगे हैं. </s>,-85.06832917336871,-85.0574366754641,-118.80942010677067,-175.20867266148042,-175.2055508058691,-179.3739524621396,-165.78612669557128,-165.78612669557128,-165.78612669557128,-138.15510557964274,-138.15510557964274,-138.15510557964274
"<s> कर्नल भाटिया बताते हैं, “मैंने परतापुर स्थित 102 ब्रिगेड हेडक्वार्टर से अपना रेडियो कनेक्शन स्विच ऑफ़ कर दिया ताकि उनकी तरफ़ कोई हस्तक्षेप न किया जा सके. </s>",-310.6704861898421,-310.5960630333385,-429.6435074590232,-645.7669924201728,-645.7596354390059,-661.2686703925398,-746.0375701300708,-746.0375701300708,-746.0375701300708,-718.4065490141422,-718.4065490141422,-718.4065490141422
"<s> इसके बाद कंपनी ने एक 
बयान जारी कर
 कहा है कि टिकटॉक और बाइटडांस के जनरल काउंसेल एरिक एंडरसन जून में अपना पद छोड़ देंगे और कंपनी के स्पेशल काउंसिल की भूमिका में चले जाएंगे. </s>",-305.7910624874106,-305.6938288803533,-512.9502745322269,-573.3337772039818,-573.2760437825939,-643.3365026591217,-750.8650950564826,-744.7699958584382,-828.9959431509275,-830.9313175553498,-827.3764603829698,-867.2802594042704
<s> जवाब में उन्होंने कहा कि 'साक्षी मलिक के इस फ़ैसले से मुझे क्या लेना-देना? </s>,-142.23576682501454,-142.19285044551356,-235.72537187450897,-244.39875154275106,-244.37841423548855,-273.8218754539962,-311.0779738306953,-309.04207533066676,-340.80199242511935,-326.67574015447474,-325.6566985587744,-338.5819847943534
<s> जब मैं सेठ जी से उनके मुंबई के प्रभादेवी स्थित कार्यालय में मिलने पहुँचा तो माधुरी उनके सामने बैठी थीं. </s>,-189.26896648645467,-189.2257204561193,-304.1476668832182,-430.04037347228234,-430.01554222803617,-453.9102246267644,-518.6755508278936,-517.659254114522,-529.6063584883594,-524.9894012026424,-524.9894012026424,-524.9894012026424
<s> बांग्लादेश में अल्पसंख्यकों में साल 1992 में उस वक्त भी हमले हुए थे जब भारत के अयोध्या में बाबरी मस्जिद विध्वंस हुआ. </s>,-192.8284982983037,-192.75857467802942,-327.527972606016,-328.1760474180605,-328.15096729764804,-354.80372785659284,-480.915889382197,-476.8758046252362,-515.8263620177918,-566.6449769625638,-566.1490776100549,-569.9408121156973
"<s> "" उन्होंने कहा कि संघर्ष विराम के दौरान ""हर दिन ग़ज़ा में सहायता सामग्री के 600 ट्रक भेजे जाएंगे. </s>",-194.62809315704538,-194.583635956288,-303.31197497430924,-372.59770366981166,-372.58685702319656,-397.8937663616923,-487.50854997467997,-486.4994497320993,-501.9713155131454,-497.35838008671385,-497.35838008671385,-497.35838008671385
<s> इसके पक्ष और विपक्ष में कई लोग थे. </s>,-80.71916771216485,-80.69073589628778,-143.37490092153675,-133.24963639833692,-133.2359524148131,-150.30146493344168,-171.7457907472911,-170.22456680618512,-186.52710752700108,-179.739225320512,-179.24229139322586,-183.106516432597
<s> मणिपुर पुलिस ने बयान जारी कर बताया कि भारतीय सेना ने पेट्रोलिंग के दौरान दो गाड़ियों की पहचान की. </s>,-162.03158216810635,-161.96966444185114,-288.92961183052665,-298.73050492472174,-298.6962294287015,-341.8277651850314,-388.904600347377,-384.8458831026258,-432.93313504774574,-439.74882246307345,-437.7378609449307,-456.11584895169653
<s> राजन बताते हैं कि सिवान में रहते हुए रोज़ सौ रुपए कमाना भी मुश्किल था. </s>,-150.79861294549423,-150.75134517601177,-237.50981092701724,-312.3817130228165,-312.36973359081077,-329.77152268237586,-376.87019682453735,-375.8500263262223,-391.45083657099656,-386.83429562299966,-386.83429562299966,-386.83429562299966
<s> 25 अप्रैल- विनेश फोगाट समेत 6 अन्य महिला पहलवानों ने बृजभूषण शरण सिंह के ख़िलाफ़ एफ़आईआर की मांग को लेकर सुप्रीम कोर्ट में याचिका लगाई. </s>,-258.0635777149443,-258.00322433833713,-384.2873996213321,-474.8060752322846,-474.78391520603276,-507.74428069795397,-581.8761594205905,-578.8250454340085,-621.7327037542461,-599.4713069123945,-597.4383308299748,-621.901901154884
<s> अप्रैल 2019 में फ्रांस के एक चर्चित अखबार ला मोंद की रिपोर्ट में कहा गया था कि फ़रवरी से अक्टूबर 2015 के बीच फ्रांस सरकार ने अनिल अंबानी की एक कंपनी को लगभग 1100 करोड़ रुपये की टैक्स छूट दी. </s>,-337.70837204746056,-337.58471125055246,-578.6937708326128,-635.0091673652172,-634.9575081382905,-711.4989873536914,-879.7177972872988,-873.1289027338977,-955.648260796841,-997.8810320333877,-995.3452578136133,-1026.056591652069
<s> विश्व कप के लिए भारत आने वाली किसी भी टीम को बीफ़ यानी बड़े जानवर के मांस का कोई भी आइटम नहीं परोसा जा रहा है. </s>,-222.5145654979087,-222.46553729222816,-382.2610638199166,-443.71408943870836,-443.68138332911684,-492.8068571305817,-564.7359997981983,-560.1961236820217,-614.84309116069,-646.9353773415917,-645.4238183555616,-659.8436273006955
<s> ’      उन्होंने कहा कि वे फलस्तीन के समर्थक हैं. </s>,-113.68623315165812,-113.66403663863534,-170.75001091285293,-200.58527050072814,-200.57333483930995,-219.88264455786228,-207.39850827746062,-206.39294463263826,-225.66089641335324,-204.95187399646898,-204.44309726809533,-210.7375286236474
<s> टीवी इंडस्ट्री के बड़े सितारों में से एक करण कुंद्रा बिग बॉस-15 के बाद लगातार सुर्ख़ियों में रहते हैं. </s>,-193.92753112174984,-193.8848684417208,-301.50950722900535,-357.04250585029246,-357.0271671703129,-383.9565524790569,-457.48141063778075,-455.47430438265826,-478.9604218454067,-483.64655333952305,-483.14915151739785,-487.0477486777606
"<s> 5 लाख रुपये, भारत की जीडीपी की प्रति व्यक्ति आय (2. </s>",-128.6674791689449,-128.6330413543559,-198.06690606304622,-206.2940232484207,-206.28044968202659,-219.2873538133335,-240.64183024929886,-238.6230652068502,-257.91318334510197,-262.1494351837076,-261.64715806293407,-265.99957923947636
"<s> कोई भी अगर इससे हटकर कोई बात करता है तो वो कनाडा के लोगों के समावेशी, दया और प्यार के मूल्यों को को नहीं मानता. </s>",-216.56460474315077,-216.48706543495845,-379.72359841351545,-419.82802707915636,-419.789070931525,-465.6408544904157,-599.4493153533487,-596.9042320428467,-633.2399245579536,-649.5016786161302,-649.0052463174654,-652.8338754334328
"<s> आप समझिए कि 'सूरज बुत गया, हम सुत (सो) गए' वाला हाल है यहां. </s>",-226.778551076785,-226.77522873839527,-281.53086385125516,-366.71473153350894,-366.7130397561994,-372.34940872690186,-386.83429562299966,-386.83429562299966,-386.83429562299966,-359.2032745070711,-359.2032745070711,-359.2032745070711
<s> कंप्यूटर भी चला लेते हैं. </s>,-66.42956086293222,-66.4106898835908,-104.70340920364328,-136.49634379877926,-136.49347738591808,-137.71948720892294,-138.15510557964274,-138.15510557964274,-138.15510557964274,-110.52408446371419,-110.52408446371419,-110.52408446371419
"<s> वरिष्ठ पत्रकार और राजनीतिक विश्लेषक शिखा मुखर्जी कहती हैं, ""भाजपा की अगुवाई वाली केंद्र सरकार ने लगभग हर घोटाले में अभिषेक की भागीदारी का प्रचार किया है. </s>",-279.9548994488816,-279.8750815370714,-424.9914066056016,-477.31476088778504,-477.2819675214927,-506.97539166401657,-645.5139894083094,-642.4748100213114,-676.9951664425395,-705.0514097718549,-704.5598246651978,-708.0959178756426
<s> एसपी बालासुब्रमण्यम हरफ़नमौला कलाकार भी थे - वो कमाल के डबिंग आर्टिस्ट थे. </s>,-148.6716008228838,-148.72127131608838,-211.05808082423678,-296.80940659622274,-296.80541728093664,-302.62944872058733,-359.2032745070711,-359.2032745070711,-359.2032745070711,-331.57225339114257,-331.57225339114257,-331.57225339114257
<s> पिछले नेशनल गेम्स से उन्होंने मैदान पर वापसी की. </s>,-95.69578655823398,-95.66453800230889,-157.58691923464184,-209.11908525497356,-209.10816663667615,-220.1548231331154,-233.0135761683577,-232.5092022759194,-237.17217974928448,-221.04816892742838,-221.04816892742838,-221.04816892742838
<s> रवीन्द्र जडेजा भी भारतीय टीम का हिस्सा थे. </s>,-90.64321465951619,-90.61652558502722,-144.48159996189614,-180.10011664890243,-180.08833870385126,-192.5284316132016,-170.1865904305209,-168.66232154071187,-186.52706468279302,-179.09919421570095,-178.59567464564378,-183.1065156512883
"<s> उन्होंने यह भी घोषणा की थी कि वह भाजपा में शामिल होंगे, लेकिन शायद गिरीश महाजन और देवेंद्र फडणवीस के बीच आंतरिक संघर्ष के कारण वह चुनाव से पहले शामिल नहीं हुए. </s>",-272.11110156788226,-272.0114894973347,-474.835084998062,-517.6343622354982,-517.5836463585129,-588.6234679336055,-672.6470527991,-666.5583160366388,-746.1076900602486,-780.202515605203,-777.6772889632479,-805.0084510317048
<s> बीते चार हफ़्तों में कठुआ चरमपंथियों को लेकर दूसरी बार चर्चा में है. </s>,-132.00416389442265,-131.97074713994533,-209.71436907904797,-287.13978037089703,-287.1313338770987,-302.52954827025604,-343.5535734534655,-343.04940897431845,-347.696264312424,-331.57225339114257,-331.57225339114257,-331.57225339114257
<s> इस तरह वो येलो बर्ड इस्केप लाइन लाइन की सदस्य बन गईं. </s>,-144.0133097251602,-143.97704210490602,-212.5323013261379,-261.44993126435816,-261.4451294232068,-274.77313856169707,-311.5648978395717,-311.06625943975166,-320.0647517416131,-303.941232275214,-303.941232275214,-303.941232275214
<s> बीते साल यूट्यूब पर जारी हुए कई भोजपुरी गानों में बॉलीवुड अभिनेत्री रिया चक्रवर्ती को 'वेश्या' कहा गया. </s>,-188.78563561747583,-188.72988295438685,-291.84204242130403,-339.815146695239,-339.7944695516637,-356.57974150592776,-448.3654572521137,-446.84544588958227,-462.83732047559556,-469.7273589707853,-469.7273589707853,-469.7273589707853
<s> जम्मू और कश्मीर के उपराज्यपाल मनोज सिन्हा जी अपने बेटे को चुनाव लड़ाना चाहते थे लेकिन बात नहीं बनी तो अपने क़रीबी पारसनाथ राय को चुनाव लड़ा रहे हैं. </s>,-261.1054897114727,-261.03917263451535,-424.66018572329114,-497.3093065537145,-497.2665704683364,-534.2022375595716,-637.4471867460327,-632.3788207069814,-686.2294046453673,-687.7767860125691,-684.7636279193796,-711.8047966319645
"<s> मीडिया रिपोर्ट्स के अनुसार, इस इवेंट में ट्रूडो को यह कहते हुए सुना गया कि कनाडाई सरकार अपने देश में सिख समुदाय के धर्म के अधिकार का बिना ""भेदभाव"" के समर्थन करेगी. </s>",-295.8454079683178,-295.7517950857436,-486.21771830565655,-542.4884136898635,-542.4391537530685,-588.9827834712313,-730.2861740292772,-725.7098948945442,-780.6292690411965,-810.3747678216,-808.8558956395686,-825.6297340430857
"<s> कांग्रेस नेता जयराम रमेश ने बुधवार को प्रेस कॉन्फ़्रेंस में कहा कि अब जब आँकड़े जारी कर दिए गए हैं, उन्हें उम्मीद है कि चुनाव के बचे हुए चरणों में ऐसा नहीं होगा. </s>",-287.0468495206623,-286.9598275508671,-488.26509789177817,-525.0732208070456,-525.0103680123284,-602.0420778256508,-663.2730477015559,-656.183700119876,-750.723730582534,-797.8150832596789,-794.8085662110075,-822.328875836904
<s> साल 2021 से उन्होंने सिर्फ़ 4 फर्स्ट क्लास क्रिकेट मैच खेले हैं. </s>,-127.36597976678934,-127.32573590651424,-198.99989052980473,-234.7166200135477,-234.70346524389612,-246.9280248242731,-299.9447199205507,-298.9347204695942,-308.5582300195423,-303.941232275214,-303.941232275214,-303.941232275214
<s> 'तेज़ाब' के साथ उसी बरस उनकी एक और फिल्म 'दयावान' ने भी धूम मचा दी. </s>,-174.44320671507808,-174.399823441064,-264.3582393270901,-323.6013608494796,-323.58848597731264,-343.5949567381918,-367.70510639157527,-366.20816789055027,-379.94428595819113,-386.83429562299966,-386.83429562299966,-386.83429562299966
<s> ग़ज़ा में मानवीय कदमों के लिए संघर्ष विराम को लेकर यूएन में प्रस्ताव को लाने का काम भी जॉर्डन ने ही किया था. </s>,-199.0997101669245,-199.04213514905757,-339.3107805545679,-416.72217397462623,-416.6937512647406,-452.0534364222139,-551.305599737019,-548.7968902218398,-577.9783058673127,-607.882464550428,-607.882464550428,-607.882464550428
<s> नवंबर 2004 में गंभीर ने अपने दूसरे टेस्ट में ही दक्षिण अफ़्रीका के ख़िलाफ़ 91 रनों की शानदार पारी खेलकर बता दिया था कि वो लंबी रेस के लिए बने हुए हैं. </s>,-270.6530038812802,-270.55435561088154,-461.03527607326777,-530.8173455067986,-530.7668941246851,-588.4351281211519,-748.6346597853116,-744.6028175624986,-792.1363417701353,-813.1102670394648,-811.596910801624,-825.62975706139
<s> राज्य सरकार हर संभव सहायता प्रदान करने के लिए प्रतिबद्ध है. </s>,-108.32475669661252,-108.28721343214129,-184.0500478246745,-158.54202492119492,-158.5174905755527,-190.63161277125943,-178.01448808534636,-174.49298363592905,-223.38635694135834,-228.98630614938529,-227.46236028179612,-245.37828580063464
<s> दूसरी गेंद पर छक्का और दूसरी गेंद पर विकेट. </s>,-94.58458277554155,-94.5534659177933,-157.229051935122,-164.48517337939091,-164.47103054035193,-178.0612563794984,-200.02899018731804,-198.50784730033445,-214.1581443491968,-221.04816892742838,-221.04816892742838,-221.04816892742838
<s> 71 का था. </s>,-49.29973263997553,-49.287300520067646,-77.26514815158625,-97.12536382945595,-97.12818135862423,-96.49097415637527,-82.89306334778564,-82.89306334778564,-82.89306334778564,-55.262042231857095,-55.262042231857095,-55.262042231857095
<s> तीसरी बार भारत के प्रधानमंत्री बने नरेंद्र मोदी और उनकी कैबिनेट के सदस्यों के शपथ ग्रहण समारोह में शिरकत करने के लिए मुइज़्ज़ू भारत पहुँचे थे. </s>,-235.40896654941196,-235.3279735190502,-394.43895428514463,-407.43023867491644,-407.37719777392886,-464.7186213033911,-479.0038163944713,-471.90912776666335,-557.3026655197287,-602.6971172369838,-599.6730257985814,-628.911725170616
"<s> निकाह 1982 में बनी बेहद कामयाब फ़िल्म थी जिसमें पाकिस्तानी मूल की सलमा आग़ा, राज बब्बर और दीपक पराशर ने काम किया था. </s>",-244.11051711543462,-244.04478048519985,-358.74368597103347,-497.9030363820645,-497.89310350836257,-508.76623386727744,-618.9959069789677,-618.4877920070625,-624.006466823127,-607.882464550428,-607.882464550428,-607.882464550428
<s> 15. </s>,-33.736709366801094,-33.73036850811135,-50.94452183931885,-55.262042231857095,-55.262042231857095,-55.262042231857095,-27.631021115928547,-27.631021115928547,-27.631021115928547,0.0,0.0,0.0
"<s> ” हिलेरी क्लिंटन ने लोगों से इस ‘ऐतिहासिक लड़ाई’ में
कमला हैरिस के साथ खड़े होने की अपील की है. </s>",-219.81703448746075,-219.80081303752044,-328.53845188607,-351.0559427850859,-351.03863469309385,-383.49392442906355,-419.04027155807654,-415.0024077648014,-460.5639340338947,-496.2984973517325,-495.29295331455717,-504.3681363413141
<s> कहा गया कि वह शादी में प्रतिबद्ध नहीं हैं. </s>,-85.08922825489506,-85.05791508766625,-156.16681124435684,-170.67512620238034,-170.6591076350484,-192.03695306288293,-194.79220396639073,-193.26468875969096,-214.15786265521874,-191.24361408398642,-190.2310439840966,-200.4269013315261
<s> ईरान से क़रीबी के कारण सऊदी अरब से हमास की दूरी बढ़ना लाज़िम था क्योंकि सऊदी अरब और ईरान के बीच दुश्मनी है. </s>,-234.0497432612984,-233.98732874689964,-355.90017218476186,-465.6292082685064,-465.59986582170626,-494.6054037137749,-571.2009068196016,-569.175430940038,-589.4854293798928,-593.4943001450183,-592.9902796525604,-597.571832270015
"<s> घोष कहते हैं, ""एंटीबायोटिक्स के एक कोर्स से ही उसके (एंटीबायोटिक्स के) प्रति प्रतिरोध पैदा होने का ख़तरा होता है और गट माइक्रोबायोम की आपके आंत में उपस्थिति पर असर पड़ता है. </s>",-358.49516103528157,-358.4273856645294,-517.8908131853898,-668.6889484806213,-668.6705659576745,-701.076614518751,-833.325903561052,-831.8108822218217,-849.6713825220064,-856.561654593785,-856.561654593785,-856.561654593785
"<s> उन्होंने बीबीसी को बताया, "" हम आने वाले पांच से दस साल में इसके असर को पूरी तरह से समझ पाएंगे. </s>",-191.2611316452219,-191.1951152290908,-329.9904585808223,-330.4645288278178,-330.43806596666246,-369.10361079805625,-477.85784659863555,-474.82361116351234,-511.2081893888265,-535.2887646404405,-534.7783341039628,-542.3097581552717
"<s> 'जीवन मृत्यु', 'शर्मीली', 'दाग़', 'ब्लैकमेल', 'कभी-कभी', 'तपस्या', 'दूसरा आदमी', 'मुकद्दर का सिकंदर', 'बसेरा', 'शक्ति' और 'करण-अर्जुन' जैसी कितनी ही फ़िल्में राखी के खाते में हैं, आज राखी का 75वां जन्मदिन है. </s>",-582.097703519142,-582.0498644940409,-677.143691363608,-807.6144820469558,-807.6088263482275,-814.0190951651934,-837.5368241407496,-837.026374288753,-845.0544676655455,-828.9306334778564,-828.9306334778564,-828.9306334778564
<s> सात अक्टूबर के हमलों के बाद इसराइली प्रशासन ने डिटेंशन सेंटरों में रेड क्रॉस की इंटरनेशनल कमेटी (आईसीआरसी) के दौरे को भी निलंबित कर दिया है. </s>,-247.52089470129218,-247.44931031919637,-393.45559240397444,-487.21864812180695,-487.1951958045735,-521.1589720545703,-652.0978708094567,-650.0717072984913,-672.3783912369743,-690.7755278982137,-690.7755278982137,-690.7755278982137
<s> पाटीदार ने 11वें ओवर में चार छक्कों की मदद से 27 रन बनाए. </s>,-143.97766992384817,-143.93780149249048,-223.3048739498431,-242.30593857019338,-242.28964160583712,-260.49997209811613,-306.11352599182766,-304.58950036837564,-324.6815829599202,-302.1674511629302,-301.1629045478565,-310.9509840523318
<s> 18वीं लोकसभा की शुरुआत ही असहमति और मतभेद से हुई है. </s>,-127.37464350394484,-127.34118084252958,-197.16723113677443,-266.80012354474394,-266.7940592097668,-275.4179051635369,-288.46531032025666,-287.9629754358866,-292.4342230747505,-276.3102111592855,-276.3102111592855,-276.3102111592855
"<s> एक ओर तो रिपब्लिकन पार्टी है जो खुलकर इसराइल का समर्थन करती है, दूसरी ओर उनकी अपनी डेमोक्रैटिक पार्टी है, जिसमें इस मामले पर राय बँटी हुई है. </s>",-292.1545840181655,-292.1374249982362,-440.82114308948417,-573.7159389798089,-573.6917186819387,-604.7200831746602,-690.0705600393238,-687.5411500777786,-716.1333744660346,-746.0375701300708,-746.0375701300708,-746.0375701300708
"<s> "" ""पीड़िता आम तौर पर वो युवा महिला एथलीट होती थीं जो अपने कंपीटीटिव करियर के शुरुआती दौर में हैं और कई पीड़िताओं के साथ ये दुर्व्यवहार कई सालों तक होता रहा. </s>",-306.3158714251378,-306.22676154149514,-491.5550122464859,-581.4188639933134,-581.3752293639086,-630.8114644708836,-731.39603453544,-726.8396369809585,-780.6292861434579,-841.6660602437611,-841.1593270493322,-846.2510211414099
<s> इसके बाद उसने बांग्लादेश को हरा कर सेमीफाइनल में एंट्री कर ली. </s>,-114.3826965931201,-114.34204370573237,-196.50745575689427,-211.6734882871305,-211.6548579965602,-232.72406383733676,-260.71475217447403,-258.69438227349497,-285.5406304563445,-287.82955960824904,-287.3206600287783,-293.6305918211779
<s> इन चकत्तों में अधिक खुजली या दर्द हो सकता है. </s>,-109.74520297890945,-109.75673197091685,-171.0974920330257,-233.9562415384329,-233.94547644821847,-247.75359680980617,-260.97458869483773,-260.4725120596512,-264.80320265455146,-248.67919004335693,-248.67919004335693,-248.67919004335693
<s> साल 1963 में कानपुर में कवि रमेश श्रीवास्तव उर्फ बलई काका के यहाँ जन्म लेने वाले राजू श्रीवास्तव को बचपन से ही फ़िल्मी सितारों की मिमिक्री करने का शौक था. </s>,-285.3791514852915,-285.32022094025444,-435.2696111494843,-620.0295196487397,-620.003159290883,-645.9742232062555,-762.0320094069815,-760.0046795929503,-782.9024986613468,-786.489176000546,-785.9828072914152,-790.9889791499552
<s> ये संघ परिवार का आंतरिक मामला है. </s>,-80.79209619711654,-80.76696882732041,-131.44124488566285,-143.04872716384767,-143.04538856385872,-150.84821536352138,-178.22127267644393,-177.72050295540743,-181.9101399032195,-165.78612669557128,-165.78612669557128,-165.78612669557128
<s> आप लोगों को शर्म आनी चाहिए. </s>,-74.58020007601178,-74.55894690896314,-117.5251483412813,-111.53464751514487,-111.5288476218411,-123.17000687893939,-132.40624226317834,-131.3903363950697,-142.77208055961214,-124.26095967968257,-123.76130974050005,-127.84447399038744
<s> उन्होंने शेफ़ाली वर्मा के साथ ओपनिंग विकेट की साझेदारी में 292 रन जोड़े. </s>,-146.40026771998058,-146.36228335513553,-223.15887287519595,-283.9458562343968,-283.93190716218,-302.2745673863328,-328.2378591046663,-327.23200924655,-336.1892556088428,-331.57225339114257,-331.57225339114257,-331.57225339114257
<s> सुपर ओवर में अमेरीका ने 19 रनों का लक्ष्य रखा लेकिन पाकिस्तान की टीम सिर्फ़ 13 रन बना सकी. </s>,-177.98108290554438,-177.93028622540797,-290.67477732793833,-345.99832360315514,-345.9741831859344,-370.1505110945548,-456.3952702964295,-454.3597892754345,-478.9612249345169,-482.5044631810217,-481.9979075653833,-487.04774675454007
<s> लाहौर और पेशावर दोनों ही टीमों ने इस मैच में जीत के लिए पूरा ज़ोर लगाया. </s>,-143.87001802276157,-143.8186427979418,-248.44904069596586,-281.25900259050997,-281.23100892293013,-314.83858685321354,-304.7429136718678,-300.7076580040629,-350.0399232997379,-341.24191649394163,-338.7211493397343,-362.9121491164633
"<s> ये आँकड़े इस बात की तरफ शायद इशारा करते है कि खिलाड़ी चाहे कितना भी लाजवाब क्यों ना हो, हर किसी को एक ऐसे दौर से गुज़रना पड़ता है, जब क्रिकेट उन्हें अचानक से निर्दयी दिखने लगता है. </s>",-371.8340561891585,-371.7449274731996,-572.9394714455742,-761.9823846369244,-761.9531634171516,-810.5805084756698,-949.2874631083008,-946.2546728619991,-980.936218445715,-1022.3477812893562,-1022.3477812893562,-1022.3477812893562
"<s> वो कहते हैं, ""मुझे इस बात की चिंता है कि हमें चंद्रमा के दक्षिणी ध्रुव पर पानी मिला है, चीन वहां पहुंच कर कहता है कि यह हमारा क्षेत्र है और आप यहां नहीं आ सकते हैं. </s>",-346.30389417173836,-346.1942169361216,-569.9118331239144,-602.7094167600587,-602.6584171775556,-670.3602676667731,-830.9260697473467,-825.3750369929722,-895.7694060454878,-939.2094140151811,-937.2159549659156,-953.4742333656569
"<s> उन्होंने कहा, ''जब एक महिला के लिए बैरियर टूटता है तो सारी महिलाओं के लिए रास्ता साफ होता है. </s>",-204.1845233489842,-204.13122161329576,-316.8326827903406,-343.74916340390394,-343.72866517953804,-383.09617077846735,-455.04230414982476,-453.03554206468,-478.9611485993676,-483.7896692683223,-483.29435866902725,-487.04774879796247
"<s> फ़िल्म में मैगज़ीन एडिटर का काम किया था मराठी अभिनेत्री भक्ति बर्वे ने, ये रोल पहले अपर्णा सेन को ऑफर किया गया था. </s>",-244.55985931474132,-244.50969993172333,-358.66787565541506,-501.8216095045653,-501.8129577278883,-522.6274370507347,-567.8090508073378,-565.787726911588,-589.4851762092381,-592.9469262866528,-592.4400733300079,-597.5718309778537
<s> भारत ने दोनों ही पक्षों से बातचीत कर शांतिपूर्ण तरीके से समाधान की लगातार अपील की है. </s>,-144.9201202211848,-144.8635434650512,-261.7193369017743,-268.2653909761018,-268.237432892216,-300.8234872145959,-384.81313873326485,-382.27761798726254,-412.19205293528216,-442.09633785485676,-442.09633785485676,-442.09633785485676
<s> भारत के चर्चित अभिनेता नसीरुद्दीन शाह ने गदर-2 और द कश्मीर फ़ाइल्स जैसी फ़िल्मों की आलोचना की है. </s>,-208.37109026445907,-208.32079964378684,-303.97301987093704,-393.2647184330212,-393.246551632264,-412.66692353756787,-460.0046773489062,-458.9853909992417,-474.34399432244794,-469.7273589707853,-469.7273589707853,-469.7273589707853
"<s> मसान की शूटिंग शुरू होने से पहले जिस अभिनेता का चयन हुआ, वे किसी कारण से उसे कर नहीं पाए. </s>",-188.45625345615514,-188.3985451733145,-317.2372946460994,-366.922084498245,-366.8924935682656,-397.7459654092767,-465.6357343229446,-463.0966636155592,-495.08502642284924,-494.6345948538079,-493.6285382886378,-504.3681205950883
"<s> ""  वे कहते हैं, ""ऐसे मामलों में फोन उठाने या मैसेज़ पाने वाले शख़्स को ऐसे मैसेज़ या फोन पर आंख बंद करके भरोसा नहीं करना चाहिए. </s>",-293.49663586891353,-293.5846540041285,-427.82002258019236,-556.555549421648,-556.5391063258224,-577.1804354497002,-746.0375701300708,-746.0375701300708,-746.0375701300708,-718.4065490141422,-718.4065490141422,-718.4065490141422
"<s> थेम के पास स्थित एक बड़े पर्यटन स्थल नामचे में यूथ क्लब के अध्यक्ष मिंगमा शेरपा ने कहा, ""परिणामस्वरूप, बिजली नहीं है और इसकी वजह से दूरसंचार भी ठप पड़ गया है. </s>",-361.3200713403022,-361.2384567217589,-531.3536010471001,-626.9172307124793,-626.8834221962826,-672.9624103943399,-746.6642837127121,-742.6144026194958,-792.1361481356073,-812.7038268768576,-811.1876391572986,-825.629756340182
"<s> मतलब, जाएगी तो बल्ले पर लग कर जाएगी और अंदर जाएगी तो पैड से लगकर जाएगी. </s>",-169.673088232678,-169.62524429203953,-265.0070241391994,-355.87021708854144,-355.8773873373714,-357.46042516992213,-442.09633785485676,-442.09633785485676,-442.09633785485676,-414.4653167389282,-414.4653167389282,-414.4653167389282
<s> अधिकांश मामलों में संबंधित प्रजातियों का ही इस्तेमाल किया जाता है. </s>,-107.68857194279539,-107.65136922076016,-183.58307623281166,-187.45667629730517,-187.44752156334326,-205.23431238007794,-238.85352755549064,-236.8307812453137,-257.91312956652234,-262.63228806729217,-262.13535373933814,-265.99957978038265
"<s> बस में सवार सभी 40 यात्री महाराष्ट्र के थे और उत्तर प्रदेश से बस के ज़रिए नेपाल में दाख़िल हुए
थे. </s>",-180.57636318790537,-180.51274131360987,-313.92999615470114,-350.47662509077327,-350.4514572984025,-383.2954048039854,-478.11949680664384,-475.0691688990739,-511.2092304724234,-524.52158750124,-523.5213604959589,-531.999158478954
<s> जिस तरह हर उत्पाद का एक बार कोड होता है वैसे ही डीएनए फ़ोटो हैश मेकेनिज़्म काम करता है. </s>,-200.8411213279411,-200.79031351691432,-305.9894295258021,-367.411047037622,-367.389513915556,-398.12094511631585,-474.0935422310289,-472.5702258302287,-490.4682734999671,-497.35838008671385,-497.35838008671385,-497.35838008671385
<s> डोजकॉइन और एलन मस्क से जुड़ा एक मामला अदालत में भी चल रहा है. </s>,-139.53303503709137,-139.57096348829177,-222.9049384351327,-267.2661766835613,-267.24853517334384,-288.0816718251763,-322.29175338373784,-320.27379084474865,-340.80622293480724,-359.2032745070711,-359.2032745070711,-359.2032745070711
"<s> '' गृह मंत्रालय ने
बुधवार को नागरिकता संशोधन क़ानून यानी सीएए के तहत 14 आवेदकों को
पहली बार भारत की नागरिकता का सर्टिफिकेट दिया है. </s>",-241.9120767212043,-241.83501369719718,-383.67542588430007,-429.7717128618867,-429.7489546761101,-465.69477499905395,-556.8571999221186,-552.8115252484762,-598.7188833935244,-648.8635861042111,-648.3603374562323,-652.833874682174
<s> बीबीसी ने बार-बार स्वास्थ्य मंत्रालय और एनएमसी से पूछा की क्या उनके पास इस स्थिति से निपटने के लिए कोई रणनीति है लेकिन उनका जवाब नहीं आया. </s>,-237.1499810172661,-237.07346757659494,-408.11810503222927,-434.70153604425246,-434.66411932654415,-478.4592730619808,-608.1268561422042,-604.100545491967,-653.9807200393728,-671.0935647886412,-669.5791813490298,-687.4745823681654
"<s> इस सवाल पर उन्होंने कहा, ""2014 के बाद यह संतोषजनक नहीं है, लेकिन बदलाव ज़रूर आया है. </s>",-209.32109987275848,-209.27483278137137,-306.17088545562694,-373.8362879027534,-373.8188273669791,-398.71155522522236,-399.0326273561922,-397.0170687141844,-423.69907436018354,-426.74229566292377,-426.23406299480905,-431.78570268961687
<s> लेकिन यह भी सच है कि ग़ज़ा में इसराइल अपने इतिहास का सबसे बड़ा युद्ध लड़ रहा है और इसी कारण उसके सैनिक दस्ते शायद थकान का शिकार हैं. </s>,-263.3766339909408,-263.28794722954365,-436.32452853206644,-521.2978329728363,-521.2616018243106,-575.6801085925555,-608.98138475094,-603.4024948080169,-674.7215785417728,-672.8018886346846,-669.279141699764,-701.4941631795955
<s> सेमीफ़ाइनल मैच में लक्ष्य सेन का मुक़ाबला डेनमार्क के विक्टर अक्सेलसेन से था. </s>,-160.10388289522731,-160.08768216891207,-223.04235095622937,-326.9528119780082,-326.9532562061778,-330.6897092164139,-359.2032745070711,-359.2032745070711,-359.2032745070711,-331.57225339114257,-331.57225339114257,-331.57225339114257
"<s> मस्क ने हाल ही में एक्स पर लिखा था, ""उत्पादन और मांग को मैच करने के लिए टेस्ला की कीमतों में बार-बार बदलाव करते रहना चाहिए. </s>",-269.2881624619819,-269.21467237521813,-421.9252020322346,-494.13358223129677,-494.1028133580681,-534.9074863847536,-636.4207470190257,-634.3854013735049,-672.3711844668637,-672.6530008270612,-672.1423884204197,-680.4648231690909
"<s> आप हमें 
फ़ेसबुक
, 
ट्विटर
, 
इंस्टाग्राम
 और 
यूट्यूब
 पर फ़ॉलो भी कर सकते हैं. </s>",-143.35369734460264,-143.32301517699264,-236.10557484266386,-286.5948987191067,-286.58535769516754,-301.71004620236556,-365.39580932715285,-363.8824411873524,-379.9442013630169,-386.83429562299966,-386.83429562299966,-386.83429562299966
<s> फ़ैन्स आख़िर क्या चाहते हैं? </s>,-79.2160051916263,-79.25008995058568,-105.249629909404,-151.63627162310274,-151.63592198676804,-151.75292316164132,-138.15510557964274,-138.15510557964274,-138.15510557964274,-110.52408446371419,-110.52408446371419,-110.52408446371419
"<s> वहीं दूसरा नज़रिया ये है कि खिलाड़ियों ने जब इतनी मेहनत से वो मेडल भारत के लिए जीते, तो वो ऐसा क़दम उठाकर उसका निरादर कैसे कर सकते हैं? </s>",-275.15382584018795,-275.0880355222185,-437.95083409156064,-557.0945283784675,-557.064060402686,-603.5300649721562,-714.8142414090104,-712.2973208267292,-743.764092335299,-773.6685912459993,-773.6685912459993,-773.6685912459993
"<s> "" डॉक्टर स्वाति महेश्वरी कहती हैं, ""कई बार देखा गया है कि जो लोग हाथ दबा कर सोते हैं उन्हें नर्व इंजरी तक हो जाती है. </s>",-279.4025062427369,-279.3346158528328,-413.9629695231539,-539.810069216092,-539.7793745490146,-577.1738380392528,-626.1266675610262,-623.6031211673709,-660.8699180041351,-629.7965423874459,-627.7674408335718,-649.5329850436253
<s> वो  फ़िल्मों की शूटिंग के लिए इन जानवरों को सप्लाई करते हैं और शूट ख़त्म होने के बाद उन्हें वापस वहीं भेज दिया जाता है. </s>,-208.42368113083563,-208.34406265278727,-368.0852494680391,-424.0121705644467,-423.97679287396346,-478.99008191483216,-545.9903160334201,-541.9646459549496,-598.7173279023657,-631.9600681606355,-630.94313425543,-642.5232330261007
"<s> अगर ऐसा होता है, चंपाई एसटी आरक्षित सीटों पर अपने उम्मीदवार उतारेंगे, भले ही वो उम्मीदवार जीते या न जीते, लेकिन उन सीटों पर जेएमएम को एसटी वोट का नुकसान ज़रूर होगा. </s>",-366.85850677012843,-366.77116062817834,-523.6591239586147,-698.5930517411313,-698.5609297766215,-729.3357345561799,-801.911987758242,-799.3785678493341,-826.6575614141168,-826.9452476704608,-825.932758050509,-835.9403880496391
<s> इस कार्यक्रम पर संयुक्त राष्ट्र के प्रतिबंध अक्टूबर में समाप्त हो चुके हैं. </s>,-119.02929993917749,-118.9851770173444,-209.2272812458507,-205.08108805176266,-205.05439573082657,-232.23970888614497,-290.57134979092166,-288.5485395189016,-313.1750844235711,-318.12613200335744,-317.6328529329939,-321.26162219254184
"<s> हालांकि नासिर हुसैन के साथ आशा पारेख ने सात फ़िल्में कीं जिनमें जब प्यार किसी से होता है, फिर वही दिल लाया हूँ, तीसरी मंज़िल, बहारों के सपने, प्यार का मौसम, कारवां में आशा नायिका थीं. </s>",-435.72814676207867,-435.696750596738,-588.5259528309606,-860.1743399375878,-860.1562396745196,-881.7393913886906,-994.7167601734277,-994.7167601734277,-994.7167601734277,-967.0857390574992,-967.0857390574992,-967.0857390574992
<s> यही मेरी स्टेटमेंट है. </s>,-63.44698758633093,-63.432074206110464,-91.6950324998342,-119.89160975168069,-119.88848529118148,-124.11133816231509,-110.52408446371419,-110.52408446371419,-110.52408446371419,-82.89306334778564,-82.89306334778564,-82.89306334778564
<s> किरण रिजिजू केंद्रीय पृथ्वी विज्ञान और खाद्य प्रसंस्करण उद्योग मंत्री किरण रिजिजू चुनाव अरुणाचल पश्चिम सीट से चुनाव मैदान में हैं. </s>,-213.75240537563076,-213.68812144082523,-319.20397736194326,-398.1175353742757,-398.11027743413365,-411.4015715621928,-497.66203858630337,-495.13053714075323,-522.7162847049134,-524.386346169837,-523.3868056861622,-531.9991579680984
<s> इस एंगल की जाँच नार्कोटिक्स कंट्रोल ब्यूरो कर रहा है. </s>,-112.2015774690058,-112.17853375039451,-170.85202840070704,-233.10412470487083,-233.0935695855841,-247.5748880944632,-276.3102111592855,-276.3102111592855,-276.3102111592855,-248.67919004335693,-248.67919004335693,-248.67919004335693
<s> यह विश्वास व्यक्त किया जा रहा है कि पहले चरण का काम निर्धारित समय तक पूरा हो जाएगा लेकिन अगर शेष चरणों के लिए विदेशी निवेश नहीं आया तो काम रुक जाएगा. </s>,-254.0194044357476,-253.91554782312033,-463.7731343154467,-452.0057120498371,-451.9450514772605,-531.7532838569248,-671.1523164441161,-665.1183497248217,-746.0995778697621,-774.9466841036998,-772.4257877447718,-805.007672574241
<s> इस बीच चीफ़ आर्मी स्टाफ़ जनरल वक़ार उज़- ज़मान विभिन्न राजनीतिक दलों के नेताओं के साथ बैठक कर रहे थे और उसके कुछ देर बाद ही उन्होंने देश में अंतरिम सरकार के गठन का एलान किया. </s>,-331.7064452534956,-331.77243362020914,-529.316653568791,-572.2621358232926,-572.1972427618575,-656.817805739124,-663.7229007120887,-654.0978810087574,-776.081222466028,-817.9646392029017,-812.9116890089729,-863.9793901397595
"<s> महुआ मोइत्रा ने एक्स पर लिखा है, ""एप्पल से टेक्स्ट और ईमेल मिला है जिसमें ये चेतावनी दी गई है कि सरकार मेरा फोन और ईमेल हैक करने की कोशिश कर रही है. </s>",-314.27282872763004,-314.18074164742086,-503.0756261032648,-617.7316996030577,-617.7025293205011,-672.2897218442298,-762.9630551738229,-758.9168752069945,-819.7652218575097,-818.5256193185028,-816.487355754926,-842.9500872993879
"<s> ""  दरअसल, ये पुल जहाँ बना है, वो पूरा इलाक़ा परमानंदपुर गाँव के लोगों की खेती की ज़मीन है. </s>",-226.07410020949732,-226.05037914522987,-318.96444281260756,-422.1654730535658,-422.1554222828052,-440.2891393553802,-489.0334556876427,-488.0149080026264,-501.9752021884675,-497.35838008671385,-497.35838008671385,-497.35838008671385
<s> फ़िल्म अर्थ के ठीक चार साल बाद 31 साल की स्मिता पाटिल की अपने बेटे को जन्म देने के बाद मौत हो गई. </s>,-193.13276595096272,-193.05885397546263,-341.3776456169028,-358.74018678447914,-358.71880339269154,-396.240732672568,-485.8724180274082,-481.3208090696742,-531.9501166862865,-565.0301565230676,-563.5211801653921,-576.950568039743
<s> इन्होने पंजाब में जो कल्चर शुरू किया है उसे मैं कहता हूँ मेन्यु-फेस्टो. </s>,-128.87100023508737,-128.82896570622992,-210.44191700036205,-242.78881127647284,-242.782538084035,-260.432228501597,-325.11816867655835,-324.10856994833716,-336.1891550126205,-331.57225339114257,-331.57225339114257,-331.57225339114257
"<s> बाइडन की उम्र को लेकर हाल में कई राजनीतिक नेताओं, डेमोक्रेटिक पार्टी के डोनर्स और एक लिबरल अभिनेता के बयान सुर्खियों में रहे हैं लेकिन ऐसे डेमोक्रेटिक पार्टी के नेताओं की एक लंबी सूची है, जो अब भी उनकी दावेदारी का समर्थन कर रहे हैं. </s>",-393.8250052816321,-393.7039341424816,-659.4153904763222,-750.2651667107441,-750.1965402049257,-835.5570539796778,-998.2052349125096,-990.6252860109419,-1070.790604946912,-1173.406780775154,-1171.9078940928398,-1184.8330320492678
<s> बिग बी ने बड़ा मौका गँवा दिया. </s>,-89.71293248082782,-89.69731181771681,-131.5754216847887,-146.0326471653842,-146.0273933400137,-150.87982940376838,-160.4573426356876,-159.4413553509966,-170.40311121853577,-151.24139386052548,-150.73638501131117,-155.47549411465505
"<s> "" कांग्रेस का आरोप है कि पूरी घटना बीजेपी के इशारे पर हुई है, जबकि बीजेपी ने इससे इनकार किया है. </s>",-191.17910489046804,-191.11321860801857,-329.6008649197992,-329.4842677720647,-329.44848670688816,-369.00582661730215,-475.7518818927317,-472.7281825263743,-511.20837629554745,-507.2124672502209,-505.71044421769375,-521.6884483713218
<s> हिंदी मीडियम फ़िल्म के रिलीज़ का बेसब्री से इंतज़ार किया जा रहा है. </s>,-131.46099499089755,-131.41952719606965,-209.6009456835067,-271.92411176732446,-271.9127323264906,-288.4801703194497,-320.6533556882164,-319.63529947989923,-336.1874049883121,-331.57225339114257,-331.57225339114257,-331.57225339114257
"<s> "" गीता गोपीनाथ ने तो अमिताभ की टिप्पणी को तारीफ़ के तौर पर लिया लेकिन सोशल मीडिया पर कई लोगों ने ध्यान दिलाया कि बिग बी का कमेंट कितना 'सेक्सिस्ट' (महिलाओं के प्रति पूर्वाग्रह से भरा) है. </s>",-354.14410100003806,-354.10768515216455,-555.5855959566896,-679.9444056740316,-679.9082405844745,-727.0706488559474,-882.5537792262587,-878.4980754641623,-930.2893311269322,-936.0895130089041,-934.0680432746818,-953.4742285576207
<s> आकाश आनंद पार्टी के राष्ट्रीय समन्वयक होंगे. </s>,-83.97424969422488,-83.94946391808942,-130.73772624813753,-169.37230017781047,-169.36398767395139,-178.92277409093475,-175.0884475434511,-174.57911579133335,-181.9100525264891,-165.78612669557128,-165.78612669557128,-165.78612669557128
<s> इसमें कोई शक नहीं कि इसराइल की वायुसेना की शक्ति हिज़्बुल्लाह की तुलना में कहीं अधिक है और इसके कारण लेबनान में बड़ी तबाही आ सकती है. </s>,-243.53643633839886,-243.4549579144808,-407.65870847817604,-485.9105263318968,-485.86289917954105,-534.9240514677031,-558.7581343511025,-553.1809014534334,-619.4596181664555,-629.8872593644523,-626.8598146965171,-656.5427455352909
<s> सीजीएफ़ ने इस फ़ैसले को निराशाजनक बताया है और कहा है कि वे इस समस्या का जल्दी ही समाधान खोजेंगे. </s>,-179.5442656818008,-179.48288254321653,-314.23573434135744,-352.53588403797335,-352.5076544350871,-397.36036406730364,-425.9194015550244,-422.3771149050464,-472.0691075268112,-448.05320349503177,-445.5212481057056,-473.4362158205316
"<s> ओलंपिक में हारने के बाद सिंधू ने 
सोशल मीडिया पर पोस्ट लिखकर
 अपनी आगे की योजनाओं पर रोशनी डाली है. </s>",-180.32314217525789,-180.2591430287982,-301.85462046090487,-327.3186655135786,-327.30537055046125,-355.478315459581,-432.0457289732143,-428.49862694988553,-472.06994101658097,-478.2017984801426,-476.684245648617,-494.0574713966243
<s> बीते कुछ सालों में हुए विधानसभा चुनावों पर नज़र डालेंगे तो बीजेपी का एक पैटर्न नज़र आएगा. </s>,-160.26194374407683,-160.20694102227202,-264.0976624136184,-303.24283928330277,-303.21546540235784,-328.91484714168075,-386.36960825716255,-383.8304550345318,-412.19223195061375,-399.41603049476817,-397.90873552137566,-411.1644416146247
"<s> आप हमें 
फ़ेसबुक
, 
ट्विटर
, 
इंस्टाग्राम
 और 
यूट्यूब
 पर फ़ॉलो भी कर सकते हैं. </s>",-143.35369734460264,-143.32301517699264,-236.10557484266386,-286.5948987191067,-286.58535769516754,-301.71004620236556,-365.39580932715285,-363.8824411873524,-379.9442013630169,-386.83429562299966,-386.83429562299966,-386.83429562299966
<s> यह बात खुलकर तब सामने आई जब भारत ने घरेलू मैदान पर टेस्ट मैच खेले. </s>,-138.69255111532914,-138.64219038745009,-238.7179362184947,-247.47920345460338,-247.45694341110533,-273.57773834158513,-363.4415913716783,-361.9237832173194,-379.9440935185978,-386.83429562299966,-386.83429562299966,-386.83429562299966
<s> अगर वहां से कोई भागकर आ जाए तो गोरे लोगों का कल्चर खतरे में पड़ जाता है. </s>,-159.49738233960264,-159.4438331378798,-264.13411179630583,-331.51912880669073,-331.5007838595631,-356.9630172676186,-421.77999125061825,-420.26334657848304,-435.2063184459233,-442.09633785485676,-442.09633785485676,-442.09633785485676
<s> एयरपोर्ट का सिस्टम पूरी तरह ध्वस्त हो गया. </s>,-88.79513380082042,-88.76701213127215,-144.6647251546359,-157.71260570395822,-157.70802352420105,-164.45744045858373,-190.38198482773524,-189.37943919239478,-198.03415171931684,-179.64078305402717,-179.14253733434634,-183.10651634244587
<s> इस मुक़ाबले में भारतीय स्पिनर रवींद्र जडेजा ने विकेट तो एक ही लिए लेकिन वो उनका वनडे में 200वां विकेट रहा. </s>,-203.72715433768,-203.663314232924,-330.51008831923434,-391.1556241769135,-391.15450320177507,-411.18619382025327,-548.2277881143564,-547.2151956982616,-557.2374175776598,-552.620422318571,-552.620422318571,-552.620422318571
<s> इसे ही पहले इंटरनेशनल एसोसिएशन ऑफ़ एथलेटिक्स यानी आईएएएफ़ के नाम से जाना जाता था. </s>,-163.4526535239184,-163.4064099718442,-251.72148671083832,-323.2890500219528,-323.2715496077342,-343.8051450769984,-341.64228384374525,-339.60930502202547,-368.4364861388293,-352.45789416052605,-351.43720965621776,-366.212976251137
"<s> इसके लिए प्रीति सागर को भारत में राष्ट्रीय फ़िल्म पुरस्कार भी मिला- 'मेरो गाम काठा पारे, जहाँ दूध की नदियाँ बाहे, जहाँ कोयल कू-कू गाये. </s>",-343.92661583207763,-343.892509275109,-442.14190959307695,-581.2201416770205,-581.201436363365,-605.9517155148973,-651.4236862325214,-650.4097952997058,-667.7601032346321,-663.1445067822851,-663.1445067822851,-663.1445067822851
"<s> ""  स्पीकर पद के लिए अभी तक इंडिया गठबंधन ने उम्मीदवार उतारने का एलान नहीं किया है. </s>",-152.01442855966351,-151.95827098129863,-263.1986690417184,-341.4020977326124,-341.3791134269116,-370.5391039128614,-415.8679937099277,-414.36883906336357,-435.2060292984502,-426.64406239192255,-426.13559111011625,-431.7857022088133
"<s> बीबीसी हिंदी से बात करते हुए वैभव कहते हैं, ""मेरा ये सफ़र बहुत ही कमाल का रहा. </s>",-201.88589463262437,-201.83849302678226,-293.4838053337275,-353.4604310217026,-353.45414630712924,-370.9687449234305,-431.3058921864099,-430.2853921102391,-446.7128930838781,-424.4927400909041,-423.9822202471377,-431.78566317433376
<s> तब कहा गया था कि भाजपा ने शायद इसे एक हारी हुई बाज़ी मानते हुए ही कमज़ोर उम्मीदवार को टिकट दिया है. </s>,-195.17334779041306,-195.11483024140477,-330.9456294569568,-402.57562093636807,-402.5456272822667,-438.89715897648233,-518.7705861624631,-516.2300629063639,-550.346925929329,-563.0006393787556,-562.490233684245,-569.9407818854984
<s> ” अपने प्रति नाराज़गी को लेकर खट्टर कहते हैं कि विरोध करने वालों को कोई तो बहाना चाहिए ही. </s>,-188.44705691238164,-188.39121673674714,-304.78008892601525,-383.5195629153763,-383.5046100128741,-412.1129601688135,-454.6363465762319,-452.60827669451635,-478.9606710907305,-483.64655583369847,-483.14915567435014,-487.04774867776064
<s> ब्रिटेन में अच्छी गुणवत्ता वाली जानवरों की चर्बी की मात्रा तय करने की बात चल रही है जबकि यूरोपीय संघ में इसे बढ़ावा दिया जाएगा क्योंकि इसके इस्तेमाल से ग्रीनहाउस गैस में कमी लाने का लक्ष्य पूरा हो सकता है. </s>,-325.5357290472085,-325.4124391461875,-567.5956643506768,-614.6055569451703,-614.5421407553445,-683.5066318419043,-871.9536420355927,-864.871321352761,-944.1417949957305,-1047.757839137585,-1046.7443232167652,-1056.9885562859104
<s> लेकिन आईएमएफ़ पाकिस्तान से क्या चाहता है जिसे मानने के बाद वह और क़र्ज़ दे? </s>,-155.0610851906474,-155.02217297375395,-249.63058826615813,-286.3183333110935,-286.29319954292623,-315.5262682098697,-395.63850445391347,-395.13919753376683,-402.9581601272271,-386.83429562299966,-386.83429562299966,-386.83429562299966
<s> कई महत्वपूर्ण मंत्रालयों में सचिव रहे और समुद्री सीमा समझौते को अंतिम रूप देने वाली टीम में ख़ास भूमिका निभाने वाले डब्ल्यू. </s>,-198.6791653846607,-198.60860614257493,-330.633129968051,-371.8542978537482,-371.8327646616775,-396.9171349866468,-539.9551592908111,-537.92100874046,-561.8543271481312,-551.2578032855682,-550.2573400566856,-559.6301755981987
"<s> उन्होंने कहा, ""ये नरेंद्र मोदी की बीजेपी है, बड़े नेता को बेहतर रिज़ल्ट चाहिए, ध्येय एक ही है, कौन चुनाव जीत सकता है और रवनीत सिंह बिट्टू जैसे नेता को पकड़ने का लाभ ये होगा कि छुटभैये नेता ख़ुद ब ख़ुद खिंचे चले आएँगे. </s>",-493.7698215636981,-493.6962228857987,-696.4949711498523,-914.3324671250897,-914.30110956406,-962.3727879889973,-1131.0941931079947,-1128.5654688887676,-1158.229564915307,-1188.1339079849272,-1188.1339079849272,-1188.1339079849272
<s> ये सभी जानते हैं कि उन्होंने 1981 में अपने पति को आईटी कंपनी शुरू करने के लिए 250 डॉलर दिए थे. </s>,-175.4444075853524,-175.37622028111997,-315.482922422905,-333.447871051151,-333.4194127285258,-382.657020960315,-416.8336264430759,-412.2908923206199,-476.6823423495101,-519.2583877912386,-518.238281610707,-531.999122719437
<s> पत्रकार इसका विरोध कर रहे हैं. </s>,-71.19728486003021,-71.17519059726318,-118.1226139148151,-125.46172044598983,-125.45069331289342,-137.2147437393171,-130.88336786255456,-129.86492277959823,-142.77200898875515,-123.355843240065,-122.8495251735066,-127.84447239772035
"<s> इसलिए नहीं कि पंजाबी फ़िल्म में कोई दिक्कत है, बल्कि इसलिए कि मैं ये ज़बान बिल्कुल नहीं जानती. </s>",-186.96850509802206,-186.91766643139434,-291.92881318581857,-349.14743909400045,-349.1272819779475,-370.5798790265069,-465.06649690487905,-464.0553403687521,-474.34434657557085,-469.7273589707853,-469.7273589707853,-469.7273589707853
<s> एफएसएसएआई का काम नागरिकों की सुरक्षा और स्वास्थ्य के लिए मानक तय करना है. </s>,-128.81310986372415,-128.77313993881037,-222.1977579471079,-247.77240712816567,-247.753034388095,-273.63220137470614,-304.20549947460734,-301.7003283463235,-329.29915707710995,-345.63454986563465,-345.1392300511198,-348.89264321831934
<s> मैच का फ़ैसला 'बॉल-आउट' से होना था. </s>,-98.73684019122922,-98.7154948113893,-144.56113225819405,-159.3900551111687,-159.38177093371473,-164.91257233444267,-177.35640903421915,-176.84989757852784,-181.9101344357406,-165.78612669557128,-165.78612669557128,-165.78612669557128
<s> यह लगभग साढ़े तीन किलोमीटर लंबा था और रास्ता बहुत ही उतार-चढ़ाव वाला था. </s>,-154.47008665630045,-154.42624333530753,-239.56111613442303,-271.45566918492796,-271.44421518738477,-288.04676052368916,-371.2078085447698,-370.70852399606304,-375.3272855284816,-359.2032745070711,-359.2032745070711,-359.2032745070711
"<s> उन्होंने कहा, “प्रदर्शनों ने युवा पहलवानों को ये भरोसा दिलाया कि आवाज़ उठाना मुमकिन है, उस पर सही कार्रवाई होगी और सिस्टम के अंदर उन्हें समर्थन मिल सकता है. </s>",-313.3829889274018,-313.30025224020676,-466.96541608367886,-575.4853896551555,-575.4632056762389,-604.2397026503672,-784.4360878629359,-783.9271946827814,-789.7925873554134,-773.6685912459993,-773.6685912459993,-773.6685912459993
<s> इंसानों की जान हानि रोकने के लिए संवेदनशील गांवों की सूची तैयार कर असुरक्षित क्षेत्रों में गूगल मैपिंग के माध्यम से वन्यजीव प्रभावित क्षेत्रों का विश्लेषण कर सुनियोजित तरीक़े से कार्रवाई की जा रही है. </s>,-301.50506831367454,-301.39857063185934,-499.4895439710785,-625.9062867811016,-625.8613412988548,-685.3462959225538,-804.9535750952217,-800.3809842330448,-863.5187743074989,-907.9358235660852,-906.9191536263257,-918.8334368231363
<s> स्लिप में खड़े हम लोगों ने एक दूसरे की तरफ़ देखा और अपने कंधे उचका दिए. </s>,-152.87116022973245,-152.86009065810416,-249.3113799278286,-289.01398733748255,-288.99007319588145,-315.2869916882296,-372.3671085745858,-370.3316868702535,-396.0681723203153,-400.2834974510069,-399.7810482504808,-404.15468478906905
"<s> अमेरिका में साल 2022 में एक 
पड़ताल
 की गई थी. </s>",-93.1286427374167,-93.09415872351595,-168.22105519885014,-168.39414260233556,-168.37453550021752,-191.53905366801473,-227.0759058836563,-225.56033191740525,-241.78909200599546,-248.67919004335693,-248.67919004335693,-248.67919004335693
<s> मिसाल के तौर पर सेल अनियंत्रित तरीके से बंटने लग जाएं तो कैंसर हो जाता है. </s>,-155.72958337566834,-155.6802995039727,-250.51167586191548,-311.42605443512235,-311.4229604978846,-329.3269821733841,-388.37891929754824,-386.85278441380444,-407.5742554638789,-384.08214027011826,-383.06658700502146,-393.8440477907594
"<s> आमतौर पर, जब प्रशांत महासागर में अल नीनो की स्थिति होती है, तो दुनिया भर में तापमान बढ़ जाता है. </s>",-228.03111314169527,-227.97926870124155,-332.45960413696315,-408.05710693498844,-408.04003383980404,-425.8561505377156,-518.1094385714541,-517.0962415428442,-529.606213765946,-524.9894012026424,-524.9894012026424,-524.9894012026424
"<s> राजा भैया ने रजनीकांत के साथ मुलाक़ात की तस्वीर शेयर करते हुए 
लिखा 
है, ""भारतीय सिनेमा के सुपरस्टार की मेज़बानी करना वाक़ई हमारे लिए सम्मान की बात है. </s>",-289.54166943970415,-289.4813747880379,-436.4866237785469,-512.6377891908169,-512.6150725066109,-548.3515754578242,-670.7003820300991,-667.6552572424592,-704.6261837632381,-685.884997530423,-683.862853726696,-704.7950251719981
<s> बेनी गैंट्ज़ और योआव गैलांट का कहना है कि अगर इसराइल ग़ज़ा में सैन्य नियंत्रण रखता है तो इससे उसका सुरक्षा जोखिम बढ़ सकता है. </s>,-284.19159243574614,-284.13784895181936,-412.1362455366305,-543.3857848453428,-543.3637029813891,-577.6789105083121,-595.4334189229161,-592.9102021040408,-633.2347694422526,-626.4792096668274,-625.4597374992795,-642.5224913584589
<s> टीम इंडिया के पूर्व स्पिनर हरभजन सिंह ने गैरी कर्स्टन से कहा है कि उन्हें पाकिस्तानी टीम की कोचिंग का जिम्मा छोड़ देना चाहिए. </s>,-212.9759788857575,-212.9085009197117,-354.93473176808146,-391.5455156175851,-391.5204187554049,-437.79314923024185,-518.1730061734363,-514.117894542968,-571.086194459075,-570.856274534118,-568.8192252666267,-594.270910387833
<s> गिल ने बाक़ी बचे नौ मैचों में 354 रन बनाए जिसमें 4 अर्धशतक शामिल थे. </s>,-159.61982742743436,-159.57360272045239,-238.71382551105788,-325.13696128641334,-325.1444830214556,-329.82102129363204,-368.5864203127255,-367.08176407321764,-379.94429172181424,-386.83429562299966,-386.83429562299966,-386.83429562299966
"<s> (बीबीसी हिन्दी के एंड्रॉएड ऐप के लिए आप 
यहां क्लिक
 कर सकते हैं. </s>",-145.33706314921616,-145.30764988992308,-223.52683051348782,-253.49326287444416,-253.47500432758068,-274.0649603133724,-309.10423985205,-307.6148848491936,-324.6820944278182,-331.57225339114257,-331.57225339114257,-331.57225339114257
<s> अमेरिका इसराइल के क़दमों की समीक्षा करता रहेगा. </s>,-95.16372080281391,-95.15822513392774,-143.08798318405306,-200.5437377870495,-200.5429621315197,-206.56954348071648,-221.04816892742838,-221.04816892742838,-221.04816892742838,-193.41714781149983,-193.41714781149983,-193.41714781149983
<s> एक बड़े विद्रोह ने सेना के शासन को ख़तरे में डाल दिया है. </s>,-121.76029462746183,-121.71969137875273,-208.1493020245242,-239.53742103838698,-239.5193013599284,-260.47442118457604,-293.6413911322402,-291.6205873707956,-313.17513959258486,-331.57225339114257,-331.57225339114257,-331.57225339114257
<s> इसकी वजह से पूर्वोत्तर के कई राज्यों में फ्लैश फ्लड (अचानक आने वाली बाढ़) की भी आशंका बनी हुई है. </s>,-217.77158734289463,-217.7161546341982,-330.76478103951956,-375.32706783888835,-375.29563434848615,-411.7549217346911,-447.80747202417075,-444.7563708263804,-483.5780148278632,-492.1914261751376,-491.1719538938895,-504.3681089356777
"<s> केंद्रीय राज्य मंत्री के रूप में रविवार को शपथ लेने वाले 
भागीरथ चौधरी 
ने मोदी
3. </s>",-142.5999979448928,-142.54827595082847,-249.21954115834782,-247.99115372161734,-247.9561081157272,-287.1593831875567,-336.04181378710484,-332.9967137479948,-373.0505166371246,-384.8549936523755,-383.84659040541925,-393.84404779076783
<s> नाहन के गुन्नू घाट इलाक़े में रहने वाले अशफ़ाक़ ख़ान इस सब के पीछे किन्हीं और कारणों की ओर इशारा करते हैं. </s>,-216.00691000778656,-216.0440951713315,-328.62222212367516,-442.02927567335115,-442.00466117396815,-467.0267868472448,-537.4753723034916,-535.442865695838,-561.8539477909818,-564.652559629291,-564.1437654261196,-569.9408069771001
<s> इस मौके़े पर स्कॉर्पियन ने बताया कि कैसे वो साल 2016 में इस कारोबार में आए. </s>,-157.79221957582004,-157.7824434882116,-262.3340975819475,-295.1521718878322,-295.1339154373586,-328.936114974935,-369.5241648973893,-367.50353587897297,-396.0607965612231,-400.1496129836039,-399.647590474758,-404.1546845787844
"<s> ""  वेद ने रिकॉर्ड के साथ ऑल इंडिया टॉप किया है. </s>",-109.79848484394782,-109.76109221919637,-183.46443509517653,-232.96017377288027,-232.94870629572108,-247.13734434557426,-288.7206862978528,-288.21968475411745,-292.43422426752664,-276.3102111592855,-276.3102111592855,-276.3102111592855
<s> ''  फ़रवरी 2022 में रूस-यूक्रेन युद्ध छिड़ने के बाद यूक्रेन के राष्ट्रपति वोलोदिमीर ज़ेंलेस्की से पीएम मोदी इटली और जर्मनी में जी-7 सम्मेलन के इतर मुलाकात कर चुके हैं. </s>,-355.2309622210873,-355.1787900754308,-491.0852146288718,-620.9250828586968,-620.9010359765101,-646.282536076867,-770.0473772037475,-769.040197915303,-778.2855909784698,-773.6685912459993,-773.6685912459993,-773.6685912459993
<s> लेकिन एक बार जम जाने के बाद उन्होंने 28 गेंदों में 34 नाबाद रनों की पारी खेली. </s>,-154.0055247154472,-153.94964398187412,-262.646788688303,-306.01849935064496,-305.99519002618683,-342.67779686195684,-378.323426270718,-375.7895239219488,-412.19137709004127,-413.5570437592223,-412.55133897174346,-421.47507359454085
"<s> समाचार एजेंसी पीटीआई के अनुसार, प्रधानमंत्री नरेंद्र मोदी के शपथ ग्रहण समारोह में भारत के पड़ोसी देशों में से पाकिस्तान को छोड़कर सभी को इसमें शरीक होने का निमंत्रण दिया गया था. </s>",-280.3604099786074,-280.2616405996267,-473.0656120889385,-449.56138029210007,-449.4981715857788,-518.6865354356237,-612.4898832720229,-604.3808516824967,-700.0788655129834,-764.3988372840446,-761.3593869581786,-794.6978074828058
<s> नेगेटिव रोल के लिए तो नहीं लेकिन बेस्ट सहायक एक्टर (दादा और याराना) और बेस्ट कॉमिक रोल (मां कसम) के लिए उन्हें तीन बार फ़िल्मफ़ेयर अवॉर्ड मिला. </s>,-321.32128509067167,-321.2742589367154,-453.25170682237007,-592.4478520214583,-592.4334946749871,-618.3591335780008,-677.5643936660301,-675.5931429246647,-700.0093500354141,-718.4065490141422,-718.4065490141422,-718.4065490141422
<s> इस आपत्ति पर कनिका कपूर की भी प्रतिक्रिया आई है. </s>,-102.74764810344058,-102.71418858607947,-170.14387083646048,-206.6978911168817,-206.69357670568553,-219.5169270258675,-276.3102111592855,-276.3102111592855,-276.3102111592855,-248.67919004335693,-248.67919004335693,-248.67919004335693
<s> एपल मैसेज के तहत भेजे गए ऑडियो मैसेज के लिए भी ये सुविधा उपलब्ध होगी. </s>,-143.84913260105012,-143.8002687621719,-236.46930379638252,-276.9813431123482,-276.9642293730092,-301.2391632314335,-378.35483770493835,-377.36999461292055,-391.4505092455114,-372.48085365103174,-371.9772301668478,-376.5236634026944
"<s> आप हमें 
फ़ेसबुक
, 
ट्विटर
, 
इंस्टाग्राम
 और 
यूट्यूब
 पर फ़ॉलो भी कर सकते हैं. </s>",-143.35369734460264,-143.32301517699264,-236.10557484266386,-286.5948987191067,-286.58535769516754,-301.71004620236556,-365.39580932715285,-363.8824411873524,-379.9442013630169,-386.83429562299966,-386.83429562299966,-386.83429562299966
"<s> साथ ही जो बाइडन ने चीन का प्रभाव कम करने के लिए 
एशिया के देशों के साथ
 पहले से ज्यादा संबंध मजबूत किए हैं और सैन्य उपस्थिति भी बढ़ाई है. </s>",-232.2650298323659,-232.16808276503906,-432.6920229691631,-448.0900842109655,-448.0390218059839,-518.7517596250539,-602.4353801648507,-595.8620431453663,-679.3317638953037,-741.7562815580134,-739.7459033125964,-760.0570429436851
<s> इस मामले की निष्पक्ष जांच के लिए एक समिति बनाई जाएगी जो ये पता लगाएगी कि मरीज़ों को उचित इलाज मिल रहा था या नहीं. </s>,-209.68326636767472,-209.60508590572738,-369.68075559208205,-375.17587516578294,-375.1462611115749,-422.92188540902305,-514.4021084620473,-509.3736293213315,-575.7027943781613,-575.0825421422442,-572.0645202812291,-601.2806976240207
<s> एजेंसी ने बेहद नियंत्रित तरीके से शाहरुख़ की टीम के साथ मिलकर काम किया और यह सुनिश्चित किया कि उनके अभियान का इस्तेमाल करने के लिए चुनिंदा व्यवसायों को ही पंजीकरण की अनुमति दी जाए. </s>,-272.06775450583757,-271.96088379958053,-498.4916176264168,-538.4033870581404,-538.3326283222628,-628.8976156941784,-684.2844417289604,-676.1674303888515,-782.967124111565,-821.4533154036978,-817.4225447196033,-856.9696436514496
"<s> राष्ट्रीय नर्सिंग और मिडवाइफरी आयोग (एनएनएमसी) विधेयक, 2023 इस विधेयक को लोकसभा में 24 जुलाई को पेश करके 28 जुलाई को पारित कराया गया जिसके बाद 8 अगस्त को ये विधेयक राज्य सभा में पारित हुआ. </s>",-349.4525110589589,-349.3747447562086,-545.0770574257023,-641.8663221884359,-641.8254037183626,-685.491467889165,-879.8801122308107,-876.3265556761087,-914.167634334777,-967.0857390574992,-967.0857390574992,-967.0857390574992
<s> गुग्गुल के पेड़ सूखे और कम बारिश पड़ने वाले इलाकों के पर्यावरण के लिए माकूल है. </s>,-156.07078436485926,-156.04534836971047,-248.2469267382702,-311.91523313860677,-311.8983478082613,-328.92406339108487,-425.5142313818591,-425.0059564678481,-430.5893180175473,-414.4653167389282,-414.4653167389282,-414.4653167389282
<s> ये उम्मीदवार लेस्टर में बसी एक बड़ी दक्षिण एशियाई आबादी के वोटों के दम पर इस सीट से जीतने की उम्मीद कर रहे हैं. </s>,-210.9492425368769,-210.91763448230537,-353.8655210831747,-415.31875537182674,-415.28332566230233,-452.0901210571387,-592.5019236940641,-590.4630707384133,-617.1162690818805,-620.0210838691011,-619.5125161586714,-625.2028498099614
<s> पारसियों की संख्या में इस दौरान 85 प्रतिशत गिरावट आई है. </s>,-112.75414348025265,-112.73076519413789,-183.46470066818415,-211.81294813826307,-211.8029407434506,-233.2417009862645,-267.6927905333313,-266.676713303288,-280.9267855096864,-276.3102111592855,-276.3102111592855,-276.3102111592855
<s> जब अंग्रेज़ों ने लोगों के सामने तवायफ़ों के बारे में संदेह पैदा करना शुरू किया और इन्हें दबाने के लिए अपनी शक्ति का इस्तेमाल करने लगे तो कभी-कभी ये महिलाएं कमज़ोर दिखाई देती थीं लेकिन कभी हारती नहीं थीं. </s>,-358.9767595607182,-358.8699446751799,-583.3501204037315,-654.9193517586623,-654.8639272217506,-725.6406491218797,-900.4218896052832,-895.368680818741,-962.5356023121703,-1035.67920419855,-1035.1758244713374,-1039.6681702751239
<s> ” जल विशेषज्ञ विश्वनाथ श्रीकांतैया बीबीसी हिंदी से कहते हैं कि ‘भूजल पर निर्भर क्षेत्रों में रहने वाले लोगों को अगले 100 दिनों तक जलसंकट झेलना होगा. </s>,-298.9954594046507,-298.92062224943646,-439.95694504307625,-536.2584734391447,-536.2330544457733,-577.0247603766599,-636.0986260384369,-633.0437125371834,-676.9942926563439,-656.3440571055029,-654.3113121651,-677.1640007805621
"<s> विज्ञापन में लिखा था, पाकिस्तानी क्रिकेट प्रशंसकों को पाकिस्तानी टीम के हारने पर विशेष छूट के प्रावधान  की पेशकश की गई थी. </s>",-210.15217860092216,-210.08388086356464,-340.83043631972873,-400.1011522538486,-400.07840537142044,-424.9271300190699,-543.1699509166145,-541.1506003282652,-561.8543581639422,-565.4521983135618,-564.9458917258446,-569.9408102525776
<s> जनवरी 2022 में अमेरिकी वैज्ञानकों ने एक बड़ी खोज की. </s>,-121.37292329974889,-121.34154171407158,-184.4176896175453,-206.1552179935658,-206.14059550388328,-219.71086483192497,-260.5012675374993,-259.9972764772984,-264.80319987130804,-248.67919004335693,-248.67919004335693,-248.67919004335693
"<s> कराची पाकिस्तान का सबसे बड़ा शहर, औद्योगिक और व्यापारिक केंद्र है जहां लाखों लोग सड़कों पर मेहनत मज़दूरी करते हैं. </s>",-209.44926032757164,-209.406160599407,-318.9471061578437,-394.4965899654274,-394.48448353939295,-411.8298024288808,-517.1049006781672,-516.0868052976994,-529.6062095899442,-524.9894012026424,-524.9894012026424,-524.9894012026424
"<s> उनकी नीतियां ऐसी हैं कि उनका जो भी हुक्मरां होते हैं वो मुल्क के लिए सोचते हैं जबकि हमारे यहाँ हुक्मरां अपने लिए, अपने परिवार के लिए सोचते हैं. </s>",-295.2463711529352,-295.1626315959517,-464.9159568180381,-551.5899963039172,-551.5558504134897,-603.3510136566714,-732.6102223450633,-730.584657829268,-755.2713662166182,-758.9271894049015,-758.4211673888972,-763.3579582143296
"<s> उन्होंने लिखा, ""गर्भगृह में जहाँ भगवान रामलला विराजमान है, वहाँ एक भी बूंद पानी छत से नहीं टपका है, और न ही कही से पानी गर्भगृह में प्रवेश हुआ है"". </s>",-342.13049914853445,-342.0578885784562,-492.9796152369748,-605.7155584667324,-605.7108435066455,-631.8629510174744,-808.9258404753581,-808.415515527981,-817.423141861965,-801.2996123619279,-801.2996123619279,-801.2996123619279
"<s> ” आरजेडी अध्यक्ष लालू यादव
ने कहा है कि बीजेपी ‘लोकतंत्र और संविधान खत्म करना चाहती
है’ और जनता को ये समझ में आ चुका है. </s>",-257.41363216565026,-257.33560797785475,-410.8762528727345,-458.8681060143516,-458.82647771707246,-506.9836618966744,-558.8841796393752,-554.3374949319681,-614.8406179152478,-628.2532104342638,-626.2347649903874,-649.5327387846066
<s> इस घटना के बाद मुक़दमा दर्ज कर जांच की जा रही है. </s>,-107.29632906782706,-107.26161753757731,-195.71097779772526,-189.02523138643798,-188.9973486347695,-232.3834617454469,-199.0424269700651,-195.48760072989336,-251.02054158647775,-224.09809371895753,-221.56982655289445,-252.38796599951286
"<s> इसी हफ्ते, ब्रिटन को दर्जनों कुत्तों के साथ यौन शोषण और यातना देते हुए फ़िल्म बनाने के आरोप में एक दशक से भी ज़्यादा की जेल की सज़ा सुनाई गई है. </s>",-286.8260861189601,-286.7561500981425,-460.3937569671761,-552.1049715795825,-552.0658693623672,-603.1245728643473,-662.545017610986,-656.5018990736534,-718.4771629134384,-771.8294430230159,-769.8209045101377,-787.6881038453552
<s> उसके बाद ही कोई टिप्पणी करूंगा. </s>,-69.26751051423022,-69.2454170248591,-118.00772354280231,-107.09784819977645,-107.08414490794665,-123.21194632164067,-112.26517780897382,-110.74080601773683,-131.26449107382012,-123.08247583503783,-122.57519134031821,-127.84447155631744
<s> इन आंकड़ों से यह भी पता चलता है कि पांच साल से कम उम्र के 3. </s>,-130.99239968500743,-130.93873067364896,-247.7650552551597,-208.55914917093807,-208.51722183459816,-258.8583935810518,-218.94429776083865,-212.35883233988778,-292.50456040835684,-307.57512146233546,-304.03540588917565,-342.2908240056336
"<s> प्रधानमंत्री आवास पर हुए इस इंटरव्यू में अक्षय ने नरेंद्र मोदी से उनकी दिनचर्या, खान-पान की आदतों, पसंद और बचपने के क़िस्सों पर सवाल पूछे थे. </s>",-282.28283176360134,-282.3158571064031,-423.2371393030128,-487.95653436995565,-487.9228631400603,-521.4576928536662,-621.0802285793658,-618.0455962348063,-649.3644278042842,-690.7755278982137,-690.7755278982137,-690.7755278982137
<s> सवाल ये है कि क्या इन बातों का इस मिशन पर असर पड़ेगा? </s>,-115.69417921443312,-115.65000638856047,-209.63703745855716,-192.1978648591788,-192.1710291391462,-218.1533620896212,-256.5140461041409,-253.48481347143957,-290.16078513441624,-287.3472304143598,-285.8312591081318,-300.6403528537233
"<s> ""  'हैप्पीनेस फैक्ट्री' में आकर एकांत में रहने के कार्यक्रम में शळिरकर करने वाले लोग अभी भी उस वक्त का इंतज़ार कर रहे हैं जब उनके बच्चे उनके खुलकर बात करेंगे और सामान्य जीनव में लौटेंगे. </s>",-347.27551438519737,-347.27605267807564,-556.2527934002647,-609.2489323837889,-609.1912767371549,-671.2214383702257,-840.052204540569,-835.5018254322896,-891.1499976768434,-939.1380160949169,-938.1369997767273,-946.4644756986863
"<s> हालांकि उन्होंने कहा ""अभी दो और पाइपें डालनी हैं. </s>",-120.91687901801393,-120.90224334833786,-172.1716100528223,-204.67491850386804,-204.66334474035057,-220.06138284542988,-215.33293639091534,-214.32016966225837,-225.66513197899388,-206.532858782274,-206.02802987474473,-210.73753640661306
"<s> दिनभर: पूरा दिन,पूरी ख़बर तब से लेकर अब तक इस योजना के तहत 63 नियुक्तियाँ की गईं, जिनमें से 35 प्राइवेट सेक्टर से की गई. </s>",-273.82027401172996,-273.7823524853917,-410.74436510159654,-496.2690456262548,-496.2362929761397,-535.8478067015174,-565.9093757383399,-562.3490558054566,-610.2256369523506,-601.1285304565293,-599.1078595715118,-621.9019393468753
<s> ये खदान 2011 से चीन के जिनचुआन समूह की है. </s>,-118.99123211975788,-118.960046468664,-183.18486279146447,-220.44209928993547,-220.4292529629399,-233.73512329408078,-260.30344547132836,-259.7971062057559,-264.8031982805604,-248.67919004335693,-248.67919004335693,-248.67919004335693
"<s> वे एकमात्र ऐसे शख़्स थे, जिनका राजनीतिक नज़रिया सिद्धांतवादियों से मेल नहीं खा रहा था. </s>",-200.1280876287493,-200.1324955348796,-267.42247945111677,-352.2876616585633,-352.2837217289492,-357.8787017461843,-398.5888994490918,-398.08317304032255,-402.95830495369836,-386.83429562299966,-386.83429562299966,-386.83429562299966
<s> हमने बस दो पंक्तियों से प्रेरणा ली. </s>,-85.15038889916937,-85.12681342814865,-131.27865246711337,-175.26401858707752,-175.26193765826,-178.9436428522166,-193.41714781149983,-193.41714781149983,-193.41714781149983,-165.78612669557128,-165.78612669557128,-165.78612669557128
"<s> मेरा एक दोस्त दबकर मर गया, हमने आज ही उसे दफ़न किया है. </s>",-158.8549104390152,-158.8349400576464,-226.5917158993886,-295.1490676205877,-295.14058483423776,-302.6307237173245,-359.2032745070711,-359.2032745070711,-359.2032745070711,-331.57225339114257,-331.57225339114257,-331.57225339114257
<s> यहाँ की हर चीज़ एक कहानी कहती है. </s>,-90.7508231216149,-90.72295489064153,-144.23519412579688,-172.02329550039883,-172.01594394271757,-178.50839730856265,-204.81400738293758,-204.30688136974027,-209.54115376232332,-193.41714781149983,-193.41714781149983,-193.41714781149983
"<s> उद्धव ठाकरे की अगुवाई में कांग्रेस,
शिवसेना और एनसीपी ने महाविकास अघाड़ी का गठन किया और
राज्य में सरकार बनाई. </s>",-200.7509175993076,-200.69746666343107,-314.9655801145478,-352.6324586675863,-352.6022812822839,-383.7364083775958,-434.15464402610013,-430.6052601431817,-472.0709674712699,-511.0412571645989,-510.54106208668105,-514.6787695532885
<s> वो कहती हैं कि फ़्रेम दर फ़्रेम काम करते हुए क्लाइंट के लिए एक नमूना निकालने में काफ़ी लंबा समय लगता है. </s>,-210.9165974774256,-210.90889109862582,-330.18991397584193,-414.87675639474946,-414.8511570066068,-452.46693209729983,-517.9395044173034,-515.4229771286923,-550.3459719900183,-551.056806993692,-550.0480714089545,-559.6301773110589
<s> मध्य प्रदेश के बैतूल में चुनाव की तारीख़ बदलकर 7 मई कर दी गई. </s>,-133.63388130619043,-133.59069359114804,-222.4283132980755,-265.18064548746236,-265.16739544073573,-288.082448046038,-332.0368493604776,-330.50962288816277,-352.3127673595224,-341.9909880759402,-341.48061915265754,-348.89261413000014
<s> मैं या मेरी पार्टी इसका समर्थन नहीं करती. </s>,-86.50772920063517,-86.47927882350282,-145.3305687143514,-186.70717384722855,-186.7028708848898,-192.52694372823333,-221.04816892742838,-221.04816892742838,-221.04816892742838,-193.41714781149983,-193.41714781149983,-193.41714781149983
<s> प्रधानमंत्री ने किसी घटना का ज़िक्र नहीं किया लेकिन फ़िलहाल पश्चिम बंगाल के कोलकाता में एक डॉक्टर की हत्या और बलात्कार के मामले को लेकर देशभर में काफ़ी आक्रोश देखा जा रहा है. </s>,-263.4745742516952,-263.37235248420063,-472.1882865709128,-489.311096234232,-489.25406812017644,-560.2215526178531,-693.2017607232356,-686.6260353815156,-762.2319460143049,-840.4670834492019,-838.9576325392884,-853.2607753225471
<s> लोग यहां पर खुश हैं. </s>,-62.24785432022176,-62.22890273741857,-104.34962700645089,-101.74973163282858,-101.74504780280851,-109.6400357137816,-107.79038665058472,-106.78941966070184,-115.14108986253413,-110.52408446371419,-110.52408446371419,-110.52408446371419
<s> पी. </s>,-33.736709366801094,-33.73036850811135,-50.94452183931885,-55.262042231857095,-55.262042231857095,-55.262042231857095,-27.631021115928547,-27.631021115928547,-27.631021115928547,0.0,0.0,0.0
<s> 7 प्वाइंट हासिल हुए हैं. </s>,-68.07623506916926,-68.05749861615242,-105.05235624940687,-134.88878714623715,-134.8853710856091,-137.71761624593685,-138.15510557964274,-138.15510557964274,-138.15510557964274,-110.52408446371419,-110.52408446371419,-110.52408446371419
<s> जब हम उनसे मिले तो दोपहर के एक बज रहे थे और उन्होंने बताया कि तब तक उन्होंने खाने का एक निवाला तक नहीं खाया क्योंकि बेटे का बिस्तर बदलने से लेकर उसके कपड़े धोने और सालों तक बिस्तर पर पड़े रहने से बेटे की पीठ पर जो धाव हो गए हैं उनकी पट्टी करने में ही आधा दिन बीत गया. </s>,-490.7149990739885,-490.52743971175397,-861.9438456861501,-1025.3625594844748,-1025.2900586028281,-1123.269559254259,-1512.3357568151996,-1507.2740922072858,-1570.4200250504578,-1643.837097766976,-1643.3360984196615,-1647.5506352162042
<s> सोलर पैनल की रीसाइक्लिंग फ़ैक्ट्रियां इतनी कम हैं क्योंकि हाल फिलहाल तक सोलर पैनल कचरे को रीसाइक्लिंग करने की ज़रूरत ही नहीं पड़ी. </s>,-238.35678493344594,-238.30131565030302,-358.1164962868614,-463.0873540343006,-463.07515282367103,-480.6306911450798,-618.7127351969838,-618.2069472952227,-624.006461853182,-607.882464550428,-607.882464550428,-607.882464550428
<s> ठीक वैसे ही जैसे 2017 चैंपियन ट्रॉफी में हुआ था. </s>,-106.08052442600709,-106.04614059947771,-171.23461942517886,-209.99983732696631,-209.9876594931988,-219.73304563775045,-228.4191366364784,-226.9021820439969,-241.78917083320522,-220.36172257949164,-219.35724015418432,-228.05792620373882
<s> शनिवार को ट्रंप ने वॉशिंगटन डीसी में लिबरटेरियन पार्टी के राष्ट्रीय अधिवेशन को संबोधित किया और उनसे समर्थन मांगा. </s>,-186.0920721714361,-186.03326297085738,-302.0339082902935,-352.42781018266976,-352.4080769766762,-384.1388986377941,-437.28531237773626,-434.74949706514826,-467.4537770237467,-483.00472854166,-482.50096537352624,-487.0477478664023
<s> लॉन्च के समय लीक छोटा सा था. </s>,-83.72840967703627,-83.70342600167707,-130.70906664814575,-157.65150969264425,-157.6447814656465,-164.89855770575417,-193.41714781149983,-193.41714781149983,-193.41714781149983,-165.78612669557128,-165.78612669557128,-165.78612669557128
<s> 'जय श्री राम' का नारा लगाती यह भीड़ कथित गोकशी की घटना को लेकर आक्रोशित थी. </s>,-197.35545420224574,-197.31145181226054,-279.1668966751408,-385.32259554450036,-385.31681587441085,-399.45603214886813,-405.5339259325781,-404.5137821599767,-419.08215573369023,-399.29490144304,-398.7871998420516,-404.15468235499526
<s> तेजपाल का छह साल का बेटा और तीन साल की बेटी थी. </s>,-112.21024162693365,-112.17069685160594,-196.25431024271248,-211.71101337490921,-211.69104190927905,-232.8730715280974,-248.57616678327108,-246.04051744291885,-274.03712398537954,-290.1341057155336,-289.63548305764004,-293.63060077611
"<s> एक टीम हारती है, एक जीतती है लेकिन आप कैसे हारे हैं, ये अहम है. </s>",-188.8166121926176,-188.78328595916207,-266.47843284464284,-343.4886555033126,-343.4786327970928,-357.83127380488224,-382.68032520237966,-381.6720865054265,-391.45129287075133,-386.83429562299966,-386.83429562299966,-386.83429562299966
"<s> संयुक्त राष्ट्र मानवाधिकार परिषद ने बांग्लादेश में मौजूदा हिंसा के दौर में सैकड़ों की संख्या में आम लोगों के मारे जाने, पुलिस थाने पर हमले का ज़िक्र भी किया है. </s>",-263.64719299561506,-263.55472196260365,-446.1752101929964,-450.1276975026258,-450.07280897567756,-505.62051667864307,-640.9319480391908,-635.3505308033875,-702.3527864089612,-729.795940857418,-727.2890097511487,-749.7464478646962
<s> पहले मुक़ाबले में गुजरात टाइटंस की टीम ने बड़ी आसानी से कोलकाता नाइट राइडर्स को सात विकेट से हराया और पॉइंट टेबल में एक बार फिर पहले पायदान पर पहुंच गई. </s>,-267.36434221032204,-267.27412387182034,-447.62777407386005,-495.045634355929,-495.00238865666176,-547.221447197604,-665.8072402514487,-660.2262336947149,-729.982552217191,-782.4491398096455,-780.9308642505276,-797.9986914719891
<s> तब तक मैं उनके बारे में कुछ खास नहीं जानती थी. </s>,-105.61169008868896,-105.5740319353005,-184.3063046404373,-164.86800143103946,-164.84217461276944,-191.14955229584626,-200.06662855869016,-197.01962515053654,-234.8989187170104,-248.29141562391874,-247.28998513352346,-255.6889476802721
"<s> संयोग से उनके भाई लक्ष्मण मीणा की मुलाक़ात स्वास्थ्य कार्यकर्ता विजय पाल से हो गई, जिन्होंने लक्ष्मण के शब्दों में उनसे कहा “इतना पैसा कैसे ख़र्च करोगे, चिरंजीवी लगाओ. </s>",-329.4843589741471,-329.40669697871067,-466.23289469525304,-606.2477824901367,-606.2401173353059,-618.4224746081187,-768.6531852990887,-767.6380536838885,-778.2855799440993,-773.6685912459993,-773.6685912459993,-773.6685912459993
<s> जब मैं उनके घर पहुंचा तो वो वहाँ मौजूद तो थे लेकिन उन्होंने कुत्तों की तरह अपने गले में एक पट्टा बाँध रखा था. </s>,-209.3636387416332,-209.28749171397487,-358.3619434216008,-415.50647206499565,-415.47645107193443,-452.087084033665,-582.1539439597417,-579.6255401393819,-605.6094112747058,-635.5134856663566,-635.5134856663566,-635.5134856663566
<s> मेक्सिको का अमेरिका के साथ बढ़ते कारोबार में 'नियरशोरिंग' की बड़ी भूमिका है. </s>,-139.77050078143594,-139.73037547476807,-222.45899615188355,-259.3576404993884,-259.35464564019776,-274.3296958611661,-311.2676479958524,-309.766691626858,-324.682227721603,-331.57225339114257,-331.57225339114257,-331.57225339114257
"<s> ""     इतना ही नहीं कांग्रेस ने बीजेपी पर ये भी आरोप लगाया है कि बीते नौ सालों में उसने जनता से नौ वादे किए लेकिन उसने उन्हें पूरा नहीं किया. </s>",-236.5830041940623,-236.48527848740528,-436.15902265567894,-474.92093515935306,-474.8658465764112,-533.4518618534328,-673.5025974730531,-668.9577850915183,-725.3665854691301,-755.2321194602812,-753.7198838276232,-770.3676808732293
"<s> उन्होंने कहा ""इस देश का दुर्भाग्य है कि खेल मंत्री कह रहे हैं कि 17 लाख रुपये खर्च किए गए हैं. </s>",-192.5704509829712,-192.50446596927296,-331.1356431297605,-313.1747468279795,-313.13597116363013,-368.611470382011,-437.2443381791095,-433.2074546529315,-488.1896347873502,-493.4883509622837,-491.476638231276,-511.3778708397609
<s> तालिबान समेत किसी भी सरकार ने कभी अफ़ग़ानिस्तान- पाकिस्तान सीमा को पाकिस्तान की आज़ादी से लेकर अब तक अंतरराष्ट्रीय सीमा के तौर पर स्वीकार नहीं किया है. </s>,-235.43610808372205,-235.35230585508933,-409.1906067090414,-412.7648292529164,-412.7328793213995,-464.74156055947225,-577.5616578903762,-572.5024361784596,-630.9662964926495,-688.3046329227745,-687.2982373386956,-697.7852730943691
"<s> हरेक कंपनी, हरेक स्टूडियो की ऐसी ही हालत है. </s>",-124.23372074561735,-124.20721879557513,-172.02220942053415,-230.171413651534,-230.16776258204308,-234.2077542520141,-233.06139127478562,-232.55719736991688,-237.17218004749216,-221.04816892742838,-221.04816892742838,-221.04816892742838
<s> वहां किसी भी बाहरी व्यक्ति का कोई नामोनिशान नहीं था. </s>,-102.60141603418134,-102.57151777641532,-171.06407773845714,-189.75676813862236,-189.74489193337524,-205.6562753919873,-245.69893195972094,-244.69733544118532,-253.2961942494846,-235.00126526854655,-234.50432981871901,-238.36855866445404
<s> ”  “कल ही आंख का ऑपरेशन हुआ है और आज ही अस्पताल से घर लौटी हूं. </s>,-178.47744056477163,-178.43071770031457,-277.643656759561,-292.8667169335089,-292.85244893625895,-315.2106213473958,-374.9842399188716,-372.96424530826124,-396.06815135139175,-414.4653167389282,-414.4653167389282,-414.4653167389282
<s> इन पांचों उम्मीदवारों के बारे में कहा जाता है कि यह सभी कट्टर इस्लामी हैं. </s>,-134.6714824329019,-134.62259550591196,-235.09836343549432,-238.57134033014887,-238.5422290510077,-287.17837307396576,-280.0286009783082,-276.4887590185296,-333.91038494333077,-291.1344036548454,-288.086541208232,-324.9704166894335
<s> 21 की जबरदस्त स्ट्राइक रेट से 484 रन बनाए. </s>,-104.21013528656462,-104.18446844970373,-157.31746118653385,-200.4719533115166,-200.46194012621422,-206.14213349799633,-232.03642366002867,-231.52797780592243,-237.17216921196413,-221.04816892742838,-221.04816892742838,-221.04816892742838
"<s> "" उन्होंने कहा,""मेरे पास कहने के लिए शब्द नहीं हैं. </s>",-115.67957481466951,-115.64802807133759,-184.3199538549035,-219.86532605392202,-219.85498006708426,-233.3019496719579,-244.06479748076023,-243.08444293902795,-253.2961732788683,-235.14968488301045,-234.65498944251647,-238.36855878465542
"<s> (बीबीसी हिन्दी के एंड्रॉएड ऐप के लिए आप यहां 
क्लिक
 कर सकते हैं. </s>",-145.33706314921616,-145.30764988992308,-223.52683051348782,-253.49326287444416,-253.47500432758068,-274.0649603133724,-309.10423985205,-307.6148848491936,-324.6820944278182,-331.57225339114257,-331.57225339114257,-331.57225339114257
<s> नतीजतन इंडोनेशिया को आधुनिक युग के सबसे विकट पर्यावरणीय संकट का सामना करना पड़ा. </s>,-147.60552109481426,-147.56151219286798,-223.85437349712328,-284.97834580459204,-284.9601973578266,-302.16537196231997,-349.5509507218556,-348.53213566897347,-363.81950688793387,-344.67314242471093,-344.1682206299235,-348.89264195620524
<s> co. </s>,-33.736709366801094,-33.73036850811135,-50.94452183931885,-55.262042231857095,-55.262042231857095,-55.262042231857095,-27.631021115928547,-27.631021115928547,-27.631021115928547,0.0,0.0,0.0
<s> वाल्ज़ हाई स्कूल के शिक्षक और फुटबॉल के कोच भी रह चुके हैं. </s>,-141.4351484162519,-141.39431550641748,-223.23835345220414,-233.5067458893391,-233.49446695941714,-246.49172370419402,-294.1162254798121,-292.0915734064041,-313.1751979415201,-331.57225339114257,-331.57225339114257,-331.57225339114257
<s> कन्याकुमारी से कश्मीर तक पहुंची इस यात्रा की काफ़ी चर्चा हुई. </s>,-112.19469146702664,-112.15881758680698,-183.77963171710624,-269.503426848347,-269.4942477362452,-275.43674847527,-288.72072476747167,-288.21974886803946,-292.43422426753045,-276.3102111592855,-276.3102111592855,-276.3102111592855
<s> इनकी पहुँच और इनके फॉलोअर्स दुनिया भर में हैं. </s>,-101.26152429364271,-101.23149155981696,-157.33870322619336,-208.8459753796337,-208.83450097958442,-220.16268996695814,-229.587220111592,-229.07680772088779,-237.17199039310358,-221.04816892742838,-221.04816892742838,-221.04816892742838
"<s> "" भारतीय समाज और संस्कृति के प्रति विपक्ष की समझ को लेकर पूछे गए एक सवाल के जवाब में उन्होंने कहा, ""इन्होंने (विपक्ष) राजनीति के शॉर्टकट ढूंढे हैं. </s>",-291.5936493746769,-291.52103584972645,-449.1119785912394,-477.21634940790887,-477.1720810713436,-520.4967138334002,-620.7056707578067,-616.1368615454383,-670.105140749077,-652.7116434267101,-649.6649669322719,-684.1737306513542
"<s> ""  दिनभर: पूरा दिन,पूरी ख़बर 11 अगस्त 2019 मे लेबर पार्टी के प्रमुख रहे 
जेरेमी कॉर्बिन
 ने एक ट्वीट कर कहा कि कश्मीर में स्थिति 'परेशान करने वाली है. </s>",-310.9762197620484,-310.9008669425967,-466.66005520170467,-559.2281834029322,-559.1916846920271,-604.111173996293,-664.7038703687787,-660.6511795275054,-709.2432447194225,-714.4462497607866,-712.4267686820141,-732.4260521176433
<s> यूक्रेन में युद्ध की वजह से पश्चिमी देशों और रूस के बीच तनाव बढ़ा हुआ है. </s>,-144.79825754925062,-144.74552070718684,-248.2663162602664,-248.76646082903252,-248.7443014670233,-273.12728418464724,-370.6725949290667,-368.6428606624722,-396.06634065056267,-399.8780259121759,-399.3727752199448,-404.15468406786107
<s> हालांकि राजनीतिक विशेषज्ञों का कहना है कि भारतीय इतिहास में ये पहली बार हुआ है कि केंद्रीय मंत्रिपरिषद के लिए एक भी मुस्लिम सांसद को शपथ नहीं दिलाई गई. </s>,-228.03377323288962,-227.94059634569507,-419.7728746262973,-446.28552788876834,-446.23610043102985,-518.9918317430624,-583.944270720026,-577.9061775519247,-663.2084991876735,-677.7017718955132,-674.6595679311182,-711.804040600331
<s> लेकिन कुछ लेबनानी अधिकारियों का कहना है कि इसराइली सेना इस इलाके में ‘स्कॉर्च्ड अर्थ टेक्टिक्स’ का इस्तेमाल कर रही है. </s>,-220.8616523990515,-220.8157266364183,-344.0499637720049,-404.59585823080386,-404.562189143095,-453.0486753403486,-447.7236439450207,-444.1611295922559,-499.69662818384893,-500.5587243865581,-499.0325529250097,-521.6877616628126
"<s> वो दो महत्वपूर्ण यहूदी सिंद्धातों का भी उल्लेख करते हैं, जिसमें किसी व्यक्ति की विरासत को जारी रखना और पूरे शव को दफ़नाना शामिल है. </s>",-270.3556351297213,-270.28438518678274,-412.787474977364,-466.51032430436123,-466.4809429930726,-493.8289996414836,-626.016263101455,-623.9914025584603,-644.7474624663914,-663.1445067822851,-663.1445067822851,-663.1445067822851
<s> आम आदमी पार्टी के इकलौते लोकसभा सांसद सुशील कुमार रिंकू हाल ही में बीजेपी में शामिल हो गए थे. </s>,-171.16570125835725,-171.1044131626242,-289.77740119898357,-309.85249563309924,-309.8140940828871,-356.0114820108093,-392.50218855416284,-388.93286167853717,-444.43801246703305,-404.2986560671327,-401.27683331493967,-435.49451028781243
<s> प्रेस में बहुत बातें हुईं. </s>,-63.98913109399839,-63.97023893407142,-103.78376403268011,-118.99262786752735,-118.98843793381599,-123.67925071398774,-138.15510557964274,-138.15510557964274,-138.15510557964274,-110.52408446371419,-110.52408446371419,-110.52408446371419
<s> बिना अनुभव के दुर्गम स्थानों पर जाना भी खतरनाक हो सकता है. </s>,-117.78016700523256,-117.74020161099358,-196.92328172862014,-217.85308605939014,-217.8394455948884,-232.87273772615862,-315.30310067475205,-314.7957165446607,-320.0652378283832,-303.941232275214,-303.941232275214,-303.941232275214
"<s> दिनभर: पूरा दिन,पूरी ख़बर बिहार में पिछले साल जारी किए गए जातीय जनगणना के आँकड़ों के मुताबिक़ राज्य में कायस्थों की आबादी 0. </s>",-252.02805369790926,-251.97995530915793,-369.95435004334104,-492.89076936913796,-492.8649604992959,-522.7386458174449,-583.6728334410283,-582.1524353107457,-600.9922518052698,-607.882464550428,-607.882464550428,-607.882464550428
<s> उनकी आमदनी बस उन्हीं दो गायों से होती थी. </s>,-101.43878172265516,-101.40801359896511,-158.35300529563418,-241.96622000173738,-241.9603366864917,-248.23212300276828,-248.67919004335693,-248.67919004335693,-248.67919004335693,-221.04816892742838,-221.04816892742838,-221.04816892742838
<s> अब पाकिस्तानी दर्शकों की तरह पीसीबी के अध्यक्ष भी हैरान हो रहे हैं मानो यह सब उनके लिए बिल्कुल अप्रत्याशित रहा हो. </s>,-192.11127765655647,-192.0407508693393,-330.0197253727408,-402.9891340901049,-402.9640286342651,-438.8066661077223,-556.1072001763515,-554.5892981201547,-573.36086083643,-580.2514434344995,-580.2514434344995,-580.2514434344995
<s> इसके जवाब में पठान कहता है कि नहीं मालूम क्योंकि वह अनाथ है और उसके माता-पिता उसे एक सिनेमा हॉल में छोड़ गए थे. </s>,-222.2444225801087,-222.17041560582516,-368.83615806941157,-436.9340522562422,-436.8961771873661,-479.7580951778199,-558.5490686045208,-555.5242634852883,-594.1021653942879,-619.0311691959301,-618.5211887702995,-625.2028407648866
"<s> वित्त मंत्री बेज़ालेल स्मॉट्रिच ने कहा है कि ग़ज़ा पहुंच रही राहत सामग्री के कारण हमास तो ताकत मिली है और इससे ""युद्ध में अब तक मिली क़ामयाबी बेकार हो जाएगी. </s>",-320.8903642031385,-320.8527517210155,-490.6663150752696,-601.3017683820345,-601.2623867849624,-658.9852387973845,-741.6800468169275,-738.6361086905393,-787.5163952938627,-809.5524265646491,-809.0418325896838,-818.6197424074812
"<s> आप हमें 
फ़ेसबुक
, 
ट्विटर
, 
इंस्टाग्राम
, 
यूट्यूब
 और 
व्हॉट्सऐप
 पर फ़ॉलो भी कर सकते हैं. </s>",-161.94609743584837,-161.9169485337601,-262.1633210125122,-371.24933875134406,-371.2405089531567,-385.03918380772046,-420.65785155900994,-419.1444834192095,-435.20624359487397,-442.09633785485676,-442.09633785485676,-442.09633785485676
<s> पत्नी विजयलक्ष्मी ने उन पर घरेलू हिंसा का आरोप लगाया था जिसके बाद अभिनेता को 2011 में गिरफ़्तार किया गया था और वो चार सप्ताह जेल में रहे थे. </s>,-236.8795202592899,-236.79112836073702,-421.8106320933092,-462.2495668814723,-462.20429558493055,-519.9309047078461,-623.7230341659107,-618.6534806619003,-686.2271149467001,-740.0436181522701,-739.0235707608467,-753.0472899940828
<s> इन सब पर सिद्धार्थ क्या सोचते हैं? </s>,-83.10462340908896,-83.0796832743319,-131.567474791102,-143.648052639321,-143.64507128351596,-150.85036704743203,-160.2756017211501,-159.2646632872831,-170.40308418046286,-165.78612669557128,-165.78612669557128,-165.78612669557128
<s> ये आईपीएल में एक रिकॉर्ड है. </s>,-68.57908368022183,-68.55699951202645,-116.84120224107437,-123.46995116385327,-123.46066831547584,-137.18893335491907,-165.78612669557128,-165.78612669557128,-165.78612669557128,-138.15510557964274,-138.15510557964274,-138.15510557964274
"<s> शिवराज सिंह चौहान ने मीडिया से 
कहा
, ""चंपाई सोरेन एक ऐसा नेता हैं जो जीवन भर झारखंड के लिए लड़े, जिसने समर्पण के साथ जनता की सेवा की
और मुख्यमंत्री बनकर झारखंड में लूट खसोट को बंद किया. </s>",-345.39390379444467,-345.2797179088614,-580.1515027525128,-664.1988985142202,-664.1348710010569,-739.5359665332885,-873.4265745096258,-867.3509633485652,-939.5250075765531,-987.9259725945209,-985.8951400484804,-1008.7362400484034
<s> बलात्कार की विस्तृत जानकारी देती कोई ख़बर. </s>,-81.9356425734905,-81.91060092181311,-131.01256223277204,-148.3835348032062,-148.38325803928612,-150.88111492771657,-176.72840357154283,-176.2198565609,-181.9101261848446,-165.78612669557128,-165.78612669557128,-165.78612669557128
"<s> जून 2013 की उत्तराखंड बाढ़ आपदा के बाद भारत सरकार ने कई झीलों की स्थिति और उनसे पनप रहे ख़तरों के अध्ययन के लिए जो विशेषज्ञों की कमेटी बनाई थी उसमें जाने माने ग्लेशियोलॉजिस्ट और बेंगलुरू स्थित भारतीय विज्ञान संस्थान, दिवेचा जलवायु परिवर्तन केंद्र के वैज्ञानिक डॉ. </s>",-450.36009250129405,-450.2348104857374,-703.0444179616953,-860.7349129732988,-860.6859390609851,-918.5858574860687,-1144.6004204511019,-1140.0680873316928,-1195.0945440397359,-1229.1183318839294,-1227.6176423718007,-1240.0950762343937
<s> उन्होंने यह दिखाया कि आखिर उन्हें स्पिन के ख़िलाफ इतना ख़तरनाक क्यों माना जाता है. </s>,-153.77469013646967,-153.73597969673224,-238.14930249103588,-341.8711671756292,-341.86223176609735,-357.7526078219701,-395.66952830741604,-395.1662481593484,-402.9581656927146,-386.83429562299966,-386.83429562299966,-386.83429562299966
"<s> हाई ब्लड प्रेशर और सांस लेने में तकलीफ़ की शिकायत के
बाद उन्हें 5 जून को हैदराबाद के स्टार हॉस्पिटल में भर्ती कराया गया था. </s>",-213.57398046769467,-213.49921144831606,-366.7778445241033,-374.7928172694526,-374.7482314686859,-423.45336288152896,-495.71694528162874,-490.1309313233476,-564.1970483551196,-584.4441078137077,-581.913282236649,-611.5912128655599
"<s> लेकिन जिन्होंने व्यक्तिगत हैसियत से पोस्ट किए हैं, अब वे परेशान हैं. </s>",-142.66561901010684,-142.6283967974551,-212.93803235929707,-267.3959743426584,-267.3924620179299,-274.9430009768981,-331.57225339114257,-331.57225339114257,-331.57225339114257,-303.941232275214,-303.941232275214,-303.941232275214
<s> कैटालिन कारिको यूनिवर्सिटी ऑफ़ पेनसिल्वीनिया में न्यूरोसर्जरी की प्रोफ़ेसर भी हैं. </s>,-179.36084644567998,-179.35797191382056,-225.6893568820833,-331.57225339114257,-331.57225339114257,-331.57225339114257,-303.941232275214,-303.941232275214,-303.941232275214,-276.3102111592855,-276.3102111592855,-276.3102111592855
"<s> "" (बीबीसी हिन्दी के एंड्रॉएड ऐप के लिए आप 
यहां क्लिक
 कर सकते हैं. </s>",-152.5179086826204,-152.48533008169628,-237.03300674641417,-263.6546249209274,-263.63329772550094,-287.6580843114964,-336.7352609679786,-335.2459059651221,-352.31311554374673,-359.2032745070711,-359.2032745070711,-359.2032745070711
"<s> "" वहीं बिहार को विशेष दर्जे पर उन्होंने कहा, ""हम चाहते हैं कि विशेष राज्य का दर्जा ज़रूर मिलना चाहिए. </s>",-218.34690574699087,-218.28828709094532,-332.6099493979871,-385.3568196253573,-385.33268510115454,-411.7751807625669,-483.68454566443285,-481.6520193756481,-506.5921311514517,-509.4802793734897,-508.97166996639226,-514.6787652560963
<s> उत्तरी आयरलैंड में सेक्स के लिए पैसों का भुगतान करना ग़ैरक़ानूनी है. </s>,-125.20108045950488,-125.1758022195179,-195.8913561509186,-204.20870305602125,-204.2013129890393,-218.39777799136235,-282.5225471281359,-281.03192694036386,-297.05118970912537,-303.941232275214,-303.941232275214,-303.941232275214
<s> बिहानी की मां की 2017 में मौत हो गई थी. </s>,-98.04655886860431,-98.04300809139932,-168.56256841666234,-196.5328879736655,-196.51456075104653,-219.63595098693324,-219.72118798223852,-218.19304035704639,-241.78730458749354,-231.4658508452543,-230.9554500294203,-238.36852963623505
<s> लेकिन तब वह अपनी फिल्म 'दीवार' से काफी सफल हो गए थे. </s>,-129.14468376704906,-129.10670945527224,-212.21478917916545,-208.43264945125222,-208.41105468643832,-232.79858051975813,-298.74536133887875,-297.7334772477683,-308.558216301655,-303.941232275214,-303.941232275214,-303.941232275214
<s> अमेरिकी विदेश मंत्रालय के लिए कोई एक समस्या है तो वो है- भारत में अल्पसंख्यकों की समस्या. </s>,-160.82733279790398,-160.77402209117963,-275.0676318142277,-261.10391180139425,-261.07035730560085,-300.3392132051299,-350.15991129440977,-346.636062194088,-389.17790571854954,-414.2344337868376,-413.23470283304374,-421.4750745561448
<s> अख़बार ने समाचार एजेंसी ब्लूमबर्ग के हवाले से लिखा है कि सऊदी इस सौदे को लेकर काफी उत्साहित है और इस पर ज़ोर दे रहा है लेकिन केंद्र और बीसीसीआई की ओर से इस पर 2024 के लोकसभा चुनाव के बाद ही फैसला लेने की संभावना है. </s>,-353.76931329484785,-353.6237999463803,-653.5806174132451,-649.1765384972008,-649.0949595384608,-763.8880135183854,-892.3852739118603,-880.7500155311975,-1033.9916423399673,-1122.1350167563423,-1117.0849201681708,-1167.9206244884672
<s> भारतीय विदेश मंत्रालय ने प्रेस रिलीज जारी करके ये जानकारी दी है. </s>,-118.94228850318228,-118.90128661083284,-199.0180911228479,-186.97047770197307,-186.95983923713507,-204.8002604675926,-250.19183494328863,-247.66192083375114,-274.03714287313494,-275.30663447966265,-274.2996056157664,-283.31996795479057
"<s> कवि के एक अन्य पौत्र काज़ी अरिंदम के मुताबिक, ""मैं यह नहीं समझ पा रहा हूं कि एआर रहमान जैसे एक संगीत निर्देशक ने ऐसा काम क्यों किया. </s>",-295.60658168553385,-295.55216838481516,-438.7991322936962,-538.1607785255444,-538.145983928995,-562.6749960334718,-691.7683814996562,-689.2384134323456,-716.1334815229898,-719.102766658271,-718.1154706050056,-725.4163077028189
"<s> "" ""मेरे पास कोई भी अधूरा काम नहीं पड़ा है लेकिन हां मैं एक बार और भारत को वर्ल्ड कप जीतते देखना चाहता हूं, चाहे मैं टीम में रहूं या नहीं. </s>",-302.72751521205646,-302.6378065191527,-479.3595969393418,-560.3513006193017,-560.3171989842809,-603.435176760848,-760.9884353376741,-757.9570669059143,-787.5195743394928,-828.9306334778564,-828.9306334778564,-828.9306334778564
<s> पर 'बाज़ार' (1982) फ़िल्म के छोटे से रोल और आगे देवानंद की फ़िल्म 'हम नौजवान' (1984) से अनायास उनके क़दम फ़िल्मों की तरफ़ बढ़ चले. </s>,-328.82879884719864,-328.77103357382356,-439.2502639641671,-595.5698881733738,-595.5615379962433,-606.1309984562806,-674.2580153120197,-673.7499444006976,-679.2685090549905,-663.1445067822851,-663.1445067822851,-663.1445067822851
"<s> फ़ेसबुक, व्हाट्सएप और अन्य सोशल मीडिया प्लेटफार्म पर भी रोक लगा दी गई. </s>",-144.37129362466456,-144.3306116839931,-225.53361110417066,-225.03613075743394,-225.02451850262906,-246.43536214198494,-275.51126970256865,-272.97738563940396,-301.6680156871141,-274.3706381290467,-272.36440215474033,-290.3297233679834
<s> नतीजतन गूगल पर कभी भी बड़ी संख्या में सर्च न किए जाने वाले लक्षद्वीप के बारे में लोगों ने इतनी जानकारी जुटानी चाही कि ये पिछले सप्ताह सबसे अधिक सर्च किए जाने वाली जगहों में आ गया. </s>,-311.43929664836435,-311.337077050706,-529.8614253948364,-642.8416537245321,-642.7820247190647,-712.9399147341943,-861.7988000966951,-857.2287083648959,-918.7803624590633,-963.8078856703196,-962.7917592052358,-974.0954886409731
"<s> वहीं, 13 अगस्त को भी इस मामले की सुनवाई हुई थी. </s>",-120.34062020183902,-120.30584074161675,-197.24088355523944,-191.1359907501195,-191.11335140168813,-219.2022850548966,-183.12956914610967,-179.57824862241694,-223.39174133847783,-217.63181727898495,-215.61454787960596,-235.06767584729272
<s> रिपोर्ट में रूस भारत संबंधों को भी विस्तार से बताया गया है. </s>,-107.41740820892014,-107.37647155507527,-195.55082822619596,-207.6362600191421,-207.61285389684966,-232.83050318295832,-262.2892306207934,-260.25366611997754,-285.54403915100204,-289.3265446078358,-288.82114436038296,-293.63059954404633
<s> उस ज़माने के फ़ैशन बेलबॉटम में तो उनकी छरहरी टांगें और उभरकर आती थीं. </s>,-161.38571207191964,-161.39428271884853,-223.2900315784006,-362.4431014107853,-362.43406665495115,-372.3491580332159,-386.83429562299966,-386.83429562299966,-386.83429562299966,-359.2032745070711,-359.2032745070711,-359.2032745070711
"<s> मेरे इस सवाल के जवाब में जफर इस्लाम कहते हैं, ""मुझे भविष्य बहुत अच्छा दिखता है. </s>",-194.23469668529836,-194.1884114360311,-279.1674562894614,-355.07652853753945,-355.0604247998612,-371.4783932191379,-387.71784293804245,-386.18806760517845,-407.57502089359025,-381.75435159946437,-380.73527741439773,-393.84402161728485
<s> ’’ पीएम मोदी ने कल अमेरिका के राष्ट्रपति जो बाइडन से भी फोन पर बात की थी. </s>,-163.57424967863898,-163.52101125755343,-275.80506771486915,-293.5451813125974,-293.5125003471726,-328.87726059402127,-348.8020365277433,-345.2462687462579,-389.1778292805345,-398.2004375789706,-396.68766915250933,-411.1644377982407
<s> इस कहानी में जानिए कि ओरेवा कंपनी के मालिक कौन हैं और उन्होंने कैसे इतना बड़ा साम्राज्य खड़ा किया? </s>,-189.22839487438213,-189.1692817295795,-303.5181765146377,-398.40732890355105,-398.38341042105554,-426.0417831274939,-459.1754742631166,-457.16201308861,-478.9613056529327,-483.78965541522706,-483.29433558067876,-487.0477487979621
"<s> आलोक पुतुल, रायपुर से बीबीसी हिंदी के लिए छत्तीसगढ़ के माओवाद
प्रभावित कांकेर में पुलिस ने एक मुठभेड़ में 18 माओवादियों के मारे जाने
का दावा किया है. </s>",-256.5645569059843,-256.48300563492637,-419.5143972138444,-487.2607191810086,-487.2284885022575,-534.0718274011056,-652.0579263522633,-648.5076462386636,-693.1189493316173,-702.0369739311359,-700.523890669539,-715.105669232052
<s> 1995 के मार्च में एके एंटनी मुख्यमंत्री बने. </s>,-92.48468514935502,-92.4584019407144,-142.92040800392203,-177.39612937018512,-177.39923814410477,-178.51150618970868,-221.04816892742838,-221.04816892742838,-221.04816892742838,-193.41714781149983,-193.41714781149983,-193.41714781149983
<s> बाहर जाने से पहले ये लोग घर में रखा सारा पैसा और गहने लूटकर गए. </s>,-139.97927569645694,-139.93011843669677,-237.24608757571716,-234.91660209757256,-234.89987101304936,-259.5937666206206,-331.69018613187245,-329.15615017871346,-356.93016954130843,-386.83429562299966,-386.83429562299966,-386.83429562299966
"<s> "" लता जी ने इस पर सहमति दे दी. </s>",-92.6938499909277,-92.66270245245397,-157.38885028182335,-159.79606190544803,-159.78391284807412,-178.02071312131045,-199.34316906649022,-197.82879656562682,-214.15807516457295,-221.04816892742838,-221.04816892742838,-221.04816892742838
"<s> "" यह भी पढ़ें
:-  नेटफ़्लिक्स का कहना है कि साल 2016 में भारतीय बाज़ार में उतरने के बाद से उसने जो भी सामग्री पेश की है, उसपर कंपनी को गर्व है. </s>",-298.9038692137408,-298.86621380418813,-487.18842630033384,-524.440016214725,-524.3903144350725,-588.4615958580896,-704.8841243115331,-699.8347471664972,-769.1162226209357,-795.0294972035156,-793.0283368782374,-815.3183867494201
<s> लेख में कहा गया है कि चुनाव नतीजों से ये साफ़ हो गया है कि ऐसे स्वयंसेवकों को भी पार्टी ने नज़रअंदाज़ किया जो सोशल मीडिया की चकाचौंध के इस दौर में बिना किसी लालच के मेहनत कर रहे थे. </s>,-301.9993696547089,-301.8796383184786,-562.0646454812869,-601.230404225239,-601.1639157453768,-696.6874401465527,-816.4130236038395,-808.3289720882462,-921.1225778803625,-951.0609049602375,-947.0234463278907,-995.124432554907
<s> ऑस्ट्रेलिया के हाथों मिली हार के बाद भारतीय क्रिकेट टीम विशाखापत्तनम में गुरुवार को होने वाले टी-20 मुक़ाबले से ऑस्ट्रेलिया के ख़िलाफ़ टी-20 सिरीज़ की शुरुआत करेगी. </s>,-271.0385073933894,-270.964307449136,-421.69672679757514,-469.25689155223495,-469.2124808239172,-520.7953413316418,-588.7730795736995,-584.2135792513963,-642.4738823600967,-661.5670350899226,-659.5620447851245,-677.1640193515901
"<s> इस प्रेस कॉन्फ्रेंस में बाबर ने कहा, ''खिलाड़ी, मैनेजमेंट सबको दुख है. </s>",-166.11126183567424,-166.0775632028102,-225.75163697762525,-265.36634708378887,-265.3663030732085,-274.7931664401717,-313.89159019393696,-313.3816828673088,-320.0652017437734,-303.941232275214,-303.941232275214,-303.941232275214
<s> उनकी शादी विजय  गोविल से हुई. </s>,-76.62025502803397,-76.60272739308142,-117.7470441556183,-159.6767211010011,-159.67117933397353,-165.33960614516315,-149.91054486369848,-149.40537500730403,-154.27911491042454,-138.15510557964274,-138.15510557964274,-138.15510557964274
<s> हम किसी इंसान को इतनी बुरी तरह से प्रताड़ित करते हैं कि वह आत्महत्या कर ले और फिर हम ऐसे दिखावा करते हैं जैसे कि कुछ हुआ ही नहीं. </s>,-232.1532182459451,-232.06048022923872,-423.4612589790933,-406.38330152051196,-406.34364498461065,-463.81783701787873,-650.8694393719727,-646.3208645620025,-697.7361375139833,-759.0013048892799,-758.495656001762,-763.3579583946317
"<s> उस समय वर्ल्ड टेस्ट चैंपियनशिप जैसे टूर्नामेंट नहीं थे और राहुल द्रविड़ उन खिलाड़ियों में थे, जिनका मानना था कि सीनियर खिलाड़ियों को 2007 के टी-20 वर्ल्ड कप में हिस्सा नहीं लेना चाहिए, जिसे भारत ने जीता था. </s>",-379.773960528,-379.6615048758313,-585.9913168692833,-681.8484132975109,-681.814656991383,-726.6752184988919,-914.8443700537383,-910.7883228739018,-957.9223565467249,-1022.3477812893562,-1022.3477812893562,-1022.3477812893562
<s> पवित्र का आत्मविश्वास कई मौकों पर कहानी को आगे बढ़ाने में मददगार साबित होता है. </s>,-144.78100408915995,-144.7315912817763,-236.80352150170006,-272.593742800938,-272.5718418501632,-287.72215538410364,-330.77188882292506,-328.23305779601276,-356.93016665693625,-358.2275750727776,-357.2249907022128,-366.2130304311191
"<s> "" उन्होंने पूछा, ""इतने लोग कहां से आएंगे. </s>",-123.49609977961637,-123.47398940875948,-172.72182369636312,-200.82553091288364,-200.81948192862464,-206.57354933952615,-221.04816892742838,-221.04816892742838,-221.04816892742838,-193.41714781149983,-193.41714781149983,-193.41714781149983
<s> उस समय इसके अध्यक्ष रहे क़ासिम राजवी को गिरफ़्तार कर लिया गया था. </s>,-133.62241369566297,-133.6118229192359,-211.3628108888181,-257.5081803963355,-257.5024819559535,-274.50141623433797,-304.4090987334057,-302.8861907398,-324.6815581284199,-318.08357067607136,-317.58955327246656,-321.26162216249145
<s> '' यानि वैज्ञानिक शरीर के काम करने की क्षमता को ठप्प करने वाली कई बीमारियों के इलाज पर शोध कर रहे हैं. </s>,-205.16737496539392,-205.10047433853723,-342.2495134793858,-386.5032837629939,-386.4698740743171,-424.85514600006195,-460.105124559769,-455.55719687027,-504.31916822348416,-525.004972166899,-523.0115976124177,-539.0089173178827
<s> अब बीबीसी हिंदी से बातचीत में रश्मि देसाई ने सिद्धार्थ शुक्ला के साथ अपने रिश्तों पर खुलकर बात रखी है. </s>,-183.4281815440961,-183.36355743578898,-302.5543058339997,-302.6862272617291,-302.6748673737262,-327.3704237571748,-467.5605027753811,-465.0377948786078,-495.0850587302345,-524.9894012026424,-524.9894012026424,-524.9894012026424
"<s> अंशुमान को याद करते हुए 
स्मृति कहती हैं
, “हम कॉलेज के पहले दिन मिले थे. </s>",-164.19053453229537,-164.14378045219826,-263.5598558490134,-325.49136402146985,-325.4669560886432,-357.2565902458308,-368.6669060643229,-366.62646642690487,-396.0679291821992,-397.7934053298513,-397.28328519484944,-404.1546688324682
<s> यह प्रतिशत सेवा अवधि और वेतन के आधार पर निर्धारित होता है. </s>,-112.56978547195123,-112.52876999998117,-196.7073914395479,-218.8978118424706,-218.90294491821277,-232.77325603784226,-310.51171994644506,-310.00189742401574,-320.0638472761692,-303.941232275214,-303.941232275214,-303.941232275214
<s> प्रेस कॉन्फ्रेंस ख़त्म होने के बाद रोहित लिफ्ट की तरफ जा रहे थे और मैं भी साथ-साथ उतर रहा था. </s>,-194.9751774386144,-194.913303736667,-317.4122986156609,-341.6789796008198,-341.65021673432864,-383.43429142256366,-396.32484881659616,-391.7746940424835,-449.05528222387926,-466.9329250396594,-464.919513436724,-483.7468695868204
<s> आज भारत समेत दुनिया की कुछ अहम ख़बरों पर हमारी नज़र है. </s>,-121.63993606990576,-121.60144427000908,-197.9829178519172,-233.56350106481733,-233.5495081209803,-246.9086935939262,-299.7410454946564,-298.73174131097505,-308.55822693802793,-303.941232275214,-303.941232275214,-303.941232275214
"<s> शाहरुख़ की माँ हैदराबाद से, पिता पेशावर से और दादी कश्मीर से हैं. </s>",-153.0685219315266,-153.03426796282668,-223.81778276457723,-325.9061350795034,-325.90163552027985,-330.69814370546277,-359.2032745070711,-359.2032745070711,-359.2032745070711,-331.57225339114257,-331.57225339114257,-331.57225339114257
"<s> मनु भाकर भारत की ऐसी पहली खिलाड़ी हैं, जिन्होंने
एक ही ओलंपिक में दो मेडल जीते हैं. </s>",-185.22167442118382,-185.17280153187238,-278.51898319604817,-342.002138008986,-341.9970537169709,-356.98598593546694,-469.7273589707853,-469.7273589707853,-469.7273589707853,-442.09633785485676,-442.09633785485676,-442.09633785485676
<s> यह एपल आईडी थी- natalymarinova@proton. </s>,-90.63773317217405,-90.62326667528815,-119.05975619486033,-145.33711527259067,-145.33394993698306,-151.66138388856817,-138.15510557964274,-138.15510557964274,-138.15510557964274,-110.52408446371419,-110.52408446371419,-110.52408446371419
<s> अभी दोनों राज्यसभा सांसद हैं. </s>,-67.3528519881134,-67.33395336884236,-105.16543150937656,-131.6695758289894,-131.66376275878358,-137.70901202040528,-138.15510557964274,-138.15510557964274,-138.15510557964274,-110.52408446371419,-110.52408446371419,-110.52408446371419
<s> आख़िरकार शाम ढलते-ढलते पुलिस ने लाठियां बरसाकर प्रदर्शनकारियों को रेलवे ट्रैक से हटाया. </s>,-159.45823483878212,-159.4309332430772,-224.8287496315886,-293.59072749400195,-293.5860764328045,-302.5707761482374,-344.0905655115197,-343.5940698227507,-347.6962668975372,-331.57225339114257,-331.57225339114257,-331.57225339114257
<s> न कोई को-ऑर्डिनेशन था और न कोई जानकारी मुहैया करवा रहा था. </s>,-132.7745008672903,-132.73664532000421,-212.55122091522793,-215.54730264384276,-215.53412336294664,-232.872866891332,-283.3731495485629,-281.8568365138458,-297.05120759783085,-303.941232275214,-303.941232275214,-303.941232275214
"<s> पीएम नरेंद्र मोदी ने मुइज़्ज़ू का
शुक्रिया अदा करते हुए मालदीप को महत्वपूर्ण साझेदार कहा है. </s>",-189.0225562518796,-188.97677354851874,-279.25256390167834,-318.7716491235234,-318.7495704263615,-343.31929182343606,-338.10582907309197,-335.05961045136746,-373.05368222165566,-354.2160932110296,-352.1961916005784,-373.22277130002857
<s> हालाँकि यह हमला कितना बड़ा था इसकी सही जानकारी जुटा पाना करना मुश्किल है. </s>,-145.56594109558242,-145.519274558185,-226.7450785787158,-297.7100300714027,-297.7072300222418,-302.19728722246396,-371.52075842545054,-371.0189476388285,-375.32728721768535,-359.2032745070711,-359.2032745070711,-359.2032745070711
<s> लेकिन उनके बीच एक सड़क विवाद का विषय है. </s>,-90.69149868580504,-90.65989408477084,-157.89375248395723,-160.30592783372032,-160.287422137364,-178.00951097615038,-216.5090542670679,-215.5024700331267,-225.66515454446306,-221.04816892742838,-221.04816892742838,-221.04816892742838
<s> ऐसा देखा जाता है कि भारतीय कप्तान अपने मुख्य गेंदबाज़ का ज़्यादा इस्तेमाल करते हैं. </s>,-139.80705549420102,-139.75897112600728,-237.673236110262,-288.9285088787179,-288.91010601179767,-315.423894365804,-357.66129089796175,-356.15073521947375,-379.94336911464063,-357.7304599966088,-356.7282777667685,-366.2130276063976
"<s> जिन्ना की बहन ने भावावेश में जिन्ना का हाथ पकड़ कर कहा, ‘वो देखो. </s>",-179.02868373789684,-179.01464444633095,-250.76043613714168,-310.352357696376,-310.34687021492425,-316.2296375516921,-355.4920901705989,-354.4838939591374,-363.82027414015045,-359.2032745070711,-359.2032745070711,-359.2032745070711
<s> इस पर तीखी प्रतिक्रिया आई. </s>,-65.46320664939458,-65.444749562579,-104.09018213621042,-97.45652902389173,-97.45063425156545,-109.42391133428703,-102.11233128663945,-101.11041459099303,-115.14022289361037,-110.52408446371419,-110.52408446371419,-110.52408446371419
"<s> दिल्ली में विपक्ष की ‘लोकतंत्र बचाओ रैली’ में शामिल नेताओं ने बीजेपी के नेतृत्व वाली सरकार के ख़िलाफ़ जमकर भाषण दिया और लोगों से अपील की कि वो लोकसभा चुनावों में ""गणतंत्र और संविधान बचाने के लिए"" बीजेपी की ख़िलाफ़ वोट करें. </s>",-389.4478745618354,-389.33951416262033,-631.8361334486113,-744.7262700479185,-744.6528498577393,-823.1052889785905,-953.8935892328766,-947.7963865790596,-1022.4181340322692,-1071.3829305523923,-1069.3586767120578,-1091.6293159268362
<s> इनकी जांच के बाद ही इस मामले कोई निष्कर्ष निकाला जा सकता है. </s>,-119.62780288628213,-119.5839762416859,-210.65533502287454,-213.04591944981541,-213.02220123886204,-246.2235060151208,-270.98186197192376,-268.4487725099263,-301.6676641460953,-301.1878514021929,-300.17308844440123,-310.95098354147467
<s> वहीं मंगलवार को मिक्स्ड इवेंट में पदक जीतकर उन्होंने इतिहास में एक बार फिर अपना नाम दर्ज कराया. </s>,-163.20833971811993,-163.1523702636732,-276.84152872656983,-306.4241455783874,-306.3970356892444,-342.3595324666037,-377.8046245435753,-374.2663094663251,-416.8078929429883,-423.79191983016165,-422.27748815228966,-438.79541798663894
<s> अगर ऐसा होता है तो शायद मेरे पास भी आपको शुक्रिया कहने के लिए कोई वजह हो. </s>,-148.15240427852197,-148.09589858887287,-263.5050060255248,-273.54767359710013,-273.5138180535449,-314.31780694973554,-361.887168459395,-358.8627478451245,-400.68473391117203,-396.2995542977641,-394.7758501927765,-411.1644330803452
<s> इस रिपोर्ट में यही समझने की कोशिश करते हैं. </s>,-88.63905364614305,-88.60754026292396,-156.28051851414395,-154.84341527963403,-154.82349685017732,-177.83669389729124,-178.52015213547375,-176.4945624649082,-202.6509866378179,-205.2569142212207,-204.74776649085248,-210.73753120792145
<s> यह कंपनी भी अब मुश्किल स्थिति का शिकार है. </s>,-90.22015041498841,-90.1885606598073,-157.69273318344656,-163.80558424005966,-163.79754778204557,-177.9785675014034,-232.09224101493982,-231.58895614087282,-237.1721700079879,-221.04816892742838,-221.04816892742838,-221.04816892742838
<s> इसका मतलब था कि नखील को उसकी मालिकाना कंपनी दुबई वर्ल्ड के ज़रिए इस मुसीबत से ऊबारा जा सका. </s>,-211.983325530046,-211.92840968869947,-318.0377375709944,-412.2261051059025,-412.22289631902095,-426.25793911666557,-491.1011779676496,-490.0879699723662,-501.97529234335,-497.35838008671385,-497.35838008671385,-497.35838008671385
"<s> उन्होंने अमिताभ बच्चन के साथ ‘अमर अकबर एंथनी’, ‘सुहाग’, ‘नसीब’, ‘देश प्रेमी’, ‘परवरिश’, ‘कुली’, ‘मर्द’, ‘गंगा जमुना सरस्वती’ और ‘तूफ़ान’ जैसी फिल्में कीं. </s>",-437.34728183595604,-437.35368943320356,-501.3831778611279,-573.9443914233514,-573.9316507435781,-592.6160374156569,-601.550461517163,-600.5327143391293,-612.49942561333,-592.9084060674516,-592.4013685988753,-597.5718308576509
<s> प्रज्वल ने तब इन वीडियो को फेक और एडिटेड बताया था. </s>,-120.54556282414435,-120.58217918424292,-183.72055962996433,-272.98520075355015,-272.9877040957743,-275.4366228043218,-303.941232275214,-303.941232275214,-303.941232275214,-276.3102111592855,-276.3102111592855,-276.3102111592855
<s> क्या पाकिस्तानी तेज़ गेंदबाज़ शाहीन शाह अफ़रीदी  उतने ही असरदार और ख़तरनाक़ हैं जितना वसीम अकरम थे? </s>,-214.73969128579247,-214.7613168373476,-280.46800580650466,-423.4542633478389,-423.4577559844499,-427.1823162332248,-469.7273589707853,-469.7273589707853,-469.7273589707853,-442.09633785485676,-442.09633785485676,-442.09633785485676
<s> कई प्राइवेट अस्पताल. </s>,-50.326185826469896,-50.313580874843275,-77.99625937352414,-91.91849098965807,-91.9153531866504,-96.47596897067157,-82.89306334778564,-82.89306334778564,-82.89306334778564,-55.262042231857095,-55.262042231857095,-55.262042231857095
"<s> ” राहुल ने भारतीय टीम के गोलकीपर श्रीजेश का शुक्रिया
अदा करते हुए लिखा, धन्यवाद, श्रीजेश. </s>",-213.80555189770186,-213.76863478447555,-292.992572374142,-321.55024084434183,-321.5310892035754,-343.3366712131409,-359.10111229761094,-356.56708221867297,-384.5611454297895,-372.34859973964046,-370.8453918599991,-383.5334214302563
"<s> आदरणीय प्रधानमंत्री श्री नरेंद्र मोदी जी के नेतृत्व में झारखंड राज्य के सर्वांगीण विकास, आदिवासी समाज के उत्थान तथा घुसपैठ के रोकथाम में पार्टी को आपका सहयोग, सहभागिता एवं मार्गदर्शन सदैव मिलता रहेगा. </s>",-332.31852317556,-332.22245613471637,-502.85743907130023,-608.491095147327,-608.4629389429496,-644.68616912421,-761.4253246893813,-756.8617056561459,-808.259863919032,-812.835246594015,-810.3230746688323,-832.6395145781025
<s> उन्होंने मुझे भावनात्मक तौर पर काफ़ी सपोर्ट किया है. </s>,-100.14181387840637,-100.11113333653257,-158.24040815184247,-206.38838801528144,-206.3788864371736,-220.01805233490975,-232.00704924602857,-231.50576123556522,-237.17216851720607,-221.04816892742838,-221.04816892742838,-221.04816892742838
"<s> पीटीआई ने सोशल मीडिया वेबसाइट एक्स पर 
सीधे पाकिस्तान के सेना प्रमुख को निशाने पर लिया है. </s>",-155.2008314117318,-155.14470840075316,-262.9906336473541,-309.74282457372544,-309.7243113596321,-328.9224582436979,-401.34980144165166,-399.31741531350946,-423.69915178985286,-413.22655781205486,-412.22314231965834,-421.4750716412669
<s> शनिवार को द्विपक्षीय बैठक में दोनों देशों ने कुल दस सहमति पत्रों पर हस्ताक्षर किए. </s>,-142.70750419634888,-142.65764998284203,-236.83779205778978,-263.76410227718907,-263.74972103595894,-287.6702678445314,-345.4638715077489,-343.4334706541648,-368.4368538484471,-386.83429562299966,-386.83429562299966,-386.83429562299966
"<s> इनमें नव-बौद्ध या जिन्हें महार कहा जाता है, चर्मकार और मातंग ये तीन जातियां है. </s>",-205.60527729957616,-205.65273696496257,-267.7333658004891,-391.04005861164865,-391.0329096634403,-399.9730601408843,-414.4653167389282,-414.4653167389282,-414.4653167389282,-386.83429562299966,-386.83429562299966,-386.83429562299966
<s> आम जवान को पेंशन मिलेगी. </s>,-65.90379982403547,-65.88494042734524,-104.19518075986221,-119.08923720438756,-119.08284786011322,-123.68294169987867,-138.15510557964274,-138.15510557964274,-138.15510557964274,-110.52408446371419,-110.52408446371419,-110.52408446371419
"<s> जब पर्थ में गेंद दरार से टकराती है, तो यह बहुत बुरी तरह से आपके सिर के पार चली जाती है. </s>",-212.54396185913703,-212.4867518038384,-330.63204206234025,-386.047672895333,-386.03243390028666,-411.3446710473937,-514.9684825199965,-512.949397743551,-534.2232869504833,-539.218750409533,-538.7262746456432,-542.3097911500205
"<s> मेलेनिन त्वचा के पिगपेंटेशन के लिए जिम्मेदार होता है, जो मेलानोसाइट्स नाम की खास कोशिकाओं से बना होता है. </s>",-228.96047154957165,-228.92650255284437,-331.1092722989588,-409.6807602603581,-409.674414136527,-425.84673941795853,-491.4234905020201,-490.4406744464095,-501.97530556835386,-483.8697207805749,-483.37571898257744,-487.0477488580634
<s> उनके मुताबिक़ इसकी उत्तर भारतीय सिनेमाघरों में ऑक्यूपेंसी 88 प्रतिशत रही है. </s>,-132.0387469213878,-132.0080499731451,-198.5325501053266,-296.1529882070387,-296.14625021318886,-303.0518572726163,-331.57225339114257,-331.57225339114257,-331.57225339114257,-303.941232275214,-303.941232275214,-303.941232275214
<s> जब आशा ने इस फ़िल्म की शूटिंग शुरू की तब वह 16 बरस की थीं. </s>,-134.96641968843065,-134.9166487005427,-235.63964012776592,-255.2725027528718,-255.26612500123247,-273.6330743686418,-381.85941367938864,-380.8483881717118,-391.451271398295,-372.9973145375667,-372.4983300225097,-376.52366409384524
<s> समुद्र में ड्रग के फैलने की कई वजहें हो सकती हैं. </s>,-110.33347403471689,-110.29801521585767,-181.93420798441517,-208.66067881658495,-208.65231779547534,-219.28816450853745,-287.901659070217,-287.3951640104217,-292.43421909826105,-276.3102111592855,-276.3102111592855,-276.3102111592855
"<s> अलीगढ़ में एक रैली के दौरान पीएम मोदी ने कहा, ''कांग्रेस के शहज़ादे ने कहा है कि वो ये पड़ताल करेंगे कि कौन कितना कमाता है, किसके पास कितनी प्रॉपर्टी है. </s>",-326.49662918966663,-326.4600050368192,-490.2454734173221,-590.5736173784851,-590.5323531266982,-644.9970793633224,-677.443032886535,-672.3913253620399,-741.488367611546,-736.2344316205728,-733.2022659946647,-767.0665754461323
"<s> 11 मई-
 पहलवानों ने सिर पर काली पट्टियां बांधकर ब्लैक डे मनाया. </s>",-157.1168891179586,-157.0856627738804,-212.8210138350655,-284.71891400565244,-284.71644710342446,-289.0334599481475,-316.4817405611009,-315.98209499769484,-320.0652458804994,-303.941232275214,-303.941232275214,-303.941232275214
<s> कह देते हैं कि अफसरशाही है. </s>,-74.22868052861219,-74.20993244447834,-117.45723885523172,-127.72189084688695,-127.7177403242564,-137.22574388421955,-132.37898683237637,-131.3649428704466,-142.77206306430742,-138.15510557964274,-138.15510557964274,-138.15510557964274
<s> हमने बात की वैलरी मार्सेल से जो न्यू प्रोड्यूसर्स ग्रुप की निदेशक हैं. </s>,-142.1871966199101,-142.2291137050439,-210.14619046953462,-304.4847377233684,-304.47230630148294,-316.64773405136134,-359.2032745070711,-359.2032745070711,-359.2032745070711,-331.57225339114257,-331.57225339114257,-331.57225339114257
<s> हिज़्बुल्लाह जैसे संगठनों ने उनकी सांस्कृतिक नीतियों का विरोध करना शुरू कर दिया था. </s>,-136.81854591768789,-136.77954872632378,-224.84036553776477,-277.3899153666506,-277.3682655156608,-302.07155352202625,-299.8540530738918,-297.3197074988888,-329.29825794722296,-313.6861136875444,-312.17865630626966,-328.2713336130707
<s> हानिबल गद्दाफ़ी और उनकी पत्नी पर अपने नौकर को पीटने आरोप लगे थे. </s>,-164.53366857507953,-164.497068760791,-239.0391755630075,-290.0365648769671,-290.0230372243801,-302.6190783849877,-340.956367265851,-340.44642512279177,-347.69618647822887,-331.57225339114257,-331.57225339114257,-331.57225339114257
<s> पाकिस्तान में बीते दो सप्ताह में पेट्रोल की कीमत में 41 रुपये की बढ़ोतरी हो चुकी है. </s>,-145.00685305587623,-144.95018987333097,-260.84130826244706,-247.37947615413628,-247.3378742457829,-286.8043567637533,-334.96659090882224,-330.9062269242048,-377.6710365551302,-411.65065271857077,-410.63502000051835,-421.47506851603555
<s> शीर्ष रैंकिंग वाली चौथे स्थान पर आने वाली टीम से मुंबई के वानखेड़े स्टेडियम में पहला सेमीफ़ाइनल खेलेगी. </s>,-172.2946800467547,-172.2533608609265,-276.72986084422575,-314.86851463329424,-314.8397105255669,-342.5240105436478,-383.8048479907015,-380.26097825010754,-416.8092519622115,-440.93478492762557,-439.92663569839556,-449.1060943799088
"<s> आप हमें 
फ़ेसबुक
, 
एक्स
, 
इंस्टाग्राम
 और 
यूट्यूब
 पर फ़ॉलो भी कर सकते हैं. </s>",-144.57312726042906,-144.54257577174732,-236.1119336517306,-301.70018784620675,-301.6943242665777,-315.7434051056849,-380.9632346979539,-379.95375729196286,-391.4512110606603,-386.83429562299966,-386.83429562299966,-386.83429562299966
<s> ''. </s>,-33.736709366801094,-33.73036850811135,-50.94452183931885,-55.262042231857095,-55.262042231857095,-55.262042231857095,-27.631021115928547,-27.631021115928547,-27.631021115928547,0.0,0.0,0.0
<s> वो कैप्टन राकेश शर्मा के बाद अंतरिक्ष तक जाने वाले दूसरे भारतीय बन गए. </s>,-132.67728863092654,-132.63015368883353,-224.98381268434514,-281.7387117246534,-281.72454458463426,-301.9811680266989,-371.122661697789,-370.61786593067814,-375.3272850306794,-359.2032745070711,-359.2032745070711,-359.2032745070711
"<s> दिनभर: पूरा दिन,पूरी ख़बर हुमायूं रशीद चौधरी के बेटे नौमान रशीद चौधरी ने मशहूर बांगलादेशी अख़बार 'द डेली स्टार' के 15 अगस्त, 2014 के अंक में एक लेख लिखा. </s>",-394.6321919617171,-394.5805548771086,-507.856788960204,-666.7949862398501,-666.7747066722303,-688.523185334945,-769.0729052464353,-768.0655950111653,-778.285577360082,-773.6685912459993,-773.6685912459993,-773.6685912459993
<s> टीम ने यह फ़िल्माया भी था कि कैसे फ़्रांसीसी पुलिस के एक समूह ने एक नाव को रोकने की कोशिश की जिसके बाद तस्करों के दो समूहों और नाव के यात्रियों के साथ हिंसक झड़प भी हुई. </s>,-292.81319314368346,-292.7509294216482,-522.7339946619808,-567.7781068367134,-567.7277420110169,-642.557123892115,-800.6788238642807,-794.0799546687334,-872.7557243828355,-948.3704042528113,-946.8452388036507,-963.7848527544961
"<s> गैर-पारंपरिक ऊर्जा का विकास, ऊर्जा के नए स्रोत, बैटरी, साथ ही लुप्तप्राय प्रजातियों का संरक्षण, व्यवसाय परामर्श, या क़ानूनी सलाह और पर्यावरण संरक्षण क़ानून क्षेत्र में उभर सकते हैं. </s>",-382.8048906654472,-382.7417346334929,-509.03629905728116,-669.3600665094118,-669.3499596222456,-688.4860485844492,-786.0084633306127,-785.5067999452481,-789.7926040560143,-773.6685912459993,-773.6685912459993,-773.6685912459993
<s> पंजाब के ख़िलाफ़ गिल का ये लगातार दूसरा अर्धशतक है. </s>,-108.24314282163505,-108.2092904531331,-170.59280584658396,-196.38234597371098,-196.382858105173,-205.69631005876278,-257.8672327362924,-257.3570414024337,-264.80310494015407,-248.67919004335693,-248.67919004335693,-248.67919004335693
"<s> इस कव्वाली के बोल थे, 'दिल ग़लती कर बैठा है, ग़लती कर बैठा है दिल. </s>",-212.0737098567308,-212.0440077732377,-278.98884499996774,-364.2718320188458,-364.27154723683526,-371.7210293819834,-414.4653167389282,-414.4653167389282,-414.4653167389282,-386.83429562299966,-386.83429562299966,-386.83429562299966
<s> कुछ लोग उन पर जातिवाद का लाभ उठाने का भी आरोप लगाते हैं. </s>,-123.09397188110799,-123.05093904002429,-210.62282311622977,-218.2130428680885,-218.1883113328876,-246.44000080171153,-290.2683622246782,-288.23665133931047,-313.1750793515971,-317.5980723561485,-317.0975635343912,-321.26162171173644
<s> उन्हीं दिनों मेरी मुलाकात मज़हर ख़ाँ से हुई जिन्होंने  मुझे अपनी फ़िल्म 'बड़ी बात' में स्कूल टीचर का रोल दिया. </s>,-251.08852547450581,-251.04346369910579,-347.5593914208075,-433.82818828109384,-433.83065312913885,-439.9129780396366,-552.620422318571,-552.620422318571,-552.620422318571,-524.9894012026424,-524.9894012026424,-524.9894012026424
"<s> कोहली ऐसे खिलाड़ी नहीं हैं, जो यूँ ही कुछ भी कहने के लिए ही ऐसे ही कुछ बयान दे दें. </s>",-188.55799758814098,-188.49600313742204,-318.1259655677988,-354.3663702188397,-354.34060376588286,-383.29800150922506,-483.659433851548,-481.654115432072,-506.5921746894163,-524.9894012026424,-524.9894012026424,-524.9894012026424
<s> उन्होंने लक्ष्मी और ऋषि को ट्रोल्स पर ध्यान नहीं देने और खुश रहने को कहा. </s>,-135.80892097745343,-135.7646278869736,-235.81014035847406,-270.5909700207,-270.5818427694488,-287.59173965376783,-381.4508462979367,-380.4393438974297,-391.45125569223126,-373.34562594968617,-372.85161724046804,-376.52366439434894
"<s> "" डीआर कांगो में इस सप्ताह की शुरुआत में ही टीकों के पहुंचने के चर्चा हुई लेकिन बुरुंडी पर अभी तक ऐसी कोई जानकारी सामने नहीं आई है. </s>",-235.3414769802899,-235.3151549172587,-407.3066989815762,-470.538208714579,-470.48861035416786,-520.5270794977007,-621.9974053582245,-617.4282281691635,-670.1051908513555,-672.6348658885404,-670.1124348104444,-694.4844025977551
<s> मुंबई इंडियंस की कप्तान हरमनप्रीत कौर ने पिछले मैच में गुजरात जायंट्स के ख़िलाफ़ विस्फोटक अंदाज़ में बल्लेबाज़ी करके 2017 के विश्व कप में खेली नाबाद 171 रनों वाली पारी की याद दिला दी. </s>,-320.80094277667826,-320.71813691617297,-488.14498374526596,-636.8489042999582,-636.8097203625703,-672.3455808997635,-791.5964369419357,-787.0403371634889,-835.891461574278,-869.9227581476625,-868.4219874042329,-880.8918017573728
"<s> वर्ष 1977 में जब जनता पार्टी की सरकार आई तो उसने नागरवाला की मौत की परिस्थितियों की जाँच के लिए जगनमोहन रेड्डी आयोग बनाया, मगर इस जाँच में कुछ भी नया निकल कर सामने नहीं आया. </s>",-316.3176551648584,-316.2684392148383,-527.5077942356888,-600.6780714872997,-600.6316313388362,-656.9217221839549,-814.3817740546107,-808.8266206105923,-868.1393681093016,-937.8781514349442,-936.8699362092558,-946.4644726636069
"<s> "" वाशिंगटन में येलेन ने कहा कि ट्रेजरी अपने प्रतिबंध लगाने
के अधिकारों का इस्तेमाल करेगा और सहयोगियों के साथ ""ईरानी शासन की दुर्भावनापूर्ण
और अस्थिर करने वाली गतिविधि को रोकना जारी रखेगा. </s>",-303.2584004020529,-303.1827154226234,-487.18456006538906,-625.9284193350283,-625.8967852983498,-672.1900793731038,-839.3693362318048,-837.3437664565074,-865.7866448279698,-884.1926757097135,-884.1926757097135,-884.1926757097135
<s> उन्होंने एक दर्जन से भी ज़्यादा फ़िल्मों में काम किया और रुपहले पर्दे पर अशोक कुमार के साथ उनकी जोड़ी काफ़ी सफल रही. </s>,-202.6753871490911,-202.6107314886606,-341.91896126018605,-375.6874619847834,-375.6543749045282,-424.1440863578832,-481.2773250669778,-476.729378234438,-531.9500254225976,-580.0593444931421,-579.0626595778738,-587.2612010413654
<s> भारतीय चैंपियन टीम ने पहले इंग्लैंड को तीन विकेट से हराया और फिर डकवर्थ लुईस के सिद्धांत पर वेस्टइंडीज़ को 27 रन से हराया. </s>,-211.83743085212507,-211.77117597269444,-354.5796951350558,-420.9656199343914,-420.9396891328248,-452.15450482548056,-598.3321115528007,-596.3065037766361,-617.1164416486232,-621.8016587088134,-621.3042567464535,-625.2028542574033
<s> बॉलीवुड के शीर्ष निर्देशक सुभाष घई ने फ़िल्म 'देवा' के लिए अमिताभ बच्चन का चयन किया था लेकिन इस फ़िल्म को ठंडे बस्ते में डाल दिया गया और इसके कारणों का कभी पता नहीं चला. </s>,-308.93001838392166,-308.8236392069263,-514.5161151309908,-564.6712195213752,-564.6184580148994,-629.2241138190145,-747.1608071439884,-740.5674778231189,-817.4941694440664,-866.8371801930722,-864.3186729788437,-887.9015535044291
"<s> ” (मुजफ़्फ़रनगर से स्थानीय पत्रकार अमित सैनी के सहयोग से) (बीबीसी हिन्दी के एंड्रॉएड ऐप के लिए आप यहां 
क्लिक
 कर सकते हैं. </s>",-267.95398308266596,-267.9007207607888,-384.7786349138263,-470.01720543794426,-469.9988540447514,-494.23858976570756,-585.4144510113355,-583.925096008479,-600.9923055871037,-607.882464550428,-607.882464550428,-607.882464550428
"<s> ऑस्ट्रेलियाई पीएम ने अब एलन मस्क को एक ""घमंडी अरबपति"" बताया है. </s>",-160.6174654887893,-160.58478886104623,-225.72926124386942,-277.1795460897249,-277.16732182814326,-289.0068679198673,-331.57225339114257,-331.57225339114257,-331.57225339114257,-303.941232275214,-303.941232275214,-303.941232275214
<s> सभी सरकारी कार्यालयों को नई राजधानी में ले जाने की योजना की घोषणा कर दी गयी. </s>,-134.85347230553188,-134.7999269141129,-248.66491548318854,-229.52485636901653,-229.48628512358326,-273.15067331759695,-304.3584554093699,-300.2940988216611,-350.0398974481816,-355.8817471169892,-353.8792372057576,-373.2227626157725
<s> टीम इंडिया के इस शानदार प्रदर्शन की तारीफ़ दुनियाभर में हो रही है. </s>,-119.12281874754001,-119.08234460216028,-208.4633953631687,-201.77687175924777,-201.75339810516283,-232.39634749913122,-287.5606550639833,-285.52763771740473,-313.17482777085996,-314.9142687722694,-314.40416733754483,-321.26160572508184
<s> यहीं से रोहित ने एक और शानादर चाल चलते हुए बाएं हाथ के अक्षर पटेल को कोहली के साथ साझेदारी करने के लिए ऊपर भेज दिया. </s>,-235.0078182020556,-234.9270391335677,-393.9569230124322,-449.04380694931257,-449.01671062435344,-492.5893831151233,-595.2636980817866,-591.7555152119303,-637.8519282443302,-690.7755278982137,-690.7755278982137,-690.7755278982137
"<s> व्यक्ति को खून तक निकल आता है, लेकिन आराम महसूस नहीं होता. </s>",-139.4713148517373,-139.43360472664423,-212.48806799958817,-283.4329654002059,-283.42990633109434,-289.03018122756845,-315.9064097175233,-315.4018826664254,-320.0652430970473,-303.941232275214,-303.941232275214,-303.941232275214
"<s> ” सुबह इस घटना की ख़बर आने के बाद जम्मू कश्मीर के पूर्व मुख्यमंत्री और नेशनल कॉन्फ्रेंस नेता उमर अब्दुल्लाह ने एक्स पर लिखा था, ""श्रीनगर के पास लसजान में झेलम नदी में एक नाव के पलटने की ख़बरों से चिंतित हूं. </s>",-424.2103695367959,-424.0985447192629,-647.0454185289706,-798.7430048080847,-798.7144806841536,-850.959636387595,-1003.742546020694,-999.1831180886073,-1056.9388277914286,-1073.9276528634255,-1071.908355222858,-1091.6293309819716
<s> जबकि अब भी सात टीमें गणित के समीकरणों के मुताबिक़ प्लेऑफ़ में अपनी जगह बना सकती हैं. </s>,-165.06897132828698,-165.04587249559742,-262.6369196731755,-325.07244618001187,-325.0590305209648,-342.9581949504725,-420.51698396380846,-418.99799461817736,-435.20629488651133,-427.39126816941763,-426.8853997219065,-431.785704913337
"<s> कोरिया की 'हैप्पीनेस फैक्ट्री' में बने छोटे कमरों को अगर बाहरी दुनिया से कुछ जोड़ता है, तो वो है दरवाज़े पर बने छेद जिनका इस्तेमाल कमरे में खाना देने के लिए किया जाता है. </s>",-343.11526574116124,-343.0198468464073,-529.7684741089168,-658.1942935704067,-658.1647050183955,-699.9208372158038,-865.566128868821,-863.5596922603974,-893.4254835029108,-880.4906078435421,-879.4765136574074,-891.2024111697195
"<s> वक़ार बताते हैं,  ""हमारे होते हुए वहां एक कंप्यूटर लैब बनाई गई और आख़िरी साल में हमें कंप्यूटर प्रोग्रामिंग का अनुभव मिला. </s>",-251.74596666244122,-251.76739272610047,-360.09429134796244,-488.5800244198817,-488.55911073200735,-509.1885621354335,-592.7922342991023,-592.2927770739727,-596.3754570398129,-580.2514434344995,-580.2514434344995,-580.2514434344995
<s> आख़िरी सीट के लिए दूसरे दौर में उद्धव ठाकरे गुट के मिलिंद नार्वेकर और शरद पवार गुट समर्थित भारतीय किसान और श्रमिक पार्टी के नेता जयंत पाटिल के बीच टक्कर हुई. </s>,-290.53788836937224,-290.4765146037483,-448.09655367337024,-581.6069027565089,-581.586974548336,-616.9860086707363,-755.9495042707101,-752.9387617900501,-787.5194515783639,-828.9306334778564,-828.9306334778564,-828.9306334778564
<s> ये ग्राम सभाओं के विरोध को दरकिनार कर पूरी की गयी है. </s>,-114.00890300980362,-113.96899218922277,-195.73581314495868,-201.35048656581458,-201.33494404350358,-218.82525449663098,-298.08776336987967,-297.0709547891798,-308.55820655923344,-303.941232275214,-303.941232275214,-303.941232275214
"<s> सहयोगियों, छह मनोनीत सदस्यों और दो निर्दलीय
सदस्यों के साथ एनडीए के पास अब 119 सदस्यों का समर्थन है. </s>",-194.12497857930225,-194.06699510596684,-303.87565647119186,-398.76970783506886,-398.7460804773024,-426.022523949444,-490.34786924218065,-489.33222869694976,-501.9753157023089,-497.35838008671385,-497.35838008671385,-497.35838008671385
<s> 12 से 15 ओवर के बीच में कुलदीप-पटेल की जोड़ी ने 4 ओवर के दौरान सिर्फ़ 25 रन देकर ऐसा दबाव बनाया कि ऑस्ट्रेलिया ने अपने दो विकेट भी खोए. </s>,-259.6170747136081,-259.5228699656102,-448.1672983573341,-487.84567419942215,-487.80090900368856,-533.5998522880377,-744.4157829177788,-741.8821823405887,-771.3953540829466,-801.2996123619279,-801.2996123619279,-801.2996123619279
<s> यह पाकिस्तान पर भारत की सबसे बड़ी जीत है. </s>,-86.92621715214392,-86.89456830619484,-157.0431978105307,-141.03395557513483,-141.01569979962142,-163.92303415245385,-179.71454997828394,-177.68161606451284,-202.6508928147441,-192.72442827506336,-191.72264368427372,-200.42690463705804
<s> पत्रकार ओलिविया बी. </s>,-57.80091369794753,-57.79467015881123,-78.13323972436386,-95.33609502154034,-95.33392251293886,-96.49055905410377,-82.89306334778564,-82.89306334778564,-82.89306334778564,-55.262042231857095,-55.262042231857095,-55.262042231857095
<s> 6% वोट मिले थे जो  2024 में गिर कर  41. </s>,-122.91450186910137,-122.88379651160484,-185.02454807044043,-210.97947568900895,-210.9684560100393,-219.73684538212098,-259.1720916694194,-258.6627649764878,-264.8031794924923,-248.67919004335693,-248.67919004335693,-248.67919004335693
"<s> "" यह भी साफ़ है कि नवजोत सिंह सिद्धू अक्सर अपने भाषणों में कहते रहे हैं कि केंद्रीय राजनीति में उनकी कोई दिलचस्पी नहीं है. </s>",-209.221385932702,-209.1417981672021,-368.54554387227137,-392.50730689735036,-392.4711343171744,-437.2499910113586,-558.6732641032506,-554.6347384342151,-598.7189768166796,-635.5610049776157,-634.5652951550155,-642.523243723976
<s> हार्दिक ने गेंद को ऑफ़ साइड में बल्लेबाज़ से काफ़ी दूर डाला था. </s>,-135.3519461450475,-135.31056193571976,-209.55119734908754,-298.9276326836806,-298.92343789948666,-302.6337349072229,-327.9873892526616,-326.9805335909116,-336.189253322432,-331.57225339114257,-331.57225339114257,-331.57225339114257
<s> तो क्या संजय सिंह की रिहाई विपक्ष की ओर से केंद्र सरकार पर लगाए जाने वाले बदले की कार्रवाई के आरोपों को कमज़ोर कर सकती है? </s>,-211.1160603735993,-211.0326340141349,-380.76408060425535,-405.9884039068394,-405.9319684314793,-465.20891413320413,-532.273406405605,-526.7004054552008,-591.8261523274803,-648.9478582636117,-647.4511451991788,-659.8436325595204
<s> इस फ़िल्म के बाद 'तलाक़' नाम से एक और फ़िल्म साल 1958 में भी बनी. </s>,-147.6595362346219,-147.6141634258859,-248.23980016912776,-280.8250348804969,-280.8045904762923,-315.2790359495755,-348.37254146546445,-346.3592909492637,-368.437214627983,-386.83429562299966,-386.83429562299966,-386.83429562299966
"<s> अगर ट्वीट के बाद कुछ हुआ नहीं, तो फिर जाँच किस बात की. </s>",-140.63911836004112,-140.5982370790223,-225.2920497742527,-267.85465072132104,-267.836510661024,-288.3751185210335,-324.7840236516072,-323.77674908482476,-336.1891971591776,-331.57225339114257,-331.57225339114257,-331.57225339114257
<s> क्वालिफ़िकेशन राउंड में मनु भाकर 580 अंक के साथ तीसरे स्थान पर रहीं. </s>,-155.67249732331157,-155.63990432397705,-223.8775100371167,-271.599638332343,-271.58795458724853,-288.35745455610504,-291.22220481491405,-289.20199245307373,-313.1751100699507,-302.3976677710043,-301.3871637421379,-310.9509880490082
"<s> आप हमें 
फ़ेसबुक
, 
ट्विटर
, 
इंस्टाग्राम
, 
यूट्यूब
 और 
व्हॉट्सऐप
 पर फ़ॉलो भी कर सकते हैं. </s>",-161.94609743584837,-161.9169485337601,-262.1633210125122,-371.24933875134406,-371.2405089531567,-385.03918380772046,-420.65785155900994,-419.1444834192095,-435.20624359487397,-442.09633785485676,-442.09633785485676,-442.09633785485676
<s> शुक्रवार को केएल राहुल ने भी धीरे से अपने को इस बहस में शामिल कर लिया. </s>,-131.32497127335537,-131.27164798261438,-247.4047988212475,-235.8376798921053,-235.8055394829891,-273.14781607793105,-356.8334840702598,-354.29999456871195,-384.56080941232096,-414.4653167389282,-414.4653167389282,-414.4653167389282
<s> उन्होंने ये भी कहा है कि यदि इस घटना की केंद्रीय एजेंसी से जांच कराये जाने की ज़रूरत होगी तो उन्हें कोई ऐतराज नहीं हैं. </s>,-200.71244726145554,-200.6324253755036,-368.55662399851667,-352.9504941861146,-352.9112435030514,-409.1922692406597,-500.63870039410614,-495.08337020278674,-564.1963626146728,-586.0109703345947,-583.4718768744909,-611.5913211297634
<s> लेकिन जहां तक सोच की बात करें वो बहुत कमाल की है. </s>,-111.35662750717913,-111.31569551962629,-197.12455427261028,-227.01787144771006,-227.00168434480406,-246.82479370592324,-281.00889225170454,-279.50124427218066,-297.0507065136628,-303.941232275214,-303.941232275214,-303.941232275214
"<s> कनेक्शनों की गति का आकलन करने के लिए और यह पता करने के लिए कि क्या वित्त वर्ष 2023-24 के अंत तक सभी शेष घरों को जोड़ा जा सकता है,  हमने कनेक्शनों की वार्षिक प्रतिशत वृद्धि को देखा. </s>",-338.74636029278486,-338.6358405332916,-566.9657186336926,-653.36026433487,-653.2995013143527,-725.5530344475187,-853.896531615582,-848.3837450832556,-923.3904676000279,-918.7372571809628,-915.2078110743744,-950.1733430059626
"<s> "" उन्होंने कहा, ""दुनिया में ऐसी कोई जगह नहीं है जहां विराट कोहली को पहचाना नहीं जाता है. </s>",-193.82582606631786,-193.77272630398662,-304.6982603364276,-330.00914344381766,-329.9821462578459,-356.4950336010407,-413.56332847336853,-411.0258919164252,-439.8232529675018,-454.51146035606615,-454.00360656097763,-459.4167244065502
"<s> राजनीतिक विश्लेषकों और विपक्षी पार्टी के नेताओं का कहना है कि भाजपा का यह फ़ैसला यहां लोगों के बीच फैले ग़ुस्से की तरफ इशारा करता है, जिसे पार्टी भी मान रही है. </s>",-285.1935341206056,-285.1037488617272,-475.3088420812264,-530.588840488515,-530.5500138982914,-588.555724301584,-689.7065626803353,-684.1426772656009,-757.6098365853594,-765.2103194038484,-762.1962371067376,-794.6971192436667
<s> इस समाचार के अनुसार हालांकि नियौम शहर को बसाने पर होने वाली फ़ंडिंग के पैमाने ने दुनिया भर का ध्यान आकर्षित किया है लेकिन इसके केंद्र में स्वास्थ्य और खेल है और इसके लिए उन्होंने जेसन बारबरो को मैनेजिंग डायरेक्टर बनाया है. </s>,-380.59350406446964,-380.47105208807176,-633.79291114313,-734.3185513488294,-734.2582571344842,-808.6936612884929,-973.5770406965399,-968.0018189666879,-1033.9253977871933,-1074.1874232354917,-1072.1723715670892,-1091.6293280070227
"<s> '' बाइडन के अभियान के डिप्टी मैनेजर क्वेंटिन फल्क्स ने कहा, ''बाइडन किसी चीज़ से डिगने वाले नहीं हैं. </s>",-263.696483865845,-263.74991287936507,-345.76822163353785,-435.71312367430943,-435.7180467491544,-440.34794008786884,-508.9391550747618,-508.43262897204255,-513.482387926283,-497.35838008671385,-497.35838008671385,-497.35838008671385
"<s> ""  लेकिन फिल्म इंडस्ट्री से ही जुड़ी कुछ हस्तियों ने ज़ायरा के फ़ैसले की आलोचना की है. </s>",-156.63366676658978,-156.60391149529173,-261.3653457815943,-325.5899756868324,-325.57135454545914,-342.95082540192914,-420.8301305888775,-419.31409565928425,-435.2062831567036,-442.09633785485676,-442.09633785485676,-442.09633785485676
"<s> '' वो बोले, ''टाटा इंडस्ट्रीज के कार्यकारी निदेशक केआरएस जामवाल और जाने-माने ऑन्कोलॉजिस्ट डॉ सुरेश आडवाणी दोनों व्हीलचेयर पर हैं. </s>",-302.5768572386294,-302.5841281068811,-375.9474998360266,-521.1787506389453,-521.1753424154476,-524.1174849315344,-535.7428617716841,-535.2339526838616,-541.1133970138355,-524.9894012026424,-524.9894012026424,-524.9894012026424
<s> मैंने बिना गोलियों की प्रैक्टिस शुरू की. </s>,-84.8186960965516,-84.79427257378705,-131.0890904570054,-161.1840496991386,-161.1838392031641,-164.90813433476558,-193.41714781149983,-193.41714781149983,-193.41714781149983,-165.78612669557128,-165.78612669557128,-165.78612669557128
"<s> ऐसी कोई बात ना कहें, जिससे हमको ठेस पहुंचे. </s>",-124.50925503754604,-124.48230296985253,-173.41273112040335,-213.93267756218444,-213.93034413913122,-220.1711619027228,-217.54414549860826,-216.53674320351053,-225.6651705487015,-221.04816892742838,-221.04816892742838,-221.04816892742838
"<s> "" अदालत ने ब्रिटनी से कहा है कि उनकी तरफ से वकील गार्जियनशिप को ख़त्म करने के लिए औपचारिक दर्ख्वास्त दे सकते हैं. </s>",-228.23311751041388,-228.16887000964132,-368.75992279007806,-416.16613897382507,-416.13480625239123,-465.7599437373045,-522.8985315727294,-519.8696449619431,-566.4640833811573,-548.6335342806791,-546.6281258938238,-566.6399115390653
"<s> ग़ज़ा में हमास संचालित स्वास्थ्य अधिकारियों का कहना है कि इस रेड के दौरान 274 फ़लस्तीनी मारे गए, लेकिन इसराइल डिफ़ेंस फोर्स (आईडीएफ़) का कहना है कि यह संख्या 100 से कम थी. </s>",-331.74685076058944,-331.7019878269761,-502.6934309595618,-650.1501386699346,-650.1123064043405,-714.0934529172742,-750.6507923531448,-746.6130493968609,-819.7552812948506,-792.2355356898189,-789.6851050906274,-832.6379612864908
<s> काहिरा की अमेरिकन यूनिवर्सिटी में इजिपटोलॉजी की प्रोफ़ेसर सलीमा इकरम कहती हैं कि मेनकौरे पिरामिड पर एक भी ग्रेनिट पत्थर चढ़ाने से पहले इंजीनियरों और विशेषज्ञों को जांच करके देखना चाहिए कि इससे ढांचे पर क्या असर पड़ेगा. </s>,-408.8155164737302,-408.72480540122683,-597.8494867508653,-803.408020337643,-803.3813565198407,-838.9302437770275,-982.6212167351117,-980.589901940168,-1003.9506355821794,-1022.3477812893562,-1022.3477812893562,-1022.3477812893562
<s> चेन्नई के ख़िलाफ़ साई सुदर्शन और गिल की जोड़ी ने दोहरे शतक की साझेदारी करते हुए कई रिकॉर्ड बना डाले. </s>,-190.77448775068598,-190.7112400382153,-302.71389283832247,-379.0728082668151,-379.0527590220493,-397.7471228010262,-502.8144189261101,-501.29332245692865,-518.0993602226151,-524.9894012026424,-524.9894012026424,-524.9894012026424
"<s> आप हमें 
फ़ेसबुक
, 
ट्विटर
, 
इंस्टाग्राम 
और
 यूट्यूब
 पर फ़ॉलो भी कर सकते हैं. </s>",-143.35369734460264,-143.32301517699264,-236.10557484266386,-286.5948987191067,-286.58535769516754,-301.71004620236556,-365.39580932715285,-363.8824411873524,-379.9442013630169,-386.83429562299966,-386.83429562299966,-386.83429562299966
"<s> ” अख़बार के मुताबिक़, एप्पल के विदेशी अधिकारी कंपनी के वॉर्निंग मैसेज के पक्ष में मज़बूती से खड़े रहे. </s>",-216.43640268687287,-216.39253075455522,-314.437516732901,-429.38759346603797,-429.3798201721534,-440.33719697163724,-505.51403849999804,-505.0035559757636,-513.4821101176196,-497.35838008671385,-497.35838008671385,-497.35838008671385
<s> इसे मशहूर करने में फ़िल्म अभिनेत्री दीपिका पादुकोण ने अहम भूमिका निभाई थी. </s>,-135.89551255176417,-135.85209332219597,-211.33058320767174,-243.4979289713923,-243.48593480405268,-260.4936386154528,-292.4927301069117,-290.46034659468035,-313.1751728909412,-303.34212829803784,-302.34044124037604,-310.9509893712229
<s> रुजा की कथित हत्या की घटना के बाद से दि मिसिंग क्रिप्टोक्वीन पॉडकास्ट बनाने वाली बीबीसी की टीम को रुजा इग्नातोवा के कई जगह देखे जाने के बारे में गोपनीय जानकारी मिल चुकी है. </s>,-335.85111360856223,-335.87384576389655,-514.1578308055522,-638.7132785933933,-638.6690739269578,-700.0486119185994,-791.8693591618767,-787.8163023607607,-847.3934785027388,-862.9259231886338,-861.3967484503033,-880.8917673499523
<s> यानी यदि दलितों की स्थिति वास्तव में सुधारनी है तो स्कूलों की स्थिति सुधारनी होगी. </s>,-149.36986836644363,-149.37021854522513,-235.49089097649093,-319.96044854653655,-319.94117755390164,-343.7816681516442,-414.4653167389282,-414.4653167389282,-414.4653167389282,-386.83429562299966,-386.83429562299966,-386.83429562299966
<s> अलग-अलग सर्वे में दावा किया जा रहा है कि उनके पास उम्मीदवारी हासिल करने के लिए पर्याप्त डेलिगेट्स का समर्थन है. </s>,-198.52186224343856,-198.4769556819346,-328.8768558697398,-345.75877412577984,-345.71617411597424,-410.24480369308486,-383.1544462904993,-378.118703049186,-465.1664880511262,-418.8680758523505,-414.8013338237948,-470.13449282347517
<s> सपा प्रत्याशी लालजी वर्मा पिछले 25 सालों से यहां राजनीति में हैं उनका पक्ष भी मजबूत है. </s>,-159.62267898458325,-159.56698760676608,-264.3717700312668,-311.74743484330503,-311.7326669976563,-328.9335091466144,-439.1248917624338,-438.1217917529146,-446.7133421601684,-428.5668324841579,-428.07213690342917,-431.78570659615525
<s> लेकिन जब देव आनंद ने शादी करने का फैसला लिया तो उन्होंने सबको चौका दिया. </s>,-139.1341863787728,-139.0842251578464,-238.224751365389,-255.0435593020488,-255.01545678895891,-287.5975979852614,-324.5421797200734,-322.0014674344013,-356.92970465908263,-341.4566363493999,-339.94109445608734,-355.9023801507386
<s> इसके बाद शमार ने मिशेल मार्श को दो ओवर के बाद 10 रन पर पवेलियन भेजा जबकि स्टीव स्मिथ दूसरे छोर पर विकेट गिरते हुए देख रहे थे. </s>,-269.33577544401015,-269.2512400631735,-425.22660284339844,-489.93904407042345,-489.9282873541429,-520.2536670723034,-702.3689685655418,-700.3528343704456,-727.6369771595056,-746.0375701300708,-746.0375701300708,-746.0375701300708
<s> क्या हर कोई खेती करने जाएगा? </s>,-70.96108710818746,-70.93897262750734,-118.33121149148586,-142.56362960102945,-142.55511008170225,-151.30340645858158,-165.78612669557128,-165.78612669557128,-165.78612669557128,-138.15510557964274,-138.15510557964274,-138.15510557964274
"<s> दिनभर: पूरा दिन,पूरी ख़बर रात के ग्यारह बजे जब उस इलाके के लोग गहरी नींद में थे तो मेहमान के इंतज़ार में उन्हें आती हुई गाड़ियों की आवाज़ सुनाई दी. </s>",-300.82536770302835,-300.7371571590241,-462.9358673226993,-608.8382444862202,-608.8144948756583,-632.0010141121173,-780.8618975391959,-779.343027901269,-794.409594245273,-801.2996123619279,-801.2996123619279,-801.2996123619279
"<s> कुछ हाई स्पीड सेवाओं को दूसरी लाइनों की तरफ डाइवर्ट किया गया है, जिसके चलते उन लाइनों पर चल रही सेवाएं भी प्रभावित हुई हैं. </s>",-245.56802394660676,-245.50059762984714,-385.95185372381314,-488.3545543954646,-488.3282300292465,-521.7641042887724,-657.417629005708,-656.4041639767604,-667.7614584020616,-663.1445067822851,-663.1445067822851,-663.1445067822851
<s> पाकिस्तान के ख़ैबर पख्तूनख़्वाह में गवर्नर और मुख्यमंत्री के बीच रिश्ते इतने तल्ख़ हो गए हैं कि अब राजनीतिक जंग निजी लड़ाई में तब्दील हो चुकी है. </s>,-256.81465024451825,-256.8158817178453,-408.59040619184685,-513.395957840641,-513.3602359848943,-562.9286990333628,-606.407044267945,-602.3527557700952,-653.9804949480582,-689.2771701994252,-688.2686416344703,-697.7852831912111
<s> इस टी20 वर्ल्ड कप में ये उनका दूसरा हैट्रिक है. </s>,-125.6903178558274,-125.65969222851413,-185.25048744224878,-204.24324036194378,-204.23592478324434,-219.52293442631003,-258.37858401319403,-257.8685708037113,-264.8031458935533,-248.67919004335693,-248.67919004335693,-248.67919004335693
"<s> उनकी राय है कि राजनीति में सेना का हस्तक्षेप ""देश की पूरी व्यवस्था की कमज़ोरी को भी दर्शाता है. </s>",-181.56019222857788,-181.50791395121914,-300.88118800530924,-336.53744322641813,-336.50984148149047,-369.8475288822674,-429.4941691736951,-426.4760404736043,-455.94732611976497,-470.06256248806943,-469.069916877378,-476.73711735895847
<s> 78 बिलियन अमेरिकी डॉलर का व्यापार रहा. </s>,-88.49579434129129,-88.47125333017108,-131.6166044532314,-160.85365591980184,-160.84965307594027,-164.91354078051364,-162.94212910731704,-161.93993117301892,-170.40313159730636,-165.78612669557128,-165.78612669557128,-165.78612669557128
"<s> सोमवार को जम्मू-कश्मीर के कठुआ ज़िले में भारतीय सेना के काफ़िले पर हमला हुआ था, जिसमें पांच सैनिकों की मौत हो गई थी. </s>",-237.52441678193412,-237.52515083751976,-369.12666480396365,-422.8565529951615,-422.8234984872265,-466.4958682617458,-505.73208387039773,-502.17105299653747,-554.9608338523527,-559.6306899945562,-558.1135197484606,-576.9502904430999
"<s> जो बातें दीपिका ने कही, अगर वही बातें रणवीर ने कही होती, तो क्या रणवीर को भी उसी तरह ट्रोल किया जाता? </s>",-236.03760844077877,-235.97209584136192,-359.85505498748597,-460.78762957993536,-460.7695908009433,-481.08110177129055,-576.4717259667657,-575.4652223767748,-584.8684428691254,-580.2514434344995,-580.2514434344995,-580.2514434344995
<s> तेल से होने वाली आय के ख़त्म होने से अर्थव्यवस्था और बिगड़ गयी. </s>,-122.29318351647728,-122.24993636877298,-209.0069499666845,-217.66218538467527,-217.65084659942974,-232.4324094604727,-324.69294726439705,-323.676499898269,-336.1891596833857,-317.1185173958987,-316.6140807323692,-321.261620990529
<s> हालांकि इस बार के नीट में शामिल होने वाले कई विद्यार्थी परीक्षा फिर से आयोजित कराए जाने की मांग कर रहे हैं. </s>,-178.26478326258808,-178.19267441016788,-328.82157419700155,-339.48057348322584,-339.4426477274003,-396.6913468909606,-442.9069192582664,-438.3243716161108,-504.31816344683256,-501.07112127127164,-498.52876693615366,-528.6982297154809
"<s> यह यूज़र्स को यह देखने देता है कि क्या उनके खाते पर कोई प्रतिबंध लगाया गया है, जो उनकी पोस्ट को अन्य यूज़र्स के लिए अनुशंसित होने से रोक सकता है. </s>",-271.4973156154716,-271.40555074413805,-462.5980691555573,-520.0887942424154,-520.0504430943968,-574.5727775181566,-757.6980090729735,-754.6804554658108,-787.5194274242648,-828.9306334778564,-828.9306334778564,-828.9306334778564
"<s> राहुल गांधी ने सोशल मीडिया पर जिस मीडिया रिपोर्ट को शेयर किया है, प्रियंका ने उसी रिपोर्ट को शेयर करते हुए चुनाव आयोग को टैग किया और लिखा, ""उंचे स्तर की धोखाधड़ी चल रही है और चुनाव आयोग सोया हुआ है. </s>",-379.5128667932773,-379.39090792295235,-624.5002029092526,-639.5332228658655,-639.4554308051349,-725.0615786346649,-882.025109965659,-874.9242164810487,-971.7708087024906,-1038.7184627864603,-1036.6786142167593,-1063.9982478729185
<s> जब जूलियन असांज 14 साल बाद पहली बार ऑस्ट्रेलिया की धरती पर उतरे तो उन्होंने भावुक होकर अपनी पत्नी को गले लगाया और जीत की खुशी में अपनी मुट्ठी से लोगों का अभिवादन किया. </s>,-291.5729356996694,-291.48151800403014,-489.1607785774268,-549.2712981967105,-549.2200141407649,-602.1281386518428,-790.2999216723686,-785.7401962548432,-835.891456005094,-898.1808637312469,-897.6844281471126,-901.5130654767895
<s> दूसरे ओवर में कृष्णाप्पा गौतम गेंदबाज़ी के लिए आए. </s>,-114.44545205367115,-114.42022393045762,-170.05701888368012,-204.9549074769129,-204.94586767661343,-219.69904676107154,-232.69486062960408,-232.1885984436609,-237.17217736344568,-221.04816892742838,-221.04816892742838,-221.04816892742838
"<s> साल 2015 में आरएसएस प्रमुख मोहन भागवत ने कहा था, ''मदर टेरेसा की सेवा अच्छी रही होगी, लेकिन उनका मक़सद था कि जिसकी सेवा की जा रही है, उसे ईसाई बनाया जाए. </s>",-354.1591278295481,-354.073354809979,-520.9975832480476,-631.1792229388718,-631.1453849186005,-672.9583270929924,-762.7512265343786,-759.1924045996138,-803.6419721575562,-797.5270232365918,-795.5030873877436,-815.3191219562474
<s> स्वास्थ्य अधिकारियों को अब सीमित संसाधनों की वजह से चिंता है. </s>,-106.71441015262346,-106.67674404813035,-183.17473069702064,-182.74102153439088,-182.7251294262647,-205.19317779350018,-251.6321811926013,-250.11678785373223,-269.41829079388356,-276.3102111592855,-276.3102111592855,-276.3102111592855
"<s> उन्होंने कई बार कहा, “ज़रूरी है कि काम करके उदाहरण बनाए जाएं. </s>",-151.15892603527715,-151.12416928954227,-225.91071275832343,-252.28638875326388,-252.27040462849058,-274.59088786674874,-282.2737747962411,-280.7743993585203,-297.0511937834274,-289.6416256845258,-289.13824036812434,-293.63060014505277
"<s> टोमासिना बताती हैं, “जब टाइटैनिक डूबा तो ऐसी बातें भी चली थीं कि उन्होंने इसे बनाने में घटिया सामान इस्तेमाल किए थे और इसी वजह से यह बहुत तेज़ी से डूबा. </s>",-328.8645402021323,-328.78728161348107,-493.76140465860016,-563.9464946404233,-563.9082269695801,-603.4505039990885,-740.6287836913679,-737.0832116681552,-776.0124213009083,-799.8460435471328,-798.8439079297332,-808.3093655814556
<s> अर्द्धसैनिक बल के कर्मचारी 20 साल में रिटायर हो जाते हैं. </s>,-112.23880127432801,-112.2039856263739,-183.17896962364955,-204.6545336684127,-204.64223485163652,-219.2883085677456,-288.4640599882522,-287.9608925884032,-292.4342230746261,-276.3102111592855,-276.3102111592855,-276.3102111592855
<s> भीषण गर्मी की वजह से बांग्लादेश में स्कूल और कॉलेजों को बंद कर दिया गया है. </s>,-135.36958103652202,-135.3161380327517,-247.8686367021993,-218.65277710032944,-218.61678529987978,-259.0008282150379,-297.9312093810639,-293.87547057561096,-350.0361979801594,-352.2344999843036,-350.2167708680932,-373.222732205335
"<s> संस्था के अनुसार, कई और देश धोखाधड़ी के केंद्र, धोखाधड़ी के रास्ते या ऐसी जगह बन गए हैं जहां से लोगों को तस्करी करके लाया जाता है. </s>",-259.17139572611694,-259.0898466809607,-422.7440057318305,-496.91346843841563,-496.880129727224,-534.9715651524734,-659.9659054637854,-657.4318873736662,-688.5021528679891,-718.4065490141422,-718.4065490141422,-718.4065490141422
<s> उसके बाद 2015 में एक और बदलाव आया. </s>,-79.05783198089924,-79.02939951827204,-142.91253036307168,-129.06637247014436,-129.05638725653307,-150.34132736930172,-151.79779357558678,-149.77795465212472,-175.01945750618057,-193.41714781149983,-193.41714781149983,-193.41714781149983
<s> एंटीफा वामपंथी संगठन है. </s>,-81.90705458437304,-81.89492629281645,-105.75037693138695,-138.15510557964274,-138.15510557964274,-138.15510557964274,-110.52408446371419,-110.52408446371419,-110.52408446371419,-82.89306334778564,-82.89306334778564,-82.89306334778564
<s> '' ''महामारी के दौरान टोक्यो में 50 फीसद से भी कम कर्मचारी घर से काम कर रहे थे. </s>,-187.85003685951853,-187.796605680797,-303.1545431346863,-332.7035442477989,-332.6740145439156,-370.41632656386304,-409.04705762186904,-406.50910682914844,-439.8227585915108,-439.9988163323123,-438.99154706812715,-449.106088279718
<s> 98 करोड़ की लागत से बन रहा ये पुल मधेपुर प्रखंड के भेजा कोसी बांध से महपतिया जाने वाली सड़क को जोड़ेगा. </s>,-219.29798078952993,-219.23629006712196,-343.6760526884474,-461.027660647768,-461.0081073741237,-481.1268843871066,-539.4919117744936,-537.461830942733,-561.8541767632482,-549.9484789074048,-548.9362997595686,-559.6301711207238
"<s> राजकपूर, मेरा नाम जोकर के फ्लॉप होने के बाद आर्थिक मुश्किलों से घिरे हुए थे और उससे निकलने का रास्ता तलाशने में जुटे थे जबकि शशि कपूर चार-पांच शिफ्टों में काम कर रहे थे, दोनों के पास समय नहीं था. </s>",-390.42735834060886,-390.31685571109415,-609.7292358035811,-708.8248816165606,-708.7865850660662,-767.5762747026073,-933.1301439769064,-928.0809812532883,-990.1685608712248,-1047.0610281877853,-1046.055429114202,-1056.9885380456021
"<s> श्रीलंका, पाकिस्तान, भारत, बांग्लादेश और अफ्रीकी देशों के लगभग 40 युवकों और युवतियों को उस शिविर में जबरन रखा गया था. </s>",-247.12165487300103,-247.06264298964044,-358.48096245675106,-408.9904546625625,-408.9816902369605,-425.42827245657605,-580.2514434344995,-580.2514434344995,-580.2514434344995,-552.620422318571,-552.620422318571,-552.620422318571
<s> बचाव अभियान में लगे लोग पहाड़ों पर चढ़कर उन इलाक़ों तक सामान और ज़रूरी सामान पहुंचाने की कोशिश कर रहे हैं जिनका संपर्क दुनिया से कट गया है. </s>,-246.87054476240985,-246.78267730790085,-410.2275659434034,-526.5331643184163,-526.5027186207155,-562.4881211528765,-651.2096620878309,-647.6800231868843,-693.1155663748697,-697.6481238085502,-696.1339137083121,-715.105600177781
"<s> लंदन विश्वविद्यालय के स्कूल ऑफ़ ओरिएंटल एंड अफ़्रीकन स्टडीज़ के प्रोफ़ेसर मुश्ताक़ ख़ान बीबीसी बांग्ला से कहते हैं, ""बांग्लादेश की राजनीति में हिंदुओं का मुद्दा संवेदनशील होने के दो कारण हैं. </s>",-344.1843618365848,-344.23763521119713,-476.7397894353048,-688.5678008620137,-688.5448629955425,-715.7158204912237,-821.9685580962182,-820.9541971718581,-833.5475329118344,-828.9306334778564,-828.9306334778564,-828.9306334778564
<s> हमने अपनी रिसर्च में पाया कि अगर रिमोट वर्कर कुछ  रूटीन अपनाएं तो मदद हो सकती है. </s>,-167.39595210186238,-167.34284532505163,-265.17067110959164,-367.5228470371223,-367.5090331433052,-385.0607844016189,-437.71614034616437,-436.7054830892785,-446.71332983352016,-442.09633785485676,-442.09633785485676,-442.09633785485676
<s> ”  मैच के बाद प्रेस कॉन्फ़्रेंस में जसप्रीत बुमराह की बातों में अश्विन के बयान की गूंज थी. </s>,-185.63357913911247,-185.59104449875318,-286.95182487162725,-323.0763317661699,-323.0623999140862,-342.351958387666,-399.38839852230296,-396.3608554289731,-428.31623611498185,-456.0845460399514,-455.58812389792183,-459.4167276219334
<s> लेकिन कुछ देशों में तो छह-छह महीने तक धूप नहीं निकलती है. </s>,-134.5583906630179,-134.52108635564835,-211.69738376879414,-229.8972264516076,-229.88977578578775,-246.86347625950384,-297.2528978407307,-296.238227684023,-308.5581712707984,-303.941232275214,-303.941232275214,-303.941232275214
<s> बस बदल ये रहा है कि एथलीट अब ख़ुद पर्दे के पीछे का अनुभव साझा कर रहे हैं. </s>,-161.4241485287834,-161.3654987855234,-276.1958066083565,-336.88950499532604,-336.86639838052537,-370.10060211328135,-426.46160311386694,-424.4368180027853,-451.32885112236403,-469.7273589707853,-469.7273589707853,-469.7273589707853
<s> सितंबर 2019 में पीएम मोदी ने अमेरिका में टेक्सस के ह्यूस्टन में हाउडी मोदी प्रोग्राम किया था. </s>,-160.92472689563635,-160.8847225157315,-260.9571330379144,-350.3542157881556,-350.3352589048918,-371.0230222334761,-400.7404911289466,-398.70906211553785,-423.69897736280024,-426.48740503599225,-425.9785914715547,-431.78570133735707
<s> मुइज़्ज़ू का पूरा चुनाव अभियान ‘इंडिया आउट’ या कहें भारत विरोध पर केंद्रित था. </s>,-181.05762267971855,-181.03304424866113,-253.7041305138705,-338.49422407322237,-338.48697083191183,-344.2942669597049,-386.83429562299966,-386.83429562299966,-386.83429562299966,-359.2032745070711,-359.2032745070711,-359.2032745070711
<s> भारतीय टीम ने मैच की शुरुआत में हमले बोलने के बजाय बचाव पर फ़ोकस किया. </s>,-138.64550281574188,-138.60661638437577,-234.9687712240774,-272.80037518711697,-272.7744788127196,-301.69962513981875,-311.9251250409331,-308.886209808778,-345.4228705901437,-371.09435731931273,-370.58531286329264,-376.52365826409545
<s> ग्रुप का कहना है कि चीन के बाहर भी इनके खनन और उत्पादन की सुविधा मौजूद है. </s>,-143.3136809413701,-143.2569353178965,-260.99008096641984,-262.9395578646722,-262.9076936551703,-300.5241185194694,-374.45548329418693,-371.9259808798275,-412.1867831976807,-392.63552134178417,-391.11689344600495,-411.1636989252684
"<s> ओपनएआई के 
बोर्ड
 में कौन-कौन हैं- ग्रेग ब्रॉकमैन (चेयरमैन और अध्यक्ष), सैम ऑल्टमैन (सीईओ) जो कंपनी के कर्मचारी भी थे. </s>",-332.3447312437595,-332.30832711822353,-415.0732206070161,-485.77966171602475,-485.76766237307044,-496.04033783013244,-505.2944786111244,-503.78003170250486,-518.0993885535092,-524.9894012026424,-524.9894012026424,-524.9894012026424
<s> एमसी स्टैन सिर्फ़ 23 साल के हैं और इतनी कम उम्र में ही उन्होंने लोगों में अपनी अलग पहचान बनाई है. </s>,-185.27438326641538,-185.21744026505007,-315.47636612728803,-341.0416058924665,-341.0019983106044,-383.2191325813725,-415.47754359322767,-410.40617147361513,-465.1812250817307,-480.4321573394369,-477.91230553252217,-501.0672597144952
<s> ऐसा सिर्फ़ दक्षिण भारतीय स्टार के फैंस में दिखता है. </s>,-108.37404769106766,-108.34129100769218,-170.04444719247908,-214.16628088315667,-214.16579891685075,-219.73056119159546,-276.3102111592855,-276.3102111592855,-276.3102111592855,-248.67919004335693,-248.67919004335693,-248.67919004335693
"<s> लेकिन वो एथलीट वाली ट्रेनिंग उनके फ़िल्मी करियर में भी देखने को मिलती है, ख़ासकर तब जब कि उन्होंने नाकामयाबी वाला दौर भी देखा है. </s>",-251.84977557491766,-251.79160648107393,-385.97122163351565,-518.3200694951294,-518.2903835325932,-549.8618208431265,-621.6129378137126,-619.5827376726495,-644.7473577926316,-634.0611710598337,-633.0572432711936,-642.5232395169377
<s> इस हादसे के बाद रेल सुरक्षा को लेकर सवाल उठ रहे हैं. </s>,-110.97981953091559,-110.93890875080075,-196.48792192876127,-186.2235939554264,-186.19938542406038,-218.36565332833644,-193.8111127705779,-189.77550587596676,-239.51581656440726,-232.99480927605703,-230.49168758995327,-252.38807069285198
"<s> उन्होंने साथ में यह भी कहा कि एक्सक्लूसिव कंटेंट और ज़्यादा से ज़्यादा दर्शकों के व्यूज़ की ज़रूरत, जल्द ही फ़ैंस, क्रिकेट और खिलाड़ियों के बीच के भरोसे को तोड़ देगी. </s>",-289.2575562565102,-289.1836100293985,-472.2873362160885,-552.7155372976509,-552.6838505788188,-603.05353973181,-701.936555422083,-697.3854869241394,-752.9976910599336,-780.5308620462528,-779.0110240286812,-797.9986549623841
"<s> मैं कंफ्यूज़ था कि पैसे की बात नहीं हुई है, अभी पूरी तरह कुछ भी नहीं हुआ है. </s>",-174.03423748552603,-174.06062578458017,-291.42956964477827,-299.1153535380921,-299.08448472819725,-342.37865095225567,-410.76393505551624,-408.22370289206185,-439.8230742429118,-455.1972660430606,-454.69237035024383,-459.4167264199206
<s> मालदीव की एक मंत्री के भारतीय प्रधानमंत्री नरेंद्र मोदी पर दिए गए बयान के बाद दोनों देशों के बीच तनाव है. </s>,-169.64487992458265,-169.57579629090458,-314.28093761966073,-272.7254844106417,-272.6811573627232,-326.8625794997808,-353.5856751814915,-346.99622038293165,-430.6586493051521,-432.5589607716648,-428.5171213751002,-470.1353195113139
<s> भारतीय जनता पार्टी (बीजेपी) के नेता बृजभूषण शरण सिंह ने दावा किया है कि बीजेपी भारी बहुमत के साथ केंद्र में दोबारा सरकार बनाने में कामयाब होगी. </s>,-241.32094599939416,-241.24174945481158,-407.8624592440187,-427.4979731925707,-427.4504619527413,-492.3308939927318,-550.3193513092159,-544.7592614050883,-619.458828905589,-638.6993659803636,-636.1704310933717,-666.8532967413714
"<s> शहनाज़ ने कहा, ''जब मुझे सब इतना प्यार करते हैं, तो क्यों न मैं भी अपने को बदलने के लिए मेहनत करूँ? </s>",-249.4639406248578,-249.40761952599829,-372.8519043790426,-443.7978427595691,-443.7796816238562,-466.63587660113734,-525.9533856526702,-523.4533758520834,-550.3473309749658,-564.6129450521374,-564.1040686128216,-569.9408067366984
<s> अमेरिका की दर्जनों विश्वविद्यालयों में विरोध प्रदर्शन जारी हैं. </s>,-95.72475200923407,-95.69358959189624,-156.824864139407,-165.5716174861514,-165.55806308273907,-178.06664648080346,-198.52175932827117,-196.998559544912,-214.1581085626632,-221.04816892742838,-221.04816892742838,-221.04816892742838
<s> लेकिन 45 साल पहले रिलीज़ हुई इस फ़िल्म में अमिताभ बच्चन ने सचमुच के टाइगर से लड़ाई की थी. </s>,-169.75709125962825,-169.69539595477673,-288.2251813316456,-362.7837793609294,-362.7591660325458,-384.1472155136161,-474.49634303232443,-472.9724427383776,-490.46830669979937,-483.35887760767366,-482.8581073281074,-487.0477483772573
"<s> (बीबीसी हिन्दी के एंड्रॉएड ऐप के लिए आप यहां 
क्लिक
 कर सकते हैं. </s>",-145.33706314921616,-145.30764988992308,-223.52683051348782,-253.49326287444416,-253.47500432758068,-274.0649603133724,-309.10423985205,-307.6148848491936,-324.6820944278182,-331.57225339114257,-331.57225339114257,-331.57225339114257
<s> इस गेंद को बॉल ऑफ़ द टूर्नामेंट कहा जा सकता है. </s>,-113.77344929820151,-113.73629814315795,-184.6757877842713,-217.27778461744708,-217.2755565266859,-233.092799418151,-285.0739036873184,-284.56360918889516,-292.4340719842493,-276.3102111592855,-276.3102111592855,-276.3102111592855
"<s> रंगाई, बुनाई, धुलाई, कटाई, पैकिंग में काम करने वाले मज़दूरों के स्वास्थ्य पर बुरा असर पड़ता है. </s>",-237.80053653938913,-237.7595295054481,-320.08077683297955,-349.5232990254207,-349.5061803317643,-371.0015903608832,-365.9000724829143,-362.8543517023552,-400.68475022580583,-396.9697388703766,-395.4598333900845,-411.1644110238863
"<s> "" मायावती ने यह आरोप लगाया कि सपा और कांग्रेस दोनों का
ही चरित्र एससी-एसटी विरोधी रहा है. </s>",-175.4267334648553,-175.3701508856434,-291.4910207499062,-325.45735694058294,-325.4258728244737,-356.54343970312806,-397.94812013927566,-394.9091505934432,-428.3159719380639,-442.1756091699646,-441.17914441778663,-449.10609603267744
"<s> यूक्रेन में युद्ध होता है, वहां से लोग भागकर यहां पहुंचते हैं. </s>",-143.15889849681403,-143.12259428820013,-211.6996618417495,-268.4644778041193,-268.46119515479666,-274.9932092523335,-331.57225339114257,-331.57225339114257,-331.57225339114257,-303.941232275214,-303.941232275214,-303.941232275214
<s> इसके बाद मालदीव जाने वाले भारतीय पर्यटकों की संख्या काफी कम हो गई है. </s>,-127.59099959779726,-127.54412574307895,-224.77550131434893,-237.05630259345583,-237.02864362063258,-273.84681460727927,-280.66080701458986,-277.6158474947306,-317.788594145341,-329.91900253377776,-328.9080371516421,-338.58200886443393
<s> पहलवानों के समर्थन में रविवार को संसद की नई इमारत के सामने महिलाओं की महापंचायत का एलान किया गया था. </s>,-167.53564759573808,-167.47139562667527,-298.90404196313494,-317.5844271662652,-317.55765184564046,-355.5406067492942,-480.34289658522414,-478.3062443885068,-506.59188484332344,-510.58444461378946,-510.0803203185585,-514.6787688921795
<s> स्पेस एक्स क्रू ड्रैगन को साल 2020 से नासा मिशन के लिए मंजूरी दी गई है. </s>,-156.52973277271016,-156.47885076985764,-249.97124090341023,-333.5942204284544,-333.57407898814006,-356.9512042052075,-392.15336672625585,-390.6590142581735,-407.5752640332085,-400.97663627762915,-400.4826203765321,-404.15468551027715
<s> यह मध्य और निचले कीज़ (नीचे बसा द्वीपों) को जोड़ता था. </s>,-177.00877988076803,-176.98612824777308,-226.74150872835293,-270.47785901065083,-270.48220633972414,-275.3481150247817,-303.941232275214,-303.941232275214,-303.941232275214,-276.3102111592855,-276.3102111592855,-276.3102111592855
"<s> "" ममता बनर्जी ने कहा, ""पुरानी पेंशन योजना को वापस ले लिया गया. </s>",-165.36997475032996,-165.33220525419574,-239.83408175877744,-251.60811277275997,-251.58460062135575,-274.54311057072096,-290.4018716293989,-288.3714822513111,-313.17505340765933,-316.31287044578795,-315.8048907213367,-321.26161864660594
"<s> सेवानिवृत्त शिक्षक शफी मोहम्मद लशारी ने कहा कि दोपहर में वे हाथ का पंखा चलाते हैं जबकि शाम को वे पंखा चलाते हैं, गधे को तीन किलो चावल या अनाज खिलाते हैं और रात भर पंखा चलाते हैं ताकि उन्हें आराम की नींद मिल सके. </s>",-436.816873000142,-436.69147542111506,-665.7142058246135,-873.0886124484542,-873.0518387414238,-919.7553592132886,-1190.0033244579722,-1188.502060388655,-1208.8659411196122,-1215.7649291008556,-1215.7649291008556,-1215.7649291008556
<s> यानी ऐसा कहा जाता है कि यह पृथ्वी के अंदर स्वतंत्र रूप से घूमता है और इस दौरान इसका पृथ्वी के बाक़ी हिस्सों से संबंध नहीं होता है. </s>,-224.57060058836467,-224.4820371931323,-406.22734133964394,-442.9895840834711,-442.9502435161192,-505.9890654136208,-641.2982761927149,-637.7541899549044,-693.1171531856239,-681.9252577185796,-679.890265242849,-704.7949767923423
<s> एक गेंद बाद सोफी जेमिमा रोड्रिग्स को शून्य पर आउट कर दिया और अगली गेंद पर ऐलिस कैप्सी भी उनका शिकार बन गई. </s>,-240.7205798676026,-240.7036931404811,-358.37110497018165,-456.9285142758412,-456.9084735994896,-480.563121306393,-552.9648737696541,-550.4375321840736,-577.9782797250947,-594.1060996427037,-593.6078538228554,-597.5718330813742
<s> ” “एक और भूस्खलन हुआ और मंदिर के ऊपर रेल ट्रैक की ज़मीन धंस गई और मंदिर को बहा ले गई. </s>,-227.66153558515708,-227.6017476029509,-343.7911128199231,-409.6583414575355,-409.64858155484103,-425.427005277452,-564.6335922798387,-564.1293634539912,-568.7444334386296,-552.620422318571,-552.620422318571,-552.620422318571
<s> लेकिन अब वो पिघल कर सिकुड़ गया है. </s>,-92.35109800346385,-92.32891665639896,-144.8544774370395,-195.02231085001904,-195.01342944684617,-206.51153031385198,-186.16933526771547,-185.15737753075086,-198.03394824941802,-193.41714781149983,-193.41714781149983,-193.41714781149983
<s> समाज को इसे समझना चाहिए और स्वीकार करना चाहिए. </s>,-93.53370974879257,-93.50232442703648,-157.5093732838383,-181.03941160439177,-181.02454626879125,-192.1036148344802,-233.06143858889487,-232.55727622136277,-237.17218004749688,-221.04816892742838,-221.04816892742838,-221.04816892742838
<s> केरल के मुख्यमंत्री पिनरायी विजयन और बाकी राज्यों के नेता शवों को लेने श्रद्धांजलि देने के लिए एयरपोर्ट पर पहुंचे. </s>,-181.30812806267681,-181.28027960017215,-300.79038005955664,-347.5000610050262,-347.47488583850327,-383.2704867269996,-466.3287514721902,-463.8221623044753,-495.08441862739124,-495.81752892818673,-494.8080789111122,-504.36813546985513
"<s> मुंबई महानगरपालिका के आयुक्त भूषण गगराणी ने सोमवार की रात 
पत्रकारों से बात करते हुए बताया
,  “घाटकोपर में होर्डिंग गिरने की दुर्भाग्यपूर्ण घटना हुई है. </s>",-259.36647890801663,-259.2912876252803,-409.1535731430886,-508.2661791076915,-508.2325284692549,-549.4503565737223,-594.5740165431414,-591.0158169412789,-637.8568634627848,-614.7066450323224,-612.178810524024,-639.2223201294079
<s> सोमवार को उनकी पत्नी अनुष्का शर्मा का बर्थडे भी था. </s>,-101.27324543855593,-101.23891855292476,-170.5761234417141,-173.21979978267422,-173.20603872174303,-191.63153620081505,-210.3289541642322,-208.31439546720333,-230.2816982026151,-248.67919004335693,-248.67919004335693,-248.67919004335693
<s> अमेरिकी रिसर्च कंपनी हिंडनबर्ग रिसर्च ने अपनी एक रिपोर्ट में भारत में सिक्योरिटी मार्केट रेगुलटर (नियामक) सेबी की मौजूदा चेयरमैन माधबी पुरी बुच और उनके पति धवल बुच पर वित्तीय अनियमितता का आरोप लगाया है. </s>,-398.2697651048141,-398.2161751145364,-560.6646532172011,-702.7898717803781,-702.7720836878577,-742.0071976349212,-846.0887101310278,-842.5362487767642,-886.5360712455825,-910.6447765769285,-909.6367344359751,-918.8334532605434
<s> इस शिकायत में उन्होंने कहा है कि उनकी बेटी अभियुक्त के यौन शोषण के बाद से परेशान हैं और शांति से नहीं रह पा रही है. </s>,-198.27811005973098,-198.1933412700204,-378.1650697197744,-346.57124338687373,-346.51346484523407,-422.39793977356305,-521.3637949805573,-515.8096514805989,-591.8264937747749,-602.0438262283844,-599.0224318310063,-628.9117038052718
"<s> डॉक्टर फ्रेडरिक कहती हैं, ""इस ट्रेंड के बढ़ने के पीछे सौ फीसदी इंसान का ही हाथ है. </s>",-204.78120075078994,-204.73758139770504,-291.83609979436477,-357.2773720777828,-357.26341552256173,-371.0423004425985,-438.8105694652141,-437.8050980759166,-446.7133404702216,-442.09633785485676,-442.09633785485676,-442.09633785485676
<s> लेकिन फ़िलहाल उनका तबादला मुर्शिदाबाद कर दिया गया है. </s>,-103.03741138834744,-103.01105443451075,-158.353705835069,-202.26021564422072,-202.25250536236086,-219.9669153463589,-227.4294074507629,-226.92361213023426,-237.17048169653413,-221.04816892742838,-221.04816892742838,-221.04816892742838
<s> इस बार भी पहले मैच में बांग्लादेश ने छह विकेट से हरा दिया और दूसरे मैच में दिल्ली में भारत ने आठ विकेट से शिकस्त दी. </s>,-201.2228152275807,-201.13801532170203,-379.69877555588755,-327.0886421053035,-327.02097406744974,-394.89197057046107,-478.2224100340983,-471.1291361067658,-557.3073663644947,-644.8611102497005,-643.3472529690632,-659.8436128165392
"<s> (बीबीसी हिन्दी के एंड्रॉएड ऐप के लिए आप यहां 
क्लिक
 कर सकते हैं. </s>",-145.33706314921616,-145.30764988992308,-223.52683051348782,-253.49326287444416,-253.47500432758068,-274.0649603133724,-309.10423985205,-307.6148848491936,-324.6820944278182,-331.57225339114257,-331.57225339114257,-331.57225339114257
"<s> उधर, इन आरोपों को ख़ारिज करते हुए तब बृजभूषण सिंह ने कहा था कि किसी भी एथलीट का यौन शोषण नहीं हुआ है और अगर यह सच साबित होता है तो वे फांसी पर लटकने को तैयार हैं. </s>",-326.5929460225951,-326.48784824112704,-555.528263735277,-628.2520582693392,-628.1972737061868,-712.1127455761847,-795.5559415083517,-788.4537948125131,-888.8778026162779,-931.7033365477827,-928.6776417229999,-960.4838812341828
"<s> इसी चलन को अटेंशन इकोनॉमी कहते हैं, यानी तेल, सोना, हीरे की तरह लोगों का ध्यान भी अब एक कमोडिटी बन चुके हैं और उसी को ज़्यादा से ज़्यादा हासिल करने के लिए ये तमाम कोशिशें हैं. </s>",-370.54792310137816,-370.44614835330964,-571.1164806971319,-669.2070375733784,-669.1754442793318,-726.4686670482979,-862.7057765749113,-858.1749283728018,-918.7788370516961,-949.3616242641752,-947.851368260735,-963.7848382705928
<s> युवा प्रिंस ने सऊदी अरब में आर्थिक और सामाजिक बदलाव लाने की शुरुआत की. </s>,-135.1358775079358,-135.08903606114356,-223.1069701275065,-228.66409124903817,-228.6485493633326,-246.0421073719173,-321.95399366569313,-319.9271282014734,-340.80622750702486,-359.2032745070711,-359.2032745070711,-359.2032745070711
"<s> ''  दिनभर: पूरा दिन,पूरी ख़बर पश्चिम के मीडिया का कहना है कि पीएम मोदी के रूस दौरे से पुतिन के ख़िलाफ़ प्रतिबंध का असर कमज़ोर पड़ा है. </s>",-293.3926371361849,-293.3166012443935,-436.450468494302,-538.8750559229293,-538.8428469367082,-576.8401014210588,-649.6474114161811,-647.1165976478428,-688.4969406788202,-654.5842458789733,-652.564732165839,-677.1632769927844
"<s> देखिए, वीडियो. </s>",-61.36773048272964,-61.361389624039894,-78.57554295524739,-82.89306334778564,-82.89306334778564,-82.89306334778564,-55.262042231857095,-55.262042231857095,-55.262042231857095,-27.631021115928547,-27.631021115928547,-27.631021115928547
"<s> "" लेकिन फ़िल्म निर्माता ये नहीं समझ पा रहे हैं कि कोविड के पहले बॉक्स ऑफिस पर चलने वाली मिड-बजट और गंभीर विषय वाली फ़िल्मों भी कोविड के बाद अच्छा व्यवसाय क्यों नहीं कर रही हैं. </s>",-311.08968324175777,-310.97763385254314,-530.83394795809,-635.199964451851,-635.1465620224825,-699.1112896038709,-807.9525442712081,-802.3902756915642,-868.1388368663073,-911.5524954166451,-909.5592388096981,-925.8432121896245
"<s> इन जनजातीय इलाक़ों में मार्च-अप्रैल से सितंबर-अक्टूबर तक एक फसल का मौसम होता है जिसमें किसान मटर, जौ, आलू और कुछ पारंपरिक फसलें उगाते हैं. </s>",-303.9116395974808,-303.85268589394303,-426.6265074276039,-567.999883158733,-567.9797905772442,-591.999506980935,-674.3179397217558,-673.8134150401253,-679.2685098507659,-663.1445067822851,-663.1445067822851,-663.1445067822851
<s> पहली पीढ़ी के सोलर पैनल अब जाकर बेकार होना शुरू हुए हैं. </s>,-126.6361091564738,-126.59600837678673,-198.27185457755047,-253.720234605945,-253.71416022836524,-260.96553453552315,-331.57225339114257,-331.57225339114257,-331.57225339114257,-303.941232275214,-303.941232275214,-303.941232275214
<s> योगी के इस बिल को लेकर समाजशास्त्री प्रोफ़ेसर रमेश दीक्षित ने बीबीसी से कहा कि है कि प्रदेश में मसला बेरोज़गारी का है लेकिन सरकार इस सबसे हटकर 'लव जिहाद' की बात कर रही है. </s>,-319.83101336280833,-319.7408690612035,-526.078471618148,-596.6260067085146,-596.5668775362858,-671.2149049675103,-747.2879821776405,-740.7145299170496,-817.4938218044523,-893.4815279652522,-891.95934538758,-908.5228094107964
"<s> "" ""गेम हमारा ख़त्म कर दिया. </s>",-95.32901684739213,-95.31070576633284,-132.39480245359016,-162.51935422259,-162.51892903121612,-165.34613790020114,-165.78612669557128,-165.78612669557128,-165.78612669557128,-138.15510557964274,-138.15510557964274,-138.15510557964274
<s> भारत ने नौवीं बार किसी सिरीज़ को क्लीन स्वीप किया. </s>,-112.88058939879369,-112.85170313340073,-170.9529589821086,-222.75519346962685,-222.74486218191288,-233.7419570638154,-257.159854974059,-256.65058204073887,-264.8029993836781,-248.67919004335693,-248.67919004335693,-248.67919004335693
<s> 2019 में वो 19वें स्थान पर रही थीं. </s>,-100.68044231743869,-100.65513213842623,-157.5955966673684,-164.13674149058897,-164.12218480116474,-178.49166200526463,-186.0997566107516,-185.0809015454262,-198.03408332692453,-193.41714781149983,-193.41714781149983,-193.41714781149983
<s> gov. </s>,-33.736709366801094,-33.73036850811135,-50.94452183931885,-55.262042231857095,-55.262042231857095,-55.262042231857095,-27.631021115928547,-27.631021115928547,-27.631021115928547,0.0,0.0,0.0
"<s> वो टीम का हिस्सा थे, उन्होंने टीम का हौसला बढ़ाया. </s>",-118.99784495796692,-118.96662928731222,-185.142390977732,-190.6110395369701,-190.59814448142544,-205.6846635799702,-258.54781012681366,-258.0379878434135,-264.8031554363473,-248.67919004335693,-248.67919004335693,-248.67919004335693
"<s> "" प्रियंका गांधी के अनुसार, ""तीसरी मांग, हेमंत सोरेन और अरविंद केजरीवाल को तत्काल रिहा किया जाए. </s>",-221.1499709347256,-221.1034262371703,-306.39480002196547,-352.50391841141686,-352.4830042960916,-371.04260374461705,-420.76079452563977,-419.24151345570397,-435.2063020435817,-442.09633785485676,-442.09633785485676,-442.09633785485676
<s> ईरान ने जवाबी कार्रवाई करते हुए हवाई हमले किए. </s>,-99.81753524183955,-99.7865132706865,-158.37987817080253,-165.1003346103279,-165.08631807949115,-178.0083204855232,-182.54002385214508,-180.51362214804675,-202.65101894747818,-193.1805439493387,-192.18301876721617,-200.4269053883139
<s> रोहित के आउट होने के बाद पिच पर आए कैमरुन ग्रीन. </s>,-111.3726144305158,-111.35746364571875,-182.26711487263182,-196.5592124124284,-196.53839914980472,-219.05511523108066,-232.37434001404614,-230.34138703631373,-257.9115907232552,-244.52381490750525,-243.50520833357808,-255.68893406751383
<s> आईसीएआर-एनआरसी ने मिथुनों और उनके बछड़ों के रात में ठहरने के लिए बांस के तारों की मदद से बाड़ा बनाने में भी किसानों की मदद की है. </s>,-252.88139478653315,-252.8205377264996,-416.5329027047726,-488.35041045399595,-488.32021892054325,-534.5038202121625,-627.6805928638454,-624.1332615208369,-665.487792375908,-718.4065490141422,-718.4065490141422,-718.4065490141422
"<s> लेकिन
अच्छा है कि सीएम (अरविंद केजरीवाल) ने खुद इस बारे में बात की है. </s>",-148.91546480008432,-148.8841128531342,-248.74742574990546,-262.74988043118117,-262.72107334581267,-301.34585857152115,-308.234474186483,-305.20085992990016,-345.42231808426845,-354.30655141565296,-353.2871698596475,-366.21301131921626
<s> उन्होंने कहा है कि यह संशोधन सरकार के बारे में पूरी तरह से ग़लत सिद्धांत पर आधारित है. </s>,-147.6697774336928,-147.61095790651618,-273.8153293014054,-265.1487787472263,-265.11564809561514,-327.81369927154657,-321.75063611892176,-317.2033455201912,-393.7829450411494,-359.2607793728996,-355.7128132057918,-397.55285496816305
<s> इस समझौते के तहत बू अब्दुल का पद बरक़रार रहना था और मुसलमानों की धार्मिक आज़ादी को सुनिश्चित किया जाना था. </s>,-196.5087916241969,-196.4537455403168,-315.7299590649004,-394.3947018161084,-394.36952140362405,-425.1706699721517,-499.27415118465956,-496.7539286997241,-522.7163597576025,-523.9020475464536,-522.8948249381558,-531.999157757745
<s> इससे निबटना देरना और सरकार की क्षमता के बाहर है. </s>,-119.59771642996822,-119.58530199548832,-183.2503896135286,-196.62040397679246,-196.60211609540178,-219.66051316604828,-242.4991181547665,-241.48147366880315,-253.29615925755974,-248.67919004335693,-248.67919004335693,-248.67919004335693
<s> वो रोज़ कसरत करते हैं. </s>,-72.40668784170512,-72.38924992326368,-105.12495013616525,-147.74675348428227,-147.74364059354838,-151.74450653079577,-138.15510557964274,-138.15510557964274,-138.15510557964274,-110.52408446371419,-110.52408446371419,-110.52408446371419
"<s> ""       चंद्रशेखर ने कहा, ""10-12 दिन कांवड़िये चलते हैं, मैं पश्चिम उत्तर प्रदेश क्षेत्र से आता हूं, सभी रूट ब्लॉक हो जाते हैं, जब रूट ब्लॉक होते हैं तो लोगों को तमाम समस्याओं का सामना करना पड़ता है, बीमारों को भी परेशानी होती है. </s>",-489.697131849448,-489.59203680304176,-711.4602896233694,-906.7815549678726,-906.740977770512,-962.503002679293,-1092.4748603816724,-1088.916682244705,-1135.2149129470827,-1155.3550607949878,-1154.3356558277223,-1167.512617130296
<s> फ़िल्म का नाम भी बदल कर 'दुनिया का मेला' रख दिया गया. </s>,-151.11476865396318,-151.0802037946551,-225.4063961514369,-248.02123428849123,-248.0069563871694,-260.9445418787214,-313.23832297820553,-312.72911903957686,-320.0651576091488,-303.941232275214,-303.941232275214,-303.941232275214
<s> सऊदी अरब का समर्थन प्राप्त एलआईवी गोल्फ़ के साथ आश्चर्यजनक समझौते के बारे में खिलाड़ियों से राय नहीं ली गई और उन्हें मंगलवार को ही मीडिया के ज़रिए इस विलय का पता चला. </s>,-302.6433924008558,-302.54647427005887,-500.59534033516206,-530.5885763959916,-530.5500936516079,-588.2129634115099,-776.3871692805182,-772.336856080047,-819.7638286052596,-884.1926757097135,-884.1926757097135,-884.1926757097135
<s> '' बुमराह को जबरदस्त तारीफ़ अपने ही टीम के सूर्यकुमार यादव से मिली. </s>,-147.66266384274823,-147.62665284177635,-223.54835669575763,-277.45602574536707,-277.44220853871104,-288.5841296271001,-343.70732360769443,-343.2039577473158,-347.6962652070655,-331.57225339114257,-331.57225339114257,-331.57225339114257
<s> मीर जान अपहरण के एक दिन बाद एक बड़ी टेक कंपनी में काम शुरू करने वाले थे. </s>,-148.10301826689042,-148.04679129191638,-263.1395828135398,-277.0173298009254,-276.9925790776591,-314.81612736269307,-351.06612286754716,-347.5123267789234,-389.178110366402,-425.86683576022324,-425.3571008482694,-431.7856961687364
"<s> उन्होंने कहा, ""गुज़रा वक्त इसराइल के लिए अच्छा रहा है और उसके सामने सुनहरा भविष्य है. </s>",-184.76303762813595,-184.71802335835915,-277.9418287491298,-307.1648669963231,-307.1474971462802,-342.54035990406476,-369.12982269692867,-367.13583875409086,-396.0676546222626,-400.3706416702674,-399.86904525353566,-404.1546849092744
"<s> सूर्यकुमार ने पथिराना की गेंद को थर्डमैन क्षेत्र में गेंद की गति का इस्तेमाल करके छक्के के लिए खेला, पर वहां मौजूद मुस्तफ़िज़ुर ने उछलकर गेंद को पकड़ लिया. </s>",-303.2231958273992,-303.16483051028507,-461.6507660139492,-571.8044319446301,-571.7764847936457,-603.8733743423254,-752.9108439798612,-751.3951771410125,-766.7785583177208,-773.6685912459993,-773.6685912459993,-773.6685912459993
"<s> आज इस पर यक़ीन करना भले मुश्किल हो, लेकिन एक समय ऐसा था जब हिंदू टीम का मुक़ाबला मुस्लिम टीम से होता था, मुस्लिम टीम का मुक़ाबला पारसियों की टीम से होता था. </s>",-320.5945766133311,-320.5202479317442,-505.63067120976353,-687.7969455994308,-687.7556695856092,-728.8733977159286,-815.321185781195,-812.2893140906101,-842.7816020578799,-856.506661526849,-855.5087466159034,-863.5714126213539
<s> इस योजना के वर्तमान दौर में स्कीमों की मंज़ूरी और क्लब की मिल्कियत को बदलने के साथ-साथ कई स्पोर्ट्स क्लब का निजीकरण शामिल है. </s>,-233.8628119122873,-233.8198545999739,-366.77397854996246,-484.0348679674614,-484.0192857306313,-508.1091117552859,-592.6339112065978,-590.611682327773,-617.116135494692,-618.4997150049261,-617.9894122907759,-625.2028306681564
<s> तब मेरी एक बड़ी अम्मी ने आकर कहा- तेरी मां ने तेज़ाब पी लिया है. </s>,-175.922911852234,-175.8985069093193,-252.78883718927455,-347.89916160210333,-347.88870555005207,-357.8845332227052,-414.4653167389282,-414.4653167389282,-414.4653167389282,-386.83429562299966,-386.83429562299966,-386.83429562299966
"<s> लेपोनेन कहते हैं, ''एक समय में 200 ऑफिसर इस केस पर लगे हुए थे. </s>",-189.30459712051754,-189.2668755718111,-266.6748953164576,-317.70104208561344,-317.6882938942188,-330.24801132673184,-371.5662329258574,-371.0648474533055,-375.32728741650493,-359.2032745070711,-359.2032745070711,-359.2032745070711
<s> बहुत से लोग फ़िल्म देखने के बाद प्रतिक्रियाएं ज़ाहिर कर रहे हैं. </s>,-117.33758259254455,-117.29887872521941,-196.53731585802797,-248.56318903551667,-248.54465975599837,-274.72582959855606,-276.8364785684717,-275.3061978379486,-297.0509752904052,-288.1710344639906,-287.66192457824013,-293.630594705958
"<s> पिछले एक साल में उनकी कप्तानी में ऑस्ट्रेलिया ने टेस्ट चैंपियनशिप जीता, वनडे विश्व कप में चैंपियन बने और यहाँ काव्या मारन की टीम को फ़ाइनल तक ले आए. </s>",-274.6127700463838,-274.53392622431215,-435.9383212385563,-492.52271474634057,-492.48927014827717,-534.1545252700917,-662.4220487537646,-658.3567903977525,-709.2431094289299,-742.3857182107184,-741.3681446477528,-753.0473172493976
<s> इसीलिए अब तक सभी अंतरिक्ष यान चंद्रमा के भूमध्य रेखा के करीब उतरे. </s>,-134.8749820284589,-134.83572600052034,-210.18238414904224,-272.47608536211146,-272.4597955948144,-288.5604625339681,-359.2032745070711,-359.2032745070711,-359.2032745070711,-331.57225339114257,-331.57225339114257,-331.57225339114257
"<s> "" मुख्यमंत्री अरविंद केजरीवाल के पास कोई मंत्रालय नहीं था. </s>",-99.37244881480606,-99.33774888385126,-170.78940752852088,-201.0436550495528,-201.0261156774405,-219.6741259085225,-222.9200561849496,-221.3935831884762,-241.78900095191545,-233.79388705120408,-233.28721934646074,-238.3685566210332
<s> '' राहुल गांधी के भाषण को विनोद शर्मा एकदम दुरुस्त बताते हैं. </s>,-144.8355859326278,-144.79825540187286,-211.66296026227715,-280.5277431187819,-280.51969501807764,-289.0224340793832,-297.52649994824804,-296.51367356925573,-308.558119880954,-303.941232275214,-303.941232275214,-303.941232275214
<s> तब इन टीमों के 10 प्वॉइंट्स हो जाएंगे और फ़ैसला नेट रन रेट से किया जाएगा. </s>,-154.68131841847242,-154.63829363755937,-250.24944212164874,-299.1310176162843,-299.120410315176,-315.34311636171,-409.8436452901784,-408.83061170149875,-419.08230841931635,-414.4653167389282,-414.4653167389282,-414.4653167389282
<s> इसराइल पर हमास के हमले और उसके बाद इसराइल की सख़्त सैन्य प्रतिक्रिया ने ईरान के लिए और मुश्किल हालात पैदा कर दिए. </s>,-206.1716365982438,-206.10507005623032,-340.65880740327634,-441.3632819281834,-441.34844209373256,-466.180087061626,-581.9957555303813,-580.5014828753358,-600.9921027139102,-607.882464550428,-607.882464550428,-607.882464550428
<s> गृह मंत्री ने कहा है कि संपत्ति क़ानून के उल्लंघनों की जांच की जाएगी. </s>,-123.88701500600695,-123.84691301767448,-220.02897905562332,-236.9270670309491,-236.9069379244519,-273.63307055461877,-271.4661394473574,-268.4165848717408,-317.7890134451923,-295.63296231738985,-293.60705731589474,-317.9604833800782
<s> बीजेपी की अगुवाई में एनडीए ने भी तैयारी शुरू कर दी है. </s>,-108.31780256222083,-108.27696776044932,-195.5026362482446,-174.7233090629183,-174.69755590687737,-204.73503350391013,-257.50852177438844,-255.46973351780463,-285.54319590751925,-287.318884958633,-286.80879757117384,-293.63058521015023
<s> 243. </s>,-33.736709366801094,-33.73036850811135,-50.94452183931885,-55.262042231857095,-55.262042231857095,-55.262042231857095,-27.631021115928547,-27.631021115928547,-27.631021115928547,0.0,0.0,0.0
<s> लेकिन 'जवान' इस सप्ताह रिलीज़ होने वाली एकमात्र फ़िल्म है. </s>,-128.75027549102015,-128.71937575624085,-186.42679841284644,-222.17470966770955,-222.17038641130102,-233.7014587177321,-261.08964569803845,-260.5886311654871,-264.80320315159616,-248.67919004335693,-248.67919004335693,-248.67919004335693
"<s> ” वह बताती हैं कि वहां पाकिस्तान, भारत और बांग्लादेश के लोगों को जो जगह दी गई थी वह पहाड़ों के बीच गहराई में थी और वहां लोग घुटने का शिकार हुए. </s>",-287.3377263274885,-287.2410351888424,-488.5938360332399,-540.7206904749132,-540.672848653329,-602.7891981690503,-697.8566562228023,-692.2865910800426,-757.6146479906616,-814.1036180386452,-812.6021357458623,-825.6297580530505
"<s> "" नीरज को जब पीएम नरेंद्र मोदी ने फोन किया तो इसी बार में पूछा. </s>",-129.8972829063662,-129.84679322554388,-236.618002628737,-246.41332468584582,-246.390812161093,-273.6456748992533,-343.5089498437013,-341.4748741190397,-368.43671499543575,-370.5782834214326,-370.06853142887803,-376.52365363637944
<s> उन्होंने कहा कि अगर प्रदर्शनकारी डॉक्टरों या परिवार को पुलिस पर भरोसा नहीं है तो वो सीबीआई या किसी दूसरी एजेंसी से भी इस घटना की जांच की मांग कर सकते हैं. </s>,-240.98954093702412,-240.88570907795017,-461.0469181337959,-463.8129511444346,-463.7420719946526,-560.2840503347561,-624.7974581297183,-617.6950120637676,-723.084245750397,-718.9519422206556,-714.4186034919701,-763.764882348288
"<s> "" कथित ज़मीन घोटाला मामले में झारखंड हाई कोर्ट से
ज़मानत मिलने के बाद जेएमएम के नेता और झारखंड के पूर्व मुख्यमंत्री हेमंत सोरेन
ने शनिवार को रांची में एक जनसभा को संबोधित किया. </s>",-286.4387709737306,-286.33648556156766,-485.4169563811415,-529.3460619380579,-529.2829803061572,-601.826531131152,-682.456682362555,-674.839872533393,-766.848492661867,-852.5562708356891,-850.5352015062089,-870.5811619944366
<s> हथियारों की बरामदगी की घटना के बाद 'द टेलीग्राफ अखबार' ने त्रिपुरा के तत्कालीन पुलिस महानिदेशक जी. </s>,-196.92860074567884,-196.88255527902564,-289.2168187132014,-336.9340413172781,-336.92018809045885,-356.8120263187767,-416.5809297634603,-415.0608339848655,-435.20586810106363,-425.6394033617938,-425.1294515038195,-431.7856933139865
"<s> कहा जाता है कि चूंकि बच्चे ख़ुद खाना खा रहे होते हैं, ऐसे में वे समझ जाते हैं कि पेट भर गया है और अब और खाना नहीं खाना है. </s>",-260.4273328750936,-260.33342097896707,-449.26495677576565,-469.713202241603,-469.6749522522858,-533.03742841615,-648.6763275327306,-643.6246318191736,-713.8584632271911,-737.7900349589472,-735.7702518882977,-760.0569995219503
<s> ध्यान भटकाने पर बात हो रही है. </s>,-78.38407907332538,-78.3605915254091,-130.97667257381974,-138.7062817223402,-138.69487132104757,-150.84883989012377,-176.34956751780152,-175.84035177980775,-181.9101180334397,-165.78612669557128,-165.78612669557128,-165.78612669557128
<s> पाकिस्तान का मीडिया भी इस पर ख़बरें कर रहा है. </s>,-94.02997257958691,-93.9970609302676,-169.8335572438381,-186.21902044993269,-186.20502414546814,-205.64808512411383,-242.75114699734397,-241.7345733630649,-253.29616343276692,-248.67919004335693,-248.67919004335693,-248.67919004335693
<s> यह अपना काम अच्छे से कर रहा है. </s>,-79.05208222806834,-79.0236002186505,-143.86758730258856,-146.54814570064008,-146.5392737956354,-164.3594235964552,-204.90659524878825,-204.39976689368072,-209.54115475640174,-193.41714781149983,-193.41714781149983,-193.41714781149983
"<s> और पढ़ने के लिए 
क्लिक करें
. </s>",-52.069389168272124,-52.04110792363152,-114.53643020664188,-81.47114839324118,-81.46218199922733,-107.51676178887627,-124.8311070345422,-122.8314690516829,-147.38870181745693,-137.10401416485067,-136.0980948992465,-145.1648619544438
<s> 1 की औसत और 72. </s>,-59.96723591899876,-59.94831301753357,-103.13944771649363,-102.85071360309543,-102.84365722445231,-109.64595828736205,-122.73618927907056,-122.23346964430324,-126.64809667728088,-110.52408446371419,-110.52408446371419,-110.52408446371419
<s> इस समय भारत की सेना के पास मौजूदा टेक्नोलॉजी से उन मुश्किल सीमाओं की निगरानी करना आसान नहीं है. </s>,-164.45876494884598,-164.39609640505606,-288.9456123477301,-320.5252773144111,-320.5009379094424,-355.8550724529298,-425.32826282298686,-422.3013749398874,-455.9470903462734,-483.6138316385081,-483.1160394034496,-487.0477486477123
<s> '' ''उनका आशीर्वाद आत्मनिर्भर भारत के संकल्प को नई ऊर्जा प्रदान करेगा. </s>,-160.77575553092137,-160.74145562179544,-225.5805888495056,-250.9232679661242,-250.91282377578833,-260.94422639114134,-299.31609640497186,-298.30245566084113,-308.55822514847574,-303.941232275214,-303.941232275214,-303.941232275214
<s> अब यही संक्रमण अंटार्कटिका में समुद्री पक्षियों में भी हो रहा है. </s>,-117.5248074133134,-117.48757657887303,-196.18759343879384,-241.51228824640432,-241.5042505192586,-260.8373517914417,-282.51989366915205,-281.0063697550445,-297.05119010281646,-290.53956322095485,-290.04708936024304,-293.6306011066637
<s> यही वो चीज़ थी जिसने मुझे जंग के पहले महीने के दौरान संभाले रखा. </s>,-136.88064931149526,-136.8350402489938,-223.69375215117438,-270.1282892817711,-270.1178203526172,-288.0622712080601,-339.1363902317937,-337.6229079717066,-352.31325400483973,-359.2032745070711,-359.2032745070711,-359.2032745070711
<s> वो कहते हैं कि सरकार इस संपत्ति को अपने कब्ज़े में लेकर सबको बाँट देगी. </s>,-140.1594320969148,-140.12049815766025,-236.22669330345113,-271.4169153911055,-271.394908283016,-301.662725235882,-326.14669789277707,-323.603887776169,-356.92961668724007,-341.9564248503493,-340.44141454806896,-355.902390427805
<s> यह ऐतिहासिक उपलब्धि हर भारतीय की है. </s>,-79.04584037203418,-79.02076094861572,-130.78601804240756,-158.48220426276208,-158.48004145101544,-164.823809316284,-193.41714781149983,-193.41714781149983,-193.41714781149983,-165.78612669557128,-165.78612669557128,-165.78612669557128
"<s> पेरिस में ओलंपिक आयोजन के मद्देनज़र सुरक्षा संबधी कई पाबंदियां होंगी, जिससे शहर के कई लोग चिढ़े हुए हैं. </s>",-208.48737894127103,-208.468340730726,-304.16989475023775,-410.952539145688,-410.9396577363003,-426.28654008536,-475.67068323277056,-474.1522450974022,-490.4683290665437,-497.35838008671385,-497.35838008671385,-497.35838008671385
"<s> पेशेवर खेल हो या एडवेंचर स्पोर्ट्स, जैसे स्काई डाइविंग या डीप सी डाइविंग, अंकिता किसी अनुभव से ख़ुद को दूर नहीं रखतीं. </s>",-259.57871021543366,-259.52320521138483,-361.0596035369693,-529.1288259388905,-529.1227292144717,-537.2705114659833,-592.4638225523639,-591.9612857104082,-596.3754556480934,-580.2514434344995,-580.2514434344995,-580.2514434344995
<s> वर्ल्ड कप के लिए क्वालिफ़ाई करने के लिए श्रीलंका को अपना सर्वश्रेष्ठ प्रदर्शन करना होगा और यह इतना आसान भी नहीं होगा. </s>,-185.96598490096522,-185.94478943385877,-328.1666263899427,-328.7356054202417,-328.6935743049935,-381.81711944699776,-422.5385144340003,-417.0031040942184,-481.299805584262,-537.3967915751864,-535.8899548924574,-549.31954638291
<s> लेकिन जब एक साल बाद यह वीडियो सार्वजनिक हुआ तो बहस का मुद्दा सरकारी नियुक्तियों में फ़र्स्ट लेडी का दखल नहीं बल्कि दो हज़ार डॉलर का एक डिज़ाइनर हैंड बैग बन गया. </s>,-289.0282784005024,-288.9465784677864,-465.1731485218415,-634.084107978246,-634.0518807765335,-673.1430982128699,-817.4837201781588,-815.4624337345487,-838.1645150487614,-856.561654593785,-856.561654593785,-856.561654593785
<s> 30 शेयरों वाले संवेदी सूचकांक सेंसेक्स 5. </s>,-93.47340796968695,-93.44983104173316,-132.3397377118008,-160.1049722811387,-160.0967365834726,-164.91340559772803,-176.82876506255087,-176.3204441001243,-181.91012787477783,-165.78612669557128,-165.78612669557128,-165.78612669557128
"<s> इतिहास को फिर से लिखने की कोशिश हो रही है, चाहे किताबें हों या फ़िल्में. </s>",-158.38055560506726,-158.33369916657983,-251.01635084669684,-279.15764744880573,-279.1403935149992,-301.69147455283473,-362.3329503450416,-360.80746050324353,-379.94407294211254,-371.7361776399198,-371.2286937822057,-376.52366150951843
"<s> इसके जवाब में उन्होंने कहा, ""हम भारत सरकार से भारतीय जांच कमेटी के नतीजों के आधार पर जवाबदेही की उम्मीद करते हैं. </s>",-217.9089781926798,-217.84343793692818,-355.5950863317638,-377.96468510706296,-377.92276789393674,-424.80894448130664,-484.8332344475394,-481.27868626863625,-527.3318555141032,-549.6518528683694,-548.6399880705575,-559.6301666733215
<s> भारत के लिए गर्व का क्षण है. </s>,-75.84071259807169,-75.81592558720261,-129.3399960261492,-118.48218013913755,-118.47348547072721,-136.33151968405767,-123.31007805796142,-121.31202561681106,-147.38860419534626,-135.73991895186913,-134.7303999649269,-145.16485450199983
<s> सभाओं और रैलियों में पहले जितने लोग शामिल नहीं होते. </s>,-102.9539658683953,-102.92059052985441,-170.20400344038114,-225.74805048029697,-225.74056371279983,-233.7671328325722,-276.3102111592855,-276.3102111592855,-276.3102111592855,-248.67919004335693,-248.67919004335693,-248.67919004335693
<s> पालवन में रहने वाले दलित परिवार दशकों से 'दलित श्मशान' के रूप में सूचीबद्ध स्थल पर अंतिम संस्कार करते रहे हैं. </s>,-239.04597771683785,-238.98668423920756,-357.78189694343575,-421.1758649804872,-421.1497416101111,-453.39282166743567,-522.6828279601759,-521.1593239435372,-545.7264942037272,-538.7555048062613,-538.256880328049,-542.3097907593977
<s> इसके अलावा वो इंग्लैंड को हराकर भी भारी उलटफेर कर चुके हैं. </s>,-119.88975508939566,-119.85040068497733,-198.00308074882716,-240.21603957345363,-240.19893815096927,-260.80628607367464,-293.9500919776468,-292.94135073808866,-308.55592063443555,-289.153965362555,-288.6481622424506,-293.63059912336286
<s> इस प्रक्रिया में किसी तरह के सबूत नहीं पीछे छूटते हैं. </s>,-107.30458473483722,-107.2725652274277,-182.5929028522324,-193.09761775713866,-193.07588655375235,-219.0633233398106,-233.60645217142567,-231.5800159241454,-257.91303274597055,-246.49314739353593,-245.4803885370498,-255.68894359343165
<s> लंबे समय से चोटिल चल रहे युवा बल्लेबाज श्रेयस अय्यर ने 20 मैचों में चौथे नंबर पर बल्लेबाजी की थी. </s>,-183.70589056619872,-183.64110930187562,-303.256234066778,-312.94321954121335,-312.9161173662514,-341.64174110689817,-433.61677523359924,-430.06307491083385,-472.0708630332834,-480.52285895101585,-479.0121861526918,-494.05749390395476
<s> अब कम से कम हम पड़ोसियों के तौर पर ही एक दूसरे के साथ रहना सीख लें. </s>,-142.88776482658886,-142.83155172139325,-261.59986118542383,-267.01057859982086,-266.9766507683994,-314.5537966211858,-327.103789668069,-323.0515998058623,-377.6693073357598,-384.3243228062279,-382.3213024225845,-400.8538006797791
<s> उनकी स्थिति गंभीर थी और उन्हें एक ऑक्सीजन बेड की बेहद ज़रूरत थी. </s>,-124.58252306712765,-124.53869481051962,-210.9679191536731,-229.5077049053316,-229.49375533251705,-246.4705504793767,-326.65202724048254,-325.6382116462782,-336.18924318288407,-331.57225339114257,-331.57225339114257,-331.57225339114257
"<s> एक बॉक्स जिस पर हम सही का निशान लगाना चाह रहे थे, वह था-निडर होकर क्रिकेट खेलना. </s>",-198.7941220659647,-198.74405672823283,-293.7737102546433,-386.24721144319403,-386.23902391203956,-399.0703192957582,-469.7273589707853,-469.7273589707853,-469.7273589707853,-442.09633785485676,-442.09633785485676,-442.09633785485676
"<s> मनु भगवान विजयलक्ष्मी पंडित की जीवनी में लिखते हैं, ""जब एक मुलाकात के दौरान विजयलक्ष्मी ने इस संभावना के बारे में इंदिरा से पूछा तो उन्होंने बहुत साफ़गोई से जवाब दिया. </s>",-309.84047429538253,-309.84054772458995,-474.56313225241706,-609.4635297122018,-609.437212855732,-645.4061961669029,-769.4625231569403,-766.9293800480555,-799.0228329618483,-801.2118281499576,-800.2134765327382,-808.3093703594465
<s> ये तारीख मस्जिद की मेहराब में अफ़ज़ल खान के नाम के साथ दर्ज है. </s>,-133.85228879195157,-133.8354390595711,-221.01712186306682,-305.1596340859393,-305.14313218626216,-329.9671145433748,-352.5561321719189,-351.5392847877438,-363.8202308980147,-344.36005484375204,-343.8535464829787,-348.8926412049477
<s> साक्षी ने जब यह बात अपने पिता को बताई तो उन्होंने न सिर्फ़ बेटी के इस फ़ैसले का साथ दिया बल्कि उन्हें धूम-धाम से वापस घर ले आए. </s>,-245.47449329228968,-245.38790524842742,-423.71833382672435,-428.8894104897084,-428.85810090161067,-464.45485016907526,-661.3978411169835,-657.8579065422729,-693.1194843945685,-746.0375701300708,-746.0375701300708,-746.0375701300708
<s> (एक व्यक्ति कई तरह के लोन ले सकता है) व्यक्ति लोन लेने के बाद उस पैसे का क्या कर रहा है? </s>,-198.11106404021606,-198.04504468155423,-331.04385235786384,-365.2299625852823,-365.2071461928787,-397.1314093911441,-493.97988498085607,-491.4515699957177,-522.71603094294,-552.620422318571,-552.620422318571,-552.620422318571
"<s> "" पिछले साल आयोजित COP28 जलवायु शिखर सम्मेलन में, कज़ाकिस्तान ग्लोबल मीथेन प्रतिज्ञा में शामिल हुआ. </s>",-214.37196974847856,-214.37130247292146,-281.1329200697293,-372.11132276533704,-372.1049411494123,-385.48302969235823,-442.09633785485676,-442.09633785485676,-442.09633785485676,-414.4653167389282,-414.4653167389282,-414.4653167389282
<s> पाकिस्तान के पूर्व कप्तान और तेज़ गेंदबाज़ वसीम अकरम ने तो ये तक कह दिया कि भारत वर्ल्ड कप का सबसे बड़ा दावेदार है. </s>,-216.62770127644535,-216.55338088066767,-357.38260538060854,-382.2375849214536,-382.2066200717084,-424.07376229576766,-507.3163389080327,-502.7417478173549,-559.58092000569,-575.5310495783942,-573.5032860483866,-594.2709499937432
"<s> साधारण भाषा में समझे तो ये एक ऐसा डिसऑर्डर है, जिसमें सामान्य लगने वाली आवाज़ें भी इससे पीड़ित व्यक्ति को चिड़चिड़ा कर देती हैं. </s>",-248.46106853585331,-248.4116814971544,-372.8406484767696,-530.5581580368539,-530.5359219915425,-550.4244391742506,-631.9964184067587,-630.9887971006491,-640.1304872876236,-635.5134856663566,-635.5134856663566,-635.5134856663566
"<s> “यह सभी संगठन सभी अनुभवों, टेक्नोलॉजी और हथियार आपस में साझा करते हैं लेकिन हिज़्बुल्लाह उन सभी गिरोहों में सबसे अधिक आधुनिकता और अनुभव रखता है. </s>",-290.180286745243,-290.1098013661313,-426.6840815350803,-566.2399138825405,-566.2196523487397,-591.5901047346019,-665.6996418659543,-664.1747984313895,-683.8853398026419,-690.7755278982137,-690.7755278982137,-690.7755278982137
<s> वाइटमोर बताते हैं कि नींद कच्ची हो या बार-बार टूटे तो दिमाग़ से कई टॉक्सीन (विषैले पदार्थ) बाहर नहीं निकल पाते. </s>,-277.7431758576973,-277.7144716050804,-375.0644830991201,-503.04436269848856,-503.02654273391107,-523.6172862931041,-543.5863404428486,-542.5672649116052,-557.2369937842301,-552.620422318571,-552.620422318571,-552.620422318571
<s> ” “दोनों पक्षों में कहासुनी के बाद मारपीट हो गई. </s>,-138.61308413115344,-138.58513516177763,-197.56660267764946,-209.97951448268293,-209.97319417247502,-219.54551746543493,-229.35797913651746,-227.8574133619335,-241.78917868818462,-248.67919004335693,-248.67919004335693,-248.67919004335693
<s> बताते हैं उन दिनों गुलज़ार कश्मीर में फ़िल्म 'आंधी' की शूटिंग कर रहे थे. </s>,-153.3340135759925,-153.29459844638197,-237.427938852576,-265.8199069439246,-265.80328688867166,-288.0797361230527,-334.55990842738913,-333.03115124898613,-352.31316970739914,-343.5696452893185,-343.06078032368816,-348.8926378393203
"<s> पूरी कहानी 
यहां पढ़ें
. </s>",-45.792652096371185,-45.77076383851018,-90.28380278587834,-97.63491107381103,-97.6269574837396,-108.87573150077347,-122.12633076544088,-121.61987430964209,-126.64809250209721,-110.52408446371419,-110.52408446371419,-110.52408446371419
"<s> यही नहीं, वे यह भी सीखते हैं कि लड़कियाँ या स्त्रियाँ उनके लिए हैं. </s>",-156.9386007433909,-156.9035875236349,-238.56441413488756,-310.5508193853942,-310.535259402365,-330.1846770098507,-371.2164506315507,-370.7122259143068,-375.3272856271303,-359.2032745070711,-359.2032745070711,-359.2032745070711
<s> इस तरह अमेरिका में 25 सालों तक जारी रहा नियम समाप्त हो गया. </s>,-120.08197266555197,-120.03778277070485,-211.05230059396752,-233.2291405595138,-233.20639466770686,-260.29244327508707,-322.7545514290297,-321.7480428703593,-336.188755107807,-331.57225339114257,-331.57225339114257,-331.57225339114257
"<s> यूं हाल ही में ब्रिटेन, कनाडा और जर्मनी जैसे देशों में जब हमने हिन्दी सिने प्रेमियों से बात की तो पता लगा कि वहाँ इस फ़िल्म को लेकर कोई ख़ास उत्साह नहीं है. </s>",-299.3476691648635,-299.2468629985915,-489.80239491585735,-583.6143865360854,-583.5797667490061,-630.5471399299795,-769.8846164680002,-765.8211560122031,-819.7658290574641,-840.779614497389,-839.2737953550469,-853.2607751722998
"<s> आप हमें 
फ़ेसबुक
, 
ट्विटर
, 
इंस्टाग्राम
 और 
यूट्यूब
 पर फ़ॉलो भी कर सकते हैं. </s>",-143.35369734460264,-143.32301517699264,-236.10557484266386,-286.5948987191067,-286.58535769516754,-301.71004620236556,-365.39580932715285,-363.8824411873524,-379.9442013630169,-386.83429562299966,-386.83429562299966,-386.83429562299966
"<s> (बीबीसी हिन्दी के एंड्रॉएड ऐप के लिए आप यहां 
क्लिक
 कर सकते हैं. </s>",-145.33706314921616,-145.30764988992308,-223.52683051348782,-253.49326287444416,-253.47500432758068,-274.0649603133724,-309.10423985205,-307.6148848491936,-324.6820944278182,-331.57225339114257,-331.57225339114257,-331.57225339114257
"<s> जो-रीयूनिफिकेशन ऑर्गनाइजेशन या जोरो की दलील है कि इस जनजाति के लोग भारत, म्यांमार और बांग्लादेश के अलग-अलग हिस्सों में रहते हैं. </s>",-252.92937128769802,-252.87312483002452,-368.8951000023082,-466.13559239929424,-466.11174288731326,-494.8643136267855,-523.6882095796581,-521.1722373275425,-550.3466125531648,-565.7819318570708,-565.2773772085985,-569.9408110038348
<s> 'अपने आपको ख़ुशनसीब समझता हूं कि मैंने अपने जीवन में कुछ समय मोईन भाई के साथ गुज़ारा और उनके क़दमों में बैठा. </s>,-226.6028289197074,-226.65726768398744,-343.253613623907,-443.328721401018,-443.296821251384,-480.8669377739812,-475.35187779103865,-471.2976199282509,-515.8262386549279,-566.682717500899,-566.1873968249441,-569.9408121457477
<s> अपनी दृढ़ इच्छाशक्ति की बदौलत आज उनमें से अधिकतर अपने अपने क्षेत्र में तरक्की कर रहे हैं. </s>,-157.00990414697998,-156.95538435629805,-263.1810824550509,-331.76701440658957,-331.74657428009914,-356.9093681163533,-420.8860157932912,-419.3682118024432,-435.206288723385,-428.23036093869445,-427.7310308162325,-431.7857062956518
<s> रणदीप ने सफ़ेद पोशाक पहनी थी और इस अवसर पर उनका परिवार-रिश्तेदार मौजूद थे. </s>,-160.3581521872982,-160.31839058641395,-238.4363262025109,-296.32808216321644,-296.31078396087236,-316.18843241288016,-349.48443085556636,-348.46543929447296,-363.81961297911414,-345.84812231316454,-345.3565285721991,-348.89264336857104
<s> यह यौनिक व्यवहार है. </s>,-65.12628667595183,-65.13582894699799,-91.42518151239591,-117.70609415666213,-117.70292882105453,-124.03036277263962,-110.52408446371419,-110.52408446371419,-110.52408446371419,-82.89306334778564,-82.89306334778564,-82.89306334778564
<s> गिल के बल्ले से पहली पारी में 13 और दूसरी पारी में 18 रन निकले. </s>,-136.15883510482487,-136.10896237624843,-234.64822669138934,-222.91684341063691,-222.88886043699492,-245.6151253730643,-345.3157986594681,-343.28103833755915,-368.4370917631155,-372.17986215783156,-371.6742465419548,-376.52366280168087
<s> सीएसके खिलाड़ी से उसका सर्वश्रेष्ठ निकालना जानती है. </s>,-101.09487797990235,-101.06823371553256,-145.01702333142862,-205.23491007250013,-205.2347471968413,-206.57872228163495,-221.04816892742838,-221.04816892742838,-221.04816892742838,-193.41714781149983,-193.41714781149983,-193.41714781149983
"<s> डॉ संजीव कहते हैं, ""हमारे लिए गाडगिल रिपोर्ट का रुख़ करना बेहद ज़रूरी है, जिसमें बताया गया है कि इस संवेदनशील ज़मीन का प्रबंधन अलग तरीके से किया जाना चाहिए. </s>",-322.0872722433403,-322.0242490292631,-480.1204666004542,-616.5266659618898,-616.4969152171981,-659.5900862397716,-701.0981702480086,-697.559309590311,-748.3790470086306,-752.6071048422159,-751.0827015924735,-770.3676402768946
<s> वो 'घर वापसी' की भी बात करते हैं. </s>,-119.05049530992338,-119.02831730270147,-171.9884825817909,-177.97538747757272,-177.96317746678434,-192.51581750361163,-203.68159619589196,-203.17272168251117,-209.5411301034785,-193.41714781149983,-193.41714781149983,-193.41714781149983
"<s> उन्होंने समाचार एजेंसी एएनआई से बातचीत में कहा था, ""अमेरिका में इनहेरिटेंस टैक्स की व्यवस्था है. </s>",-202.08453161646162,-202.04110075442293,-291.136245427396,-316.48271959646974,-316.461516049008,-343.25216564713025,-372.5246720846968,-370.4916820585279,-396.0680402205909,-370.66795172778296,-369.1678211648421,-383.5334058042183
<s> नरसिम्हा राव जब भारत के प्रधानमंत्री बने तो उनकी उम्र 70 साल की थी और वो एक तरह से राजनीति को अलविदा कह चुके थे. </s>,-209.58562793303088,-209.50553348250523,-369.5031114715891,-374.5123846722851,-374.4606862241732,-423.5835800722051,-523.433036613776,-518.3663210678756,-575.705136683669,-635.9523817667512,-634.9618090198787,-642.523244114631
<s> क्या एक एयरलाइन एक विकलांग पायलट को काम पर रख सकती है? </s>,-119.25611107253562,-119.21643829305043,-197.39088048406632,-249.15345506241067,-249.13847307705322,-260.9573130523827,-299.39810394764737,-298.38649516359,-308.5582232598234,-303.941232275214,-303.941232275214,-303.941232275214
"<s> ""  • आईटीएएम के 57 वर्षीय निदेशक अलेक्जेंडर शिप्ल्युक को 2022 में गिरफ्तार किया गया था. </s>",-207.3323676125763,-207.29143267848852,-291.8028732711467,-340.6498776988349,-340.64429654454426,-357.3268461767488,-404.3124797649725,-403.2922442877218,-419.0819307167647,-398.05888597951366,-397.5489778893815,-404.1546728892071
<s> मैं पूणे से ट्रेन से बॉम्बे आया और मेरे साथ सीके नायडू भी थे. </s>,-141.093185299856,-141.05890974542936,-223.6676336769551,-314.87019201130806,-314.8533921256178,-330.2406768347023,-356.3502104448027,-355.3478952040324,-363.82027940881517,-359.2032745070711,-359.2032745070711,-359.2032745070711
"<s> ""जब आप नाटू-नाटू गाना सुनते हैं तो आपको तृप्ति का एहसास होता है. </s>",-171.42102437332767,-171.3855433824329,-240.0144530109194,-305.80049597011464,-305.79022024218324,-316.64073749502285,-325.3953394761384,-324.3828215812262,-336.18917141308975,-331.57225339114257,-331.57225339114257,-331.57225339114257
<s> हैरानी की बात यह है कि अगर संजय सिंह के पक्ष में 40 मतदाता थे तो उन्हीं के पैनल के उम्मीदवार वरिष्ठ उपाध्यक्ष और सचिव पद का चुनाव कैसे हार गए. </s>,-247.50303515802432,-247.40262289149254,-445.9593133413189,-489.8936217127712,-489.83912928646885,-547.0243424205222,-692.3265080935888,-687.7614376482161,-752.996338434984,-733.7252971512982,-730.6824679198625,-767.0667098933626
<s> फिर यह भी कि सभी कपूर दंपत्तियों में उम्र का फासला कम रहा है. </s>,-131.96566578164706,-131.94426302244986,-223.22516295949382,-272.0882547016213,-272.0728582936066,-288.12888825005234,-354.54305545203385,-353.53116048630113,-363.82026648591534,-359.2032745070711,-359.2032745070711,-359.2032745070711
"<s> मुझे दो-तीन हफ्ते लगे कि मैं उम्मीद छोड़ दूं, मैं सही बता रहा हूं जब मैंने उम्मीद करना छोड़ दिया तो समय तेजी से निकल गया. </s>",-265.22645980917326,-265.1475984413322,-415.59535465936625,-508.9766287719235,-508.9579295159635,-535.4969984154429,-702.8565485875909,-702.352801826509,-706.8995394159111,-690.7755278982137,-690.7755278982137,-690.7755278982137
<s> इस घटना की पृष्ठभूमि के बारे में वो लिखते हैं कि राष्ट्र के नाम अपने संबोधन में जब जनरल ज़िया उल हक़ ने देश में इस्लाम लागू करने पर अपने विचार व्यक्त किए तो सभी को चिंता हुई कि इस भाषण के बाद कौन सा कौमी नग़मा प्रसारित किया जाए. </s>,-409.2858447547465,-409.23876696164695,-698.0307428252805,-775.7251351153654,-775.6473147546571,-875.2092475369379,-1108.1695254007532,-1100.0700755213115,-1197.434589542935,-1281.9899276886931,-1279.4856336721796,-1302.3668684704016
"<s> "" ""आसन से व्यवस्था के अनुसार माइक का कंट्रोल दे दिया जाता है. </s>",-138.6303608852864,-138.58968926061826,-223.92623396536828,-269.16130221159426,-269.14855120103334,-288.52168788223406,-327.69019304535,-326.6820491557532,-336.18925083728624,-331.57225339114257,-331.57225339114257,-331.57225339114257
"<s> उनके ख़िलाफ़ चुनाव मैं नहीं लड़ रहा, बल्कि लोग लड़ रहे हैं. </s>",-142.64443652989533,-142.60711592659587,-213.428948233715,-281.0434333199951,-281.0379821919812,-289.01759797804016,-331.57225339114257,-331.57225339114257,-331.57225339114257,-303.941232275214,-303.941232275214,-303.941232275214
<s> '' उसी दौरान दिव्या की निजी ज़िंदगी में काफ़ी कुछ चल रहा था. </s>,-149.39454842963235,-149.35507642078974,-224.80283328242763,-296.26715315379056,-296.2652624028279,-302.61821535872025,-343.95860523148684,-343.4573519747351,-347.696266399972,-331.57225339114257,-331.57225339114257,-331.57225339114257
<s> ये पाइप भी इंडोस्कोपी के ज़रिए उनके पेट में डाली जाती है जिसका खर्चा 15 हज़ार तक आता है. </s>,-186.70837877022615,-186.6984871124184,-290.05802570390296,-424.195410283682,-424.1856699827901,-440.28519939223986,-494.2755649481397,-493.27102510720465,-501.9753839943529,-497.35838008671385,-497.35838008671385,-497.35838008671385
"<s> इसके बाद भी अगर किसी दिन, उनसे रन नहीं बने तो उन्होंने इसे सहजता से स्वीकार कर लिया. </s>",-175.98787353142615,-175.93194183432215,-292.27226766713864,-312.14215849805305,-312.1138361725066,-342.35446775151587,-440.3933857499844,-438.8769734277463,-462.8336025452745,-438.66725424911044,-437.66278236313264,-449.1060560966015
<s> '' दरअसल कुमार गंधर्व जब गाना शुरू करते थे तो लगता है कि ये गीत उनके अंतर्मन की आवाज़ है. </s>,-205.8009308635739,-205.74989260499189,-318.78041490211046,-416.14637827727756,-416.1348961282552,-439.615607943043,-480.80651786462573,-478.78939136749517,-506.5914382262543,-494.9945395797238,-493.98052103374965,-504.36813357669206
<s> क़ुरान शरीफ़ और संविधान में से किसी एक को चुनना होगा तो किसे चुनेंगे? </s>,-137.99878300048755,-137.97403153776042,-222.20654327589935,-270.8306803196996,-270.81261089924215,-288.12782727759424,-334.262250839137,-332.7350885419631,-352.3131443598894,-327.7827185125004,-326.76500663587785,-338.58199909811515
"<s> आंध्र प्रदेश, तेलंगाना और केरल में उसका ख़ाता भी नहीं खुल पाया था. </s>",-155.38320733527166,-155.42594413130925,-224.73842280326042,-263.22670104002145,-263.21827383497566,-274.54641766998225,-342.7984643750949,-342.29065075573885,-347.6962572543702,-331.57225339114257,-331.57225339114257,-331.57225339114257
<s> उम्मीद है जल्द से जल्द ये काम पूरा होगा. </s>,-89.54598786406487,-89.51436937121458,-156.99074466817737,-162.9395008799677,-162.9242372132704,-178.06157041665892,-211.32867183349768,-210.30800781918018,-225.6648714567586,-221.04816892742838,-221.04816892742838,-221.04816892742838
"<s> "" हमने कैज़ुअल्टी वार्ड के बाहर पुलिस देखा. </s>",-103.93613478374368,-103.91084648966091,-158.12411415024548,-168.2243815293042,-168.2152309243584,-178.49572766505884,-190.1122108933991,-189.10711410227532,-198.03415022810583,-193.41714781149983,-193.41714781149983,-193.41714781149983
<s> शाह ने तुरंत ही यह भी कहा कि विमिन्स प्रीमियर लीग (WPL) को कमाल का रिस्पॉन्स मिला है और टिकटों की बिक्री से ही पांच करोड़ रुपये मिले हैं. </s>,-274.97663970772174,-274.8904625877401,-449.3061537383239,-476.894068953509,-476.84650326833264,-533.8223190386498,-630.5957683140775,-625.5239244291415,-686.2286978739696,-740.2940114944752,-739.2753986389364,-753.0472537555152
<s> लोकप्रिय टीवी अभिनेता समीर शर्मा का शव उनके मुंबई में मलाड स्थित घर में मिला है. </s>,-154.5634510604086,-154.51534725098585,-250.71116587779866,-340.4774379144069,-340.46204400195506,-357.4283407341832,-410.5882196702954,-409.5788403686422,-419.0823154773435,-414.4653167389282,-414.4653167389282,-414.4653167389282
"<s> उस सुबह के बारे में विश्वास ने कहा, ""मैंने उनसे यह भी कहा था कि आज मेरी कार उपलब्ध नहीं है, इसलिए वो किसी कार का इंतजाम कर लें. </s>",-285.9309687890269,-285.8457010013582,-465.0466765445416,-510.0838410366062,-510.04152913687204,-562.0769451427964,-688.6309201936492,-685.5821045718922,-732.2523462698106,-727.9274053268128,-726.4127556440686,-742.7366793496299
<s> इस बात पर विशेष ध्यान दिया जाना चाहिए कि यह खिलाड़ी कई सालों से बड़ी प्रतियोगिता में हिस्सा ले रहे हैं. </s>,-172.53143936377035,-172.46192798285875,-317.0292538890432,-300.21986256968705,-300.1723491432979,-354.9927220358148,-370.27124249388226,-364.1745300596572,-442.16656644853094,-462.8931300882696,-459.85838054019354,-490.756617277092
"<s> समाज में आज भी असमानता, भेदभाव और अन्याय मौजूद हैं. </s>",-121.08081865269554,-121.04981633650677,-184.30936254477817,-207.79262188299754,-207.78747686095673,-219.7221703479805,-241.27004106107168,-240.25083531126563,-253.29612078731535,-248.67919004335693,-248.67919004335693,-248.67919004335693
<s> इस कारण से भी अविनाश को शिक्षकों का विशेष स्नेह मिलता था. </s>,-114.44395571012905,-114.4037784124761,-196.29248442746393,-239.27567953615463,-239.26104653102266,-260.7258032516672,-295.09883609988134,-294.09117115212604,-308.5579524061712,-288.46019833455085,-287.95170174892564,-293.63059647892135
<s> वे इतनी कम उम्र में ग्रैंड मास्टर बनने वाले पहले भारतीय बने थे. </s>,-130.39644564353412,-130.3527753032594,-212.02328550189222,-272.68459850448147,-272.6670665323415,-288.575584319183,-309.6685417235556,-308.1473346602066,-324.6821980963075,-317.31038081788824,-316.8072783620944,-321.26162132108175
<s> 10. </s>,-33.736709366801094,-33.73036850811135,-50.94452183931885,-55.262042231857095,-55.262042231857095,-55.262042231857095,-27.631021115928547,-27.631021115928547,-27.631021115928547,0.0,0.0,0.0
<s> सेमीफ़ाइनल में हेड ने जहां एक ही ओवर में दो विकेट झटक कर दक्षिण अफ़्रीका को पूरी तरह बैकफ़ुट पर ढकेला वहीं बल्लेबाज़ी के दौरान एक छोर पर टिके रहे टीम की ओर से सबसे बड़ी 62 रनों की पारी खेली. </s>,-366.41710998560944,-366.3460742827036,-594.0370767158727,-761.2959775549296,-761.2532276027811,-823.4531533487017,-911.090804645662,-904.5105983020431,-983.2771630014147,-1045.9133608057145,-1043.891710603149,-1063.9983079428625
<s> क़रीब चार साल बाद फिर 11 अगस्त 1999 को भारत में सूर्य ग्रहण देखा गया. </s>,-144.73341394958743,-144.6840081388213,-237.98398863753954,-282.7982800948224,-282.782829298337,-301.72482581860976,-363.8449005993368,-362.3220560016938,-379.9441888374408,-386.83429562299966,-386.83429562299966,-386.83429562299966
<s> 3 करोड़ रुपये की है. </s>,-60.973943963801155,-60.95495041418935,-103.89399755138349,-96.75242890078403,-96.74136838267678,-109.62432723579448,-118.99533807567502,-118.48550513158942,-126.64789201495213,-110.52408446371419,-110.52408446371419,-110.52408446371419
<s> टीम ने 2010 में आईसीसी वर्ल्ड टी20 के लिए क्वालीफ़ाई किया. </s>,-143.56541836701624,-143.53406032645475,-210.3460672479572,-214.33022164246236,-214.31812171953763,-232.8480562660843,-269.32869542147773,-268.31156802925034,-280.92711079163973,-276.3102111592855,-276.3102111592855,-276.3102111592855
"<s> ”  दिनभर: पूरा दिन,पूरी ख़बर कांग्रेस नेता राहुल गांधी ने भी इस मुद्दे पर सरकार और पार्टी को घेरने की कोशिश की है. </s>",-248.3415190091953,-248.27633039470928,-384.4407481683735,-387.9643451113855,-387.9185128165064,-438.50431973046244,-395.39516394568295,-388.2946628984968,-474.41405228945297,-490.12198272745866,-486.085567181696,-525.3973922736872
"<s> साल 2000 में जे पी दत्ता की फ़िल्म ""रिफ़्यूज़ी"" से अपने करियर की शुरुआत करने वालीं करीना कपूर ख़ान ने हिंदी फ़िल्म इंडस्ट्री में अपने 22 साल पूरे कर लिए हैं. </s>",-290.0539784750476,-289.95934350272375,-463.3176559827746,-552.5163917318182,-552.4789262115115,-589.4427738868993,-704.8104994859278,-700.2402576092238,-752.9983328160963,-753.3345375098677,-750.7998504992973,-777.3774568703934
"<s> इस दौरान भारतीय डिफेंस में कभी हड़बड़ाहट नहीं रही, यह मैच की अच्छी बात रही. </s>",-157.902006101902,-157.87092088467372,-250.97187560010124,-306.54412495422,-306.5228576319553,-329.58105694317896,-377.39692355163004,-376.3967492628996,-391.448918338134,-372.8108145985447,-372.3102737389338,-376.52366388351425
"<s> अक्षय कुमार की फ़िल्म ‘एंटरटेनमेंट’ का कुत्ता, सलमान ख़ान की फ़िल्म ‘प्रेम रतन धन पायो’ के हाथी, आमिर ख़ान की ‘ठग्स  ऑफ हिंदुस्तान’ का गधा, राजकुमार राव की फ़िल्म ‘मोनिका ओ माय डार्लिंग’ का इगुआना भी शायद आपको याद हो. </s>",-538.1170775413924,-538.1488211833207,-683.2590988134531,-955.6091785991865,-955.6060485800726,-964.4654074509343,-1054.1758546758633,-1052.6524827683393,-1070.719722201362,-1062.393935183602,-1061.8860882397835,-1067.2991889569785
<s> मैंने अपनी नागरिकता तक बदल दी थी. </s>,-81.32212939227779,-81.29696687999972,-131.94265481727908,-159.76118727661492,-159.75952790972605,-164.907588797759,-177.07445388098816,-176.56720238735772,-181.91013135412106,-165.78612669557128,-165.78612669557128,-165.78612669557128
<s> बुधवार को कनाडा के प्रधानमंत्री जस्टिन ट्रूडो समिति के समक्ष पेश होंगे. </s>,-124.61810919460478,-124.58078963209933,-195.9485868315497,-198.67907573199142,-198.6672878427328,-218.8224089281616,-231.0497951500527,-228.01022198414896,-262.52973960182277,-261.89059221931944,-260.389023686149,-273.0093369364917
<s> वहीं पांचवें ओवर में सूर्यकुमार यादव 3 रन बनाकर चलते बने. </s>,-118.92159043554042,-118.88504941635323,-185.20364799480157,-235.22108118014876,-235.21671703741637,-247.2992613966483,-303.941232275214,-303.941232275214,-303.941232275214,-276.3102111592855,-276.3102111592855,-276.3102111592855
"<s> "" युवराज सिंह, हरभजन सिंह, सुरेश रैना और एस बद्रीनाथ ने अफ़ग़ानिस्तान की टीम को सेमीफाइनल में पहुंचने की बधाई दी है. </s>",-242.98726176907246,-242.92432579398405,-357.29225755570485,-442.53702686885504,-442.51338847806414,-467.0744124547193,-508.40111954906706,-505.36298296119,-538.8402482119898,-566.4750797888884,-565.9768348104458,-569.9408119654456
"<s> एनसीईआरटी ने पहले भी ऐसे प्रयास किए थे और इतिहास, सामाजिक विज्ञान और राजनीति विज्ञान की अपनी पाठ्यपुस्तकों से कई हिस्सों को हटा दिया था. </s>",-231.86404756140823,-231.79480720885437,-383.53783169194315,-429.6669240426158,-429.6265490506888,-465.76753098326634,-625.4677524740183,-623.4441446033504,-644.7474331416378,-663.1445067822851,-663.1445067822851,-663.1445067822851
<s> बेटी ने उन्हें बताया कि यह एक फ़्रॉड था. </s>,-104.0317359723741,-104.00323663017902,-171.0390661533411,-153.48452274965598,-153.46443267904687,-177.91119898392398,-162.4729646100569,-159.94058027374462,-191.14389314664697,-191.5720101831184,-190.56219689860666,-200.42690172218
<s> लेकिन ये शांतिबल वहां कोई ख़ास सुरक्षा नहीं दे पाए और लोग उन्हें कब्ज़ा करने वाली बाहरी ताक़त की तरह देखने लगे. </s>,-219.40754011961948,-219.344001724082,-346.5669745153141,-441.6365471091145,-441.6161430153836,-467.0155998479935,-573.5323173414688,-572.5174180724207,-584.8683888912533,-580.2514434344995,-580.2514434344995,-580.2514434344995
<s> प्रज्वल रेवन्ना पूर्व प्रधानमंत्री एचडी देवगौड़ा के प्रपौत्र हैं. </s>,-123.70517662816826,-123.7521594768401,-157.9416478002651,-246.38302599908405,-246.38507268995275,-248.2414951280535,-248.67919004335693,-248.67919004335693,-248.67919004335693,-221.04816892742838,-221.04816892742838,-221.04816892742838
"<s> दिनभर: पूरा दिन,पूरी ख़बर इस शोध की प्रमुख लेखिका और डॉ. </s>",-153.3413622539721,-153.3111969649661,-212.3096500053166,-286.71195482120123,-286.70792287650573,-289.4712155667864,-303.941232275214,-303.941232275214,-303.941232275214,-276.3102111592855,-276.3102111592855,-276.3102111592855
<s> अनेक में ये होता हुआ दिखता है. </s>,-79.38254062236246,-79.35753208518376,-130.7526499874271,-160.37868224712543,-160.37505591338083,-164.91026507666982,-193.41714781149983,-193.41714781149983,-193.41714781149983,-165.78612669557128,-165.78612669557128,-165.78612669557128
"<s> आपकी निजी ज़िंदगी में कुछ भी हो रहा हो उसे भूल कर सिर्फ खेल पर ध्यान होना चाहिए और 83 वर्ल्ड कप के दौरान बलविंदर जी ने वही किया, अपना दर्द छुपाकर जी जान से खेला. </s>",-323.5186086487032,-323.4108481276922,-531.3130942874525,-676.9013374256748,-676.8608318301442,-727.4891939412045,-857.5449772955875,-853.4756897496287,-902.660461511628,-925.6637334573282,-924.1682155630349,-936.1538445301372
"<s> एक पहलवान के मुताबिक़, एफ़आईआर दर्ज होने के बाद उन्हें धमकियां मिलने लगी थीं. </s>",-155.3221693956641,-155.28769604890155,-237.20176764758747,-293.25633164529063,-293.24276344673683,-315.93550781433544,-329.4867230021523,-327.96964929724663,-352.3115576091261,-327.9588059759627,-326.94178395877714,-338.58200020998436
"<s> अगर ये पिच एंटीगा की तरह बल्लेबाज़ों के लिए मददगार रही तो हो सकता है आपको आईपीएल जैसा रोमांच देखने को मिले, जहां चौके-छक्के की बरसात हो. </s>",-275.7102236546185,-275.6426305406793,-423.8702311973046,-565.6286404970825,-565.5990184844043,-604.6446313064987,-660.0185994224306,-657.5185460539919,-688.5009619974848,-689.0470218469623,-688.0383011237464,-697.7852821094091
<s> ऋषि कपूर के अंतिम संस्कार में कुल 20 लोगों के शामिल होने की इजाजत थी. </s>,-133.39345379516627,-133.34321238509264,-234.6755416189469,-209.4731449335326,-209.43652552120133,-245.546633059575,-248.94056324393384,-243.8741233437158,-299.3950395387926,-314.3592990127365,-311.84717131901743,-335.2811295631469
<s> इसे ईरान की उपेक्षा के तौर पर भी देखा गया था. </s>,-102.4315512263037,-102.39407647942508,-182.08370963267575,-178.5082448846338,-178.48633071339316,-205.18656668844994,-233.201087125399,-231.17017147929997,-257.9121127505806,-246.90450076784893,-245.89964622591293,-255.6889420608853
<s> भारत हर एशियाई खेलों में हिस्सा ले चुका है. </s>,-97.50072972544444,-97.46939736014109,-157.95784694158326,-177.91498367982445,-177.89950879376198,-192.07965379623562,-199.19877859533023,-197.6785964633966,-214.15812098846604,-221.04816892742838,-221.04816892742838,-221.04816892742838
"<s> ""  1990 के दशक में कानू में तलाक़ की दर में इज़ाफ़े के बाद शहर को इस नाम से जाना जाने लगा. </s>",-188.89191252465073,-188.9245894703789,-324.2094336109253,-401.0416894223409,-401.00571649455725,-438.81152736808207,-488.9444753008274,-485.4020676617079,-527.333115653366,-550.8902072571168,-549.8805370949027,-559.6301768302554
<s> भारतीय महिला पहलवान विनेश फोगाट पेरिस ओलंपिक से भारत वापस लौट चुकी हैं. </s>,-144.29365752392522,-144.25279427288316,-212.7160099564849,-264.2961103163551,-264.2897303972897,-274.5488523189588,-342.21684917494724,-341.7085025337467,-347.69624671726456,-331.57225339114257,-331.57225339114257,-331.57225339114257
<s> ये इधर आने के बाद कई हफ्तों तक मारे-मारे घूमते रहे छत के लिए. </s>,-150.49984950322235,-150.4564976893042,-237.28763118927208,-283.207585928742,-283.19764498888253,-301.96012411691174,-348.6008643663956,-347.59180772828705,-363.8195767964389,-345.2039603346077,-344.7033155714911,-348.8926427976202
<s> वो अभी भी विदेशी धरती पर एक जहाज़ में फंसे हुए हैं. </s>,-117.32290174206685,-117.28503435226455,-196.82051703820773,-214.03478052373848,-214.01898891497936,-232.86618040994972,-283.64120666852057,-282.1247096438482,-297.05121048046306,-303.941232275214,-303.941232275214,-303.941232275214
"<s> चूँकि हिंदी ठीक से बोल लेता हूँ, तो दर्शकों को मेरे साथ रिलेट करना आसान हो गया. </s>",-187.45476326141903,-187.41794065173906,-279.17803048223374,-372.9344826401429,-372.91719907583666,-385.0861501326868,-453.635451478538,-453.1287585162384,-458.2203452967923,-442.09633785485676,-442.09633785485676,-442.09633785485676
<s> विश्व के सबसे बड़े लोकतंत्र के नेता को एक ऐसे दिन पर मॉस्को में दुनिया के सबसे ख़ूनी अपराधी को गले लगाते देखना शांति प्रयासों के लिए बहुत बड़ा झटका है. </s>,-261.6537234896566,-261.60576777491383,-446.09219424220413,-518.5952002401903,-518.5442071352234,-574.9182084108647,-669.5437226135961,-663.9902187397543,-729.9839556007161,-758.3466093120248,-755.8382034878533,-777.3774740591174
"<s> केशव के दूसरे ओवर में रोहित शर्मा ने दो गेंदों पर दो चौके लगाए, अगले चार गेंदों में उन्होंने रोहित और ऋषभ को आउट कर दिया. </s>",-239.6420504038712,-239.56098506441498,-395.5622212240995,-445.24064168770695,-445.20697048267874,-479.3601260899164,-620.7569290997405,-617.7186996090348,-649.3644284997773,-676.88138274951,-676.3817333111618,-680.4648963089585
<s> जबकि कुछ तो अपनी कई गौरवशाली उपलब्धियों के बावजूद स्वास्थ्य के चलते या किन्हीं और कारणों से अपनी कम उम्र में ही पिछड़ गए. </s>,-206.78887684564145,-206.71438950381793,-355.3358480927705,-455.997733701449,-455.96227427674177,-494.2099965530563,-611.7355714743876,-610.2094902501265,-628.6233990583233,-620.3586821058835,-619.8510204344084,-625.2028513425238
"<s> ये तीनों क़ानून थे- भारतीय दंड संहिता (आईपीसी) 1860, दंड प्रक्रिया संहिता (सीआरपीसी) 1973 और भारतीय साक्ष्य अधिनियम (एविडेंस एक्ट), 1872. </s>",-333.1145897800952,-333.06689356730277,-405.93496899317086,-498.6602251484714,-498.6487299077868,-509.61623459153196,-530.2717224748594,-528.7491831899976,-545.7303709005627,-552.620422318571,-552.620422318571,-552.620422318571
<s> ये वीडियो असली भले न हो लेकिन देखने में ये बिल्कुल असली लगता है. </s>,-135.88784521966593,-135.84075448357385,-225.2573166399549,-284.73191526752646,-284.7206873839578,-302.15344171230515,-354.0454994762175,-353.0324325343016,-363.82025932858255,-359.2032745070711,-359.2032745070711,-359.2032745070711
"<s> वीडियोः शारदा और जनरथानन (बीबीसी हिन्दी के एंड्रॉएड ऐप के लिए आप यहां 
क्लिक
 कर सकते हैं. </s>",-205.9683760063617,-206.0351677114916,-291.09549055650206,-364.01734733815834,-363.99908879129487,-384.58904477708666,-419.62832431576425,-418.13896931290776,-435.2061788915324,-442.09633785485676,-442.09633785485676,-442.09633785485676
<s> कुछ यात्री तो ट्रेन की छत पर सवार होते थे. </s>,-100.63133363579038,-100.59671512113893,-170.71268385954983,-193.01094561974224,-193.00227412568614,-205.6842491933576,-258.55721378241844,-258.0472392592086,-264.8031559333459,-248.67919004335693,-248.67919004335693,-248.67919004335693
"<s> जो मज़ा अपने हीरो को बड़े परदे पर देखने का है, वो मोबाइल में नहीं है. </s>",-165.2930092792845,-165.24489672042856,-263.7486466428452,-329.6122757524726,-329.60508534376635,-343.39806500402835,-442.09633785485676,-442.09633785485676,-442.09633785485676,-414.4653167389282,-414.4653167389282,-414.4653167389282
<s> बीते कुछ सालों में इसरो ने दूसरे देशों के पेलोड्स या सैटलाइट को अंतरिक्ष ले जाकर पैसे कमाने का भी काम शुरू किया है. </s>,-227.53995632980923,-227.47195134927856,-370.03208796746844,-416.3044189074614,-416.2712382043036,-452.15556625857664,-530.2121458014444,-526.1537379085557,-571.088297188387,-607.2213395864545,-606.2180630220555,-614.8922217065375
<s> कुछ रोबोट तो उन्हें बनाने वालों की तरह ही दिखते हैं. </s>,-109.3227519926524,-109.28574637609036,-184.46296925349063,-227.49818850569727,-227.4813163641585,-247.32120701212082,-269.6643898211008,-268.65328400260887,-280.9270437998503,-276.3102111592855,-276.3102111592855,-276.3102111592855
<s> ये कई भाषाओं में बात करने में सक्षम हैं. </s>,-88.36833822634293,-88.33696295814038,-156.11373416776868,-143.05236431770714,-143.03618880951052,-163.97907669141517,-165.859730399314,-163.3302309267179,-191.14398847426023,-221.04816892742838,-221.04816892742838,-221.04816892742838
<s> मंगलवार को हुई नीलामी ने तनकीब के ख़्वाबों को पूरा करने की दिशा में अहम कदम बढ़ा दिया है. </s>,-183.88874193562745,-183.91225267499252,-301.3765024750463,-347.13184787335035,-347.1021475839081,-384.102565399516,-413.8906391909461,-410.8354928052331,-455.94625416437617,-436.77104840461993,-434.7490237677622,-456.11583176303003
<s> मैं यहां एक ऐसे व्यक्ति के रूप में आया हूं जो आपकी मदद करना चाहता है. </s>,-139.0544114727789,-139.0006633164007,-250.48850215985124,-219.91474066496983,-219.87464908046707,-259.10380156194617,-355.34715941443704,-352.8117259953176,-384.5577687655667,-372.06238932369456,-370.5626706712627,-383.53341989772343
<s> जिसने अपनी प्रारंभिक रिपोर्ट दी है. </s>,-75.45155249002778,-75.42961248051445,-118.57308708929199,-136.5305321450041,-136.5321533753596,-137.28399319151305,-165.78612669557128,-165.78612669557128,-165.78612669557128,-138.15510557964274,-138.15510557964274,-138.15510557964274
<s> उन्हें ख्याति मिली 2014 में जब उन्होंने श्रेया घोषाल के ग़ज़ल एल्बम हमनशीन के गाने लिखे. </s>,-184.6324230235703,-184.59468479272235,-263.678718635484,-371.27455794388845,-371.2639660039305,-385.50451793747214,-411.1955684996469,-410.1909062692765,-419.0823191555139,-414.4653167389282,-414.4653167389282,-414.4653167389282
<s> इसके बाद मुख्यमंत्री धामी ने एम्स ऋषिकेश जाकर जनपद चमोली की दुखद घटना के छह घायलों का हालचाल जाना. </s>,-184.87584903355108,-184.81594822969402,-290.33841628933897,-363.8263801050344,-363.8147612231918,-384.0335488927598,-487.02619157809573,-486.0189120374647,-501.9718285788244,-482.6543766404535,-482.14921837615253,-487.04774714522614
<s> देखते हैं दूसरे लोग क्या कहते हैं. </s>,-77.91094465971227,-77.88564185328845,-131.53640053233397,-145.62331039501547,-145.61629202630277,-150.878659838182,-177.70553058591605,-177.20074595057108,-181.9101372191812,-165.78612669557128,-165.78612669557128,-165.78612669557128
<s> इसके साथ ही ड्रेजिंग के जरिए नदी की गहराई बढ़ाई जाएगी. </s>,-114.66218760744525,-114.6440841091456,-183.02992963479326,-222.41584604991246,-222.39848577796369,-247.14648714746804,-262.26730740844215,-261.2536879366899,-280.9249712710356,-256.8047985320753,-256.29424220130784,-265.9992847294555
"<s> मेडल मिलना, ना मिलना भाग्य की बात है. </s>",-112.91636773136929,-112.89157763454816,-158.72231752783526,-215.49892723185727,-215.49787471088501,-220.57051807293286,-221.04816892742838,-221.04816892742838,-221.04816892742838,-193.41714781149983,-193.41714781149983,-193.41714781149983
"<s> वो लिखते हैं, ""अगर आपका लक्ष्य उससे प्रतियोगिता करने का है, तो आपको अपनी अर्थव्यवस्था 10 गुना बढ़ानी होगी. </s>",-243.54023230449684,-243.490117879903,-335.91024383258684,-454.4693827197108,-454.4626213030388,-468.3627745182084,-509.4574091542056,-508.95399439553694,-513.4823917038511,-497.35838008671385,-497.35838008671385,-497.35838008671385
<s> इस सीट पर शिव सेना (शिंदे) के रविंद्र वायकर ने अपने निकटतम प्रतिद्वंद्वी शिव सेना (उद्धव ठाकरे) अमोल कीर्तिकर को महज़ 48 मतों से हराया. </s>,-298.18464173649465,-298.24734706134575,-399.0717003009854,-556.9979568121421,-556.9810862086723,-577.8270448377278,-624.1317443087931,-622.1186322761461,-644.7473856279807,-633.7749540771159,-632.771029628917,-642.5232374434747
"<s> उन्होंने रोहित शर्मा और विराट कोहली के अंतरराष्ट्रीय टी-20 क्रिकेट
से संन्यास लेने पर भी टिप्पणी की है. </s>",-177.5907481160266,-177.53443023316402,-289.5607250673189,-296.9360723340548,-296.90424927424004,-328.35540118445317,-397.00733723039207,-393.95988114735155,-428.31622259261917,-426.9973784269971,-425.4915521975969,-438.7954622497487
<s> अब एक साथ यह नाराज़गी फूट पड़ी है. </s>,-92.2445278352412,-92.21984899406534,-144.83105622660688,-178.17555710341756,-178.16358526518607,-192.49261860172246,-203.15937821132036,-202.6514927265353,-209.54110604769835,-193.41714781149983,-193.41714781149983,-193.41714781149983
"<s> दरअसल,  शेख़ हसीना और उनकी पार्टी आवामी लीग को भारत समर्थक नेता के तौर पर देखा जाता रहा है. </s>",-199.44876020185177,-199.40890059678466,-304.5988600828836,-385.07982439267647,-385.0553734502122,-412.2280926455533,-422.98919977371804,-419.94981249761787,-455.946263972441,-452.0868534457532,-450.56693309863556,-466.42647558267015
"<s> 2023 में वर्ल्ड एथलेटिक्स चैंपियनशिप में जब नीरज, नदीम पहले और दूसरे नंबर पर आए थे, तब भी सरोज देवी की कही एक बात चर्चा में आ गई थी. </s>",-283.64276446258185,-283.5571415714823,-450.38713586706757,-542.1115156660762,-542.083617831219,-576.290370413097,-715.9545021165007,-713.4169780094927,-743.7643564160313,-745.7680185176202,-744.7682933419386,-753.0473278571365
<s> बिभव कुमार के पिता महेश्वर राय ने कहा है कि उनका बेटा बिलकुल निर्दोष है. </s>,-160.955245651886,-160.9096520786239,-250.19249021047617,-295.6848365830539,-295.660868705443,-329.35857562993385,-305.1128916985173,-302.0880692422491,-345.4205475305288,-325.7628055161946,-323.75681559720033,-345.591509424271
"<s> ""   सनी देओल पहले भी ब्लॉकबस्टर देते रहे हैं लेकिन उनकी फ़िल्मों के लिए मुक़ाबले भी उतने ही मुश्किल रहे हैं. </s>",-191.55897403459355,-191.49450290081643,-317.3011977939846,-407.98506659541454,-407.9635297502202,-438.8524009468655,-514.1667725422885,-512.1473626356292,-534.2233152797385,-552.620422318571,-552.620422318571,-552.620422318571
"<s> '' तेजस्वी यादव ने कहा, ''बिहार में हर परिवार को 200 यूनिट प्रति महीना बिजली फ्री मिलेगी. </s>",-220.1182068699471,-220.07135563722244,-306.9076763953746,-372.68062440327543,-372.6760427979545,-385.0710487681073,-436.43845695547145,-435.42463123036214,-446.71329563767813,-442.09633785485676,-442.09633785485676,-442.09633785485676
<s> यहां ग्रह कैसे बनते हैं- जैसे बुनियादी सवालों का जवाब मिल सकता है. </s>,-155.4516931821983,-155.41117864112468,-226.94211224913576,-304.2913994163424,-304.28243580198784,-316.6296965675861,-341.4817337508851,-340.9717560268267,-347.69622087160093,-331.57225339114257,-331.57225339114257,-331.57225339114257
"<s> "" ""इससे मलेशिया के नियोक्ताओं की ईमानदारी का मुद्दा भी जुड़ा है. </s>",-141.91822568558075,-141.88425108449385,-210.03727851881447,-255.48603628108975,-255.48451972541073,-260.9642118060297,-315.10959983202486,-314.60171342029196,-320.0652353431899,-303.941232275214,-303.941232275214,-303.941232275214
<s> अख़बार ने इस रेसलर के पिता से भी बात करने की कोशिश की लेकिन उन्होंने कोई जवाब नहीं दिया. </s>,-152.35027081415205,-152.28996334168735,-286.9380267344356,-296.6787140475795,-296.64319693518763,-341.96192772383006,-383.60107867805846,-379.54073690935905,-432.93209334997147,-434.94988607508975,-432.9290305430406,-456.1157944716165
"<s> वो कहते हैं, ""सोशल मीडिया एल्गोरिदम नियमित और लगातार पोस्ट की गई चौंकाने वाली या अपमानजनक सामग्री को पुरस्कृत करते हैं. </s>",-237.45204255172848,-237.39391676567791,-346.9236759217777,-463.51424620247417,-463.4976286006816,-481.5092383568142,-546.9854046275874,-545.9701056660143,-557.2373945151586,-552.620422318571,-552.620422318571,-552.620422318571
"<s> इलाहाबाद हाई कोर्ट के रिटायर्ड चीफ़ जस्टिस गोविंद माथुर ने कहा, “मैं मानता हूँ कि एक स्थल के धार्मिक चरित्र को तय करने के लिए कोर्ट की ओर से सर्वे का आदेश दिए जाने की ज़रूरत नहीं थी. </s>",-355.763845965124,-355.6544685066663,-567.6907726766125,-616.1992835718357,-616.1406788790964,-683.9516089842244,-854.0066358878888,-848.4508390143457,-923.3928824558941,-963.2244304238009,-961.2032562145502,-981.1052459773538
"<s> वो बताते हैं, ""दिलीप कुमार हमेशा कहा करते थे कि हमारे कर्ता धर्ता ये लोग हैं. </s>",-194.68431418597564,-194.64736898048062,-281.1437585903738,-341.33808993855496,-341.3295037678079,-357.43386774138384,-393.6311927801064,-392.11379358405986,-407.57528947681624,-399.7238736697368,-399.2178241694765,-404.15468370725733
<s> आबादी घनी होगी तो ज़मीन पर भार बढ़ जाएगा. </s>,-106.80204780281906,-106.7731993455124,-158.558522716076,-219.67102944883322,-219.67372760007677,-220.1769832999963,-248.67919004335693,-248.67919004335693,-248.67919004335693,-221.04816892742838,-221.04816892742838,-221.04816892742838
<s> अगर किसी पहलवान का वजन बॉर्डर लाइन पर है तो उसे तनाव का सामना करना पड़ता है. </s>,-154.53063707655357,-154.4742672070903,-263.91943866279985,-306.2607660385495,-306.2288731052115,-342.8814771572156,-378.68302012758545,-376.14240383629215,-412.19128070629995,-411.7871195053082,-410.7845171390851,-421.4750541521854
"<s> हज यात्रियों को अक्सर भीषण गर्मी में लंबी लंबी पैदल यात्रा करनी पड़ती थी, जिसके लिए यात्री रोड ब्लॉक और खराब व्यवस्था को जिम्मेदार ठहराते हैं. </s>",-267.1404546866659,-267.0606110342848,-399.67287135939324,-490.37641086982603,-490.3595891341033,-507.45982559762354,-685.7656162801469,-684.7511197818371,-695.3925146081831,-690.7755278982137,-690.7755278982137,-690.7755278982137
<s> एल्विश और उनके साथ पांच अन्य लोगों को पिछले साल नवंबर में गिरफ़्तार किया गया था. </s>,-155.20330050918795,-155.15412632872804,-263.7485233400862,-267.20355547986946,-267.17524642576404,-301.1121839371182,-340.66952847275644,-337.62109822980227,-373.05414368019484,-399.2871569196317,-398.77941640815607,-404.15468232494436
"<s> "" इसी गांव में लोगों ने आटा पीसने के लिए गधे से चलने वाली चक्की भी बना रखी है. </s>",-173.85598310977832,-173.80466838947518,-288.9431963975864,-379.0378256733563,-379.0113486026032,-411.7502828291062,-457.9214941464682,-455.8937210927671,-478.96125246941983,-497.35838008671385,-497.35838008671385,-497.35838008671385
"<s> आप हमें 
फ़ेसबुक
, 
ट्विटर
, 
इंस्टाग्राम
 और 
यूट्यूब
 पर फ़ॉलो भी कर सकते हैं. </s>",-143.35369734460264,-143.32301517699264,-236.10557484266386,-286.5948987191067,-286.58535769516754,-301.71004620236556,-365.39580932715285,-363.8824411873524,-379.9442013630169,-386.83429562299966,-386.83429562299966,-386.83429562299966
"<s> ऐसा नहीं है, परफ़ेक्ट कपल वो होते हैं जिनमें थोड़ी बहुत लड़ाइयाँ होती हैं, इनसिक्योरिटी होती है, प्यार होता है, जिनमें डर होता है, जिनकी फ़िक्र होती है, एक-दूसरे के बिना रहा नहीं जाता है. </s>",-480.09338596664395,-480.1277636572144,-621.2190196227677,-849.9658061580676,-849.9543551458906,-868.3722094334438,-933.4819763405687,-932.4708760226481,-944.071645506157,-939.4547179415706,-939.4547179415706,-939.4547179415706
"<s> एक बार फिर से फायर एक्सटिंग्विशर लाया जाता है, लेकिन आग बुझाने में लोग सफल नहीं हो पाते और एक मिनट के भीतर ही आग तेजी से फैलने लगती है. </s>",-275.11890651539517,-275.07620763133525,-450.21106689931105,-495.36465255442124,-495.319631696343,-547.659764946162,-637.4239608996878,-631.8421416388236,-702.3517389734582,-766.2118648185423,-765.1912385421921,-780.6782442815535
<s> प्रदर्शनकारियों में अधिकांश छात्र समूह थे जो सरकारी नौकरियों में आरक्षण के ख़िलाफ़ सड़कों पर उतरे थे. </s>,-162.0767063379135,-162.02102484751646,-262.70159131620267,-313.51561815264074,-313.49522231420855,-328.95147509030835,-406.38362069309,-404.36364622791075,-423.6993102393783,-442.09633785485676,-442.09633785485676,-442.09633785485676
<s> रिचर्ड निक्सन के चुनावी रणनीतिकारों ने पूरे देश में नागरिक अधिकार आंदोलन से नाराज़ गोरे मतदाताओं को आकर्षित करने के लिए कंट्री म्यूज़िक का इस्तेमाल करने की रणनीति बनायी थी. </s>,-278.9173315200583,-278.84110008760507,-433.87429770264845,-556.5523451669018,-556.5226247745574,-603.2743956388492,-683.5556274682308,-679.4881031950772,-736.8686696257176,-739.5519053819723,-737.5188355129169,-760.057068575753
<s> अल्टीमेट फाइटिंग चैंपियनशिप के प्रमुख डाना व्हाइट ने परिचय भाषण दिया और रेसलिंग लीजेंड हल्क होगान ने अपनी शर्ट फाड़ कर लोगों को आकर्षित करने की कोशिश की. </s>,-295.1344029204568,-295.09797157320577,-423.9485096608854,-610.4251381436194,-610.3944663834696,-646.7591728991167,-687.2445594073506,-684.7109317947819,-716.1330461027972,-718.613927393668,-717.6191309213401,-725.4163073121646
<s> श्रीलंका के एक भरोसेमंद सहयोगी होने पर भारत को गर्व है. </s>,-107.18103117176398,-107.14415614531774,-182.54545525264575,-211.8573783065943,-211.83916472471554,-233.2730721517475,-270.03354048283256,-269.0158569041272,-280.92717381268574,-276.3102111592855,-276.3102111592855,-276.3102111592855
<s> इसके साथ ही सभी तरह की हिंसाओं में बढ़ोतरी हो गई. </s>,-104.17520676606054,-104.16429575772604,-182.63553139328587,-189.48899109965274,-189.46587498889744,-219.07648479826835,-211.20816585983317,-208.6713740111409,-246.4038778618784,-242.21784006543498,-241.20225455233975,-255.68865205839836
<s> इसराइल ने कहा है कि इसमें नौ लोग मारे गए हैं. </s>,-105.42088206031804,-105.38463959132959,-183.2517374813479,-192.5843379701656,-192.57035860150808,-218.84548296628063,-226.00680687031274,-223.9911830838476,-257.91046566314446,-256.9320042460781,-256.4214102711129,-265.9993200889103
<s> मैंने अपने पूरे करियर में केवल लोगों का कॉग्निटिव टेस्ट ही किया है. </s>,-124.40505299739576,-124.39783826864547,-210.4046545042285,-256.5370489108635,-256.5207817270931,-274.54122611176786,-342.31696512997047,-341.80837900239624,-347.6962490035715,-331.57225339114257,-331.57225339114257,-331.57225339114257
"<s> इंफ्लुएंसर लोगों की तरह, दोनों अकाउंट में असत्यापित और झूठे दावे पोस्ट करने का इतिहास रहा है, जैसे कि पेंटागन के पास एक विस्फोट की फोटो जो एआई-जनित साबित हुई थीं. </s>",-327.60618130543855,-327.5792700512939,-490.9799727893328,-644.154957339062,-644.1386349189582,-673.547049887956,-822.4053187058286,-821.3970950738217,-833.547470392652,-828.9306334778564,-828.9306334778564,-828.9306334778564
<s> बढ़ती आबादी भारत के सामने एक विकराल रूप धारण कर रही है. </s>,-117.91364999822758,-117.87357716026904,-197.32792295296946,-212.0651946839939,-212.047751869525,-232.82266565422054,-263.64472539896576,-261.61157004594384,-285.544128315212,-288.86843197991743,-288.3610338016857,-293.6305982518836
"<s> वह बताते हैं, ''वह बेंगलुरु में रहती थीं जो एक बड़ा शहर है. </s>",-164.4236989171747,-164.38596819241607,-239.74509093227886,-244.8505947905191,-244.83545579074237,-260.49403158529867,-327.4611114151162,-326.45283548394247,-336.1892490481383,-331.57225339114257,-331.57225339114257,-331.57225339114257
<s> पेरिस ओलंपिक के पहले दोनों स्वर्ण पदक चीन के नाम रहे हैं. </s>,-117.86147479634133,-117.82094277985833,-196.52929653902888,-242.1016928989752,-242.08335840165643,-260.9198090843349,-331.57225339114257,-331.57225339114257,-331.57225339114257,-303.941232275214,-303.941232275214,-303.941232275214
<s> 54 मीटर की थ्रो करके रजत पदक जीतकर सभी को हैरत में डाल दिया था. </s>,-152.51096013439604,-152.4628746903928,-237.02183233977573,-302.771603988637,-302.7609572380421,-315.78223146248024,-364.9014727578017,-363.38341068992236,-379.94419549804303,-358.62826501634345,-357.62478838253594,-366.21303193363315
"<s> "" उनका मानना है कि अब गैंगस्टर और ग्लैमर का कॉकटेल भी दर्शकों को उतना नहीं लुभा पाता जितना पहले लुभाता था. </s>",-211.23609096329875,-211.18581006659699,-330.0894454280321,-487.4702245151965,-487.456672799709,-508.9265657485667,-535.8882186954165,-533.8728625560029,-561.8536597806175,-549.8485897724383,-548.8384988279307,-559.6301672743276
<s> फ़िल्म का संगीत भी शानदार है. </s>,-73.27840806397867,-73.25654980643138,-117.4523615526551,-135.86755554843,-135.86437654968438,-137.2840938010121,-165.78612669557128,-165.78612669557128,-165.78612669557128,-138.15510557964274,-138.15510557964274,-138.15510557964274
"<s> दागिस्तान के समाजशास्त्री रसूल अब्दुलखालिकोव ने कहा- यहूदियों के ख़िलाफ़ जो हिंसा हुई, उसके पीछे स्थानीय प्रशासन का फ़लस्तीन के समर्थन में रैली निकालने की इजाज़त ना देना शामिल है. </s>",-353.5239887903489,-353.47771902468145,-491.40886223939003,-686.9314875527044,-686.9151789986495,-702.1858872127525,-809.7647493066123,-809.2543064846094,-817.4234188197988,-787.6217496691736,-787.1248556051324,-790.9889809830269
"<s> "" बुमराह पिछले वर्ल्ड कप में चोट की वजह से भारतीय स्क्वॉड का हिस्सा नहीं बन पाए थे लेकिन इस बार वह टीम के मज़बूत पिलर हैं. </s>",-231.61052226725778,-231.52665344815978,-396.09991840971526,-455.3298499889312,-455.28163850063834,-506.9068156224857,-559.777608333836,-554.2070503243036,-619.4583076265002,-648.0478147904278,-645.5446364941367,-666.8533892949158
<s> 64 साल के मणिन्द्र दास सिलचर में रहते हैं. </s>,-119.20033627581648,-119.18292358344593,-170.48753766658996,-226.69814893305045,-226.6926973754433,-234.19229471560874,-248.67919004335693,-248.67919004335693,-248.67919004335693,-221.04816892742838,-221.04816892742838,-221.04816892742838
"<s> करण बिग बॉस के अपने अनुभव के बारे में बताते हैं, ''बिग बॉस में चिंता भी होती है कि हम लोग यहाँ क्या कर रहे हैं और बाहर उसका क्या हो रहा है हमें नहीं पता. </s>",-311.1741567965341,-311.0638296826974,-540.477508876761,-530.91547455849,-530.8546291365333,-614.4846377493836,-721.0766556439316,-713.4860156774652,-822.1017118511836,-859.6235498277098,-856.0885474213865,-894.911244851618
<s> '' दक्षिण चीन सागर टकराव की आशंका वाला बेहद ख़तरनाक इलाक़ा बन गया है. </s>,-171.94362288957012,-171.9097549679764,-239.90959053637476,-335.4168936079839,-335.40657672600133,-344.2884224653945,-369.9382447139619,-369.4292638119887,-375.32726992062874,-359.2032745070711,-359.2032745070711,-359.2032745070711
<s> 20 लाख से अधिक और कंबोडिया में 1 लाख लोगों को कई तरह के ऑनलाइन स्कैम करने के लिए मजबूर किया जा रहा है. </s>,-189.84311717471525,-189.76955598533826,-353.37894595197565,-353.8506565329037,-353.7972093613959,-423.31048280336347,-414.60434480205464,-407.53043291196053,-502.0385321321663,-533.7181146400235,-530.2034500022216,-563.3390479839412
<s> दूसरी बात ये है कि टिकट मांगने वालों में से ज्यादातर लोग यह मानकर चल रहे हैं कि उनके लिए विधायक या सांसद बनने का यह आखिरी मौका है. </s>,-231.63093913942436,-231.53662633159755,-422.6224202577641,-406.9671060278108,-406.93557824999874,-463.53248796073785,-594.0193470452746,-587.9565849893904,-663.2144135775428,-701.3699853810845,-698.8704314748645,-722.1154013867849
"<s> यूक्रेन के पास ऐसा करने के लिए हथियारों की कमी हो गई है, जिससे यूक्रेन के शहरों पर मिसाइल हमले का ख़तरा बढ़ गया है. </s>",-230.8558727637363,-230.78042210821107,-381.2409444297349,-426.3758582206379,-426.3569061241578,-465.09040081820365,-601.7369350142221,-599.2077947889962,-633.234965882752,-632.0473640588973,-631.0308380492768,-642.52323218469
<s> लंच ब्रेक के दौरान फैंस लॉस एंजेलिस में स्थित बेस स्पोर्ट्स बार में जमा हो गए. </s>,-158.94387903047797,-158.8935125625069,-249.62754864165785,-325.300544516889,-325.28612242317104,-343.33798000516646,-410.2147291220211,-409.20409715566024,-419.0823109045384,-414.4653167389282,-414.4653167389282,-414.4653167389282
"<s> ये भी पढ़ें दीप्ति नवल: पर्दे की मासूमियत से ज़िदगी की असली कहानी तक अमिताभ बच्चन और दिलीप कुमार जब पहली और आख़िरी बार एक साथ पर्दे पर आए मल्लिका को अब फ़िल्में क्यों नहीं मिलतीं, उनका जवाब दिलचस्प है (
बीबीसी हिन्दी के एंड्रॉएड ऐप के लिए आप 
यहां क्लिक
 कर सकते हैं. </s>",-524.5707514867164,-524.480900050953,-797.634181607309,-1083.4653886446845,-1083.4072598016473,-1140.2438833458928,-1359.256204558416,-1355.2357678296116,-1400.01881278357,-1448.9024022268968,-1448.393732755986,-1454.1334830173646
<s> इससे ऐसी पेस्ट कंट्रोल कंपनी ढूंढने की कोशिश की जा रही है जिससे अधिकारियों को चूहों से निपटने में मदद मिल सके. </s>,-189.93130938056825,-189.86094198721844,-328.1662574327889,-403.1793431990091,-403.1443013547539,-452.77043200796925,-444.1027249849244,-439.54049765222067,-504.3139232903016,-498.3435623160207,-495.806565023521,-528.6978720668715
"<s> टीडीपी के 
राममोहन नायडू
 आंध्र प्रदेश की श्रीकाकुलम सीट से लोकसभा सांसद चुने गए हैं 17. </s>",-164.31141743966856,-164.2781517658677,-249.82656191361679,-311.1086383207852,-311.0984421991789,-329.3353249950946,-362.1293345219573,-359.60085497473494,-384.5612692861631,-414.4653167389282,-414.4653167389282,-414.4653167389282
<s> साथ ही केंद्र सरकार को जांच का ज़िम्मा केंद्रीय संस्थानों को सौंपने का अधिकार भी होगा. </s>,-144.4401225527877,-144.41215442694224,-249.31676899854946,-269.8250782629718,-269.7967246910483,-301.19879576451206,-323.71412006733567,-320.17594535252266,-361.54515687648177,-387.2654165120076,-386.27440323627246,-393.8440541013421
<s> पहले मैच में बांग्लादेश को सात विकेट से हराया. </s>,-87.65157721923157,-87.62001559439462,-155.85403898594043,-145.87854020591692,-145.85778730598093,-164.0162748255385,-150.5969631905525,-147.55786370734455,-179.63704935029355,-177.8686204566676,-176.36287367976115,-190.11627079402757
<s> लेकिन इस बार पेरिस ओलंपिक में इन दोनों खिलाड़ियों को अनुमति मिली है. </s>,-122.92680429461097,-122.88297013377772,-210.55267229662766,-218.94334725887805,-218.919840835624,-246.39902689556027,-288.8545480487395,-286.82599445575534,-313.17487866994065,-315.05915143186525,-314.5491785806827,-321.2616080389249
"<s> (
बीबीसी हिन्दी के एंड्रॉएड ऐप के लिए आप 
यहां क्लिक
 कर सकते हैं. </s>",-156.86930548031557,-156.8371229924607,-237.12358592618858,-281.1242839903727,-281.1060254435092,-301.69598142930096,-336.7352609679786,-335.2459059651221,-352.31311554374673,-359.2032745070711,-359.2032745070711,-359.2032745070711
<s> सरगैसम के बारे में विस्तृत जानकारी के लिए बीबीसी ने बात की चौनमिन हू से जो फ़्लोरिडा यूनिवर्सिटी में समुद्र विज्ञान के प्रोफ़ेसर हैं. </s>,-246.22193745228833,-246.19916787940488,-379.62282003407444,-469.7782947161772,-469.75029051556646,-507.73216617371855,-557.1818549974364,-554.1412058539851,-594.0984955408028,-591.1464094930983,-589.6331034094753,-604.5815842274595
<s> इसी के साथ देश में बीजेपी का उदय हुआ और 'हिंदुत्व' की राजनीति तेज़ हुई. </s>,-149.1162488232292,-149.06963699114056,-248.5589375389101,-253.65904100012457,-253.6324134912817,-287.42033229186995,-310.6122472869643,-307.57838711056087,-345.42271336571525,-354.3976876945642,-353.38141446235716,-366.2129807591658
"<s> (बीबीसी हिन्दी के एंड्रॉएड ऐप के लिए आप यहां 
क्लिक
 कर सकते हैं. </s>",-145.33706314921616,-145.30764988992308,-223.52683051348782,-253.49326287444416,-253.47500432758068,-274.0649603133724,-309.10423985205,-307.6148848491936,-324.6820944278182,-331.57225339114257,-331.57225339114257,-331.57225339114257
"<s> ” साक़ी उस दिन के बारे में बताते हैं, “मैं घबरा गया कि क्या माजरा है? </s>",-225.04728306276348,-225.00806682904835,-306.4934157609769,-329.75239741251943,-329.7315310749593,-357.3257243323219,-368.94215304465797,-366.91216068340407,-396.06448496568237,-398.04213624961244,-397.5329500805135,-404.1546726488407
"<s> "" सर्जरी ख़त्म होने के बाद इलेन ने पैर लंबे करने के लिए कष्टप्रद व्यायाम किए, ताकि रॉड पूरी तरह फिट हो जाए. </s>",-249.66595429201382,-249.60461335261152,-371.8956651907339,-487.8748365340758,-487.8620171239081,-521.9609279582008,-576.1178417829284,-574.6008980470012,-600.9854678241915,-594.3529590595277,-593.8582633986649,-597.5718332917265
"<s> जब उनका जन्म हुआ तब कौन जानता था कि परिवार के दस बच्चों में मुकेश अपना ही नहीं, पूरे खानदान का नाम ऐसा रोशन करेंगे कि उन्हें हमेशा याद किया जाता रहेगा. </s>",-286.441589606817,-286.3420538915574,-478.92754284787657,-573.7124671756746,-573.6729374837166,-616.9852475852882,-803.5815176433501,-801.0524821719465,-826.6575969021322,-856.561654593785,-856.561654593785,-856.561654593785
<s> तंगधार में फंसे एक BSF जवान और गंभीर रूप से बीमार तीन आम नागरिकों को हेलिकॉप्टर से श्रीनगर लाया गया. </s>,-191.2833094331936,-191.23109069603734,-302.9898365272203,-421.30235108941014,-421.284158381485,-439.85977083521686,-483.5244801818917,-481.49433110196816,-506.59195326709425,-495.0652543627773,-494.05201926438286,-504.36813333628857
<s> 'पठान' ने पहले दिन भारत में 57 करोड़ रुपये की कमाई की. </s>,-129.75538237154726,-129.71765173060228,-210.3630638010039,-222.43041342102893,-222.4091074931995,-246.87527624190525,-278.72214174983844,-277.19534131131314,-297.0509902111677,-288.8515415888015,-288.3441251988155,-293.6305981917848
"<s> उन्होंने कहा कि फिलहाल पहले चरण में जाति सर्वे के लिए 10 दिनों का वक्त रखा गया है, ज़रूरत पड़ी तो इसे चार या पांच दिन के लिए बढ़ाया जा सकता है. </s>",-273.4085958573572,-273.3079713056784,-476.7496335156792,-502.87223418318735,-502.8237749854964,-573.6182598481191,-687.4535538959616,-681.9470987120268,-757.6060566070461,-808.2184355276651,-806.7133329376185,-825.6286912661972
<s> उनके फोन नंबर हासिल करके अपने व्हाट्सएप ग्रुप में शामिल कराना भी हमारी ज़िम्मेदारी है. </s>,-148.9108209036178,-148.8617585445424,-238.71540652389155,-286.90956702152187,-286.8998751399948,-301.7153997237082,-383.74480003907365,-382.7405699572744,-391.4512993318301,-386.83429562299966,-386.83429562299966,-386.83429562299966
<s> मुख्यमंत्री स्थिति पर नज़र रख रहे हैं और असम सरकार संबंधित अधिकारियों के साथ संपर्क में हैं. </s>,-144.62072294590413,-144.56405486683892,-262.0873449284992,-275.8396108832501,-275.80808652465197,-314.4750636018961,-364.4059353424293,-361.3752638525625,-400.68457296106186,-400.0859003743855,-398.5881164548445,-411.16444203533035
<s> मगर 1970 के दशक में मनुष्यों की अंतरिक्ष यात्रा का महत्व कम क्यों हो गया? </s>,-142.82647465726555,-142.77745167522576,-235.48972047981565,-302.00066451790974,-301.9887471128281,-315.78437227331307,-379.2689654382709,-378.2504942985233,-391.4511629505451,-372.0238598325726,-371.51749150407574,-376.523662411027
"<s> जैसा कि कमेंट्री में पॉमी मबांग्वा ने कहा, “ये रात रेस में बने रहने की रात है. </s>",-230.23735863623452,-230.19515240317915,-318.66528825567104,-379.5334173614083,-379.51315461281513,-399.10271603811026,-417.1125740961391,-415.58424197308875,-435.2061696385614,-428.2593555073197,-427.7603701508731,-431.78570632570234
"<s> इससे इतना तेज़ झटका पैदा हुआ, जो 160 किलोमीटर दूर तक महसूस किया गया. </s>",-165.93560249370674,-165.89259733306062,-240.7532072209931,-346.2477747435135,-346.2362877626976,-358.2853103295503,-371.4988326945798,-370.9968623985373,-375.3272871182815,-359.2032745070711,-359.2032745070711,-359.2032745070711
<s> हनीफ़ तो उस उम्र में पराठे तक बना लेता था. </s>,-114.43501233811347,-114.45573111725668,-171.20796733751052,-228.9856027284557,-228.98507885965697,-233.76924686011785,-260.9320114851679,-260.42955768979266,-264.80320245573137,-248.67919004335693,-248.67919004335693,-248.67919004335693
<s> 5 फ़ीसदी से बढ़ाकर 25 फ़ीसदी तक कर दी गई है. </s>,-114.04277018752958,-114.00688631971893,-184.6515477246796,-243.8802075196868,-243.86582579257546,-261.3239112126907,-267.7437008679866,-266.7298844187354,-280.92648119819773,-262.66737824519214,-262.1709427812588,-265.9995798104329
"<s> बरज़ान का कहना था, ''तीन दिनों में एक शख़्स ने 170 या 180 लोगों को तुर्की से इटली भेजा, उसके पास अब भी ब्रिटिश पासपोर्ट है. </s>",-308.35395594993366,-308.3236807463502,-439.78846593453324,-605.6400249643109,-605.6244801097913,-633.5894260634483,-702.0802027942888,-701.5732339526007,-706.8995327556148,-690.7755278982137,-690.7755278982137,-690.7755278982137
<s> पूरे देश ने भी मेरे बेटे की सफलता के लिए दुआएं कीं. </s>,-110.45698897873174,-110.41775620833786,-195.3641833802831,-188.09774325423786,-188.07035978546202,-218.36164739854812,-247.8270320064951,-245.2928487217442,-274.03708869612603,-288.40486921763625,-287.89620588287215,-293.63059617841714
<s> युआन वांग 5 नाम के चीनी नौसैनिक जहाज़ का 16 अगस्त को श्रीलंका के हंबनटोटा बंदरगाह पहुँचाना भारत के लिए एक नया सिरदर्द बन गया है. </s>,-249.89910101429817,-249.84528484740778,-382.11162227155654,-529.0990896335571,-529.0775222338629,-563.0742467035484,-629.5814865750746,-627.0715989185929,-660.870011232664,-660.1786728793438,-659.1629450654324,-670.1542578081496
<s> ये सभी मिलाकर उत्तर प्रदेश की कुल आबादी में 8. </s>,-98.10773354374834,-98.07304492637283,-170.16408007350807,-184.0603289807292,-184.04161271826086,-205.63909815276193,-207.34763840601698,-205.321363558813,-230.28191153747628,-235.0012679430224,-234.50433427617006,-238.3685586644541
"<s> उन्होंने सीएनएन से कहा, ''इस तरह की घटना दोबारा नहीं हो सकती. </s>",-151.8180653035364,-151.7849990123912,-225.0161247913639,-268.9728082910359,-268.9605710111656,-288.8626216122113,-314.50975379101584,-314.00136110581445,-320.06522371261156,-303.941232275214,-303.941232275214,-303.941232275214
<s> ऐसे में बेहद सामान्य सिग्नल के आधार पर चांद पर यान उतारा जाता है. </s>,-134.87935592336763,-134.83295221166108,-222.78650646574744,-293.59340671891323,-293.5779237772818,-316.1265459919558,-344.30381624621435,-343.28502863980736,-363.81677197735064,-359.2032745070711,-359.2032745070711,-359.2032745070711
<s> नीलम की माँ के मुताबिक़ उनकी बेटी नौकरी नहीं मिलने की वजह से परेशान थी. </s>,-138.67147241149814,-138.622108876064,-235.34783370878134,-262.0656712474905,-262.0401243574837,-287.65846344772933,-343.836524621561,-341.8079371147499,-368.43533374958105,-342.60910375379973,-341.0939119446904,-355.90239493534426
"<s> वो कहते हैं, ""मुझे तो लगता है कि उन्हें बॉलीवुड से किसी ने अप्रोच ही नहीं किया. </s>",-183.37658447144184,-183.32754517723407,-291.04229048037934,-309.2217174289185,-309.19850871907204,-342.6594333820846,-379.8166044718405,-377.2861958742661,-412.19140224544697,-412.59679766916815,-411.58479062968553,-421.4750717314207
"<s> यहां सुरक्षा और सुविधा एक बार फिर उनके ज़मीर पर हावी हो गया, जिससे यह सवाल उठता है कि क्या वह सच कह रहे थे या सिर्फ़ अवसरवादी थे. </s>",-274.19221162117657,-274.1329802782054,-439.47658230129264,-502.05498976153876,-502.018018288819,-547.8785243565187,-676.0983617757054,-672.550597217773,-720.749120725394,-701.3623758551465,-698.8534636031219,-722.115422932404
<s> ज़मीन में पानी कम जाएगा और इसका असर कम होगा. </s>,-100.54872135964297,-100.51449527954156,-170.66916779976313,-207.85213208244528,-207.83878110373502,-219.73042525456694,-245.44364506988828,-244.43882100370007,-253.29619285756144,-248.67919004335693,-248.67919004335693,-248.67919004335693
"<s> उनकी नीतियां ऐसी हैं कि उनका जो भी हुक्मरां होते हैं वो मुल्क के लिए सोचते हैं जबकि हमारे यहाँ हुक्मरां अपने लिए, अपने परिवार के लिए सोचते हैं. </s>",-295.2463711529352,-295.1626315959517,-464.9159568180381,-551.5899963039172,-551.5558504134897,-603.3510136566714,-732.6102223450633,-730.584657829268,-755.2713662166182,-758.9271894049015,-758.4211673888972,-763.3579582143296
<s> यही वजह है कि अब प्रतिमा देवी चुनावी मैदान में आई हैं. </s>,-114.42570657409627,-114.38475210101437,-196.7026551569602,-216.47960242494827,-216.45562534112912,-246.63352519456618,-237.5365894244408,-235.00088877767544,-274.0363968840462,-254.10415636941343,-252.57997648661058,-273.0092325743917
"<s> एकेआई मतलब गुर्दे में गड़बड़ी, जिसका असर दूसरे अंगों पर पड़ता है, जिससे जान तक जा सकती है. </s>",-231.49058031023384,-231.442010610502,-321.31305915644236,-434.7252614659,-434.72022165515375,-440.7813375220321,-481.533941223993,-481.0284987263961,-485.8513686991213,-469.7273589707853,-469.7273589707853,-469.7273589707853
"<s> इन टीमों के अलावा बचे बांग्लादेश और इंग्लैंड, जो चाहे अब कुछ भी कर लें, पहला दौर ख़त्म होने के बाद सिर्फ़ अपने घर जा सकते हैं, क्योंकि सेमी फ़ाइनल के दरवाज़े उनके लिए बंद चुके हैं. </s>",-372.3539092210109,-372.2524982972693,-573.0928870184742,-750.4228637031872,-750.3955351539896,-797.0477496703505,-951.6769520959199,-949.6500622235029,-976.3181539529899,-981.1872546825274,-980.6925590216646,-984.4061289147262
<s> सुज़ैन बेल का कहना है कि यह जांचना ज़रूरी है कि दल के सदस्य अकेले में तनाव की स्थिति में आने पर कैसी प्रतिक्रिया देते हैं. </s>,-225.6080199763961,-225.6137389477919,-378.7303417259815,-435.8031222835058,-435.77082471075556,-492.7585054796652,-553.1258342858063,-548.5696072725094,-614.8370582854258,-638.7746910773665,-637.2490778415964,-659.8428686247647
<s> आईपीएल में पहला सीज़न अच्छा नहीं रहा मगर धीरे-धीरे लय पकड़ते गए. </s>,-150.15670287421008,-150.12323469502297,-212.33754308607232,-276.88370598057867,-276.86928823147525,-289.02893028263895,-297.7948708632782,-296.77722796866453,-308.55820049534987,-303.941232275214,-303.941232275214,-303.941232275214
<s> हिटमैन रोहित शर्मा की कप्तानी में मुंबई ने सबसे पहले 2013 में ख़िताब जीता. </s>,-137.84114135579122,-137.80404603081334,-222.27759236478676,-266.5069775318488,-266.48213255350896,-288.14511535422537,-319.52184470183283,-317.49186073219323,-340.8061636880102,-331.8911774051317,-330.898569013637,-338.58201174926546
<s> यूपी में लोकसभा की 80 सीटें हैं और महाराष्ट्र में 48. </s>,-100.36316898053605,-100.32534308387442,-181.09041458592873,-183.62448155071334,-183.60176125052948,-205.20641246632374,-253.0771756668623,-251.55203454345568,-269.4201179913265,-276.3102111592855,-276.3102111592855,-276.3102111592855
"<s> पेरिस ओलंपिक में दो पदक जीत चुकीं भारतीय
निशानेबाज़ मनु भाकर शनिवार को मेडल की हैट्रिक लगाने से चूक गईं. </s>",-208.94923688902747,-208.95882513356435,-304.0895363776854,-412.09233959798013,-412.08693371715725,-425.8458097905462,-552.620422318571,-552.620422318571,-552.620422318571,-524.9894012026424,-524.9894012026424,-524.9894012026424
<s> यह सामान्य सपाट पिच नहीं थी. </s>,-78.06188331658265,-78.0415739021483,-118.15598735177902,-158.4708034655929,-158.46645964984017,-165.25912813842245,-149.5954261201574,-149.09334553167434,-154.27911192884093,-138.15510557964274,-138.15510557964274,-138.15510557964274
<s> इस बारे में बहुत ज़्यादा जानकारी उपलब्ध नहीं है. </s>,-89.37995964590763,-89.34845723660634,-157.10179461488846,-153.4320538664989,-153.41464630664132,-177.79156786089175,-176.20188092812384,-174.18216977340833,-202.65028463561916,-189.56824073722186,-188.56136359889902,-200.4268512691434
<s> ये वीडियो पाकिस्तान क्रिकेट बोर्ड ने अपने ट्विटर हैंडल पर शेयर किया है और लिखा है कि क्रिकेट मैदान के साइडलाइन पर कुछ हाई-प्रोफ़ाइल मुलाक़ातें. </s>,-224.45906622945984,-224.4004871003905,-381.8008433908346,-377.94327379212285,-377.891632155274,-437.20186398402814,-435.6467898232496,-428.0668785263372,-518.1695602991118,-560.5747740489797,-557.052462827382,-590.9700673569092
<s> उन्होंने खुद ये फ़ैसला लिया था कि वे कभी शादी नहीं करेंगे. </s>,-113.94453073717239,-113.90419311606499,-198.39434146675487,-236.4004205036489,-236.3818064973676,-260.7681082476197,-279.9027805589192,-278.3856183073103,-297.0511219114823,-303.941232275214,-303.941232275214,-303.941232275214
<s> धर्मार्थ दान की इसी परंपरा पर केंद्र सरकार के संसद में पेश किए गए वक़्फ़ संशोधन बिल पर वक़्फ़ बोर्ड और विपक्षी दलों ने सवाल उठाए हैं. </s>,-248.5981656709034,-248.55945025431546,-396.1039766573579,-484.1719623592764,-484.13175284469867,-520.9880854308279,-610.9860623520342,-606.9243159312227,-653.9812128297824,-689.4450856433334,-688.4358968923425,-697.7852840927126
<s> पहले ये 10 फ़ीसदी थी. </s>,-67.25784882794474,-67.23981223933824,-104.99008145074512,-119.08198403174687,-119.08126347167749,-123.67418039810872,-122.25464281798021,-121.7494274377093,-126.64809359569033,-110.52408446371419,-110.52408446371419,-110.52408446371419
<s> जबकि ऐसा नहीं है कि पुरुषों के पास ऐसे साधन नहीं हैं जिनके ज़रिए वे परिवार नियोजन पर काम कर सकें. </s>,-178.00607138926424,-177.93794192851522,-315.76858508856714,-339.45428717100503,-339.429486357468,-382.89427532732486,-476.3967897598953,-473.36450016159057,-511.20868989082675,-508.5921432913103,-507.0890600005806,-521.6885107828607
"<s> सीएम केजरीवाल ने पीएम मोदी और बीजेपी पर ‘ऑपरेशन झाडू’
चलाने का आरोप लगाया. </s>",-168.15120969074746,-168.11020650520558,-252.1953423663622,-248.9435877005892,-248.9171739699442,-274.09555126291446,-289.27800310783334,-286.2408564068388,-317.79217699737524,-331.5538256728785,-330.5575377193958,-338.5820113586112
<s> मैं जानता हूं कि सच कैसे बोला जाए और मैं जानता हूं कि ये काम कैसे किया जाता है. </s>,-171.8244369374672,-171.7616358189191,-292.36240542616866,-310.17943497602147,-310.1493564135438,-342.0563639176641,-410.071590135693,-406.51986950480256,-444.44027158670406,-452.3437414225857,-450.82320680138554,-466.4264780167246
"<s> "" रक्षिता नागर ने 
लिखा
, बॉलीवुड, अब बहुत हुआ. </s>",-126.90350134486084,-126.90616177539505,-184.96077461576323,-221.99774919077228,-221.98623116179658,-233.75772921128882,-257.31762132805335,-256.80733116139436,-264.80302999578817,-248.67919004335693,-248.67919004335693,-248.67919004335693
<s> मिचेल स्टार्क ने सबसे ज़्यादा चार विकेट लिए. </s>,-98.27171468378342,-98.24639153792123,-145.06687367942823,-174.3707959337448,-174.36636306497712,-178.5110716897369,-221.04816892742838,-221.04816892742838,-221.04816892742838,-193.41714781149983,-193.41714781149983,-193.41714781149983
"<s> "" समरसता की परिभाषा समझाते हुए प्रो. </s>",-87.6153944766798,-87.59259318634524,-130.9190903623433,-173.7841118486811,-173.77758361660557,-178.94341361977888,-193.41714781149983,-193.41714781149983,-193.41714781149983,-165.78612669557128,-165.78612669557128,-165.78612669557128
<s> इसके तहत तीन अंतरिक्ष यात्रियों को 400 किलोमीटर की कक्षा में भेजा जाएगा जिसके तीन दिन बाद उन्हें वापस आना होगा. </s>,-185.63376287751214,-185.5645958341809,-317.93735088170786,-323.9654664620146,-323.9441464102298,-355.1339417356531,-495.6372648894477,-493.1082810938168,-522.7160739964974,-552.620422318571,-552.620422318571,-552.620422318571
"<s> वे कहीं भी जाएं, उन्हें
पकड़ा जाएगा. </s>",-99.81937195841897,-99.7973506618696,-145.75780961711624,-171.79421699119484,-171.78970005779627,-178.92801452970394,-193.41714781149983,-193.41714781149983,-193.41714781149983,-165.78612669557128,-165.78612669557128,-165.78612669557128
<s> नसीरुद्दीन शाह ने कहा- सौ साल बाद लोग भीड़ देखेंगे और वे गदर-2 भी देखेंगे. </s>,-182.2536146099629,-182.2115455388267,-266.38385323138357,-332.3291857789043,-332.31887827091566,-343.85116560210713,-414.4653167389282,-414.4653167389282,-414.4653167389282,-386.83429562299966,-386.83429562299966,-386.83429562299966
<s> अगर समय से मिलता तो मेरा एग्ज़ाम अच्छा जाता. </s>,-100.79606200991054,-100.79149497094751,-158.11970985382942,-180.57183398657764,-180.56193176152328,-192.0711126089389,-232.74350126301354,-232.23886776336968,-237.17217776129178,-221.04816892742838,-221.04816892742838,-221.04816892742838
"<s> अयोध्या की स्टेशन रोड पर ही बिल्डिंग मैटीरियल की दुकान चलाने वाले बृजकिशोर कहते हैं, ""महीने भर तक यहां नाला खोदा गया और अधूरा छोड़ दिया गया. </s>",-292.2448618671711,-292.1809523619193,-426.66304822793376,-567.3194540614344,-567.2990385865737,-591.1962448907757,-682.4645792966929,-680.4419097620538,-700.0095222933617,-703.9062661987512,-703.4015212638101,-708.0959165233769
<s> ''  नतीजों के बाद ऋषि सुनक ने और समर्थकों से माफ़ी मांगी थी और कहा कि इस नतीजे से सीख लेने की ज़रूरत है. </s>,-230.26286780369205,-230.21005693950383,-367.95695638184696,-443.8210180675873,-443.7979150725605,-479.82432317187283,-575.9012494216771,-573.3774180017115,-605.6086696473703,-620.7143067728172,-620.2080443326594,-625.2028524844368
"<s> बच्चा पैदा करने के तत्काल बाद मैंने प्रैक्टिस शुरू कर दी थी, क्योंकि उसी साल राष्ट्रमंडल खेल होने थे. </s>",-195.02045769093243,-194.96169837360233,-306.2600721583938,-363.7266685946318,-363.7164497024209,-384.04513041802375,-455.435194857347,-453.4072904007412,-478.9605023670439,-497.35838008671385,-497.35838008671385,-497.35838008671385
"<s> आप हमें 
फ़ेसबुक
, 
ट्विटर
, 
इंस्टाग्राम
 और 
यूट्यूब
 पर फ़ॉलो भी कर सकते हैं. </s>",-143.35369734460264,-143.32301517699264,-236.10557484266386,-286.5948987191067,-286.58535769516754,-301.71004620236556,-365.39580932715285,-363.8824411873524,-379.9442013630169,-386.83429562299966,-386.83429562299966,-386.83429562299966
<s> लेकिन इन परिस्थियों से जूझने वाली वो अकेली नहीं हैं. </s>,-111.25961970809647,-111.23685054646482,-171.38526439068292,-253.59560478825122,-253.58924180313784,-261.78018310020576,-258.6427616860826,-258.13607801015337,-264.80315991001873,-248.67919004335693,-248.67919004335693,-248.67919004335693
"<s> 2 जुलाई की बड़ी खबरों को पढ़ने के लिए 
यहाँ क्लिक
 करें. </s>",-115.33464472662502,-115.29387449622068,-195.82211139821052,-199.60902001524124,-199.5936211998708,-218.39453334344347,-281.55729184855517,-280.06235625170126,-297.05118096111016,-275.7981194606074,-274.7958369840188,-283.31996858584773
"<s> इसके मुताबिक़, 2060 तक कम से कम 1. </s>",-108.50003636173435,-108.5000067319697,-158.52530406903603,-175.6118791438533,-175.60006206742264,-192.39389048789826,-184.92930093771054,-183.91412469854674,-198.03343573116635,-178.91686454535403,-178.41211930991108,-183.1065153207345
<s> मेरी बेटी ने 'औरंगज़ेब' में काम किया है. </s>,-99.59761873470478,-99.5723143287633,-157.2354253353884,-164.6562879414454,-164.64262318171117,-178.48785822290588,-187.06887896465315,-186.05693877161818,-198.03403392635576,-193.41714781149983,-193.41714781149983,-193.41714781149983
<s> साल 2022 में दिसंबर में भारत के पूर्वोत्तर राज्य अरुणाचल प्रदेश के तवांग सेक्टर में चीन और भारत के सैनिकों के बीच हिंसक झड़पें हुई थी. </s>,-220.721316937997,-220.64704043658597,-378.15299462296224,-418.52252246179205,-418.48625419577763,-465.19994898814656,-567.7704303577284,-563.2074312686163,-614.8431660126038,-661.5601212151151,-660.5493943685638,-670.1542624659285
"<s> अपनी फ़िल्म 'डी कंपनी' का ज़िक्र करते हुए राम गोपाल वर्मा बीबीसी हिंदी से ख़ास बातचीत में कहते हैं, ""मैं एक बार फिर से 'डी कंपनी' को लेकर दर्शकों के सामने आ रहा हूँ. </s>",-402.27180781565846,-402.18325675693205,-574.772976763704,-666.7882486739393,-666.7620434575838,-714.2242958629433,-816.7877655497651,-813.2391434400645,-858.9041489945429,-879.7956445205411,-878.787352517676,-891.2023476768077
"<s> उन्होंने कहा, “खाने-पीने की असंख्य चीज़ें प्लास्टिक में पैक होती हैं. </s>",-157.6348220914983,-157.6064114333325,-211.98367046820024,-297.0415531082283,-297.0395729790121,-303.3763849573879,-303.941232275214,-303.941232275214,-303.941232275214,-276.3102111592855,-276.3102111592855,-276.3102111592855
<s> बैलिंगर कहते हैं कि नेपाल की तरफ़ की कंपनियां कम अनुभव वाले लोगों को भी एवरेस्ट पर जाने का परमिट दिला दे रही हैं. </s>,-224.2469078898812,-224.17404915098922,-369.5261977798006,-456.60525917678586,-456.58047930630516,-494.11290647489193,-588.4730378989907,-586.4369746756231,-617.1156157386646,-620.6490256556364,-620.1424510584128,-625.2028523041338
<s> 50 लाख डॉलर हैं. </s>,-59.06462411977109,-59.04884040362521,-91.63739688603147,-91.3172797156997,-91.31011846798339,-96.05325645805253,-110.52408446371419,-110.52408446371419,-110.52408446371419,-82.89306334778564,-82.89306334778564,-82.89306334778564
<s> यहाँ एक फ़्लोर पर कमरे में तोड़कर उसे दोबारा बनाया जा रहा था. </s>,-132.44553695654,-132.4850954995176,-210.78387729655097,-287.30377257928865,-287.29255894730875,-302.5469630391504,-324.9772390631411,-323.9624974420393,-336.1891452707989,-331.57225339114257,-331.57225339114257,-331.57225339114257
<s> आईपीएल ने मैचों की आधिकारिक फ़ीड के लिए 22 कैमरामैनों की तैनाती है. </s>,-133.5739989393062,-133.60468181797825,-208.41842640881254,-283.7840262282846,-283.7683925092726,-302.15927472121496,-342.7059443916627,-342.22763828815016,-347.69625527094786,-331.57225339114257,-331.57225339114257,-331.57225339114257
<s> बांग्लादेश के सुप्रीम कोर्ट ने विवादित कोटा व्यवस्था को समाप्त कर छात्रों की मुख्य मांग को तो पूरा कर दिया लेकिन अंसतोष समाप्त नहीं हुआ. </s>,-211.27758126407375,-211.21820962027252,-368.82404136844195,-407.8988488017142,-407.8585665098684,-451.6381063660279,-587.7405335294956,-584.694195113974,-621.733056430931,-649.4326821987167,-648.935281819001,-652.8338753733319
<s> ओलंपिक हॉकी में भारत को मिले सभी 12 पदकों में पंजाब का योगदान रहा. </s>,-132.65866310711206,-132.6143612943738,-222.4797134181144,-272.4639178931741,-272.44715032476734,-288.14408956160884,-368.67662522774094,-368.166919751317,-375.3272147511023,-359.2032745070711,-359.2032745070711,-359.2032745070711
<s> वैसे घटना के अगले दिन यानी बृहस्पतिवार को अस्पताल एक छावनी में तब्दील हो गया जब सैकड़ों हथियारबंद सुरक्षाकर्मियों को वहाँ तैनात कर दिया गया. </s>,-220.35309297999066,-220.27354010962935,-369.51462682060424,-454.65466895126235,-454.62031185279545,-493.69633146379533,-573.7604990717011,-570.2088474900222,-610.2263264121789,-620.496039137911,-618.9985803556402,-632.212607627182
<s> जूडी ने बीबीसी को बताया कि इमारत में हमेशा दिल और दिमाग़ को खोल देने वाली बातें होती रहती हैं. </s>,-186.35073777645627,-186.3076796322154,-302.74135409895484,-378.7940433728485,-378.78032097035003,-397.67941181685234,-500.40130268676506,-498.87800179595484,-518.0988507944139,-496.5274392953205,-495.523668974876,-504.3681367920685
<s> इन पर हत्या और हत्या की साज़िश के आरोप हैं. </s>,-95.59736453850135,-95.56562168080727,-168.5444992716057,-173.94580194620258,-173.93065297134672,-191.63189901740324,-242.96369793964615,-241.94964461109623,-253.29615816447756,-248.67919004335693,-248.67919004335693,-248.67919004335693
<s> हालांकि नेतन्याहू के नेतृत्व वाले सत्ताधारी गठबंधन के धुर-दक्षिणपंथी सदस्यों का कहना है कि हमास को हराने के लिए ऐसा करना ज़रूरी है. </s>,-219.40864433188602,-219.340337833108,-354.146014518217,-420.577905728638,-420.5472935805773,-465.81505970646947,-492.18574687696406,-488.154744626812,-543.4518680778791,-543.6457721435042,-541.6255270949033,-566.6391891934744
<s> उनमें से कुछ मौलिक व्यक्तिगत स्वतंत्रता मानी जाने वाली चीज़ों से संबंधित थे. </s>,-135.88752830128385,-135.84519577843855,-211.60566570259346,-285.41011451702894,-285.3949046477891,-302.60621647045025,-307.9269964763472,-306.40064175232465,-324.68216121659975,-316.84280114736276,-316.3368190516743,-321.2616203895224
"<s> लेकिन इसके बाद जहां-जहां NiV के बारे में पता चला, इस वायरस को लाने-ले जाने वाले कोई माध्यम नहीं थे. </s>",-237.92428832941533,-237.87046485082183,-359.0935209607066,-402.8152455834466,-402.79339862739727,-439.6829059341023,-459.7697533214657,-457.2306328641804,-495.08139472164885,-492.09662125368766,-491.0778275639279,-504.3681066819877
<s> ' इससे उन युवाओं को अपना भविष्य अधर में फंसता दिख रहा है. </s>,-132.28513009385975,-132.2476165485197,-210.94921975023598,-234.42791253683347,-234.42876141412023,-246.47973495233657,-343.889612459409,-343.3877184486578,-347.6962661017444,-331.57225339114257,-331.57225339114257,-331.57225339114257
"<s> "" ""ये साल 2021 के आख़िर और साल 2022 के शुरुआत का समय था, जब महामारी का दौर अपने ख़ात्मे की ओर बढ़ने के बावजूद आर्थिक संकेतक गति नहीं पकड़ रहे थे. </s>",-309.7565684756637,-309.70648365773593,-489.9225942603694,-642.5379102547797,-642.5095567696824,-673.1710703760651,-852.3568818724447,-851.3493038109902,-861.1786491574534,-856.561654593785,-856.561654593785,-856.561654593785
<s> भारत के विदेश मंत्री एस जयशंकर का एक वीडियो क्लिप भी सोशल मीडिया पर वायरल हो रहा है. </s>,-158.53293605728317,-158.47391523838397,-276.7158776037315,-265.8817859103875,-265.84048681778074,-314.3375968811333,-281.33134153408093,-275.2292303688864,-359.27202797408603,-359.5180166184621,-355.97142295841417,-397.5528430086344
"<s> नए दिशानिर्देशों में राज्य, केंद्र शासित राज्य, स्कूल के प्रमुख, अध्यापकों अभिभावकों की ज़िम्मेदारी का भी विस्तृत ब्योरा दिया गया है. </s>",-252.07232652179084,-252.01533246080825,-358.3229856362806,-449.4014208873897,-449.39781581330953,-467.46009136399715,-580.2514434344995,-580.2514434344995,-580.2514434344995,-552.620422318571,-552.620422318571,-552.620422318571
<s> उन्होंने शुक्रवार को ट्विटर पर बयान जारी करके बताया कि वो इस मामले में न तो माफ़ी माँगेंगे और न ही अदालत में अपना पक्ष रखने के लिए कोई वकील रखेंगे. </s>,-249.29063579339473,-249.29756764621865,-448.0253394755276,-437.67927497986636,-437.61733118325134,-518.4486967287828,-580.2539120741446,-572.177043241445,-672.4468877378363,-744.8582647662673,-741.8590228964035,-767.0668422595112
<s> सारे नोट कमरे में बिखर गए. </s>,-78.47174122286961,-78.45078769850718,-117.45361888692193,-160.76398440433292,-160.75882482778985,-165.34535440573273,-165.78612669557128,-165.78612669557128,-165.78612669557128,-138.15510557964274,-138.15510557964274,-138.15510557964274
<s> नंदिता अय्यर को बहुत ज़्यादा ठंडे पानी से चिढ़ है. </s>,-118.44965971595445,-118.42383822580665,-171.02312500895363,-227.41206189740095,-227.40626184719042,-233.76892511169697,-259.8334211656635,-259.3253954092896,-264.80319291250146,-248.67919004335693,-248.67919004335693,-248.67919004335693
"<s> आप हमें 
फ़ेसबुक
, 
ट्विटर
, 
इंस्टाग्राम 
और 
यूट्यूब 
पर फ़ॉलो भी कर सकते हैं. </s>",-143.35369734460264,-143.32301517699264,-236.10557484266386,-286.5948987191067,-286.58535769516754,-301.71004620236556,-365.39580932715285,-363.8824411873524,-379.9442013630169,-386.83429562299966,-386.83429562299966,-386.83429562299966
<s> लेकिन कई बार मज़ाक मज़ाक में मामला काफ़ी सीरियस भी हुआ. </s>,-121.96193479410013,-121.93083564236937,-184.408273037806,-260.85502722521863,-260.8432440730433,-275.36198165454914,-269.54882434437366,-268.533230788485,-280.9271654628758,-261.1712759897137,-260.66366156699945,-265.99957689555305
<s> लेकिन जोसफ़ीन और नेपोलियन की उम्र के फ़र्क़ का उनकी ज़िंदगी और प्यार पर गहरा असर रहा था. </s>,-184.96459246366052,-184.91991418725016,-289.27069765500033,-385.66543943696496,-385.6609697924599,-398.62072529509214,-464.0400567261939,-463.0254961493165,-474.3443223202802,-469.7273589707853,-469.7273589707853,-469.7273589707853
"<s> वह उस पल को याद करती हैं, जब उन्होंने कंटेंट क्रिएशन के क्षेत्र में जाने से जुड़े अपने फ़ैसले से अपने परिवार को अवगत कराया था. </s>",-240.62861849559474,-240.55423435694146,-396.13052932888564,-460.3290466228128,-460.291965855619,-507.3481105634098,-598.1126573756386,-594.560887586992,-637.8569081391636,-690.7755278982137,-690.7755278982137,-690.7755278982137
<s> जिलाधिकारी ने बताया है कि मुख्यमंत्री ने घटना का संज्ञान ले लिया है. </s>,-112.82376809598307,-112.7796549554719,-208.93737232994576,-180.57069013710452,-180.54358426186852,-218.0400629137379,-237.03614458081933,-233.49570693552198,-278.6536937262608,-285.82594787420317,-284.3144619000508,-300.64031850693266
<s> मुंबई इंडियंस की टीम 18. </s>,-64.21339480751955,-64.1946793033992,-103.92431512427706,-97.98740977691374,-97.97762074975859,-109.62149125356405,-89.04023677499659,-87.52009783944666,-103.63404686316744,-82.55039481945133,-81.54989699227642,-89.90282098470044
"<s> ""यह मेरा भी आख़िरी गेम था. </s>",-99.16567543047123,-99.14928822507294,-132.36246227172302,-179.6587716051647,-179.65977646389888,-179.38400145551512,-165.78612669557128,-165.78612669557128,-165.78612669557128,-138.15510557964274,-138.15510557964274,-138.15510557964274
<s> यह शो नेटफ़्लिक्स पर उपलब्ध है और नेटफ्लिक्स 200 देशों में उपलब्ध है. </s>,-129.00792086317927,-129.02339277655253,-209.28218529601276,-262.9856847486777,-262.9658061357591,-288.39468983730194,-309.99781013931135,-308.4807662019487,-324.68221638775526,-331.57225339114257,-331.57225339114257,-331.57225339114257
"<s> हसन नसरल्लाह ने कहा, ""हिज़बुल्लाह ने इसराइल के रिहायशी क्षेत्रों और उसके बुनियादी ढांचे को निशाना न बनाकर हत्या का बदला लेने का निर्णय लिया है. </s>",-288.9802382883282,-288.907604199674,-425.4026511566684,-525.9473877055668,-525.9296190292803,-549.5389191235464,-619.6125457924941,-616.5795737097307,-649.3641393741062,-662.6620676571039,-661.6617371502979,-670.1542640285455
<s> मांझी बिहार की गया लोकसभा सीट से चुनाव जीते हैं. </s>,-102.41218149496717,-102.37781536179361,-170.42657829224277,-208.22918183153425,-208.2161991696875,-219.73216434314773,-225.6413533684467,-224.11957613943653,-241.78910144735679,-234.1058944435498,-233.6007284286886,-238.36855740234037
"<s> संजय दत्त ने अपने फिल्मी 
सफ़र
, परिवार और जेल जाने 
जैसे सभी विषयों पर बीबीसी के सहयोगी नयनदीप रक्षित से बात की. </s>",-227.39135590896433,-227.32578739820022,-356.989632343001,-428.71392844999383,-428.68535099189603,-452.5994697260929,-555.3963602404621,-552.8707609489392,-577.9784100399606,-593.6205975064188,-593.117498736761,-597.5718324803674
"<s> 1, 4, 0. </s>",-88.9987515986582,-88.99241073996845,-106.20656407117593,-110.52408446371419,-110.52408446371419,-110.52408446371419,-82.89306334778564,-82.89306334778564,-82.89306334778564,-55.262042231857095,-55.262042231857095,-55.262042231857095
<s> हम दोनों में बस इतनी समानता है कि मैं भी उन्हीं की तरह विकेटकीपर और बैट्समैन हूं. </s>,-153.07222057262445,-153.01942346589487,-261.8711542303382,-299.03541253972986,-299.0157162915492,-328.63991149087326,-402.6319639142567,-400.6223113885157,-423.6991596468375,-428.65025610260204,-428.1570034549045,-431.7857066562573
<s> गीता गोपाीनाथ ने ग्रेजुएशन तक की शिक्षा भारत में पूरी की. </s>,-124.66384744485325,-124.62984923015108,-196.84821990160867,-245.8772185408455,-245.86292767306145,-261.36757692574804,-288.29172834452845,-287.78769516328,-292.43422208058655,-276.3102111592855,-276.3102111592855,-276.3102111592855
<s> जब आशुतोष गोवारिकर ने 'लगान' बनाने का फ़ैसला किया तो तीन चीज़ें उनके ख़िलाफ़ थीं. </s>,-172.673270480026,-172.63581242360152,-252.47885250202972,-318.34343531470125,-318.33998975673524,-329.7951118423636,-398.469695523752,-397.96338720248264,-402.958303959609,-386.83429562299966,-386.83429562299966,-386.83429562299966
<s> इसके बाद हुई फ़ायरिंग में मौलाना अब्दुल अज़ीज़ का बेटा घायल हो गया और एसएसजी के कमांडर लेफ़्टिनेंट कर्नल हारून इस्लाम को भी गोली लगी. </s>,-245.50290836677624,-245.48887604807987,-369.3076192126526,-512.9247535124981,-512.8988783294185,-549.7028719562655,-614.7514717386825,-612.7258434418598,-644.7436008012447,-649.2504219125632,-648.7508126578945,-652.8338751930318
"<s> "" अबू अलीहा ने कहा, ""मैं इस प्रोजेक्ट के लिए चार साल से प्रतिबद्ध हूं और कभी भी कहीं भी मेरे मन में ये विचार नहीं था कि हमारे पास एक सीरियल किलर है और क्योंकि अमेज़न और नेटफ़्लिक्स सीरियल किलर फ़िल्मों से भरे हुए हैं, इसलिए हम एक सीरियल किलर की कहानी भी बनाते हैं. </s>",-537.563250043503,-537.4632598093766,-837.2347511872118,-1005.7725768365514,-1005.7140814031593,-1083.122095131203,-1329.7904021384966,-1323.2184856600538,-1397.7458204353034,-1505.1760283621516,-1504.6711059463323,-1509.3955288252023
<s> एक तरफ़ हम उदारता और विवेक की बात करते हैं लेकिन दूसरी तरफ़ पॉपुलिस्ट तरीक़े को अपनाते हैं. </s>,-181.299718662769,-181.3290392718715,-277.046453929187,-347.03676324081385,-347.0271522028015,-370.4712739544219,-442.9747010665625,-441.4493092472585,-462.8371230597178,-439.69762443053344,-438.69360922041966,-449.1060819692174
<s> इसके लिए हरे रंग के डिब्बे होंगे. </s>,-80.67413941412838,-80.64953756561242,-130.15637610066665,-134.71693213668317,-134.7042299818847,-150.72418725932005,-156.0574060408439,-155.0459776744607,-170.4018043612024,-165.78612669557128,-165.78612669557128,-165.78612669557128
"<s> फ़ैसले को एक बार फिर से टाले जाने की वजहों के बारे में भारतीय ओलंपिक संघ के

वकील विदुश्पत सिंघानिया
 ने सामाचार एजेंसी पीटीआई से बात-चीत की. </s>",-281.0841567263756,-281.0496398685151,-421.36936558590963,-518.9275155063933,-518.9041435360023,-562.9524452258437,-649.7599801216683,-647.2215420227056,-688.4972346151193,-682.9794865577494,-681.9586614040752,-697.7851729105068
<s> इसलिए मेरी माँ ने भी कहा कि मेरी शादी में कन्यादान का रिवाज नहीं किया जाएगा. </s>,-142.36533476087902,-142.31452973109072,-249.05486827647402,-284.39038623137685,-284.36949830382315,-315.07745811319484,-388.0247267578518,-386.5089924276109,-407.57494586955806,-398.73416523559155,-398.2251204469834,-404.15467944012363
<s> उनका क़द एक आम मेसिडोनियन की तुलना में छोटा था लेकिन इसका युद्ध के मैदान में कोई असर नहीं दिखाई देता था. </s>,-209.39998215408227,-209.34550889153437,-342.82353246539515,-370.38060295776285,-370.3385423242516,-410.9192353741549,-520.9461120719947,-518.4090281075268,-550.3467278287243,-566.1341521501569,-565.6322563190805,-569.940811574791
<s> हेड ने ऑस्ट्रेलियाई पारी में सर्वाधिक 62 रन बनाए. </s>,-102.1548521722604,-102.1239234502155,-157.3204398425572,-202.30874543781317,-202.31026165273406,-206.13985466151578,-248.67919004335693,-248.67919004335693,-248.67919004335693,-221.04816892742838,-221.04816892742838,-221.04816892742838
<s> आज अगर दादाजी जीवित होते तो न जाने कितने खुश होते. </s>,-120.31063588725937,-120.27523193913406,-186.20681206849426,-237.68288901981148,-237.67259885362566,-247.34851772485882,-287.0361613686513,-286.5272112186619,-292.4342063740353,-276.3102111592855,-276.3102111592855,-276.3102111592855
"<s> ये भी पढ़ेंः-  (बीबीसी हिन्दी के एंड्रॉएड ऐप के लिए आप 
यहां क्लिक
 कर सकते हैं. </s>",-185.00456474575253,-184.96881528008083,-277.6550688935168,-299.5593711540711,-299.5348877434641,-328.8557128841118,-373.8848395023083,-371.8868892253692,-396.06808018413966,-414.4653167389282,-414.4653167389282,-414.4653167389282
<s> इन अंकों के साथ भारत 'गंभीर' श्रेणी में आता है और उसका नंबर 111वां है. </s>,-170.06864607520603,-170.02453384704327,-263.4336055970561,-267.13387281979544,-267.11059179306847,-301.38252165696554,-308.0457242231106,-305.0063867152885,-345.4229369798169,-356.904160425377,-355.89126061971564,-366.2130273960413
<s> बल्लेबाज़ी में वो आमतौर पर तीसरे नंबर पर आते थे और उन्होंने गुजरात के लिए 346 बहुमूल्य रन बनाए. </s>,-174.1156805322009,-174.0599642718513,-289.094128192873,-352.0120555860498,-351.9869885357708,-383.7222886441833,-458.5068132316337,-456.48007162075925,-478.96127652471733,-497.35838008671385,-497.35838008671385,-497.35838008671385
<s> देखिए बीबीसी संवाददाता विल वर्नन की रिपोर्ट. </s>,-99.20296198812915,-99.23183696221582,-131.23273659424294,-193.2320838250864,-193.23565664476604,-192.98173328881276,-193.41714781149983,-193.41714781149983,-193.41714781149983,-165.78612669557128,-165.78612669557128,-165.78612669557128
<s> कई बार कुछ किरदार इतने अधिक लोकप्रिय हो जाते हैं कि इसे निभाने वाले कलाकार का असली नाम थोड़ा पीछे रह जाता है. </s>,-205.72003783632545,-205.64479059155312,-346.3917511786689,-394.41700854113157,-394.39661274005766,-424.46948871385325,-530.9557284464884,-527.9126174988032,-566.4707305389132,-593.3378507373475,-592.8329212276844,-597.5718319695154
"<s> उन्होंने कहा, ""ये लड़ाई सिर्फ साक्षी मालिक और विनेश फोगाट की नहीं है. </s>",-174.62917867686025,-174.59441543992787,-239.34391201536528,-321.5510492000594,-321.54542900319797,-330.5706164519466,-359.2032745070711,-359.2032745070711,-359.2032745070711,-331.57225339114257,-331.57225339114257,-331.57225339114257
<s> साल 2019 में बीजेपी सरकार ने विवादास्पद सीएए पारित किया था. </s>,-111.57662804840018,-111.53967664161357,-183.79871365353534,-212.92560825306697,-212.90565173463494,-233.2879116413741,-238.2886902955825,-236.26180073001677,-257.9131430850193,-261.17127319505005,-260.6636569092506,-265.999576895553
<s> बीते साल दक्षिण कोरिया की हेल्थ एंड वेलफ़ेयर मिनिस्ट्री ने 15 हज़ार लोगों के बीच एक सर्वे किया. </s>,-188.60039051677575,-188.54551863183815,-291.2677092992341,-332.4644758290535,-332.4470417690645,-356.4766777361407,-425.878908318557,-423.84595552087495,-451.33001575407053,-455.89041836198925,-455.391460829998,-459.41672744163213
<s> लेकिन वहाँ टीएमसी उम्मीदवार अपने प्रतिद्वंद्वियों के मुकाबले काफी आगे हैं. </s>,-118.06030998486773,-118.02500471387985,-184.6873742548576,-224.89336339431094,-224.89515042600902,-233.27367433104254,-287.3227362871247,-286.8146536276215,-292.4342118414988,-276.3102111592855,-276.3102111592855,-276.3102111592855
<s> एकदम 'अतिथि देवो भव' को चरितार्थ करने के लिए बहुत सारे भारतीय चौंकाने वाले प्रस्ताव लेकर आ रहे हैं. </s>,-216.3713095316089,-216.32262199414532,-319.3202020324055,-385.81336278878706,-385.801357731392,-411.6882229905787,-450.2430528021349,-448.2423637146443,-478.9556358907549,-466.58936282851744,-465.57483431189837,-476.7371076227291
<s> इसका मकसद नर्सिंग शिक्षा और प्रैक्टिस के क्षेत्र में परिवर्तनकारी बदलाव लाने के लिए राष्ट्रीय नर्सिंग और मिडवाइफरी आयोग बनाना है. </s>,-200.63990648005512,-200.60878952063172,-315.6085793901052,-438.20962282944663,-438.18708690935716,-467.0192181889671,-491.1329895435228,-488.61873695839097,-522.7156829083056,-538.105101595765,-537.6002656365588,-542.3097897977553
"<s> इस बयान में उन्होंने कहा है, “भारत के नए संसद भवन में ‘अखंड भारत’ का विवादित भित्ति चित्र नेपाल के साथ-साथ पड़ोसी देशों में अनावश्यक और हानिकारक कूटनीतिक विवाद भड़का सकता है. </s>",-365.6713564987701,-365.5920340078941,-517.9383307776703,-679.2010873325802,-679.179985970509,-715.0443540886379,-771.1160759207036,-767.5925201253411,-803.6434760189109,-828.2643911894983,-827.2600742611985,-835.9403907842172
"<s> इसके बावजूद जब उन्हें मुंबई के ख़िलाफ़ फिर मौक़ा मिला, तो मोहसिन ख़ान ने समझ लिया ये उनके लिए बेहद अहम मैच हो सकता है. </s>",-243.51064905171066,-243.43619151349787,-386.51154868132477,-480.5412248638945,-480.52216082260924,-507.7453678638131,-625.7799808445125,-623.7718356388215,-644.747292597156,-663.1445067822851,-663.1445067822851,-663.1445067822851
<s> इनमें से एक थे एद्रियानो असीस. </s>,-85.95173356383359,-85.93273923468054,-131.17973850173345,-122.53929014302102,-122.52800504645474,-137.22919388776455,-110.57848809098016,-109.05112088770204,-131.26455463446908,-121.44601694767576,-120.93594831920124,-127.84445701208955
<s> दावा किया जा रहा है कि मरियम औरंगज़ेब को घेरने वाले पाकिस्तान के पूर्व प्रधानमंत्री इमरान ख़ान की पार्टी पीटीआई के समर्थक थे. </s>,-204.81914910344042,-204.75283756495475,-341.0287810687002,-376.27789559853954,-376.2478055648168,-423.9812467227901,-501.7267410584936,-498.17486076036255,-554.9554505227803,-522.4990025228433,-519.9582457325425,-556.3284668446862
"<s> इसके साथ ही पीठ ने कांवड़ यात्रा के रूट पर दुकानदारों के नाम सार्वजनिक करने को लेकर मध्य प्रदेश, उत्तर प्रदेश और उत्तराखंड सरकार को नोटिस जारी किया है. </s>",-251.20076620364435,-251.11058251412825,-435.2788450958227,-440.36981472973713,-440.3220777077442,-505.75871347685535,-637.8910543177109,-633.3222227114088,-697.7338354662243,-708.3271870294194,-706.2945880940379,-732.4257558947561
<s> डीजीएफआई के अधिकारी भी उनके करीब ही रह रहे थे. </s>,-112.09951035352441,-112.0678484790885,-184.17502792663856,-194.1593869584566,-194.15045460034284,-205.69768490854634,-243.62731018281605,-242.6132062152636,-253.29617486461925,-248.67919004335693,-248.67919004335693,-248.67919004335693
<s> उनके दोनों बच्चे रिश्तेदारों के साथ रह रहे हैं लेकिन वह टंकी के नीचे दूसरे प्रदर्शनकारियों के साथ डटी हुई हैं. </s>,-180.81337776854937,-180.74826744370532,-315.44965960750346,-367.5088267709094,-367.476266555503,-410.77702686076873,-477.89056672504694,-474.86080651197517,-511.20918316041866,-524.1835622809059,-523.1787764603145,-531.9991581784499
<s> इस कारण भारत के हमलों में एकाएक कमी आने का ऑस्ट्रेलिया ने फ़ायदा उठाया और आख़िरी आठ मिनट के खेल में तीन गोल जमाकर अपनी हार को जीत में बदल दिया. </s>,-263.9595623893903,-263.8669980117294,-446.33382819691764,-535.0120502220307,-534.9774609319389,-575.2033190641396,-804.932237048817,-803.4241818517077,-822.0403456011105,-828.9306334778564,-828.9306334778564,-828.9306334778564
<s> उनके प्रभाव को बेहतर समझने के लिए बीबीसी की टीम गोंडा में यूपी के निकाय चुनाव वाले मतदान के दिन मौजूद थी. </s>,-184.32740366802454,-184.25593849927353,-326.4692219733236,-388.85716572487934,-388.8332087205538,-424.48857169472853,-541.4150541935684,-539.3848628173714,-561.8543588587993,-580.2514434344995,-580.2514434344995,-580.2514434344995
"<s> दूसरा, कंपनी आपको सही जानकारी नहीं देती है. </s>",-107.26372871640115,-107.23845636464924,-159.47095540296337,-187.5435954684739,-187.53763036423834,-192.54253689021658,-205.48075508782523,-204.97687204112964,-209.54115922978613,-193.41714781149983,-193.41714781149983,-193.41714781149983
<s> उसने कई बार मेरा रेप किया है. </s>,-80.49249720981652,-80.46731488628139,-131.79516379227098,-154.33827667885387,-154.3283688508169,-164.88988644992716,-162.11996621515362,-161.11163315663563,-170.40312742220078,-152.38445547769103,-151.89198017457198,-155.47549552702088
<s> हमास के हमले में इसराइल को बड़ा नुक़सान हुआ और उसके बाद जवाबी कार्रवाई में कई फ़लस्तीनियों के मारे जाने की ख़बर है. </s>,-208.7811707048678,-208.78025635078663,-339.79149963852404,-418.39958319609775,-418.3716402879216,-452.5775363445237,-532.2360385301965,-529.1890534027038,-566.4711166504047,-591.9478327939205,-591.4384631150789,-597.5718257190657
"<s> "" ""हाल के वर्षों में हिंदुओं के घरों, कारोबारों और मंदिरों में तोड़-फोड़ की गई है. </s>",-197.41758393607964,-197.380021103873,-288.26827679309866,-339.71487516055714,-339.69837186619026,-357.38774879939945,-394.44357475055455,-392.93371478692677,-407.5752829160283,-414.4653167389282,-414.4653167389282,-414.4653167389282
<s> इसमें बीजेपी के कुछ नेता भी शामिल हैं. </s>,-80.29669830076836,-80.26821285488346,-143.51540915027712,-145.41072244860243,-145.39506883129908,-164.41797116403046,-189.55283990687883,-188.54331550066908,-198.03414724581683,-193.41714781149983,-193.41714781149983,-193.41714781149983
"<s> पेट के भीतर उन्हें अपनी पत्नी का शव दिखा, जो मर चुकी थीं. </s>",-144.83568968540894,-144.7948694087873,-225.0946115989635,-258.5908650215301,-258.5768947964579,-274.54940964993784,-327.5738148541564,-326.56335336541906,-336.1892516325001,-331.57225339114257,-331.57225339114257,-331.57225339114257
<s> 40 मीटर के स्कोर के साथ छठे नंबर पर रहे. </s>,-98.7845569945963,-98.75015225390518,-168.8274189276819,-164.12258864710168,-164.12078757167052,-177.40680830443677,-213.11268153132053,-211.10603407077102,-230.28216461687845,-234.24142764504774,-233.7370762186029,-238.3685576727929
"<s> दिनभर: पूरा दिन,पूरी ख़बर अमेरिका से ही निकलने वाले अख़बार
 वॉशिंगटन पोस्ट
 ने लिखा है- भारत के मतदाताओं ने नरेंद्र मोदी की लीडरशिप पर एक अप्रत्याशित अस्वीकृति दिखाई है. </s>",-320.6170057149567,-320.5434514281796,-465.76358539748657,-602.1769101944325,-602.1619701190469,-632.3596391083254,-750.8484194905482,-749.3289792837999,-766.7784378436319,-773.6685912459993,-773.6685912459993,-773.6685912459993
<s> पृथ्वी से चंद्रमा तक एक रेडियो सिग्नल भेजने में लगभग 1. </s>,-114.82019390534185,-114.78315632797087,-183.6112378966914,-240.81840966493058,-240.8138486649484,-247.366949388154,-303.941232275214,-303.941232275214,-303.941232275214,-276.3102111592855,-276.3102111592855,-276.3102111592855
"<s> ये राजनीति है और बहुत साल पहले ही मैंने सीख लिया था कि इस पर बात करना, अफ़सोस करना, या उम्मीद करना कि कुछ बदल जाएगा ये नासमझी होगी क्योंकि जब जी चाहेगा वो फ़िल्में लगा देंगे. </s>",-351.1902736518205,-351.09156097637,-561.1946623284015,-719.6439400354619,-719.6112287294338,-769.0413059237,-919.8924219416473,-916.8505696985455,-953.3055630603668,-994.7167601734277,-994.7167601734277,-994.7167601734277
<s> भारतीय खेलों के लिए 2023 एक विविधताओं से भरा साल था. </s>,-112.45990537255807,-112.42775558938078,-182.95918031183194,-258.0691726079639,-258.0572293979411,-274.953637047891,-287.2985109217986,-286.79009508470256,-292.4342114438257,-276.3102111592855,-276.3102111592855,-276.3102111592855
"<s> भावना अरोड़ा लिखती हैं, ''आईपीएल की कमेंट्री कई भाषाओं में हो रही है. </s>",-173.23207498149588,-173.1977338535385,-238.68161094675588,-306.4954909935542,-306.4885067659826,-316.6332376351197,-324.92531487383883,-323.91109346054003,-336.18912936728265,-331.57225339114257,-331.57225339114257,-331.57225339114257
<s> इस बारे में पर्याप्त जानकारी पहले से ही सार्वजनिक है. </s>,-93.05200257105204,-93.01726251961749,-169.60498001204576,-164.41998559662025,-164.40828461068293,-191.35268100440427,-217.06089090432684,-215.5419909876681,-241.78791343400013,-230.84189939918477,-230.33132750108732,-238.36850373391863
"<s> पंत ने वेंकटेश अय्यर के फेंके 12वें ओवर में चार चौकों और दो छक्कों से 28 रन बना दिए, लेकिन अगले ही ओवर में आउट हो गए पर वह लगातार दूसरा अर्धशतक लगाने में कामयाब हुए. </s>",-347.18182436763726,-347.0760709430135,-543.5544578376781,-607.3117362372145,-607.2847187880514,-643.3842484637081,-866.5377945653844,-862.4998237015544,-902.6606074409392,-925.3868407420415,-923.8881164985876,-936.1538442296325
<s> 2022-23 के रणजी सत्र में वे मुंबई की ओर से सबसे ज़्यादा रन बनाने वाले बल्लेबाज़ साबित हुए. </s>,-183.12174301041134,-183.0672747878361,-290.12596752249664,-357.1295215897251,-357.1066621378951,-384.5490326118605,-426.42975115967204,-424.4043980171839,-451.3271427388584,-441.06146929569996,-440.0556490612647,-449.1060944099882
<s> लेकिन दीप्ति शर्मा और पूजा वस्त्रकर के साथ साझेदारियों के योगदान को भी कम करके नहीं आंका जा सकता है. </s>,-195.6535341470071,-195.60749549040193,-316.00775957864914,-352.08620511207204,-352.07153244768887,-383.4118100382892,-503.9854840922617,-502.46983799843997,-518.0993701632833,-511.4206749084378,-510.92535399208043,-514.6787699138906
<s> यह दोनों एक ऐसे कप्तान के नेतृत्व में खेले जिसकी आलोचना वह मीडिया में कर चुके थे. </s>,-145.32021924280608,-145.263476316279,-262.18415057797483,-295.78729815462657,-295.7589888728429,-328.8324029349832,-432.418143787852,-431.40389940159014,-446.71263301572515,-442.09633785485676,-442.09633785485676,-442.09633785485676
<s> इसका उद्देश्य होता है आसपास की जगहों पर नज़र रखना ताकि लोगों को पता न चल सके कि वो किधर देख रहे हैं. </s>,-201.70233145034527,-201.63169035566287,-343.95187901815564,-404.2036967021923,-404.177819950485,-438.4516641986934,-568.6295723037085,-566.5997896574547,-589.4853930965525,-607.882464550428,-607.882464550428,-607.882464550428
"<s> ” उन्होंने कहा, “यह नए मेमोरेंडम का अंडरस्टैंडिंग नहीं बल्कि वही पुराने एमओयू हैं, जिन पर पहले से हस्ताक्षर किए जा चुके थे. </s>",-293.69815970135755,-293.655295603218,-402.23638942036456,-530.8617692980882,-530.8446173190807,-550.8481873090656,-600.3045916425832,-599.285305769634,-612.4993828689796,-607.882464550428,-607.882464550428,-607.882464550428
"<s> "" हरदीप सिंह निज्जर की हत्या की घटना का जिक्र करते हुए उन्होंने कहा, ""इस बात को मानने के लिए भरोसेमंद सबूत मौजूद हैं कि भारत सरकार के एजेंट कनाडा की ज़मीन पर कनाडा के नागरिक की हत्या में शामिल थे. </s>",-366.4308256029078,-366.3483251223277,-605.1541831338102,-670.4583794629498,-670.3874405092234,-752.833508392923,-890.1103507481201,-882.9934138618115,-971.7730600011081,-988.3490754207343,-984.3259034014866,-1022.7557581169002
<s> बाद में ये रोल सास्वती सेन ने किया. </s>,-103.29370033621078,-103.26865981873321,-157.39347493765533,-166.15217903693798,-166.1449576704071,-178.4834581474858,-185.01601636086687,-184.00112455518962,-198.03355544058485,-179.77449359065992,-179.2781772374015,-183.10651646265268
<s> पाकिस्तान और चीन ईरानी सरहद के क़रीब ग्वादर पोर्ट को विकसित कर रहे हैं. </s>,-144.4403987912082,-144.39991012565034,-223.28639317225213,-299.4684544094521,-299.45355733422855,-316.156151193104,-323.7186971543228,-321.70034355276954,-340.80624878038407,-345.63455040654,-345.1392309526271,-348.89264321831934
"<s> "" बतौर सैन्य अधिकारी वे दुनिया की सबसे ऊंची बैटलफ़ील्ड सियाचिन पर भी तैनात रहे थे. </s>",-172.30845889768625,-172.26061977029593,-265.65578892531903,-325.70771504236296,-325.69189054113866,-343.3858878540498,-407.02690447993353,-406.0086055439866,-419.08221478033613,-399.9206092359241,-399.4156172742627,-404.15468415801274
"<s> "" कामोत्तेजना के लिए भी नाइट्रिक ऑक्साइड का पर्याप्त स्तर आवश्यक है और रोमन लोग के चुकंदर के रस को इस्तेमाल किए जाने को इससे जोड़ कर देखा जाता है. </s>",-258.09961443673205,-258.0521130739772,-432.7654933363186,-564.060685755615,-564.0287545066202,-603.358147459463,-743.1608306927185,-740.6531707951883,-771.3947596135295,-801.2996123619279,-801.2996123619279,-801.2996123619279
"<s> कांग्रेस अध्यक्ष मल्लिकार्जुन खड़गे ने इंडिया गठबंधन के अपने साथी दलों को एक
चिट्ठी लिखी है जिसमें कहा गया है कि ये लोकसभा चुनाव ‘लोकतंत्र और संविधान’
बचाने की लड़ाई है और चुनाव आयोग की साख 'निम्नतम स्तर' पर है. </s>",-394.8604206081113,-394.74792943111083,-621.8831329647384,-663.4646023801757,-663.3986273264126,-739.3021538822277,-850.5680489627562,-843.0045038638361,-932.6330755134949,-999.4029346034421,-996.8738077120419,-1026.056475702988
"<s> "" पल्टूराम ने कहा था कि वो बृजभूषण शरण सिंह का नाम अपने स्टूडेंट पॉलिटिक्स के ज़माने से सुनते आ रहे हैं और उन्हीं के समर्थन से  पल्टूराम  और उनके परिवार ने राजनीतिक ऊंचाइयाँ छुईं और 2021 में योगी सरकार में मंत्री बने. </s>",-376.9647783592765,-376.97646304182217,-618.9116411456537,-760.7771942878617,-760.7251309701701,-836.3621713216147,-955.5078162419634,-948.9152509931871,-1038.5398382705425,-1097.1899735185134,-1095.169229444874,-1119.2602446133487
<s> चिड़चिड़ापन बढ़ जाता है. </s>,-63.5936597649658,-63.583254822149506,-91.6137370407771,-122.23844776992001,-122.23575872090247,-124.12104601051959,-110.52408446371419,-110.52408446371419,-110.52408446371419,-82.89306334778564,-82.89306334778564,-82.89306334778564
<s> फ़ाइनल मैच में भारतीय टीम ने पहले बल्लेबाज़ी करते हुए सधी हुई शुरुआत की है. </s>,-143.84836775181608,-143.80761256462407,-236.7575509661833,-300.92268196585223,-300.9025351346477,-329.7145622658581,-345.21040924529,-343.17534421003324,-368.43713589687684,-343.1472947821718,-341.6356197039763,-355.9023966481915
"<s> और इनमें सबसे ख़ास 'पीकू', जिसके लिए उन्होंने अपना नवीनतम राष्ट्रीय पुरस्कार भी जीता. </s>",-155.03849804146168,-154.99516719116465,-239.33829035503237,-286.8909420079329,-286.87228821457904,-302.1779052163169,-370.7528228450524,-370.24629091389295,-375.32728204843306,-359.2032745070711,-359.2032745070711,-359.2032745070711
<s> ” राजेंद्र नगर में छात्रों की बड़ी समस्याएँ अभी बरक़रार है और उनका आरोप है कि राजनीतिक दलों के छात्र संगठनों ने इस मुद्दे पर राजनीति शुरू कर दी है राजेंद्र नगर में रहकर यूपीएससी की तैयारी कर रहे मोहित कहते हैं कि इन तमाम परेशानियों के बाद भी यूपीएससी या अन्य राज्यों की सिविल सेवा परीक्षा को पास करना आसान नहीं है. </s>,-504.8180095100875,-504.6326991895545,-883.8259502408144,-943.5184406622051,-943.4001602809457,-1079.8415798525984,-1321.7790404555653,-1309.640185251642,-1464.581628823093,-1633.0658885242951,-1630.5331614171278,-1661.5700058947077
<s> हम दोनों विश्वास रखते हैं कि वैश्विक स्थिरता और शांति के लिए लगातार कोशिश करते रहना चाहिए. </s>,-152.9739847963884,-152.91760720876127,-263.6062227001095,-268.8997653459874,-268.8721521242684,-300.35365220763003,-369.35937401500496,-366.3446120603292,-400.6851683800656,-442.09633785485676,-442.09633785485676,-442.09633785485676
<s> मंगलवार तक इस आईपीएल सीज़न के दौरान हुए 39 मैचों में टीमों ने 19 बार 200 से ज़्यादा का आंकड़ा पार किया है. </s>,-198.79225176717986,-198.7176522659799,-342.41654997665773,-410.9761626264716,-410.9502588033762,-438.5156809408009,-570.5285164426228,-568.5091616813295,-589.4854078091644,-593.6598195718284,-593.1570318292664,-597.5718325404681
<s> अगर अफ़ग़ानिस्तान जीतेगा तो हम ज़्यादा ख़ुश होंगे. </s>,-108.27029287299939,-108.25576071640882,-145.67476787632287,-212.278163526239,-212.2719702547344,-220.5829496765489,-221.04816892742838,-221.04816892742838,-221.04816892742838,-193.41714781149983,-193.41714781149983,-193.41714781149983
<s> मैं इस बात की गवाह रही हूँ कि निजी और पेशेवर दोनों ही जगहों पर आपने मुझे अपनी बराबरी का दर्जा दिया है. </s>,-197.36321964107046,-197.28838566978314,-343.72720867030324,-366.08874993624056,-366.06672905499846,-396.4440457373194,-563.5657382922954,-561.5286212532939,-589.4849168253924,-566.4083923925915,-564.9149807192483,-576.9505696925119
<s> इस मुक़ाबले को लेकर दोनों ही देशों के फैंस में ज़बरदस्त उत्साह है. </s>,-124.71732121851565,-124.67773775051357,-208.75625330138206,-251.8274844541137,-251.817467949682,-274.2523300503767,-325.8981756678291,-324.8883575109998,-336.1892202205886,-318.00352856940424,-317.50820863468863,-321.2616221023908
"<s> उन्होंने कहा, ""मैंने कोर्ट पर उन्हें कहा कि अब उन्हें ये टूर्नामेंट जीत जाना चाहिए. </s>",-172.80171372239036,-172.75746692341215,-266.7705274678793,-306.3303241639768,-306.31229939256394,-329.4849425265505,-364.5401770994458,-363.03323540269605,-379.9441648851298,-386.83429562299966,-386.83429562299966,-386.83429562299966
<s> किसी की तकलीफ़ को समझते हुए उसकी रूह पर मरहम रखना होता है ताकि वो अपने तकलीफ़ों को खुद संभालना सीख सके. </s>,-225.7302041845726,-225.67362830325357,-344.08511001483987,-443.9810271211784,-443.9603611582161,-467.0318159111627,-542.4567339445962,-540.433262664941,-561.8543888799705,-580.2514434344995,-580.2514434344995,-580.2514434344995
"<s> मानवता और शांति के खिलाफ अपराध, नरसंहार, युद्ध अपराध, जिनेवा कन्वेशन के विपरीत काम करना, अंतरराष्ट्रीय कानून के तहत अपराध करने की स्थिति में इंटरनेशनल क्रिमिनल ट्रिब्यूनल को मुकदमा चलाने की शक्ति दी गई है. </s>",-384.77832794180557,-384.72015602522157,-557.301286895103,-671.2689467628524,-671.2445302691845,-713.8198183025687,-864.7144670793648,-861.6762458186479,-898.043272351382,-923.8358269487917,-923.3269883142773,-929.1440813639703
<s> जिन पर पाकिस्तान में आमतौर पर कम बातें होती हैं. </s>,-98.65644177295849,-98.62179576100854,-170.11326402772985,-176.75622337439228,-176.73947689685122,-191.66170947553468,-243.37034430806852,-242.35459669888587,-253.29617456634466,-248.67919004335693,-248.67919004335693,-248.67919004335693
<s> बिना सोचे-समझे सांपों को मार देने की स्थिति में चूहों की तादाद बढ़ जाएगा. </s>,-155.04037622025015,-154.99911444785081,-236.44838184359085,-282.72945532434477,-282.714447977595,-302.15724226307105,-335.6224648787163,-334.1025974373325,-352.3129553278439,-344.49819760958724,-343.99232435409766,-348.8926415655511
<s> इससे पहले एक कार्यक्रम में उन्होंने यूक्रेन के नेता ज़ेलेंस्की को 'राष्ट्रपति पुतिन' कह दिया था. </s>,-185.59356425396402,-185.61585502034612,-277.4382046202378,-312.93559850546166,-312.91130680646853,-343.3309858444331,-370.7689496847411,-368.7390704080507,-396.0670121447371,-399.6224518138233,-399.1161798712169,-404.1546834368155
<s> ’ बाद में जाँच में पता चला कि करमवीर सिंह लंबे समय से वहाँ झाड़ियों में छिपकर रह रहा था. </s>,-204.05190198220097,-204.0176903935105,-316.28650687443076,-387.9306006565921,-387.9184242813305,-411.7944891642207,-494.02664117377117,-492.49581490670175,-518.0984190972188,-508.00047825258633,-507.49018903344916,-514.6787468054353
<s> हालांकि उनके बाद सत्ता में आए जो बाइडन के प्रशासन ने इन आयात करों पर रोक लगा दी थी. </s>,-167.391737054982,-167.3300682179622,-289.83355340607824,-310.89137702899416,-310.86482295793587,-342.04482405161383,-407.68789859320765,-404.1437563566287,-444.43998581378247,-479.8406769995746,-479.3301788055654,-487.0477090421327
"<s> आप हमें 
फ़ेसबुक
, 
ट्विटर
, 
इंस्टाग्राम
 और 
यूट्यूब
 पर फ़ॉलो भी कर सकते हैं. </s>",-143.35369734460264,-143.32301517699264,-236.10557484266386,-286.5948987191067,-286.58535769516754,-301.71004620236556,-365.39580932715285,-363.8824411873524,-379.9442013630169,-386.83429562299966,-386.83429562299966,-386.83429562299966
<s> नाबालिग़ महिला पहलवान ने मजिस्ट्रेट के सामने बयान दर्ज करवाया. </s>,-110.43339386405202,-110.43026415712978,-170.53654035355143,-226.72996870776407,-226.72545893707613,-233.75375849856914,-260.3373314163234,-259.83113569973125,-264.8031985787851,-248.67919004335693,-248.67919004335693,-248.67919004335693
<s> परिवार ही नहीं बल्कि कानपुर के साथ देश-विदेश से वैभव को बधाइयाँ मिल रही हैं. </s>,-156.67108644816258,-156.64240299567737,-249.96967317420706,-319.20994056786026,-319.19235765832167,-343.5959279488724,-395.60130917596734,-395.0919547536793,-402.95815674628625,-386.83429562299966,-386.83429562299966,-386.83429562299966
<s> उन्होंने बस मेरी मां के लिखे गाने को दोबारा रिकॉर्ड किया ताकि आसानी से पैसे कमा सकें. </s>,-160.28057505532018,-160.22423440920878,-263.89876645819317,-306.71256630891105,-306.69354978820957,-328.81530671581766,-469.7273589707853,-469.7273589707853,-469.7273589707853,-442.09633785485676,-442.09633785485676,-442.09633785485676
<s> उन्होंने कहा कि ये काम उन्होंने कमला हैरिस के साथ मिलकर किए हैं. </s>,-120.07544478961032,-120.03218232041695,-210.36279170049036,-224.50862902585706,-224.49074802602743,-259.88465889370696,-276.43674727228455,-274.4304741247918,-313.16554978454803,-294.98414649595,-293.9660135861326,-310.9499152521053
"<s> "" उन्होंने कहा, ""अगर हम पुतिन के पहले दो कार्यकाल को देखें तो मुझे लगता है कि हम उनके पक्ष में आकलन कर पाएंगे. </s>",-236.51517182407724,-236.4432671563074,-383.72838894818176,-411.4542420078262,-411.41711131195484,-451.88702787992327,-522.6721215945845,-518.6252699781471,-571.087184117343,-587.2995428558415,-585.7746268100584,-604.5815137920207
<s> पिछले साल सुप्रीम कोर्ट ने भारत में टीवी चैनलों की बहस की सामग्री पर अपनी नाराज़गी ज़ाहिर की थी और केंद्र सरकार पर सवाल उठाते हुए कहा कि सरकार मूकदर्शक बन कर ये सब देख रही है और इस मामले को बहुत छोटा आंक रही है. </s>,-362.43765969549764,-362.30663820428356,-646.7165179242343,-653.698173210039,-653.6128511747706,-764.71954468316,-958.704053597802,-950.0668452461546,-1075.4043691981851,-1123.4557072465523,-1119.4146529266031,-1160.9108707580285
<s> सोसायटी में रहने वाले लोगों ने धीरे-धीरे भारत के घरों में अपनी जगह बना ली. </s>,-147.02373504158987,-146.97646497454755,-249.11875958246438,-236.3461685411483,-236.31426831854972,-273.5915754544107,-308.1127444166158,-305.05759553548586,-345.42267322528363,-327.79960532775954,-325.78568276158813,-345.5917559236952
<s> चंद्रमा पर रात में बिजली बना पाना संभव नहीं है. </s>,-102.73808904628297,-102.70370837639902,-170.50474293033815,-194.5457801967226,-194.53258196447334,-205.69743242234603,-243.88378913938433,-242.86957148418657,-253.29618082903983,-248.67919004335693,-248.67919004335693,-248.67919004335693
<s> उछलती-कूदती न हो. </s>,-68.53141409870344,-68.52190781039452,-92.08020175353654,-110.52408446371419,-110.52408446371419,-110.52408446371419,-82.89306334778564,-82.89306334778564,-82.89306334778564,-55.262042231857095,-55.262042231857095,-55.262042231857095
<s> पति के अस्वस्थ होने के चलते उन्होंने इस काम को संभाला. </s>,-99.28223712295755,-99.24558831968376,-181.4767965021247,-181.63725152190761,-181.61973687465922,-205.18654035590268,-235.02725293568804,-232.99587900381525,-257.91301048347503,-276.3102111592855,-276.3102111592855,-276.3102111592855
<s> आए दिन महिलाओं के ख़िलाफ़ उत्पीड़न की कोई न कोई घटना सामने आती रहती है. </s>,-140.6225524983494,-140.5725631672171,-237.64202024355012,-237.75231114854827,-237.72746671305933,-259.6431257810837,-362.83179512877325,-361.30600448995926,-379.94417879600974,-386.83429562299966,-386.83429562299966,-386.83429562299966
"<s> गोलियों-गालियों, अपराध पर बनी वेब सीरीज़ में दर्शकों की दिलचस्पी क्यों? </s>",-135.21773196418704,-135.18398225042657,-197.40108123590795,-228.53174395049217,-228.5233941837334,-233.33815623437596,-288.4089042880604,-287.90526564327604,-292.43422277638933,-276.3102111592855,-276.3102111592855,-276.3102111592855
<s> ऐसे में अगर शेख हसीना बांग्लादेश में नहीं रहती हैं तो यह भारत के लिए सहज स्थिति नहीं साबित होगी. </s>,-168.6238326675654,-168.55868531247566,-301.623014595879,-334.4464973473481,-334.40850699076844,-383.1742275689469,-428.9643891698408,-425.41866128355593,-472.0689354724819,-494.51092255002493,-493.50224739490466,-504.36812227789414
<s> मैं समझता हूं कि इसका इलेक्शन पर प्रभाव भी पड़ा है. </s>,-113.71916164782058,-113.68244805995505,-184.6682742099337,-206.16943534485472,-206.1549121505004,-219.27946839907213,-254.60335950364907,-253.08137912618886,-269.42017554688994,-246.4393970226027,-245.42642711332957,-255.68894338307916
"<s> यह वह प्रमुख सवाल है, जिसका उत्तर इसरो ने 21 अक्टूबर को अंतरिक्ष यान गगनयान को लॉन्च करते समय देने का प्रयास किया था. </s>",-235.03894941896033,-234.97148185108577,-372.3144081324516,-449.43764009715534,-449.41145170872466,-480.1478846006832,-592.3229088453626,-590.2910583321102,-617.1159827709145,-620.2261301310652,-619.7180727697006,-625.202850801619
<s> लिहाजा हम वो सब कुछ करना चाहते थे और यह मौक़ा नहीं गंवाना चाहते थे. </s>,-147.3157546703516,-147.27091091010487,-239.01636486949045,-306.85811955681373,-306.83616681611977,-329.7935848315684,-333.68350026701637,-331.1573265416646,-356.93020741405394,-373.3456294655226,-372.8516231001312,-376.52366439434905
<s> उनका मुक़ाबला था उत्तर प्रदेश के मुख्यमंत्री रहे हेमवतीनंदन बहुगुणा से. </s>,-122.36253725035496,-122.43422651794349,-184.39404836538543,-242.4204454720988,-242.40702499435707,-261.33441297664103,-248.68986858774548,-247.16624992792435,-269.41933121998653,-259.11837835678375,-258.6081028298038,-265.9995513832082
<s> 20वीं सदी के मशहूर जर्मन दार्शनिक और समाजशास्त्री जुरगेन हैबरमास जैसे कुछ विद्वान तो यहां तक कहते हैं कि कॉफी के प्रभाव के बिना ज्ञानोदय नहीं हुआ होगा. </s>,-309.7704386546147,-309.7083787343743,-451.4018034583895,-601.2252066549989,-601.1956185824863,-632.8124575875282,-720.0313323697397,-718.5044417731397,-739.1469696371767,-746.0375701300708,-746.0375701300708,-746.0375701300708
"<s> यह रकम कितनी बड़ी है, इसका अंदाज़ा इससे लगाया जा सकता है कि दस साल पहले बीसीसीआई अध्यक्ष के तौर पर एन. </s>",-211.66161311649054,-211.59536486150122,-344.82842808513993,-391.6612674193404,-391.6309297043082,-438.52612634781883,-478.6389034025575,-475.08801261615304,-527.3295732166733,-516.4108927698726,-514.3891116369008,-539.008808869198
<s> वैसे भी मार्केटिंग के पुराने माध्यमों की तुलना में इन्फ़्लूएंसर मार्केटिंग काफ़ी सस्ती हैं और ब्रैंड्स की बिक्री भी अच्छी हो रही है. </s>,-225.1407958347676,-225.07882022203353,-354.99442531098504,-462.31694932890616,-462.2897330770722,-494.63292939801977,-581.2418531358983,-579.7158707827293,-600.991799057133,-607.882464550428,-607.882464550428,-607.882464550428
"<s> ""  विनेश के पिता की मृत्यु 25 अक्टूबर 2003 को दिवाली से एक सप्ताह पहले करवा चौथ के दिन हो गई थी. </s>",-190.37750058221604,-190.30732767756905,-328.05078552609376,-374.0785182243649,-374.04614636370206,-410.85129119514085,-508.86814728031663,-505.8263902311267,-538.8403260435484,-552.4913217302386,-551.4926672011571,-559.6301802559889
<s> यह संख्या दुनिया के हिस्सों की तुलना में पूर्वी एशियाई देशों में अधिक है. </s>,-126.40665420855629,-126.35956292229288,-221.350364702967,-233.30878757708774,-233.2876280882508,-259.9754547581509,-334.64354567173655,-333.1262236310721,-352.3126738267408,-359.2032745070711,-359.2032745070711,-359.2032745070711
"<s> 43 का रहा है, जो किसी भी मुंबई इंडियंस के बल्लेबाज़ से कहीं अधिक है. </s>",-157.08214831036733,-157.03675807462187,-250.4854521623025,-299.7550015424482,-299.7372254830607,-315.7601663597719,-362.51704736622565,-360.988464267101,-379.9442037460317,-386.83429562299966,-386.83429562299966,-386.83429562299966
"<s> वो बताती हैं, ""अगर स्कूली स्तर पर बच्चे को कोई मदद नहीं मिली तो बहुत संभव है कि वे पढ़ाई बीच में ही छोड़ दे. </s>",-245.80106435288303,-245.72562248858083,-398.18172014698416,-430.7534343062281,-430.71636337156696,-479.4788492154891,-554.9673854445756,-550.9249347572614,-598.7188996907576,-621.0149694900559,-619.5115072768144,-632.2126114736134
<s> गांडेय विधानसभा सीट गिरिडीह जिले में आती है. </s>,-99.04972110088929,-99.04741621865018,-144.54474902011495,-196.9454659693917,-196.93672131539415,-206.54737498520677,-205.26691290591174,-204.76326451468384,-209.5411578382975,-193.41714781149983,-193.41714781149983,-193.41714781149983
<s> उनका स्टोरी आयडिया 10-15 मिनट का होता था और फिर हम साथ में एक-एक सीन लिखकर ढाई घंटे की पूरी फिल्म लिख देते थे. </s>,-256.1086505020518,-256.06567520940183,-386.0820316439443,-464.031175599425,-464.00564734852935,-494.25682768459313,-599.7241936493574,-597.7069950738735,-617.1164543729982,-635.5134856663566,-635.5134856663566,-635.5134856663566
<s> हालांकि सर्बिया ने कभी भी कोसोवो की आज़ादी को मान्यता नहीं दी. </s>,-123.05036334730968,-123.02638392665301,-196.10284797829786,-262.41765023961955,-262.4061228830001,-274.9553080542883,-298.911978690291,-297.8977516855029,-308.5582173946684,-303.941232275214,-303.941232275214,-303.941232275214
<s> भारत के सरबजोत सिंह और दिव्या तडिगोल सुब्बाराजू ने दस मीटर एयर पिस्टल निशानेबाज़ी में मिक्स्ड मुकाबले का सिल्वर मेडल जीता है. </s>,-262.4355705465331,-262.4985726672915,-358.48306633945,-467.67531113114995,-467.67157471777296,-481.0943776311141,-556.9186918247998,-555.4001875498099,-573.3611130262715,-580.2514434344995,-580.2514434344995,-580.2514434344995
<s> दो महीने से काम बंद हैं और सर्कस में काम करने वाले कई लोग वापस घर भी नहीं लौट पा रहे हैं. </s>,-177.62489348505503,-177.55393508209886,-329.78936574171485,-332.08871085322596,-332.04611791531505,-382.76177648197506,-472.73094408918985,-468.68227023630106,-515.8258241835144,-549.2241947582073,-548.2163907491429,-559.6301484031368
<s> हमेशा के लिए शांत हो गए. </s>,-66.76089035015458,-66.73881905610772,-116.33304106516005,-124.66233837860875,-124.65206945214399,-136.81478821746123,-147.6930261602411,-147.1828025102912,-154.27905069429963,-138.15510557964274,-138.15510557964274,-138.15510557964274
<s> इसके अलावा जूलियन वेबर हमेशा ही नीरज के प्रमुख प्रतिद्वंद्वी रहे हैं. </s>,-130.00363456678832,-129.97211483949638,-197.90057575609964,-271.5696077066941,-271.5582458967514,-288.87370921615445,-310.0189515321323,-309.51520221127294,-320.06293410936945,-303.941232275214,-303.941232275214,-303.941232275214
"<s> लेकिन अभी तो मैच की कहानी बदलनी थी और फिर रिंकू सिंह ने वो कारनामा किया, जो इतिहास में दर्ज हो गया. </s>",-209.90222408954003,-209.8371658590441,-344.2974637535224,-404.1318060899195,-404.10957315564207,-438.9199401124523,-542.1142383320258,-540.0894848039895,-561.8543706889055,-566.7627611701831,-566.2687440670805,-569.9408122058484
<s> मैं समझता हूँ कि स्टारडम कभी न कभी हमसे दूर हो जाएगा. </s>,-129.20906862425576,-129.1711456425683,-199.14470872773316,-250.8726272296708,-250.86432307825908,-260.949279628778,-299.2402881693074,-298.22764229479117,-308.55822355809846,-290.5395600356222,-290.0470840513635,-293.63060110666356
<s> '' स्मॉलपॉक्स वैक्सीन पर आधारित एमपॉक्स वैक्सीन एमवीए-बीएन वैक्सीन के नाम से जानी जाती है. </s>,-218.0638437858828,-218.0260438839855,-293.74254565767404,-326.4031614374442,-326.38701863512824,-343.8163850305086,-361.61314952437795,-360.0893747697217,-379.94368927574516,-356.8678215452319,-355.8538198397098,-366.21302814729944
<s> हमें अपनी ग़लतियों से सीख कर जल्द से जल्द सरकार में लौटने की कोशिश करनी चाहिए. </s>,-148.7194465117482,-148.70306776909803,-249.15083623438196,-293.6948026782625,-293.6722164386257,-315.3227374292636,-375.072486360156,-373.0482710056178,-396.0680516633642,-400.82248250262023,-400.32604615721255,-404.15468539007566
<s> इंटरव्यू के लिए मिले 15 मिनट के एयरटाइम के बाद सभी प्रदर्शनकारी रूपवाहिनी के परिसर से बाहर चले गए. </s>,-198.16622627980118,-198.10986864660399,-314.9367389834147,-352.455267893139,-352.42951904862974,-383.5370564629733,-410.3861789783116,-406.8791678890333,-444.4402376966421,-497.35838008671385,-497.35838008671385,-497.35838008671385
<s> जब एक करोड़ का सवाल मेरे सामने आया तो मैं बहुत ही नर्वस थी क्योंकि नॉर्मल फ़ैमिली के लिए एक करोड़ बहुत बड़ी रक़म होती है. </s>,-232.4134028526019,-232.40841080952833,-385.1439951691765,-472.287796994878,-472.2424604259303,-520.9626227820685,-618.3998189006255,-615.3996240671754,-649.3631849286086,-676.5334622465549,-676.030770940226,-680.464895858215
<s> हमने एक साफ़ और भरोसेमंद फ़ैसला देने के लिए सभी चीज़ों पर ग़ौर किया है. </s>,-148.81157421046242,-148.77105219267295,-236.33616057119943,-337.9360342208919,-337.92416573348135,-357.4009989965836,-358.7830348259593,-357.2864619137091,-379.9431923923661,-373.22810392376635,-372.73238771083925,-376.5236643042057
<s> इस मैच में उन्होंने 12 ओवरों में आठ रन देते हुए एक विकेट हासिल किया था. </s>,-139.40249400889226,-139.34898032988988,-249.96263051960634,-251.47336875437205,-251.4450953499064,-287.03698146606774,-341.11273051925997,-338.08392877244285,-373.05401297405064,-384.04418298846906,-383.03756216276906,-393.8440355303771
<s> 2011 वर्ल्ड कप में भारत के लिए अहम भूमिका निभाने वाले गौतम गंभीर ने टीम की कमान संभाली और कोलकाता टीम की किस्मत बदल दी. </s>,-220.21918544860142,-220.13859755103513,-368.7545015925067,-391.55656131339697,-391.5137632821964,-437.217510953995,-501.67023797550803,-496.1053653200512,-564.1979127857161,-591.0017389328743,-588.4921379703561,-611.5913413534904
"<s> "" जिन कहती हैं कि उनका बेटा पहले से ही टैलेंटेड था और उन्हें और उनके पति को बेटे से काफी उम्मीदें थीं. </s>",-190.1349356871014,-190.06175844087034,-342.29286468531404,-375.3869383987071,-375.34456906474094,-424.43220690731215,-482.37845191613917,-477.8129158999419,-531.9497810609287,-607.882464550428,-607.882464550428,-607.882464550428
<s> कौरवों और पांडवों के बीच महाभारत की लड़ाई की कहानी पर केंद्रित भगवद् गीता ने ओपेनहाइमर को एक दार्शनिक सोच की बुनियाद दी. </s>,-234.29352582786711,-234.24128359669135,-354.3353280519779,-476.1194350090237,-476.1092415373064,-494.6425820475214,-619.2028122396606,-618.6955050553171,-624.0064696065874,-607.882464550428,-607.882464550428,-607.882464550428
"<s> ” राहुल गांधी के जातिगत जनगणना के दावों पर उन्होंने कहा, “पहले राहुल गांधी सत्ता में आएं
तब वे जातिगत जनगणना कराएंगे. </s>",-266.33844321352393,-266.2783340657636,-372.5710504258388,-448.5319250944465,-448.5225282322935,-467.08157373496334,-573.725483086682,-572.711823343489,-584.8683304437848,-580.2514434344995,-580.2514434344995,-580.2514434344995
<s> कुछ निर्दलीय विधायकों ने आज भाजपा से समर्थन वापस लेकर कांग्रेस को समर्थन देने का काम किया. </s>,-147.65552239644634,-147.59886355031315,-263.7712142269154,-255.44089822276442,-255.40904660629118,-286.79762334842235,-387.1373678343038,-384.6042741339554,-412.192227974663,-427.3668771069444,-426.8608893419726,-431.7857048532364
<s> हालांकि इस पूरी हिंसा को लेकर दावा किया जा रहा है कि एक ख़ास समुदाय की संपत्ति को नुकसान पहुंचाया गया. </s>,-173.67440541762502,-173.60568693758722,-315.17578739160297,-307.9986073757561,-307.95550808083146,-368.59400270163144,-393.042270617479,-387.98071330092233,-465.17198757300906,-453.83938556509304,-450.80877389442185,-490.75579227233305
<s> टॉस की भूमिका अहम रह सकती है. </s>,-83.14667158374468,-83.1216425403391,-131.1435265053261,-158.88450661142116,-158.87721900453778,-164.9088336444868,-177.22848881046664,-176.7216911450688,-181.91013314346185,-165.78612669557128,-165.78612669557128,-165.78612669557128
"<s> "" उन्होंने लिखा, ""हम मानवता के हित के लिए विज्ञान की नई सीमाओं को आगे बढ़ाना जारी रखेंगे. </s>",-198.9098293516552,-198.8570965504332,-303.43217657305297,-332.1647098847467,-332.14566801163323,-356.1077287484775,-432.14510435539216,-430.1488131702649,-451.3303061103914,-454.4331275211399,-453.925049189672,-459.41672407599737
<s> वे अगले दिन रूस जाने वाले थे. </s>,-80.21783844897405,-80.19260231724331,-132.03180381751207,-153.6117160802574,-153.60415538842238,-164.88395088508383,-193.41714781149983,-193.41714781149983,-193.41714781149983,-165.78612669557128,-165.78612669557128,-165.78612669557128
<s> आ गए नहीं बल्कि छा गए कहना ठीक रहेगा क्योंकि इसी दौरान उन्होंने लगातार पांच मैचों में शतक ठोके. </s>,-171.97127062544956,-171.90837173770754,-292.69878216152813,-338.4805118884849,-338.4699881564954,-356.13082990538953,-492.9107636991665,-491.89803667347917,-501.9753748487756,-497.35838008671385,-497.35838008671385,-497.35838008671385
"<s> लेकिन जाते-जाते एक नज़र डालते हैं आज के दिन की बड़ी ख़बरों पर - गुजरात में भारी बारिश और बाढ़ 
की स्थिति के बीच सेना और रेस्क्यू टीम राहत-बचाव कार्य में जुटी है. </s>",-300.5032364109196,-300.40546905930637,-500.2609773853091,-560.6410728394234,-560.591101553454,-616.5016427611673,-792.3742720928274,-788.8164718867561,-831.2743903690734,-842.6742269854877,-841.1807838505656,-853.2607807315962
<s> यह ठाकुर बहुल गाँव है और यहाँ के सैकड़ों लोग आर्मी में हैं. </s>,-124.24536211537549,-124.20216906522502,-208.35068117244896,-258.2172018506381,-258.2038882133377,-274.3739154069674,-343.40080963839904,-342.90109939641684,-347.6962632197412,-331.57225339114257,-331.57225339114257,-331.57225339114257
<s> उनके छोटे से वाक्य के जवाब ने बहुत कुछ कह दिया. </s>,-104.99791694810045,-104.96057307735906,-182.87488828052795,-204.81062399440023,-204.79900726396497,-219.28104045435407,-273.42973914709853,-272.4272087824331,-280.9272159616332,-276.3102111592855,-276.3102111592855,-276.3102111592855
<s> लेकिन ऐसा पहली बार हुआ जब किसी एक टी-20 मैच में लगभग 550 रन बने. </s>,-156.83946258329732,-156.79272026117926,-252.52623106421933,-272.4850822160551,-272.45694130183335,-301.66663588881755,-361.9378885345212,-360.4126188292068,-379.9441818773564,-357.68078093128025,-356.67620206810375,-366.2130281473005
"<s> ’ बीबीसी हिंदी के व्हॉट्सऐप चैनल से जुड़ने के लिए 
यहाँ क्लिक करें      पुराने दिनों को याद करते हुए नंदिता बताती हैं कि पहले गर्मियों के दिनों में मटके में पानी भरने के बाद उसके ऊपर मलमल का कपड़ा भी गीला करके लपेट दिया जाता था. </s>",-414.8338747952204,-414.7215613604601,-660.0976646565628,-840.8139640250727,-840.7633048954209,-904.9126278532773,-1017.7570104033642,-1010.1831496842156,-1098.421355492948,-1127.5921830662246,-1123.5725629559997,-1160.910877609549
<s> दोनों की मुलाक़ात साल 2013 में  येल यूनिवर्सिटी में हुई थी. </s>,-112.66109705368646,-112.63233343005355,-182.37712919383927,-228.58971894398476,-228.57228771422893,-247.33462243758746,-268.4560031399717,-267.4370015952236,-280.9271126787972,-276.3102111592855,-276.3102111592855,-276.3102111592855
<s> इसराइली सेना हिज़बुल्लाह के कमांडरों को भी निशाना बनाती है. </s>,-119.41797350030558,-119.44984182310239,-169.93843052015362,-269.1005389345503,-269.0953230135318,-275.82747909482714,-260.23235780495816,-259.72823059561756,-264.8031975850794,-248.67919004335693,-248.67919004335693,-248.67919004335693
"<s> "" बाढ़ की चेतावनी को लेकर प्रबीर डे कहते हैं, ""बांग्लादेश को ये बहुत अच्छे से पता है कि भारत का वेदर फोरकास्ट बहुत बार बोल चुका था कि ज़्यादा बारिश होने वाली है और बाढ़ की स्थिति आ सकती है, लेकिन उन लोगों ने तैयारी नहीं की. </s>",-441.835581776148,-441.7446454197039,-716.9824521811139,-832.755571639759,-832.6868914033096,-918.2730995639491,-1108.4349328317198,-1101.865999863353,-1176.6973205115105,-1242.4569199927287,-1240.4558203243332,-1257.4154647994587
<s> लेकिन भारत का इस पर कोई असर नहीं हुआ और अब भारतीय टीम श्रीलंका में पाकिस्तान के ख़िलाफ़ खेल रही है. </s>,-166.57031992421886,-166.50111414108918,-315.15183625315245,-302.9422245234406,-302.89197412193187,-355.15033167391545,-444.4895774726031,-440.4279751327813,-488.1951732030104,-521.9010794026123,-520.8854164922111,-531.999150425487
"<s> साल 1923 में, एक ब्रिटिश उपन्यासकार, कॉम्पटन मैकेंज़ी को एक ऐसे मुक़दमे का सामना करना पड़ा जिसमें उन्होंने ब्रिटेन की ख़ुफ़िया एजेंसी सीक्रेट सर्विस ब्यूरो (जिसे सरकार की तरफ़ से सार्वजनिक रूप से स्वीकार ही नहीं किया गया था) के पहले प्रमुख सर मैन्स फ़ील्ड कमिंग्स की मृत्यु के बाद एक पत्र में उनका नाम प्रकाशित कर दिया था. </s>",-573.6439877029596,-573.6970236057977,-863.4295907902829,-1142.0922833273899,-1142.0157682162262,-1236.2567231234743,-1416.0223810288558,-1409.9277726390974,-1492.1442630141091,-1554.2544718689492,-1552.7305788957033,-1571.667256395022
<s> इस रोल के ज़रिए नरगिस पूरी दुनिया को दिखाना चाहती थीं कि वो राज कपूर कैंप से बाहर निकल आई हैं. </s>,-196.78029769283455,-196.7133680622582,-317.56891958697065,-367.88925795515894,-367.861983731197,-397.1426181770621,-513.3401112140074,-511.3104103486668,-534.2233173649299,-552.620422318571,-552.620422318571,-552.620422318571
<s> तुर्की और इसराइल के बीच संबंध भले ही उतार चढ़ाव वाले रहे हों. </s>,-130.66947309005772,-130.62755094785092,-210.63407720558956,-277.77287687432363,-277.7687797686343,-288.52299631171866,-342.2816381615986,-341.7764998728315,-347.69624810943435,-331.57225339114257,-331.57225339114257,-331.57225339114257
<s> इस हफ़्ते हम जानने की कोशिश करेंगे कि क्या कॉपीराइट का मुद्दा भविष्य में कलाकारों की सृजनात्मकता और कला को बड़े पैमाने पर प्रभावित कर सकता है? </s>,-235.4020703222327,-235.32961214374964,-394.8420010437126,-480.22293363635555,-480.18490359060775,-520.8091952030782,-643.9015876109055,-640.8543950328635,-676.9952532994629,-689.9937808963718,-688.9941322962716,-697.7852840326136
<s> टाइटैनिक जहाज़ को देखने गई जो पनडुब्बी लापता हो गई उसकी तलाश अभी भी जारी है. </s>,-159.21404392777956,-159.1763622140257,-251.9327430238377,-351.2254866273389,-351.2064304031991,-371.4121248488873,-408.59438417834286,-407.577472201193,-419.0822923152348,-414.4653167389282,-414.4653167389282,-414.4653167389282
<s> दिल बेचारा एक हॉलीवुड फिल्म की रीमेक है. </s>,-95.68813001520056,-95.66259075940853,-144.24208538769474,-174.3226131087995,-174.319610843809,-178.50769998682688,-221.04816892742838,-221.04816892742838,-221.04816892742838,-193.41714781149983,-193.41714781149983,-193.41714781149983
<s> भारतीय खिलाड़ी अपना सर्वेश्रेष्ठ प्रदर्शन करने की उम्मीद कर रहे होंगे. </s>,-112.6026970902206,-112.62358916623428,-184.3867897873549,-207.76132892856467,-207.741319358528,-233.1928799673308,-235.49848312946088,-233.4650033342938,-257.9131027258948,-247.32913319790902,-246.3265524511388,-255.68894407423937
<s> विधानसभा चुनाव से पहले भाटी को भाजपा में इस शर्त पर शामिल किया गया था कि उन्हें शिव से पार्टी उम्मीदवार बनाएगी. </s>,-174.13795389220977,-174.0659063966364,-328.0666862043914,-315.75205190477635,-315.72017247437213,-368.5705165301711,-428.346967851445,-423.2725770266628,-492.81004551479583,-489.1913952056851,-486.1612376626852,-518.3876186801813
<s> पर उसके साथ साथ हमारे शरीर के अंग भी पुराने होने लगते हैं. </s>,-119.30465002975782,-119.2606439764983,-210.10984701363049,-228.34650299327498,-228.326521483923,-246.48301862741255,-326.30285386357474,-325.2871509214618,-336.18923821234006,-331.57225339114257,-331.57225339114257,-331.57225339114257
<s> 2019 के लोकसभा चुनाव में स्मृति इरानी ने कांग्रेस नेता राहुल गांधी को करीब 55 हजार वोट के अंतर से हराया था. </s>,-193.29827895609355,-193.23011012562213,-328.2070750558384,-316.57510111788054,-316.53962509773913,-354.7951491955989,-432.65978694817403,-427.56702936547515,-492.81183775366395,-461.20508433184574,-457.1808075647983,-497.7663530676057
"<s> एमआई-6 के पूर्व प्रमुख सर जॉन सॉवर्स कहते हैं, ''एमबीएस एक नेता के तौर पर ख़ुद की ताक़तों को बढ़ाने की इच्छा रखते हैं और वो ऐसा केवल अपने देश की ताक़त को बढ़ाकर कर सकते हैं. </s>",-380.60539274985734,-380.5141905078657,-583.0739906954067,-717.4858623079656,-717.4438222338441,-769.139808223448,-852.8495940643961,-847.7744459809403,-907.2765408525233,-964.9551583788053,-963.9421110386612,-974.095493148477
"<s> ""  बांग्लादेश से दुनिया के विभिन्न देशों में मज़दूरों के जाने की शुरुआत वर्ष 1976 से हुई थी. </s>",-154.44558602721278,-154.38873831886954,-273.4040481571969,-311.4492944072807,-311.42755313213763,-342.4936410077886,-402.9385214947641,-399.91303430947687,-428.31631205965755,-442.24229805028847,-441.24673355196853,-449.1060960927781
"<s> ये
 भी पढ़ें
:
-
 
मार्क वुड की रफ़्तार का क़हर, लखनऊ जायंट्स के आगे दिल्ली कैपिटल्स पस्त लखनऊ की टीम को जीत भले नहीं मिली हो, लेकिन कायल मेयर्स ने 22 गेंदों पर आठ चौके और दो छक्कों की मदद से 53 रनों की पारी खेली. </s>",-470.5655458697464,-470.4693683714005,-703.6980095618031,-910.0336253892626,-909.9978506384288,-961.3160185057524,-1124.8299967707853,-1119.7491818382305,-1183.5869401706223,-1211.188789274022,-1209.1652272398528,-1229.7844331058363
"<s> भारतीय टीम मौजूदा कोच राहुल द्रविड़ की अगुवाई में अगस्त, 2006 में एक त्रिकोणीय सिरीज़ खेलने श्रीलंका आई थी. </s>",-207.31915006656897,-207.26522029917123,-304.7668139319145,-418.4225744503274,-418.4067694609199,-440.2657188783116,-472.351862259391,-470.8299062250919,-490.46813016303634,-497.35838008671385,-497.35838008671385,-497.35838008671385
"<s> उन्होंने बताया, “कुछ साल पहले तक किसी के लिए भी एक बैग में कैश लाकर बिना किसी सवाल जवाब के दुबई में प्रॉपर्टी ख़रीदना संभव था और अधिकतर लोगों ने इसी दौरान दुबई में पूंजी निवेश किया. </s>",-343.0955169662962,-343.05191779994453,-555.6309097986358,-626.1498615158606,-626.1049065063064,-684.4235111524821,-920.4330912765564,-917.4231596896359,-953.3048774485393,-964.5050597953111,-963.4904536982067,-974.0954916159207
<s> वहीं यश धुल ने केवल 1 रन बनाए. </s>,-94.44046708054242,-94.41472537087908,-145.02542667179816,-185.15316664411475,-185.14739717010877,-192.48100175955872,-221.04816892742838,-221.04816892742838,-221.04816892742838,-193.41714781149983,-193.41714781149983,-193.41714781149983
<s> कई बार बुरे अनुभव भी होते हैं. </s>,-81.1692044691508,-81.14421470346565,-131.63605928658546,-153.8654275455459,-153.85612241430772,-164.88455047730062,-174.03852244760668,-173.52865829223015,-181.90988296351526,-165.78612669557128,-165.78612669557128,-165.78612669557128
<s> पुलिस ने एफ़आईआर दर्ज कर पुल हादसे में अब तक कुल नौ लोगों को गिरफ़्तार किया है. </s>,-153.65540170534592,-153.60853938340725,-263.2514188310634,-291.1548877984654,-291.12992652576327,-328.7275012952731,-363.8551595008681,-360.8189836470938,-400.6831415893764,-398.7455913796754,-397.2437387687248,-411.1644354242886
<s> इसी संगठन ने हिंसा से एक दिन पहले पुणे के शनिवारवाड़ा में एक बैठक बुलाई थी. </s>,-155.98363074279703,-155.93336864172184,-262.398741546001,-281.6643905607891,-281.63597934718155,-315.20670137462525,-372.93482106606643,-370.90700406811646,-396.0680618912233,-398.0543863612736,-397.5444707419504,-404.154672829107
"<s> इस परीक्षण में 25 से 40 साल के 303 स्वस्थ, सेक्सुअली एक्टिव शादीशुदा पुरुषों और उनकी सेक्सुअली एक्टिव पत्नियों को भी शामिल किया गया था. </s>",-249.88786320668714,-249.83874304637519,-382.97575138858735,-463.5951362010417,-463.56262439491337,-507.4955472680339,-572.7954698584934,-569.2618264895937,-610.2261285160587,-631.0713772180108,-630.0524236829522,-642.5232268658065
"<s> मैंने 20 साल कुश्ती लड़ी है, जिसके चलते मैं महिलाओं की परेशानी को अच्छे से समझ सकती हूं. </s>",-187.89698477337367,-187.84120544129763,-292.23991389067606,-363.98339858886163,-363.96416371726315,-384.63578311179606,-448.1835631736465,-446.66418878473655,-462.83731401413274,-469.7273589707853,-469.7273589707853,-469.7273589707853
<s> बलराज साहनी की फ़िल्म 'गर्म हवा' विस्थापन के दर्द को बयाँ करती है. </s>,-182.12658800583023,-182.10874708765726,-238.0880282641638,-315.7403235149701,-315.74637690679185,-316.66748152349066,-342.4493112165595,-341.94063628144147,-347.6962516875244,-331.57225339114257,-331.57225339114257,-331.57225339114257
"<s> इंदिरा जयसिंग के मुताबिक़, शिकायतों में समानता भर उनकी सच्चाई का प्रमाण नहीं माना जा सकता, “हर वारदात की पुष्टि के लिए तहक़ीक़ात ज़रूरी है और सबूतों और तथ्यों के बिनाह पर किसी मामले में अपराध साबित करना आसान हो सकता है किसी में नहीं. </s>",-456.18175355935597,-456.0709694513366,-700.4179521138655,-834.8082947653481,-834.7596509378765,-891.3967816145449,-1140.0253197257125,-1136.9769962164642,-1174.3523186626426,-1187.322031841249,-1186.3189363467077,-1195.1436646301813
<s> करीब दशक पहले टैरी वाल्श के कोच रहते तो मलेशिया हॉकी में एक ताकत के रूप में सामने आई थी. </s>,-187.93065587985694,-187.9439912300993,-301.7522135257383,-395.83459266355504,-395.8152848116703,-425.71833032547164,-496.6065992282063,-495.08244538808754,-518.0958544332375,-481.6240662150813,-480.12035824181294,-494.05749967360555
"<s> इस बयान में तत्कालीन प्रधानमंत्री मनमोहन सिंह ने कहा था कि देश के संसाधनों पर पहला 'दावा' दलितों, पिछड़ों और मुसलमानों का है. </s>",-229.63684131624012,-229.56923232789325,-369.412702445472,-357.7864071240662,-357.74598180962107,-410.0358594752574,-455.58934604943533,-450.5262230532758,-520.4411482947111,-487.34798796615553,-483.3086225304828,-525.3972966589454
"<s> लोकसभा चुनाव 2024: बरेलीः संतोष गंगवार का टिकट कटा, बीएसपी का पर्चा ख़ारिज, क्या बच पाएगा बीजेपी का गढ़ -ग्राउंड रिपोर्ट       क्रेमलिन ने इन सभी आरोपों को खारिज किया है और इसे 'निराधार' बताया है. </s>",-426.374343578697,-426.29350442448873,-589.5103467565419,-716.9834217775194,-716.9503066474592,-755.940417244718,-827.6532720911345,-823.591836834094,-875.0291487644506,-883.0956260400792,-881.0962729792811,-898.2121895411302
"<s> '' मई 2023 में एक इंटरव्यू में आलिया भट्ट ने कहा था, ''मुझे अपने ग़ुस्से पर काबू पाने के लिए बहुत मशक्कत करने की ज़रूरत है, क्योंकि मेरे पति को पसंद नहीं कि ग़ुस्से में मेरी आवाज़ इतने डेसिबल से ऊपर हो. </s>",-437.21442772900116,-437.1277190721998,-650.067906426926,-800.3753399650144,-800.3180713228429,-864.5948218299498,-953.5604458420406,-947.4948679066317,-1022.417996385482,-1086.4575372443437,-1084.9348612440917,-1101.9399540069267
"<s> यही नहीं, कई बार तो मर्दाना समाज मान लेता है कि शादी हो गई है तो लड़की का नाम बदल ही गया है. </s>",-211.65094962345026,-211.58483961633766,-357.33935707901634,-403.7015707882787,-403.66731704509135,-452.13431444101906,-515.1072103805176,-511.57765654420854,-554.9627633707964,-579.2926731674285,-578.287894222579,-587.2611999595665
<s> की गेंद फेंकी. </s>,-47.07266212245269,-47.060030833112116,-76.8457677817308,-78.22408105837857,-78.21850913478201,-82.455400370478,-82.89306334778564,-82.89306334778564,-82.89306334778564,-55.262042231857095,-55.262042231857095,-55.262042231857095
<s> कब इसराइल कुछ कार्रवाई करने में विफल रहता है या कब फ़लस्तीनी कुछ कार्रवाई करते हैं? </s>,-157.53294056052178,-157.49077047927702,-251.0987000731396,-350.67075814331906,-350.6515775438659,-371.44598822833467,-393.7586932086767,-392.24460173384006,-407.5752860971926,-400.8224825627209,-400.3260462573803,-404.15468539007566
<s> यहां जनादेश की ज़रूरत पड़ती है और इस तरह की आलोचना को बहुत बल नहीं मिलता है. </s>,-148.99711266883887,-148.94153908818296,-261.39839334274313,-305.6198942057001,-305.5931344607356,-342.8012020984681,-396.6412710556996,-394.6119670463685,-423.69856092808857,-411.90646077820867,-410.8918480177542,-421.4750693574456
<s> उन्होंने कहा कि अगर बड़े बहुपक्षीय संस्थान बदलते समय के अनुकूल नहीं होते हैं तो छोटे क्षेत्रीय मंच अधिक महत्वपूर्ण हो जाएंगे. </s>,-194.7423769607785,-194.67226443168877,-331.2998900704623,-396.13174127337675,-396.1035739222742,-438.5773535292971,-477.4986990723066,-473.96496954464556,-527.3239018337899,-528.8430448387128,-527.3218455106839,-549.3184665843403
"<s> "" ""डॉक्टर ने मुझे आश्वस्त किया और कहा कि मुझे चिंता करने की ज़रूरत नहीं है. </s>",-156.53402095786188,-156.48400591284542,-263.4581887114122,-280.44977293998653,-280.41971905241985,-315.0717731231367,-335.9315859234757,-332.88956028057305,-373.0538218384742,-369.49118638439063,-367.97725450861407,-383.53340619484067
<s> यहां वैज्ञानिकों ने उन हालात की नक़ल करने की कोशिश की है जिनका भविष्य में मंगल पर जाने वालों को सामना करना पड़ सकता है. </s>,-208.22378101718465,-208.15377915746475,-367.0130883588336,-398.7749692627645,-398.73111985192054,-451.5659086100013,-563.2362745435167,-559.6772967905258,-610.2250439654352,-611.9959758270176,-610.4653512456521,-632.2125287465001
"<s> वहीं राष्ट्रीय जनता दल, कांग्रेस, वामपंथी दलों और अन्य दल इंडिया गठबंधन के तहत मिलकर चुनाव लड़ रहे हैं. </s>",-217.07328664272225,-217.01716317384572,-320.54814216740726,-362.39680570215774,-362.3859259371805,-384.100816210278,-507.2860500626031,-506.77610410895795,-513.4823484618173,-497.35838008671385,-497.35838008671385,-497.35838008671385
<s> गठबंधन सही रास्ते पर और इंशाअल्लाह सब कुछ सही चलेगा. </s>,-108.75733657289751,-108.7315598211152,-171.44021696566267,-211.5355296204881,-211.52756665176182,-219.73427932431417,-244.66482220947296,-243.65430498036898,-253.29618818531253,-248.67919004335693,-248.67919004335693,-248.67919004335693
"<s> क्रिकेट कमेंटेटर हर्षा भोगले ने एक्स पर लिखा, 'भारतीय क्रिकेट का सबसे खुला राज आख़िरकार खुल ही गया. </s>",-230.05400097788393,-230.0265306246222,-307.0565695289527,-475.4847460568052,-475.47657875544195,-482.8795750010756,-497.35838008671385,-497.35838008671385,-497.35838008671385,-469.7273589707853,-469.7273589707853,-469.7273589707853
"<s> अगर लोग औसतन कम इनकम टैक्स जमा करेंगे, तो वो ज़्यादा खर्च कर सकेंगे. </s>",-162.55161808554632,-162.50812420633343,-240.6122757216999,-317.9129623482861,-317.9010297505335,-330.2349881019971,-386.83429562299966,-386.83429562299966,-386.83429562299966,-359.2032745070711,-359.2032745070711,-359.2032745070711
<s> यह उनके करियर का भी सर्वश्रेष्ठ और ओलंपिक का अबतक का सबसे बड़ा रिकॉर्ड है. </s>,-135.83810537361833,-135.78795183066828,-236.68887949990088,-268.0424896170849,-268.03753220895146,-287.6047764647415,-348.03397587579076,-346.01634728276025,-368.43708312467743,-386.83429562299966,-386.83429562299966,-386.83429562299966
"<s> आप हमें 
फ़ेसबुक
, 
ट्विटर
, 
इंस्टाग्राम 
और 
यूट्यूब 
पर फ़ॉलो भी कर सकते हैं. </s>",-143.35369734460264,-143.32301517699264,-236.10557484266386,-286.5948987191067,-286.58535769516754,-301.71004620236556,-365.39580932715285,-363.8824411873524,-379.9442013630169,-386.83429562299966,-386.83429562299966,-386.83429562299966
<s> भारतीय जनता पार्टी ने इस बार अपने चुनावी घोषणापत्र से नेशनल रजिस्टर ऑफ़ सिटिज़न्स (एनआरसी) को हटा दिया है. </s>,-213.35030395805745,-213.29499069930733,-319.43380785489336,-339.5026297462504,-339.4853760220388,-370.1004309814977,-400.5281870373546,-396.96923013188217,-444.4394880078647,-463.30772974110295,-462.28730240220045,-476.7370636899058
<s> नेपाल के नए नक़्शे के साथ जारी किए जाने वाले 100 रुपये के नोटों की छपाई को लेकर भारत की नाराज़गी पर प्रधानमंत्री पुष्पकमल दाहाल 'प्रचंड' की सरकार ने कहा है कि इस फ़ैसले में नया कुछ नहीं है. </s>,-357.8965133962525,-357.8054893329697,-591.8107205739718,-652.1558779587863,-652.0909032546818,-739.4635332172352,-814.9379881745689,-807.3701642808268,-905.0009543799487,-970.9809511052457,-968.4551174010167,-998.425367428598
<s> उनके इस आरोप के बाद से ही भारत और कनाडा के संबंधों में तनाव की स्थिति बनी हुई है. </s>,-149.60592969964964,-149.54297461788903,-286.04820466144423,-251.05630883409668,-251.00971010734148,-299.7298314299253,-319.7608014972513,-313.6816824308415,-386.9040502510932,-407.7149919264232,-404.69819953473353,-435.4945250431401
"<s> ड्रेसन लिखती हैं, ""बू अब्दुल जब नस्री परिवार के देश में सुल्तान के तौर पर गद्दी पर बैठे तो वह 20 साल के एक अपरिपक्व युवा थे जो मुश्किल से अल हमरा महल से निकले होंगे और उन्हें अपने निष्क्रिय परिवार से बाहर की दुनिया का कोई अनुभव भी नहीं था. </s>",-487.227976147026,-487.0931399884637,-769.2119151516164,-940.6461791836523,-940.5914464142991,-1015.6005336797473,-1259.3557392799507,-1254.7978772287156,-1305.6179068115903,-1381.5510557964262,-1381.5510557964262,-1381.5510557964262
<s> बृजभूषण शरण सिंह ने अपने ऊपर लगे सभी आरोपों को सिरे से ख़ारिज किया है. </s>,-148.86329119277667,-148.82294440323966,-237.25881539597182,-284.67883489546705,-284.6641186949724,-301.6966141687814,-316.35579493892885,-313.3173107514003,-345.423195429667,-358.28535440060375,-357.27905622643607,-366.21303142277753
"<s> यमन के बाद व्यापार का ये रूट दो शाखाओं में विभाजित होने से पहले उत्तर में मक्का, मदीना और पेट्रा तक चला गया. </s>",-224.0426719853916,-223.9937328709087,-355.5433244110278,-468.2230637160041,-468.19999399137066,-494.4928962135371,-616.3504076561502,-615.8408902899922,-624.0062713066034,-607.882464550428,-607.882464550428,-607.882464550428
"<s> राजकमल ने इस सवाल के जवाब में कहा, ""पाकिस्तानी टीम बहुत अच्छी है. </s>",-159.36254413375218,-159.32718937022227,-237.4538179601227,-271.5463446161448,-271.5346758621855,-288.5632499363603,-304.8247795902568,-303.2950042573928,-324.6819575458046,-298.86128825167873,-297.8422140666121,-310.9509582694992
<s> बाढ़ के जमा पानी से बनने वाला कीचड़ गर्मी की वजह से सूखना शुरू हो गया है. </s>,-156.34375426747633,-156.30540213941444,-262.35271560643,-299.13321388184113,-299.10858703164763,-328.81588402627364,-396.8313120945842,-394.8011054328348,-423.6970162942291,-427.62682612717646,-427.12227137853677,-431.78570542419203
<s> उन्हें इस जीत से प्रेरणा मिलेगी. </s>,-69.1726400631801,-69.15060544420693,-117.27122668896638,-112.46912867152598,-112.45625112610485,-123.23622858114868,-132.7448136691115,-131.72944956124007,-142.77208741869777,-138.15510557964274,-138.15510557964274,-138.15510557964274
<s> शहर में कई जगहों पर लोगों को ठंडा पानी उपलब्ध कराने के लिए सरकारी और ग़ैर सरकारी संस्थाओं ने हैंडपंप लगाए हैं. </s>,-191.4941331106313,-191.42455448419318,-328.6501243063469,-349.69437183590367,-349.6569920862263,-396.35129467217234,-431.72966376403474,-426.6794156333382,-492.8113398343218,-506.16717495668496,-503.6505890511025,-528.6982659556056
"<s> हालाँकि, अब जब तेलंगाना सरकार ने जांच का वादा किया है, तो उम्मीद है कि सच्चाई सामने आ जाएगी. </s>",-200.79284937546166,-200.73630604385872,-318.5336655254497,-339.4526831468958,-339.4337772002212,-369.86316835213444,-471.93747971764196,-470.41521016779285,-490.46802988041105,-497.35838008671385,-497.35838008671385,-497.35838008671385
