Sentence,Add-One,Add-K,Token-Type 
उसे  तत्काल  ट्रेन  के  शौचालय  में  बंद  कर  दिया  गया  और  रायगंज  स्टेशन  पर  उसे  उतार  कर  सीधे  अपने  घर  ले  गई ।,5.108519487825881e-73,3.743679580159118e-68,4.756580022725191e-146
ऐसे  ही  एक  कार्यक्रम  का  एक  वीडियो  सोशल  मीडिया  में  सामने  आया  है ।,5.8966340543381526e-30,4.15497376552219e-27,8.973591885790136e-91
आरबीजीडी  की  टीम  ने  टास  जीत  कर  पहले  खेलते  हुए  निर्धारित  20 ओवर  में  174 रन  का  लक्ष्य  रखा ।,2.4692185802893143e-71,5.484178904174621e-67,6.861253679605174e-128
इससे  आम  आदमी  की  गाढ़ी  कमाई  को  फर्जी  और  योग्य  कंपनियों  के  नाम  पर  लुटाया  जा  रहा  है ।,1.5305442044012538e-61,7.968935872696351e-58,3.853504930509767e-121
विधि  शिक्षा  एवं  विधि  सहायता  केन्द्र  सेंटर  ऑफ  लीगल  एजुकेशन  एण्ड  लीगल  एड  क्लिनिक  द्वारा  विधिक  जागरूकता  में  प्रेस - मीडिया  की  भूमिका  पर  विचार  विमर्श  करने  के  लिए  एक  दिवसीय  कार्यशाला  का  आयोजन  किया  गया ।,4.295161223466033e-137,8.160859901378498e-129,4.408617040590838e-231
गैंजेज  क्लब  में  मना  जश्न  गैंजेज  क्लब  में  लोहड़ी  सेलेब्रेशन  एंड  म्यूजिकल  नाइट  का  आयोजन  किया  गया ।,3.554876935489762e-76,1.656349807632451e-72,1.4597617377126642e-115
बबीता  खोसला  तथा  डा .,1.7167714373082074e-22,3.3398853165821538e-21,6.8321869063980625e-37
सीएम  उद्धव  ठाकरे  ने  कहा  कि  15 दिन  तक  केवल  जरूरी  सेवाएं  जारी  रहेंगी ।,2.8215717789602294e-45,1.44759130176121e-41,3.2159098461976823e-97
"जो  मरीज  होश  में  दिखे , आसपास  का  हाल  देखकर  उनके  होश  उडे  हुए  हैं ।",9.802169577207246e-76,9.620512557782503e-73,4.52772593498444e-115
"रायपुर , ब्यूरो  छत्तीसगढ़) ।",1.1647252758782146e-33,9.918686206946331e-33,2.938927341728278e-48
आयुसीमा  न्यूनतम  21 और  अधिकतम  30 वर्ष ।,5.576635214875754e-34,7.246111443166058e-32,9.48704917730168e-55
"पूर्ण  मैराथन  के  विजेताओं  को  दो - दो  लाख  रुपए , दूसरे  स्थान  को  एक  एक  लाख  रुपए  और  तीसरे  स्थान  को  50 - 50 हजार  रुपए  की  पुरस्कार  राशि  दी  जाएगी ।",3.494727054074708e-117,1.5870710063192993e-110,6.311453573663033e-219
वशिष्ठ  नारायण  सिंह  बचपन  से  ही  होनहार  व  विलक्षण  प्रतिभा  के  धनी  थे ।,1.0363484477264341e-53,1.8437783953311478e-50,3.006686316932071e-91
यूट्यूब  पर  वीडियो  अगस्त  2019 से  मौजूद  है ।,4.973688118042138e-29,4.1742807716497915e-27,2.321848323460335e-60
"कार्यवाही  खत्म  होने  के  बाद  बाहर  जाते  समय  आसाराम  ने  कॉन्सटेबल  से  कहा  कि  ' खाएंगे , पिएंगे  और  जेल  में  मौज  करेंगे . '",5.517626659610204e-110,1.5095731409567082e-105,9.004916264371485e-171
इसके  बाद  उन्हें  तत्काल  नजदीक  के  एक  अस्पताल  में  ले  जाया  गया ।,3.357965932784851e-33,1.755694655065047e-30,5.174358663195076e-85
वीडियो  में  प्रत्याशी  विरोधियों  और  पुलिस  को  धमकाते  हुए  दिखाई  पड़  रहे  हैं ।,3.7564686668078033e-44,2.671316347198493e-41,5.460882275914548e-91
निकटतम  प्रतिद्वंद्वी  की  पार्टी  सीपीआई - एम  थी .,2.4840416131404784e-37,3.308644932412326e-35,2.8303441112801237e-61
व्रत  वाले  श्रद्धालुओं  के  लिए  फलाहार  व  अन्य  भक्तों  के  लिए  भंडारे  का  आयोजन  भी  किया  गया  है ।,1.9468564705758743e-56,7.9106286402604605e-53,1.1978119668386692e-120
इसके  अलावा  इसमें  राइड  मोड  भी  दिया  गया  है ।,1.0822213743267321e-26,1.3047171839933777e-24,3.064091942314817e-66
"इससे  पहले  सिर्फ  Continue reading जिंदगी  वापस  लौटी  पटरी  पर , जानिए  कैसे  मिलेगा  टिकट  और  क्या  होगा  किराया” पूर्व  प्रधानमंत्री  डॉ .",1.4978114542319252e-107,1.9680389057116464e-102,2.1125437434593816e-158
मौनी  की  ड्रेसेज  फैंस  को  खूब  पसंद  आती  हैं  और  जब  भी  मौनी  ऐसी  ड्रेसेज  पहनकर  सोशल  मीडिया  में  अपनी  फोटो  पोस्ट  करती  हैं  तो  लाइक्स  और  कमेंट्स  की  झड़ी  लग  जाती  है ।,9.429876873118487e-124,9.514545507480586e-117,1.038326573369749e-212
बताया  कि  पाइल्स  के  80 फीसदी  मामलों  में  सर्जरी  की  जरूरत  नहीं  होती ।,1.9797555894397952e-45,1.421039859247762e-42,3.1008112392970423e-91
जिसमें  उसने  खुद  को  और  बेटे  को  सचिन  बंसल  से  खतरा  बताया  है ।,1.0024779166136782e-43,7.679031861888748e-41,7.895244531525004e-91
ऐसे  में  सवाल  उठता  है  कि  एक  थाने  में  राधे  मां  के  प्रति  इतनी  श्रद्धा  कहां  तक  उचित  है ?,1.1647008165731622e-66,1.9474906599226574e-62,1.5819006308547326e-128
कार  के  कांच  बंद  थे  ड्रायविंग  सीट  पर  बैठी  शेहला  को  गले  के  बीचोंबीच  गोली  मारी  गई  और  वह  बाहर  निकलने  के  बजाए  उसकी  गर्दन  में  बाएं  हिस्से  में  धंसकर  रह  गई ।,3.11123785179906e-129,1.681470300524105e-122,4.0253963801343746e-207
भदोही .,6.609068667908084e-09,3.1802080003824964e-08,1.3088462259197207e-18
"उन्होंने  कहा  कि  हमारी  भी  अभिलाषा  थी  कि  प्रदेश  में  चौमुखी  विकास  हो , लेकिन  15 महीने  में  कमलनाथ  और  दिग्विजयसिंह  ने  वल्लभ  भवन  को  भ्रष्टाचार  का  अड्डा  बना  डाला ।",2.2917991780279745e-128,2.3010801995614188e-122,1.5349395311794627e-206
शौचालय  का  लाभ  आधे  परिवारों  को  मिल  सका  है ।,2.3890854110143138e-32,3.05248844292218e-30,1.8854765252543496e-66
मंगलवार  को  पटना  में  सुबह - सुबह  र  बिहार  विधानसभा  चुनाव  में  दूसरे  चरण  के  लिए  वोट  डाले  जा  रहे  हैं .,2.5948625465203842e-61,8.762175190869874e-57,4.3090184235712245e-140
एयरपोर्ट  पर  एक  कार  उनका  इंतज़ार  कर  रही  थी  जिसमे  बैठ  कर  वो  सीधा  मेघन  के  घर  पहुंचे ।,1.5994797207086947e-69,1.9387263987466064e-65,9.209021211342188e-122
रुफिल  ने  खरीद  से  लेकर  प्रसंस्करण  तक  की  प्रक्रिया  में  कड़े  गुणवत्ता  मानकों  और  जांचों  को  लागू  किया  है ।,1.0371405403765329e-77,3.7697632495100115e-74,2.295362018192661e-127
🔊 पूरी  खबर  सुने  हरदोई ।,1.3289135670693037e-17,8.062724725267035e-16,1.511718342713893e-42
"हर  वेबसाइट  में  बिल  का  भुगतान  होता  है  शायद  सबसे  अधिक  सामुदायिक - केंद्रित  मंच  है , रेडिट  विज्ञापनों  के  बारे  में  हमेशा  खुला  और  ईमानदार  रहा  है , और  इंस्टाग्राम  या  फेसबुक  की  तुलना  में  पैसे  से  कम  संचालित  होता  है ।",1.921858402119074e-184,1.635423270587486e-176,5.002680813170841e-291
किसी  घटना  की  सूचना  देने  के  लिए  आपको  को  पहले  लोगो  report an incident पर  क्लिक  करना  है ।,3.3342881518453053e-63,1.0974827280272934e-59,4.807767396284606e-121
"सड़क  परिवहन , राजमार्ग  और  एमएसएमई  मंत्री  ने  आगे  कहा  कि  अगर  कंपनियां  इस  पर  अंकुश  लगाने  में  विफल  रहीं  तो  सरकार  को  नीतियों  में  बदलाव  करना  होगा  और  परियोजनाओं  में  वैकल्पिक  प्रौद्योगिकियों  को  बढ़ावा  देना  होगा ।",7.067750234327149e-144,2.562521897301683e-136,2.759384000911099e-249
"भारत  में  इस  वक्त  11 राज्यों  के  बीच  जल  को  लेकर  आपस  में  विवाद  जारी  हैं , मसलन  कर्नाटक  और  तमिलनाडु  के  बीच  कावेरी  जल  विवाद ।",9.922264315866933e-109,2.1155412995827422e-103,3.1630342391678265e-182
"अभिनेत्री  ने  फिल्म  का  हिस्सा  बनने  पर  खुशी  जाहिर  करते  हुए  कहा , यह  पसीना  निकालने  वाली  भूमिका  होगी ।",4.2438749263137564e-82,7.710064025601951e-78,1.2106778998977849e-139
यह  सवाल  इसलिए  भी  जरूरी  है  कि  अगले  लोकसभा  के  चुनाव  के  तत्काल  बाद  प्रधानमंत्री  मोदी  के  सामने  अपने  ही  बनाए  75 वर्ष  की  उम्रसीमा  के  नियम  का  पालन  करने  की  चुनौती  होगी ।,2.549402167416148e-105,1.4386977261654825e-98,5.484754270837467e-213
नतीजतन  गुणवत्ता  में  गिरावट  आती  है  और  किसानों  को  आमदनी  का  नुकसान  उठाना  पड़ता  है ।,8.498554238633486e-50,1.39013718528707e-46,5.721854512270545e-103
अवश्य  चाहते  हैं .,5.275026581328064e-14,4.621009415607751e-13,1.0108885690026076e-30
हिमेश  हर  वक्त  एक्टिंग  को  लेकर  टिप्स  देते  रहते  हैं ।,2.6760966213541033e-40,8.93102735112222e-38,9.762347354048394e-73
वर्तमान  समय  में  लोग  अपनी  डाइट  को  लेकर  बेहद  सजग  हो  गए  हैं ।,6.379275574696999e-38,6.827355550578404e-35,5.615171613240455e-91
किडनी  की  क्षमता  को  बढाकर  मूत्राप्रवृति  को  नियमित  करना  अत्यंत  आवश्यक  होता  है ।,1.8715564129081204e-51,1.436494145175997e-48,8.210554331242253e-91
गिरफ्तार  आरोपियों  से  पूछताछ  की  जा  रही  है ।,4.360575909151412e-20,2.5806901841623786e-18,3.077308092487141e-60
महानगर  उपाध्यक्ष  सौरव  पोरवाल  ने  कहा  कि  हमारे  प्रदेश  अध्यक्ष  अजय  कुमार  लल्लू  को  सेवा  के  कारण  ही  प्रदेश  सरकार  ने  जेल  में  डालने  का  काम  किया  है  लेकिन  कांग्रेस  फर्जी  मुकदमे  लगाने  के  बावजूद  गरीब  मजदूरों  की  सेवा  को  जारी  रखेगी ।,7.304766028845625e-138,6.445610087077109e-129,8.454608811198029e-268
"उन्होंने  बताया  कि  जिस  प्रकार  लॉकडाउन  से  पहले  पूरी  क्षमता  के  साथ  बसों  का  संचालन  किया  जा  रहा  था , 20 अगस्त  2020 से  उसी  प्रकार  किया  जा  सकता  है ।",3.9296685653611056e-98,4.602169138076308e-92,7.812645098988384e-206
शाह  ने  पुलवामा  हमले  पर  पाकिस्तानी  प्रधानमंत्री  की  चुप्पी  पर  सवाल  उठाया ।,5.893681314139178e-44,5.698799722309233e-41,3.132934304295661e-85
"गणितीय  विज्ञान  संस्थान  में  अनुसंधान  टीम  का  नेतृत्व  करने  वाले  सीताभ्र  सिन्हा  ने  कहा , एक  विश्वसनीय  अनुमान  पाने  के  लिए  भारत  के  उपचाराधीन  मरीजों  की  संपूर्ण  संख्या  में  काफी  उतार - चढ़ाव  हो  रहा  है , लेकिन  आंकड़े  एक  करीब  मान  वैल्यू) रहने  की  ओर  इशारा  कर  रहे  हैं .",6.600430317220276e-207,3.617200205654953e-197,0.0
इससे  अनुमान  लगाया  जा  सकता  है  कि  इस  बार  त्योहारी  सीजन  के  चलते  निगम  ने  लाखों  रुपए  कमाए  हैं ।,1.0222042809276208e-54,2.4630281946731066e-50,2.155692505378857e-127
हालांकि  कई  इलाकों  में  पुलिस  की  गश्ती  गाड़ी  को  देखते  ही  दुकानदार  स्वयं  से  दुकानें  बंद  करने  लगे  थे ।,1.1587001427745991e-61,2.9352935755990347e-57,8.52155523487287e-128
धमतरी ।,9.910935562073263e-08,4.2428089640549967e-07,3.65877550072879e-18
इलाज  के  दौरान  उनका  आज  निधन  हो  गया  है .,1.7039252302039783e-25,2.2768818893522258e-23,4.74995456434232e-67
उनके  मुवक्किल  का  नाम  किसी  डिसक्लोजर  स्टेटमेंट  में  भी  नहीं  है  और  न  ही  किसी  सह  आरोपी  ने  अपने  बयान  में  उनका  नाम  लिया  है ।,1.8834417589911268e-76,1.4814553405659918e-71,8.403847270667405e-164
"दो  साल  में  हुई  कम  बारिश  में  जब  शहर  के  अलग - अलग  हिस्सों  में  भूजल  गिरने  से  जलसंकट  पैदा  हुआ , तो  लोगों  को  पानी  की  कीमत  समझ  में  आई ।",7.228462138304515e-118,5.297154182932693e-112,8.729112512625086e-213
उसके  बाद  उसे  फिर  से  वार्ड  में  भर्ती  कर  दिया  गया  है .,6.001515280919475e-29,2.2141744075670413e-26,2.645635327304906e-85
उनका  कहना  है  कि  वह  इस  बार  भी  जनता  की  उम्मीदों  पर  खड़े  उतरेंगे ।,1.9362294141806778e-41,1.9591417276104807e-38,3.228110967500707e-97
डीएम  ने  जांच  के  लिए  जिला  भूमि  संरक्षण  अधिकारी  को  नामित  करते  हुए  रिपोर्ट  मांगी  थी ।,1.3090151273209725e-50,8.406180610583533e-47,3.011378328085898e-109
अंतरिक्ष  यात्रा  के  साथ  आबाद  या  मानव  रहित  अंतरिक्ष  स्टेशन  भी  बारीकी  से  जुड़े  हैं ।,5.833336967952911e-59,2.0877804685461613e-55,3.781467747298824e-103
दो  महीने  के  अंदर  चाचा - भतीजे  की  हत्या  से  कई  सवाल  खड़े  हो  गए  हैं .,8.782319611879009e-49,3.245041615432659e-45,6.287470701418364e-110
खर्चों  में  अप्रत्याशित  बढ़ोत्तरी  आपके  मन  की  शांति  को  भंग  करेगी ।,2.960377589105327e-47,1.744610709367136e-44,3.914174515167297e-79
इसी  के  तहत  लोकसभा  में  विपक्ष  की  सबसे  बड़ी  पार्टी  कांग्रेस  ने  13 मार्च  को  ' डिनर  डिप्लोमेसी ' के  तहत  तमाम  दलों  के  मुखियाओं  को  रात  के  खाने  के  लिए  बुलाया  था .,2.4751740966226136e-108,1.76124470768885e-101,2.385224356944398e-213
"निवेश , कोई  भी  व्यक्ति  इस  व्यवसाय  को  शुरू  कर  सकता  है , यहां  तक  कि  घर - आधारित  मसाला  बनाने  का  व्यवसाय  लाभदायक  है ।",1.930630026089781e-113,6.948773106145521e-109,1.5176190141414888e-187
"संवाद  सहयोगी , रूपनगर  रयात  बाहरा  यूनिवर्सिटी  के  वाइस  चांसलर  डा .",7.871142506880481e-62,3.379551321490475e-59,2.2446328809431965e-91
उनके  पति  इंडियन  आर्मी  के  साथ  पोर्टर  का  काम  करते  थे ।,5.945025018877665e-37,1.9411275082699032e-34,6.498412874031141e-79
एक  घंटे  की  मशक्कत  के  बाद  दमकल  जवानों  ने  आग  पर  काबू  पाया ।,1.8534635723232443e-41,1.615868052344904e-38,3.4527466595590086e-91
बता  दे  की  इन्होने  फिल्म  निर्माता  महेश  भट्ट  से  शादी  की  थी ।,3.8288404303491304e-42,3.0982552940470386e-39,3.9864468056586386e-85
"गुजरात  से  रिटायर  होने  वाले  चार  राज्यसभा  सदस्य  हैं - कनिभाई  गोहिल , मधुसूदन  मिस्त्री , महंत  शंभुप्रसाद  टुंडिया  और  लाल  सिंह  वड़ोदिया ।",7.605587161144803e-133,9.403138052484923e-129,6.589378586759825e-176
जब  हमने  पूछा  कि  क्या  राष्ट्रीय  स्वयंसेवक  संघ  की  बैठक  की  वजह  से  यह  सुरक्षा  घेरा  बनाया  गया  है ?,9.062975970822054e-58,3.4648403113230765e-53,1.4517083519250054e-128
शौकत  खानुम  मेमोरियल  कैंसर  हॉस्पिटल  एंड  रिसर्च  सेंटर  प्रोजेक्ट  के  लिए  धन  जुटाने  में  मदद  करने  और  अपना  समय  देने  के  लिए  उनकी  उदारता  को  कभी  नहीं  भूल  सकते .,1.1451956371842808e-106,5.19847729504749e-100,8.312493393610554e-189
"उद्योग  संगठन  ने  इस  बारे  में  उपभोक्ता  मामलों  के  मंत्री  पीयूष  गोयल  को  पत्र  लिखकर  कहा  है  कि  बीआईएस  ने  अपनी  वेबसाइट  पर  जो  एफएक्यू  जारी  किया  है , उसमें  काफी  पेंच  है  और  अस्पष्टता  है ।",1.4355490378774572e-138,7.453848793637235e-132,1.5023463264964772e-242
इस  बदलते  मौसम  में  सावधान  रहने  की  जरूरत  है ।,1.8147966047627888e-26,2.0987040015300408e-24,2.538536193183511e-66
छत्तीसगढ़  प्रगतिशील  यादव  महासंघ  के  अध्यक्ष  राममणि  यादव  ने  बताया  कि  रामप्रसाद  यादव  रायपुर  अखबार  जगत  के  सच्चे  प्रहरी  थे ।,3.8104840521340054e-88,6.627877223665915e-84,8.240429039878455e-134
"आज  तक  संक्रमित  रोगियों  की  संख्या  1 , 82 , 552 तक  पहुंच  गई  है ।",1.2115609820824234e-80,4.752817303140892e-78,1.4322794487473534e-126
"देर  रात  होने  पर  उसने  मां  को  फोन  किया , लेकिन  उसने  कॉल  नहीं  उठाई ।",1.4252623232961265e-69,3.1300293763004264e-66,2.5820228360651695e-115
एक  सरकारी  अधिकारी  ने  कहा  कि  संबंधित  जिलों  के  अधिकारियों  को  स्थिति  पर  नजर  रखने  और  आपात  स्थिति  से  निपटने  के  लिए  कार्य  योजना  तैयार  करने  को  कहा  गया  है ।,1.0010358976173405e-78,7.79764292951884e-73,7.151798517322094e-194
with Indian CRPF . . A,4.3089326319865056e-30,7.887717547287219e-29,2.443293730356867e-43
मुझे  पता  होता  तो  मैं  पुलिसवालों  की  हत्या  नहीं  होने  देती ।,1.8827245356105905e-40,1.1831295698670549e-37,4.032770590907043e-79
खानपान  की  सभी  चीजों  पर  इन  दिनों  काफी  महंगाई  है ।,4.000871319543662e-37,9.086778268499874e-35,1.5019072291313272e-72
वहां  उसने  आलू  की  टिक्की  का  खोमचा  सजा  लिया .,9.439170249556987e-45,1.457929280809483e-42,2.2028388716666505e-67
पाकिस्तान  के  सभी  ऐतिहासिक  गुरुद्वारा  साहिबान  में  श्री  गुरु  नानक  देव  के  550 वें  प्रकाश  पर्व  के  कार्यक्रम  के  आयोजनों  की  रूपरेखा  तय  करने  के  लिए  पाकिस्तान  सिख  गुरुद्वारा  प्रबंधक  कमेटी  के  अध्यक्ष  जसवंत  सिंह  की  अगुवाई  में  एक  बैठक  का  आयोजन  किया  गया ।,4.412692808558302e-143,1.171884840729963e-133,8.414453856556896e-280
उन्हें  पहले  अपना  घर  ठीक  करना  चाहिए .,1.392943035464852e-25,1.989103701297639e-23,3.54618850882266e-55
उल्लेखनीय  है  कि  ग्रामीणों  की  आपत्ति  के  बावजूद  वन  अधिकारियों  ने  सोमवार  को  बोलेपल्ली  के  पास  जमीन  के  एक  टुकड़े  में  पौधे  रोपे ।,1.1663036429932398e-81,3.2744730113694024e-77,4.5258591092002615e-152
मुख्यालय  अब  ऑनलाइन  ही  यह  तय  करेगा  कि  छात्र - शिक्षक  अनुपात  में  किस  स्कूल  में  शिक्षक  कम  हैं  या  कहां  पद  बढ़ाना  होगा ।,8.397919303013228e-93,3.181026750391209e-87,2.3014941436900193e-158
लोक  उत्सव  के  रूप  में  मनाए  जाने  वाले  मैसूरु  दशहरा  महोत्सव  का  इस  साल  भी  विराट  आयोजन  नहीं  होगा ।,1.6342576996802368e-67,3.4609580286998173e-63,8.086564394615632e-128
कफील  खान  पर  भड़काऊ  भाषण  देने  के  आरोप  में  मामला  दर्ज  किया  गया  था .,1.0776142352140866e-41,2.1125176835203825e-38,1.0164677488883096e-97
"इंदौर  समाचार  डेस्क: मध्य  प्रदेश  के  इंदौर  और  धार  जिले  के  औद्योगिक  क्षेत्र  पीथमपुर  से  मंगलवार  को  236 किलोग्राम  ड्रग , एफ्रेडीन  बरामद  की  गई .",1.212317881484748e-115,1.1924025097439873e-110,1.1585015182814204e-176
दूरसंचार  मंत्री  रवि  शंकर  प्रसाद  ने  आज  कहा  कि  देश  में  टेलीफोन  कनेक्शनों  की  संख्या  एक  अरब  के  आंकड़ें  को  पार  कर  गयी  है  जिसमें  मोबाइल  फोन  कनेक्शन  करीब  97.8 करोड़  है ।,2.0588206408667963e-115,1.5965939588836177e-108,1.545947294441106e-206
"इसके  साथ  ही  सहायक  सम्भागीय  परिवहन  अधिकारी  को  निर्देश  दिए  कि  यातायात  के  नियमों  में  ध्यान  रखे  जाने  वाली  बातों  की  एक  चैक  लिस्ट  सभी  टैक्सी  यूनियन , कार्यालय  व  विद्यालयों  को  भेजी  जाए  ताकि  सड़क  दुर्घटनाएं  कम  हो  सके ।",4.752825710129139e-161,4.504371952288428e-152,1.2940649612015854e-267
अब  दीपक  चौरसिया  के  चेहरे  पर  हवाइयां  उड़  रही  थीं ।,3.677557664696035e-40,1.3690878521719214e-37,5.269112064565874e-73
कार्यक्रम  को  सम्बोधित  करते  हुए  राजभर  ने  कहा  कि  शासन  की  मंशा  है  कि  प्रदेश  का  हर  बच्चा  स्कूल  जाये  और  कोई  भी  बच्चा  शिक्षा  से  वंचित  न  रहे ।,1.718709021289125e-92,1.817256754592034e-86,1.8234247496951197e-188
प्रशासनिक  अधिकारी  आवास  से  बाहर  नहीं  निकले ।,5.250435006068214e-27,4.572861730664729e-25,9.747759431552548e-55
ov . i,1.9034142297772753e-11,1.83731625591961e-10,4.116563271508234e-25
"खट्टर  ने  कहा , यह  कड़वी  सच्चाई  है .",2.1051481706986882e-47,7.575509453658205e-46,7.573085432125643e-73
जब  उन्हें  पता  चला  कि  24 घंटे  बाद  भी  पुलिस  मामला  दर्ज  नहीं  कर  रही  है  तो  वे  भी  हैरान  हो  गए .,2.0863318360637353e-56,1.8496217925807966e-51,1.8512316610740083e-146
इस  दौरान  माधोपाली  के  अन्य  किसान  तथा  आसपास  गांव  के  किसान  सम्मिलित  हुए ।,1.1899358472704585e-49,1.2062227172644261e-46,3.558096850926412e-91
मुजफ्फरपुर  स्मार्ट  सिटी  के  पीडीएमसी  एजेंसी  श्रेया  ने  उसके  कामकाज  पर  विभाग  की  कड़ी  आपत्ति  के  बाद  अपने  टीम  लीडर  सुशील  भारद्वाज  को  हटाया  दिया  गया ।,5.4335055755687e-103,1.6383077255005546e-97,2.2722220006919018e-170
डीसीएम  में  सवार  सभी  श्रमिकों  को  उतारकर  रोडवेज  बस  से  अमृतपुर  क्वारंटीन  सेंटर  भेजा  गया .,6.344087484121878e-63,2.367395505888958e-59,5.842216729535429e-104
वहां  किशोरी  ने  समिति  के  अधिकारियों  को  घटना  के  बारे  में  बताया ।,1.810201006864485e-35,5.2166891458635625e-33,3.8370474811045284e-85
"न्यूज़  ऑर  सबसे  लंबे  समय  तक  चलने  वाला  समाचार  विश्लेषण  है , इतना  लम्बा  समाचार  विश्लेषण  किसी  भी  और  चैनल  में  नहीं  दिखाया  जाता  था  १९९८ - २००३ ।",3.4502193920596674e-137,2.486562341114058e-131,1.445957811936162e-194
पिछली  वर्ष  भारत  117 देश  की  इस  लिस्ट  में  102 वें  स्थान  पर  मौजूद  था .,7.250993911878589e-55,2.330558443732044e-51,6.372619600778025e-104
वह  अपनी  रेंज  में  रहकर  काम  करते  हैं  और  अरसे  बाद  ठीक  लगते  हैं ।,2.010058203589707e-46,2.9113266618041843e-43,4.199705789357708e-97
स) ता .,1.214350477825914e-08,1.1714271009919772e-07,1.0535046548773241e-24
पर  इस  साल  फरवरी  आते - आते  देश  में  जांचे  इतनी  घट  गईं  कि  हर  दिन  छह  से  आठ  लाख  नमूनों  की  ही  जांच  हो  रही  है ।,1.2529143803211549e-95,4.92550348530844e-90,4.3193882609275166e-176
वर्ष  2018 - 19 तथा  2019 - 20 में  भारत  को  यूनाइटेड  किंगडम  से  क्रमश: 9.4 अरब  डॉलर  और  10 अरब  डॉलर  की  राशि  बतौर  प्रत्यक्ष  विदेशी  निवेश  हासिल  हुई ।,3.109428770143525e-109,3.785062760893576e-102,6.103802767232204e-195
कांग्रेस  नेता  राहुल  गांधी  ने  प्रधानमंत्री  नरेंद्र  मोदी  को  चुनौती  देते  हुए  कहा  कि  वे  किसी  भी  यूनिवर्सिटी  में  जाकर  युवाओं  के  सवालों  के  जवाब  दे  दें .,2.5963336876701615e-74,4.479595824654799e-68,6.267913398801105e-177
पता  चला  कि  वादिनी  या  उसके  परिवार  के  किसी  भी  सदस्य  ने  कोई  हलफनामा  नहीं  दिया ।,2.0684835117513882e-55,6.285597557812721e-52,1.5311457873255055e-109
शिक्षक  दिवस  पर  प्रयागराज  के  कुछ  विद्यालयों  के  उत्कृष्ट  सेवाएं  देने  वाले  शिक्षकों  को  रोटरी  प्लैटिनम  ने  सम्मानित  किया ।,1.689962971662577e-72,2.936852865569769e-68,7.483034101296887e-128
"बहरहाल , वर्ल्ड  कप  सेमीफाइनल  में  भारत  की  हार  के  बाद  सूरज  तो  हर  दिन  निकलता  रहेगा  लेकिन  कोहली , धोनी  और  शास्त्री  की  तिकड़ी  अगले  आईसीसी  इवेंट  में  एक  साथ  ड्रेसिंग  रूम  में  नजर  नहीं  आएगी - अगला  आईसीसी  वर्ल्ड  टी - 20 अगले  साल  अक्टूबर - नवंबर  में  ऑस्ट्रेलिया  में  होना  है .",1.1294795623438325e-229,4.571304992979317e-219,0.0
इसी  रकम  में  भव्य  समापन  समारोह  के  साथ  सभी  जोन  के  प्रतिभागियों  को  पुरस्कृत  करने  के  साथ  प्रशस्ति  पत्र  भी  देना  होता  है ।,2.8902913308909428e-74,2.32510607487018e-69,1.9004194652043117e-151
बरेली .,3.5573047151529663e-08,1.7029598677791456e-07,1.310730944924131e-18
लखनऊ  व्यापार  मंडल  के  वरिष्ठ  महामंत्री  अमरनाथ  मिश्रा  ने  बताया  कि  शुक्रवार  से  75 फीसदी  बाजारों  में  दोनों  तरफ  की  दुकानें  खुल  जाएंगी ।,1.8669809897581256e-80,4.671693670264157e-75,3.637566135774416e-152
यह  घटना  साल  2014 की  है  जब  उनकी  बीएमडब्ल्यू  कार  का  नवी  मुंबई  के  खारघर  इलाके  में  एक्सीडेंट  हो  गया ।,1.2277732087405275e-71,2.298609736201571e-67,8.402919994453002e-134
इसी  प्रकार  जायोनी  सैनिकों  ने  राहतकर्मी  दल  को  भी  उस  क्षेत्र  में  जाने  की  अनुमति  नहीं  दी  और  अंततः  यह  बच्ची  गम्भीर  रूप  से  घायल  होने  के  कारण  शहीद  हो  गयी ।,8.976126473817284e-103,1.8311979217204997e-96,6.796102033769693e-201
3 .,1.603993386754426e-05,7.384983326071228e-05,1.3231545807414477e-18
"इसके  अंतर्गत  बूथ , मंडल , जिले  और  प्रदेश  स्तर  पर  सम्मेलन  आयोजित  किए  जाएंगे ।",2.3182586753702705e-85,1.9054134396866046e-82,4.795424048033783e-127
इसके  बाद  स्टीव  ओ  कीफ  ने  उमेश  यादव  04 को  आउट  कर  भारतीय  पारी  को  समेट  दिया ।,2.0132046264290714e-68,2.1801830650877834e-64,1.3906491719262795e-115
इसके  बाद  राष्ट्रीय  स्वयंसेव  संघ  की  भिवंडी  इकाई  के  सचिव  ने  राहुल  गांधी  पर  आरोप  लगाया  था  कि  उन्होंने  सोनाले  में  6 मार्च  2014 को  एक  रैली  में  कहा  था  कि  राष्ट्रीय  स्वयंसेवक  संघ  ने  गांधी  जी  की  हत्या  की ।,1.2672847615990382e-125,9.669171913176293e-118,1.0683481437195382e-255
"देश  में  अबतक  कोरोनावायकस  के  126 पॉजिटिव  मामले  दर्ज  हुए  हैं , जबकि  3 की  मौत  हुई  है ।",1.1784916261020697e-78,2.623652422148679e-75,4.589647106931278e-133
स्कैंडिनेवियाई  देशो  में  यह  इस  साल  भी  अपनी  टॉप  1 में  जगह  पाने  में  सफल  रहा ।,1.2265255205326168e-59,3.2111978968111093e-56,1.3699006438152034e-109
"कंपनी  न्यूट्रीशन  की  लागत  बढ़ाने  के  लिए  जो  न्यूट्रीशन  गाज़ियाबाद  में  तैयार  होता  है  उसे  सोनभद्र  भेजा  जाता  है , जो  महराजगंज  में  तैयार  होता  है  उसे  गाज़ियाबाद  भेजा  जाता  है .",3.384301456331254e-135,1.1726061268677682e-129,9.652072699453645e-213
"मां  को  तुरंत  अस्पताल  ले  गया , लेकिन  उनकी  मौत  हो  गई ।",2.859437384645116e-51,1.1699294377458218e-48,6.257040864796045e-97
वहां  मौजूद  लोगों  ने  आजादी  के  हक  में  नारे  बुलंद  किए ।,9.56938196830735e-40,4.740403030922982e-37,4.1427022905984865e-79
बेगूसराय  में  बेगूसराय  पुलिस  को  गुप्त  सूचना  एवं  मोबाइल  सर्विलांस  के  आधार  पर  एक  बड़ी  सफलता  हाथ  लगी  है ।,8.908435286433402e-63,2.1252589451702127e-58,2.1910579432275986e-127
"पुराने  भवन  की  लाइन  पुरानी  है , इसे  बदलने  के  लिए  प्रयास  जारी  हैं ।",7.64844041754612e-65,6.168101765024213e-62,9.781788656653294e-109
"मुख्य  चुनाव  आयुक्त  सुनील  अरोड़ा  ने  चुनाव  तारीखों  का  ऐलान  करते  हुए  कहा  था  कि  बिहार  विधानसभा  चुनाव  की  तरह  बंगाल , असम , केरल , तमिलनाडु  और  पुडुचेरी  में  भी  मतदान  के  लिए  1 घंटा  अधिक  मिलेगा ।",8.197400757881323e-173,1.1159801393588148e-165,8.94247163346766e-279
उनके  स्टारडम  के  बल  पर  फिल्म  ने  100 करोड़  का  आंकड़ा  तो  छू  लिया  लेकिन  लगता  है  इसके  आगे  बढ़ने  में  फिल्म  को  बहुत  मुश्किल  होने  वाली  है ।,3.4826408282731924e-93,3.64603725131132e-87,2.8349746321712474e-182
मृतका  के  मुंह  पर  टेप  चिपका  हुआ  था ।,4.966833668136373e-30,5.42102821014137e-28,1.012437489914527e-60
संसद  में  भी  इस  मुद्दे  पर  फूट  पड़ने  लगी  है .,1.3833794126437524e-31,2.688314524393624e-29,2.813783654718677e-73
"इस  पेड़  के  कारण  तीन  साल  पहले  नगर  विकास  न्यास  प्रशासन  की  ओर  से  बनाए  गए  शौचालय  की  नींव  जर्जर  हो  गई  थी , इस  कारण  पुराना  शौचालय  की  सुविधा  बंद  कर  दी  गई  थी ।",3.991904760210347e-124,6.454203763616491e-117,7.289847881333708e-237
कोरोना  संक्रमण  व  अन्य  बीमारी  से  गांव  में  एक  माह  में  करीब  40 लोगों  की  जान  चली  गई ।,1.2395429192575128e-48,1.4566448990254628e-44,1.147266090607874e-121
उन्होंने  कहा  कि  इसके  लिए  डिपो  का  समस्त  स्टाफ  बधाई  का  पात्र  है ।,8.564449047253462e-44,5.045154440378462e-41,1.3312784275019125e-90
"किसान  आंदोलन  में  खालिस्तानी  झंडों  के  साथ  उपद्रवी  तत्व  मौजूद  हैं , लेकिन  किसान  नेता  उन  लोगों  की  पहचान  के  लिए  क्या  कर  सकते  हैं ?",9.911171560520207e-100,1.7544987615633112e-94,1.1822144708018767e-176
"इनमें  दो  वर्तमान  केंद्रीय  मंत्री , तीन  विपक्षी  नेता , एक  संवैधानिक  प्राधिकारी  अथॉरिटी) , सुरक्षा  से  जुड़े  संगठनों  के  पूर्व  एवं  वर्तमान  प्रमुख , कई  प्रशासक  और  40 से  भी  अधिक  वरिष्ठ  पत्रकार  और  कार्यकर्ताओं  के  नंबर  भी  शामिल  थे .",1.4364993311141533e-220,3.5125492634731645e-213,1.140887278075606e-309
परिवार  के  सभी  लोग  वोट  डालने  जरूर  जाते  हैं ।,1.1278877647629964e-28,2.5681424509913293e-26,1.1535844809579656e-66
राजस्थान  में  रिक्त  हुई  राज्यसभा  की  सीट  के  लिए  कांग्रेस  की  तरफ  से  पूर्व  प्रधानमंत्री  मनमोहन  सिंह  प्रत्याशी  होंगे .,1.1031015522878876e-61,2.2860996435278627e-57,4.477331830807281e-128
उन्होंने  आवेदन  में  लिखा  है  कि  मेरी  शादी  पांच  वर्ष  पूर्व  हुई  थी  उसी  समय  मेरे  ससुराल  वाले  दहेज  को  लेकर  प्रताड़ित  करते  हैं ।,9.37418578482227e-77,4.1976133477501335e-71,7.707017965141203e-158
योजना  का  लाभ  सभी  जाति  धर्म  की  उन  छात्राओं  को  ही  मिलेगा  जिनके  अभिभावकों  की  वार्षिक  आय  35 हजार  रुपये  है ।,8.539200593811966e-75,8.129592732224916e-70,1.3027265866573823e-139
"याद  कीजिए , जब  पिछली  बार  आपके  घर  में  लगे  सीएफएल  ने  काम  करना  बंद  कर  दिया  था ।",4.143825398329124e-76,2.1218941822412526e-72,2.006753524531132e-133
सड़क  दुर्घटना  में  घायल  ने  उपचार  के  दौरान  दम  तोड़  दिया ।,1.2549707749441995e-35,6.098941207893926e-33,4.7734799433381343e-79
जो  बुधवार  को  प्रकाश  में  आया ।,1.128804909653415e-20,3.6424912180112613e-19,1.2694951397754262e-48
बाइक  ने  लेंटर  को  रोक  लिया  था .,1.2809700735311826e-28,5.8795733440838996e-27,3.6835297381845594e-55
प्रशासन  ने  चिनाब  और  तवी  के  आसपास  के  निचले  क्षेत्रों  के  लोगों  को  सावधान  रहने  के  लिए  कहा  है ।,2.2776277015094433e-60,6.98114771999007e-57,4.2812729217272715e-127
इसलिए  सुरक्षाबलों  को  खूली  छूट  दी  गई  है ।,2.9082447900342863e-28,2.2267331271942728e-26,2.7774713518756526e-60
मध्य  प्रदेश  के  संगठन  महामंत्री  की  जिम्मेदारी  संभाल  रहे  अरविंद  मेनन  को  हटाया  गया .,7.879449844456456e-50,2.389215546688835e-46,7.672908542999123e-98
अल्ट्रासाउंड  सेंटर  के  मालिक  को  हिदायत  दी  गई  कि  मानवीयता  दिखाते  हुए  रेट  कम  करें ।,1.313968673895157e-57,5.235576959594942e-54,1.7251282529106664e-103
एक  महिला  की  शिकायत  पर  पुलिस  ने  मामला  दर्ज  किया  है ।,7.432032703377216e-24,1.192142101223351e-21,1.6216187006919047e-78
कहते  हैं  कि  कन्हैया  यहां  स्लेट  पर  लिखे  अंक  धोकर  मिटाते  थे ।,1.6081731041115516e-54,7.970890048591489e-52,3.9178995592811e-85
स्वर्ण  बॉन्ड  योजना  के  तहत  सोने  की  खरीदारी  12 से  16 अक्‍ टूबर  के  बीच  की  जा  सकती  है ।,1.2143341779734071e-64,1.489675955231617e-60,2.538603512464908e-127
"और  उसे  टोका  जाता  है , बुलबुल  के  द्वारा  - औरत  क्यों  नहीं  कर  सकती ?",4.912399218131893e-74,7.758861798811631e-71,4.4983262709605286e-116
बावरिया  का  आरोप  है  कि  बीजेपी  में  ये  हालत  है  कि  मंत्रियों  का  जगह  जगह  विरोध  हो  रहा  है .,7.84174553049884e-62,4.277068328565164e-58,8.878287858847618e-128
बागथन  के  दि  प्लेनम  स्कूल  में  इंटरनेशनल  आर्ट  फेस्ट  का  आज  से  आगाज  नाहन  हिमाचल  निर्माता  डा .,1.6397875540688214e-83,6.92725695883437e-80,3.7206120543099467e-116
"उन्होंने  बताया  कि  आला  हजरत  इमाम  अहमद  रजा  खान  एक  बड़े  धार्मिक  गुरु , इस्लामिक  स्कालर  व  पीर  थे ।",6.102089722736866e-94,1.4908673458955793e-89,1.6643237551592014e-139
ये  आतंकवाद  को  खत्म  कर  सकते  है  क्या ।,7.135197050207167e-27,5.903039259039518e-25,8.383122159944064e-61
"जिस  टैंक  में  गुड़ाखू  बनाने  के  लिए  केमिकल  रखा  जाता  है , उसी  टैंक  से  तीन  मजदूरों  को  निकाला  गया  है ।",6.476187876462898e-91,5.285656178062121e-87,5.139948612896934e-151
तिरुवनंतपुरम  से  कांग्रेस  सांसद  शशि  थरूर  ने  बिल  का  यह  कहकर  विरोध  किया  कि  यह  समुदाय  के  आधार  पर  भेदभाव  करता  है ।,1.816431325182659e-70,1.1421716199346997e-65,1.179542472099207e-145
अब  आधे  कप  दूध  में  आधा  कप  पानी  मिलाकर  इसमें  कूटी  हुई  हल्दी  और  मिर्च  मिलाएं  और  खौला  लें ।,2.0648262786462504e-87,7.077889299643411e-83,6.804179442331709e-128
आज  आम  आदमी  यह  सवाल  कर  रहा  है  कि  पॉलिथिन  व  प्लास्टिक  कचरा  फैलाने  की  शुरुआत  सूर्योदय  होने  से  पूर्व  ही  हज़ारों  करोड़  थैलियों  को  आम  लोगों  के  घरों  तक  पहुंचाने  का  कारण  देश  का  डेयरी  मिल्क  व्यापार  ही  बनता  है ।,1.6566882186786992e-148,6.940262857458753e-140,2.9721993255670307e-261
ट्रैफिक  पुलिस  की  ओर  से  वाहनों  को  एक  कतार  में  किया  जाता  रहा ।,4.312976521753461e-37,1.9015546044476495e-34,3.147950542558949e-91
विदित  हो  कि  नेवी  का  जवान  सूरज  कुमार  दुबे  गत  30 जनवरी  को  छुट्टी  बिताकर  ड्यूटी  जॉइन  करने  कोयंबटूर  जा  रहा  था .,5.67331794915391e-90,9.904291957342012e-85,1.4625826236663541e-146
"ग्लेशियर  टूटने  से  मची  तबाही , अलर्ट  पर  वायुसेना , पीएम  मोदी  और  गृहमंत्री  की  हालात  पर  नजर - Glacier breakdown caused havoc , presence on air force News 24 नई  दिल्ली: उत्तराखंड  के  चमोली  में  ग्लेशियर  टूटने  से  भारी  तबाही  हुई  है ।",6.476224428204284e-225,7.039894109707562e-217,3.670007289467226e-309
जिले  में  अब  तक  कोरोना  से  ठीक  होने  वालों  की  कुल  संख्या  17 हजार  762 पर  पहुंच  गई  है ।,3.658493797757555e-54,4.717648340204864e-50,2.5476911676593037e-127
चलिए  दिवाली  को  लेकर  नई  परंपरा  की  शुरुआत  करते  हैं .,3.439226565556608e-35,8.189556804140491e-33,2.5318405348911305e-73
शिवपुरी  जिले  के  बदरवास  थाना  अंतर्गत  ग्राम  लिलवारा  में  स्थित  एक  कुएं  में  बुधवार  की  सुबह  4 माह  के  मासूम  का  शव  पानी  में  उतराता  हुआ  मिला ।,5.006875511085884e-100,4.2645164420651094e-94,1.167009762308662e-176
आईसीसी  लंबे  समय  से  सभी  प्रारूपों  में  कम  से  कम  एक  विश्व  प्रतियोगिता  शुरू  करने  की  योजना  बना  रहा  है ।,1.9911547530380357e-59,3.358796177850669e-55,2.3162469702709965e-133
रायसेन ।,4.0019763936783226e-08,1.7113549596730869e-07,3.657797324242823e-18
जी .,2.001615138794747e-05,9.247195822533232e-05,1.3256182832427378e-18
"बगल  की  सीट  पर  बैठे  एक  पैसेंजर  ने  पांच  रुपए  के  चने  लिए  तो  दूसरी  सीट  पर  बैठे  76 वर्षीय  शिवनारायन  बोले , अरे  भइया  न  खाओ  परसों  जब  मैं  लखनऊ  जा  रहा  था  तो  ये  चने  खा  लिए  फूड  प्वाइजनिंग  हो  गई ।",5.042393745433199e-190,3.3936607179821963e-181,6.675900067191988e-286
निर्देशक  पराग  पाटिल  अपने  काम  में  मंझे  दीखते  है  वहीँ  खेसारी  का  यह  नाय  रूप  दर्शकों  को  अत्यधिक  प्रभावित  करेगा  साथ  ही  अभिनय  के  मास्टर  अवधेश  मिश्र  अपने  अभिनय  से  खासा  प्रभावित  करते  हैं .,1.8081137504516443e-146,3.4225972661526735e-139,1.1026410905096463e-219
खराब  मौसम  के  चलते  दिल्ली  आने  वाली  27 फ्लाइट  को  डायवर्ट  करना  पड़ा ।,1.4284577369613643e-49,3.282251625400399e-46,2.609658268239543e-91
एमपीपीजी  कॉलेज  के  पीआरओ  डॉ ।,1.1117952451729584e-25,2.707404931432083e-24,1.4985783653213472e-42
दोनों  विभागों  ने  बैंकों  पर  राशि  वापस  करने  के  लिए  मनी  सूट  दायर  किया  है ।,3.7784123021792085e-51,7.477132506744709e-48,1.135186872382224e-102
"डीआईजी  के  अनुसार  यूरोप  के  शहरों  और  भारत  के  शहरों  की  तुलना  की  जाए  तो  वहां  बीमारियां  जीवनशैली  से  जुड़ी  होती  हैं  जबकि  हमारे  यहां  संक्रामक  होती  हैं , जो  गंदगी  के  कारण  फैलती  हैं ।",4.628618804077456e-144,2.727818644738327e-137,6.147681932033067e-237
केंद्र  सरकार  द्वारा  किसानों  की  दशा  में  मूलभूत  सुधार  के  लिए  बनाए  गए  3 कानूनों  को  वापस  लेने  के  किसान  गर्मी - सरदी  और  बरसात  की  परवाह  न  करते  हुए  लगातार  धरने  पर  बैठे  हुए  हैं .,6.109800314703837e-122,3.1040366211319805e-114,1.3104843942510212e-231
यह  नहीं  हो  पाता  था ।,1.8272616458785663e-13,3.4645110816259166e-12,2.2504352563021584e-42
शव  देखकर  वह  बेहोश  हो  गईं ।,2.1462917790374745e-22,1.6542093175206266e-20,1.2033626566350434e-48
इसके  बाद  बेहद  ही  सावधानी  व  सुरक्षित  तरीके  से  जच्चा - बच्चा  को  एंबुलेंस  से  डफरिन  अस्पताल  ले  जाया  गया ।,3.898414929755474e-72,1.8465042398574548e-67,7.981831294896472e-134
उन्हें  होश  नहीं  आ  पा  रहा  है  और  नजर  बचाए  फिर  रहे  हैं ।,1.3309451286116126e-43,7.843711061738423e-41,7.675617650717681e-91
कोई  मिल  गया  फिल्म  के  बाद  हंसिका  को  लगातार  काम  मिलता  रहा  और  वो  सफलता  की  सीढ़ी  चढ़ती  गईं ।,1.4128494925777161e-74,2.3241295156478518e-70,8.513632905302837e-128
बेर  सेब  की  तरह  रसीला  और  मीठा  होगा ।,3.3613910779692905e-39,2.3376411837040495e-37,8.380912567280487e-61
स्टार  रेटिंग  वाले  एसी  कुछ  समय  पहले  ही  आने  से  शुरू  हुए  हैं ।,1.0636936170418063e-42,1.153727595133929e-39,4.7108903038071256e-91
छोटी - मोटी  कुछ  उलझनों  को  यदि  दरकिनार  कर  दें  तो  घर  में  सामान्य  सुख  प्राप्त  होगा ।,1.0973584459391083e-66,7.958952200641573e-63,1.1172817285415086e-115
जिसे  बंद  कर  देने  से  नदी  के  रास्ते  से  कमर  भर  पानी  को  पार  कर  आते  जाते  हैं  तो  कई  शिक्षकों  व  व्यवसायियों  का  वाहन  पानी  में  चलने  के  कारण  खराब  हो  जाता  है ।,4.563497573414722e-109,8.391177023737135e-102,9.278285433568636e-219
भोपाल ।,4.3500807842217193e-05,0.00018318206129606682,3.710941163127927e-18
पढ़ें  अखिल  भारतीय  विद्यार्थी  परिषद  के  शील  प्रकल्प’ के  तहत  राष्ट्रीय  एकात्मता  यात्रा  के  चरण  में  पूर्वोत्तर  के  छात्रों  का  अजमेर . . .,2.0985937559374108e-89,1.0055778956967286e-84,1.3921055292299512e-152
1 .,2.2320193542595287e-05,0.0001020261242910294,1.3259746062343289e-18
मोनालिसा  ने  भले  ही  बिग  बॅास  के  बाद  लोकप्रियता  हासिल  की  हो ।,1.077462226793743e-44,5.5941409424057635e-42,4.127566361218355e-85
अब  खबर  है  कि  प्रेम  सोनी  अपनी  आगामी  फिल्म  में  यूलिया  और  एक्टर  रणदीप  हुड्डा  के  साथ  फिल्म  बनाने  का  मन  बनाया  है ।,3.76640357079754e-77,4.2115819614671387e-72,1.64591275902148e-151
"इस  बात  को  समझना  कि  उस  दिन  होटल  के  अंदर  क्या  चल  रहा  था , आज  भी  मेरी  रीढ़  की  हड्डी  में  सिहरन  पैदा  कर  देती  है । """,2.695341064273544e-128,6.355410930129534e-123,1.340257696635831e-206
शनिवार  को  किसान  फूलों  से  लदी  ट्रैक्टर  ट्रॉलियों  के  काफिले  विजय  गीत’ बजाते  हुए  सिंघु  धरना  स्थल  Singhu Dharna Site से  बाहर  निकल  गए .,2.6447215529175595e-106,6.158464927244209e-101,7.999831457630552e-159
सहायक  वन  संरक्षक  एसीएफ) क्षेत्रीय  वन  अधिकारी  आएफओ) - 2020 की  मुख्य  परीक्षा  13 फरवरी  से  शुरू  होने  जा  रही  है ।,2.7707574606712446e-73,2.5165028214477514e-68,1.635250773804177e-139
"सिसोदिया  ने  कहा  असंगठित  क्षेत्र  के  ऐसे  श्रमिकों  के  महंगाई  भत्ते  पर  रोक  नहीं  लगाई  जा  सकती , जिन्हें  सामान्यतः  केवल  न्यूनतम  मजदूरी  मिलती  है ।",4.4895893952197445e-108,7.941630932098844e-103,1.0491725589130516e-175
शिकायत  होने  पर  सदर  कोतवाली  पुलिस  संग  आबकारी  टीम  मौके  पर  पहुंच  गई ।,6.050632941715009e-44,1.1729689998518051e-40,3.0591203501207634e-91
आर्थिक  क्षेत्र  में  बड़े  परिवर्तन  का  समय  है ।,9.08507093366223e-25,6.583838852575928e-23,2.471078700524884e-60
"भाजपा  ने  दोनों  जगह  अकेले  जाने  का  जोखिम  उठाया , जो  एक  दांव  था  और  आज  कहा  जा  सकता  है  कि  वह  दांव  सफल  रहा ।",2.5946753948459635e-99,1.956340000578001e-94,4.854181401163245e-176
"भावानगर  निचार  खंड  एनपीएस , सीपीएस  कर्मचारी  संगठन  की  बैठक  का  आयोजन  भावानगर  में  किया  गया ।",4.26463652219066e-81,3.995464638936811e-78,2.8947704232258862e-121
लेकिन  ईमानदारी  से  कहूं  तो  मैं  अब  पढ़ता  नहीं  हूं ।,1.1390104109267874e-38,3.2407743702049616e-36,5.377620843682739e-73
"बोनस  के  अतिरिक्त , MarketsWorld एक  भाग्यशाली  ट्रेडर  को , जो  कि  प्लेटफॉर्म  पर  सक्रिय  रहा  है , मासिक  लॉयल्टी  अवार्ड  भी  देता  है ।",7.842025594502133e-145,4.33821131471998e-141,3.156326585697575e-193
डॉ ।,1.8630037217912386e-05,7.510109969270048e-05,3.698187432523788e-18
परिजनों  को  वित्तीय  सुरक्षा  देने  या  किसी  आकस्मिक  स्थिति  में  बीमारी  के  बोझ  के  खर्च  से  राहत  दिलाने  के  लिए  बीमा  उत्पाद  को  निवेश  का  सबसे  लोकप्रिय  और  उपयुक्त  साधन  माना  जाता  है ।,4.794664925562073e-114,7.235672393747363e-107,1.795485256261048e-212
तूफान  के  दौरान  तेज  हवाएं  चलने  की  भी  चेतावनी  जारी  की  गई  है ।,5.704815826264707e-38,3.6719392931178176e-35,1.038763346283444e-90
इंदौर  दिनांक  10 अक्टूबर  2021 - आज  दिनांक  10 - 10 - 2021 को  गोमा  की  फेल  निवासी  फरियादी  ने  थाना  तुकोगंज  मे  रिपोर्ट  किया  था  कि  उसकी  17 वर्ष  04 माह  की  नाबालिग  लडकी  को  कोई  अज्ञात  बदमाश  बहला  फुंसलाकर  अपने  साथ  ले  गया ।,4.468660652036288e-180,4.074230493869329e-170,2.5834214476537723e-286
तब  उन्होंने  पीड़िता  को  कोटा  थाना  भेजने  कहा ।,1.5388161010336522e-36,1.7643737638452217e-34,7.718291269553038e-61
यहां  काम  करने  वाली  घरेलू  सहायिका  का  भी  कोरोना  टेस्ट  पॉजिटिव  आने  के  बाद  नगर  में  कम  से  कम  एक  सप्ताह  का  लॉक  डाउन  घोषित  करने  की  मांग  उठने  लगी  है ।,9.342387624167927e-90,5.660702427340349e-83,2.2743198507119056e-200
थोड़ी  ही  दूर  है  बरनावा ।,4.0662944337334596e-26,5.9622603479385415e-25,1.4902749760600322e-42
"केंद्रीय  रक्षा  मंत्री  राज  नाथ  सिंह , मानव  संसाधन  विकास  मंत्री  डॉ .",3.4093361884730203e-59,5.468718903095578e-56,1.857962419660728e-97
इस  कार्यक्रम  में  10 हजार  से  भी  अधिक  ब्रह्म  कुमार  भाई - बहनें  शामिल  होंगी ।,1.1060167303208584e-53,2.6662550480898467e-50,2.23523010393392e-103
इसके  अलावा  मनमाने  रूप  से  सीनियरटी  और  नियुक्ति  की  प्रक्रिया  की  जा  रही  है ।,3.714628472344404e-45,1.5683595554632762e-42,1.0446487791678782e-96
उसने  बताया  कि  वह  दिल्ली  की  एक  इंश्योरेंस  कंपनी  से  बोल  रहा  है ।,1.4837398680212657e-35,8.561792602281936e-33,1.2166228031561486e-90
"त्रिवेणी  सिंह , सुभाष  चंद्र  द्विवेदी , गायत्री  सिंह , डॉ .",4.0698896761103926e-95,2.7215756104738076e-93,5.624869818656641e-115
"अगर  हम  उन  लोगों  तक  पहुंचें  तों  हमें  अच्छे  एथलीट  मिलेंगे . """,5.537559253913081e-72,4.6292369100821915e-69,7.021573547862514e-98
केंद्र  की  योजनाओं  पर  बात  की ।,3.995393355037788e-18,8.678109107539408e-17,1.3414594779557304e-48
इनको  सुरक्षित  रहना  मानव  जाति  के  लिए  ही  नहीं  बल्कि  पशु  पक्षी  और  वनस्पतियों  के  लिए  भी  जरूरी  है ।,3.051170522368842e-64,3.297645254166285e-60,6.755228081636131e-127
लोग  घरों  में  कैद  है .,1.5987603041318663e-16,3.2807146629483538e-15,7.841131214101776e-43
कानपुर  उत्तर  प्रदेश  ने  रणजी  ट्रॉफी  एलीट  ग्रुप  सी  के  मैच  में  रविवार  को  यहां  गोवा  को  पारी  और  247 रन  से  शिकस्त  देकर  सात  अंक  प्राप्त  किये .,3.8227148508847695e-107,2.0780331991319247e-100,3.327944525056883e-183
"इस  साल  का  पहला  सूर्य  ग्रहण  उत्तरी  अमेरिका  के  उत्तरी  भाग , यूरोप  और  एशिया  में  आंशिक  रूप  में  दिखाई  देगा .",5.756950954088656e-87,1.9216737359840936e-82,3.3305864873373215e-152
कोरोना  के  कहर  से  डाऊ  जोंस  20000 के  नीचे  आ  आ  गया  है ।,8.087566129516988e-47,3.573792381741186e-44,9.923518273219215e-91
बालों  के  झड़ने  की  समस्या  का  समाधान  दो  तरीकों  से  होता  है - सर्जिकल  और  नॉन  सर्जिकल ।,5.2858319052264326e-70,1.5445113609938107e-66,1.1211655994460863e-115
साथ  ही  ऐसे  अवसरों  पर  भाग  लेने  के  लिए  छात्राओं  को  प्रोत्साहित  किया ।,4.981588259396177e-39,3.492389847364639e-36,5.811696358874767e-91
"अमेरिका  के  राष्ट्रपति  डोनाल्ड  ट्रंप  ने  चीन  से  चल  रहे  व्यापार  युद्ध  के  तहत  200 अरब  डॉलर  करीब  14 , 503 अरब  रुपये) के  चीनी  आयात  पर  10 प्रतिशत  शुल्क  लगा  दिया  है .",6.896500994194491e-129,1.7016477779926187e-121,2.7084432724625496e-225
"िकायत  में  कहा  गया  है  कि  अर्नब  गोस्वामी  ने  उनके  बारे  में  घोर  झूठे , दुर्भावनापूर्ण  और  अपमानजनक  बयान  दिए  हैं , जो  उनके  अपने  चैनल  रिपब्लिक  भारत  पर  प्रसारित  किए  गए ।",1.4373641553676698e-146,1.6629934393961718e-140,1.9421568310924794e-230
एल्बर्टा  में  131 हजार  डालर  की  टैक्सेबल  आय  पर  10 प्रतिशत  अतिरिक्त  आयकर  वसूल  किया  जाता  है ।,2.884229380078348e-73,1.4648454391122987e-69,3.524724752835822e-115
उन्होंने  बताया  कि  इन  मामलों  में  अब  तक  300 से  ज्यादा  व्यक्तियों  को  गिरफ्तार  किया  गया  है .,4.88055623905622e-40,1.6973780964533315e-36,1.235940618115198e-115
प्रदेश  के  चार  जिलों  में  इस  टिंचर  की  खपत  बढ़  गई  है ।,1.0954100889896562e-37,3.285462613500395e-35,1.15057727572941e-84
नए  वर्ग  में  विनेश  को  मिश्रित  सफलता  मिली ।,2.1615825654523413e-35,2.8653114359266298e-33,7.725226012155545e-61
आज  महिला  की  हालत  बिगडऩे  पर  जांच  की  गई  तो  पता  चला  कि  महिला  को  ओ  की  जगह  बी  पॉजिटिव  रक्त  चढ़ा  दिया  गया  था ।,1.0427354761114928e-83,2.2835833825921423e-78,3.0471248788680448e-164
"डीएसपी  ने  बताया  कि  नैन  डेरा  के  कृषि  विभाग  की  भी  जिम्मेदारी  संभाल  रहे  थे , उन्होंने  कहा  कि  कुछ  अनुयायी  अस्थियां  लाते  थे  और  अनुष्ठान  के  तहत  डेरा  परिसर  में  इसे  बिखेर  देते  थे .",1.4084672046698567e-140,7.284995548520736e-134,2.3411087702707142e-237
गणतंत्र  दिवस  समारोह  के  मुख्य  अतिथि  फ्रांस  के  राष्ट्रपति  फ्रांस्वा  ओलांद  का  सोमवार  को  राष्ट्रपति  भवन  में  उनका  रस्मी  स्वागत  किया  गया .,5.553254564171937e-75,8.11722539374464e-70,1.5076037005190334e-146
"वे  सिर्फ  देखते  हैं  कि  इसके  पास  क्या  है , जबकि  देखना  चाहिए  इसके  पास  मोहब्बत  के  जज्बात  हैं  या  नहीं ।",4.586805403985915e-96,7.279163351476745e-92,7.242514135378167e-152
"इसमें  प्रदेश  की  राजनीतिक  स्थिति , भौगोलिक  और  जातिगत  समीकरण  एवं  वोटर्स  की  स्थिति  का  ब्योरा  भी  दिया  गया ।",4.764192140098305e-86,2.447816433676281e-82,1.4207385258637108e-139
"स्वास्थ्य  मंत्रालय  के  मुताबिक , देश  में  पिछले  24 घंटे  में  2.76 लाख  केस  सामने  आए  हैं ।",6.236190188490117e-67,2.29925381872844e-63,3.242832722069075e-127
"पुन: प्रयास  किए  हैं , पत्र  लिखा  है ।",1.0272094366481564e-43,5.974782694235894e-42,3.709001155145732e-72
उन्होंने  सोशल  मीडिया  पर  कहा  कि  लॉकडाउन  की  सख्ती  से  महामारी  का  अंत  नहीं  होता  है ।,2.4926376919725643e-42,4.9187905456804756e-39,6.912871354496056e-109
मृतक  अमीन  निवासी  युवक  रवि  उर्फ  गोरखा  सलारपुर  रोड  पर  यूनियन  बैंक  के  साथ  स्थित  एक  मोबाइल  की  दुकान  से  बाहर  निकला  था ।,5.060366390287784e-85,1.0262824587944875e-79,4.773777663751527e-152
जब  60 साल  सत्ता  में  रहने  के  बाद  कांग्रेस  सरकार  देश  को  कृषि  नीति  नहीं  दे  सके  किसान  कांग्रेस  से  क्या  उम्मीद  करेंगे ।,1.8073953980096412e-77,4.3206561833346403e-72,3.728639505770707e-152
उपरांत  संगत  में  बैठकर  लंगर  छका ।,6.05767600243885e-34,2.881888601054825e-32,1.188549116654584e-48
"हिंदू  पंचांग  के  अनुसार , हर  माह  में  कृष्ण  पक्ष  की  चतुर्दशी  तिथि  को  मासिक  शिवरात्रि  मनाई  जाती  है ।",2.6663775203199953e-81,3.01285488297045e-77,3.496193573943277e-139
जीएसटी  प्रणाली  को  मोदी  सरकार  ने  पुराने  कर  को  समाप्त  करने  का  आग्रह  करने  के  लिए  लागू  किया  था ।,4.19577044296797e-56,2.7442091023438916e-52,2.0704842826522603e-127
नईदुनिया  प्रतिनि; घिळर् - ऊि्‌ ।,4.134586913861615e-20,1.8942008346495745e-18,1.497033703727737e-42
पुलिस  जानकारी  जुटाकर  पकड़े  गए  लोगों  को  सुरक्षित  स्थान  पर  भेज  रही  है ।,8.976252933749138e-41,8.486941633545984e-38,1.0539597360793314e-90
कोलकाता .,4.498649175298347e-07,2.1604772580264924e-06,1.3131441533728897e-18
सामान्य  तौर  पर  गुजरात  में  15 सितंबर  के  बाद  मानसून  समाप्ति  की  घोषणा  हो  जाती  है ।,8.20561686061399e-49,2.3559699830219762e-45,5.580363409226096e-109
इसे  मंगल  का  चक्कर  काट  रहे  Mars Reconnaisance Orbiter के  जरिए  भेजा  गया  था ।,8.878016131560181e-56,1.0774932228207283e-52,2.903910639046694e-97
जहां  उपचार  के  दौरान  पंकज  की  मौत  हो  गई ।,8.57524479503173e-25,1.1709498913986409e-22,9.099703927553581e-67
जिसे  ठीक  कराने  की  जगह  खानापूर्ति  कर  दी  गई ।,2.444803380910357e-29,4.826649154456148e-27,7.697236964949486e-67
इससे  आप  अपने  आपको  धारा  से  अलग  पाएंगी  और  इसलिए  कंफर्टेबल  महसूस  नहीं  करेंगी ।,8.707897364461812e-56,2.116016039269443e-52,2.1247848662732463e-97
"ईसा  पूर्व  चौथी  सदी  में  पंचारी  ने  कहा  था , भ्रष्ट  अधिकारियों  को  रंगे  हाथ  पकड़ना  उतना  ही  मुश्किल  है , जितना  मछलियों  को  पानी  पीते  हुए  और  मक्खियों  को  शहद  चाटते  हुए  पकड़ना ।",3.100195830456433e-177,9.254612832108967e-171,6.933994526915229e-243
राज्य  की  200 विधानसभा  सीटों  में  से  कांग्रेस  के  पास  पिछले  वर्ष  बसपा  छोड़  कांग्रेस  में  शामिल  हुए  छह  विधायकों  समेत  107 विधायक  है .,1.1849696916425691e-84,3.35200298500959e-79,1.3257300312293605e-158
"केडी  सिंह  ने  कहा  कि  सम्मान  मिलने  की  अनुभूति  तो  सुखद  थी  ही , लेकिन  प्रकृति  की  गोद  मे  बसे  इस  विश्वविद्यालय  का  परिसर  और  पूरा  वातावरण  देख  कर  मन  प्रसन्न  हो  गया ।",3.1744307805249164e-143,2.0791667840147595e-136,9.443904668302409e-225
यह  बात  है  कि  पिछले  वर्ष  की  तुलना  में  इस  बार  कोयले  का  प्रेषण  कम  रहा  है .,1.701272937814307e-48,3.0468896351165535e-45,1.1610566627332121e-115
नगर  पालिका  की  ओर  से  प्रत्येक  नये  वित्तीय  वर्ष  की  शुरुआत  में  बैठक  कर  साल  भर  विकास  में  होने  वाले  खर्च  व  विभिन्न  मदो  से  होने  वाली  संभावित  आय  का  खाका  खींचा  जाता  है ।,1.1305876466864687e-115,2.8314373471529893e-108,9.535274802079557e-219
यूएस  में  लंबे  समय  से  बंद  वॉल्ट  डिज्नी  वल्र्ड  फि  र  से  खुलने  जा  रहा  है ।,1.3509588236601617e-59,3.9881932234778225e-56,5.488125375993693e-109
"डीसी  ने  ICU , ICCU और  SDUC के  साथ  बच्चों  के  कोविड  वार्ड  का  भी  निरीक्षण  किया .",7.692867488547394e-83,4.450514141664486e-80,8.070270664198784e-128
जानकारी  मिलते  ही  प्रशासनिक  अधिकारी  हरकत  में  आए  और  जर्जर  पुलियाओं  का  निरीक्षण  कर  दुरुस्ती  कार्य  प्रारंभ  करवाया ।,6.432947718389176e-71,1.266903123152327e-66,8.346430170838387e-122
हालांकि  उसे  अस्पताल  ले  जाया  गया  लेकिन  उसकी  मौत  हो  गई ।,6.689560254332582e-29,6.283880009797746e-26,5.2926248072849074e-79
पीड़िता  ने  थाना  में  उसकी  रिपोर्ट  दर्ज  कराया ।,1.046766936346362e-26,1.4337679228652008e-24,7.753781294182311e-61
"हाईकोर्ट  में  शासन  के  मामलों  की  पैरवी  करने  के  लिए  अतिरिक्त  महाधिवक्ता , उपमहाधिवक्ता  व  शासकीय  अधिवक्ताओं  की  सूची  जारी  की  गई  है ।",4.1074512621159086e-89,5.524881230336745e-85,3.240862253584453e-163
उनके  अगले  क़दम  का  कोई  संकेत  नहीं  है .,5.616149436514451e-29,5.0492418411391895e-27,4.5043785378672654e-61
भारतीय  ओलिंपिक  संघ  आईओए) के  नवनियुक्‍ त  अध्‍ यक्ष  एन  रामचंद्रन  ने  खेलों  में  पारदर्शिता  लाने  का  वादा  किया  है ।,6.221243212363897e-80,3.2067943971246377e-75,1.7818090672241756e-133
स्कूल  में  बरात  का  स्वागत  किया  गया ।,9.036245984743885e-22,3.824032076126838e-20,1.3602184161039587e-54
"वहीं  टेलर  के  दूसरे  एल्बम  ' फियरलेस’ ने  चार  ग्रैमी  अवॉर्ड  जीते  थे  जिनमें  ' यू  बिलोंग  विद  मी’ और  ' लव  स्टोरी ' जैसे  गाने  शामिल  थे| वह  कई  ग्रैमी  अवार्ड  जीत  चुकी  हैं , जिसमें  2010 एल्बम  ऑफ़  द  ईयर  अवार्ड  के  लिए  लोकप्रिय  एल्बम  फियरलेस  शामिल  हैं ।",1.308566528224106e-233,1.2383326419757084e-222,0.0
नारियल  का  तेल  स्किन  से  लेकर  बालों  तक  के  लिए  खूब  फायदेमंद  होता  है ।,7.796714765220081e-49,9.115206859464025e-46,1.2198570966243952e-96
वे  सिपाही  से  तेल  निकाल  लेने  की  बात  पूछ  बैठे ।,9.090484923079011e-42,3.686651245675657e-39,5.2715579492098614e-73
लकड़ियों  की  कटाई  से  जंगलों  को  भी  नुकसान  पहुंचता  है ।,1.6675432555895036e-39,2.244082358379492e-37,1.5682197688968513e-72
इंजन  और  पावर  की  बात  की  जाए  तो  इस  बाइक  में  97.2 सीसी  का  इंजन  दिया  गया  है  जो  कि  8.24 बीएचपी  की  पावर  और  8.05 न्यूटन  मीटर  का  टार्क  जनरेट  करता  है ।,2.8465312164754064e-114,1.1334968805463167e-107,1.3694181475415157e-212
"पूर्णिमा  एक  साल  में  कई  बार  आती  है , लेकिन  शरद  पूर्णिमा  का  विशेष  महत्व  माना  जाता  है .",1.8624055538975636e-74,1.4236233188821066e-70,7.949819632720965e-134
"म्हाडा  जमीन  पर  अवैध  स्कूल - कॉलेज , बच्चों  की  जान  से  खिलवाड़  क्यों ?",4.972932248793288e-74,5.037771930296001e-71,4.7530557872952957e-110
जो  आप  सभी  के  प्रतियोगी  परीक्षाओं  हेतु  बहुत  ही  beneficial है ।,1.6273841683318303e-42,5.029943673147459e-40,1.223581314809903e-78
गलत  निर्णय  से  बिजली  का  बिल  भी  अधिक  आ  सकता  है  और  उचित  ठंडक  से  भी  वंचित  रह  सकते  हैं ।,1.521878913900405e-65,2.7413799839155935e-61,1.2974201273419346e-133
शहर  में  भी  लोग  इस  तरह  की  समस्याओं  से  परेशान  हैं ।,8.030427875042017e-27,1.2778662076998898e-24,8.135024425714474e-79
इस  वर्ष  रेडक्रॉस  दिवस  के  100 वर्ष  पूर्ण  होने  पर  कीप  क्लेपिंग  फॉर  वॉलंटियर्स  थीम  के  तहत  स्वयंसेवकों  का  शारीरिक  दूरी  बनाए  रखते  हुए  एक  दूसरे  का  तालियां  बजाकर  अभिनंदन  किया  गया ।,4.06941937813236e-122,3.552386486507767e-115,7.074178348277446e-207
इसके  साथ  ही  कोरोना  का  पहला  डोज  लेने  वालों  की  संख्या  4745494 तथा  दूसरा  डोज  लेने  वालों  की  संख्या  643855 है ।,2.9123271567499337e-69,1.1410893404261777e-64,1.797262961557136e-139
जिले  भर  में  कोरोना  वायरस  संक्रमण  को  रोकने  के  पुख्ता  इंतजाम  किए  गए  हैं । ',1.6542089148463626e-38,5.644748735738159e-35,5.0522388137781087e-104
छात्र  नेता  नमन  पुंज  का  कहना  है  कि  ऐसे  संवेदनशील  मामलों  में  प्रशासन  को  त्वरित  संज्ञान  लेने  की  जरूरत  है ।,2.7497013548015023e-67,4.5509335893851463e-63,2.5692584848695203e-133
"जिसमें  10 रेड  बेल्ट , चार  ऑरेंज  बेल्ट , दो  येल्लो  बेल्ट , दो  ग्रीन  बेल्ट , दो  परपल  बेल्ट , दो  परपल  स्ट्रीप  बेल्ट , दो  ब्राउन  बेल्ट  दिया  गया ।",4.0360883191512285e-240,5.404179119419597e-236,8.432202530677712e-272
हाईस्कूल  के  970 और  इंटर  के  4398 परीक्षार्थी  अनुपस्थित  रहे ।,1.0003997171335338e-48,1.2894541082914066e-46,4.991842147626795e-73
जिसे  वह  वही  छोड़़कर  फरार  हो  गए ।,3.2162861997990256e-27,2.2914141950855903e-25,1.0864414315941545e-54
कंकर - कंकर  में  शंकर  का  विज्ञान  क्या  है ?,1.9009036129949233e-46,2.5568144699860224e-44,9.32691808642224e-68
"पानी  निकासी  की  व्यवस्था  ना  होने  के  कारण  घरों  का  पानी  खुले  प्लाटों  में  जमा  हो  रहा  है , जहां  गदंगी  पनप  रही  है ।",6.077357697576735e-98,3.1812534974401513e-93,1.8086897217323543e-169
"इसलिए , मुझे  लगता  है  कि  वह  इस  समय  पूरा  गेंदबाज  है । """,1.410691626362558e-75,1.8552695476649473e-73,4.0256832602405417e-115
एजेंसी  चालकों  से  किसी  तरह  निगम  काम  चला  रहा  है ।,9.609188365453249e-36,2.2934816632088502e-33,1.8799545419056332e-72
ऐसे  परीक्षार्थियों  को  अटेंडेंस  में  भी  50 प्रतिशत  तक  की  छूट  मिलेगी ।,3.424594640165521e-43,1.952240032491935e-40,3.5817652569264826e-85
बिग  बॉस  OTT की  ट्रॉफी  जीतने  के  बाद  दिव्या  अग्रवाल  को  लेकर  खबरें  हैं  कि  सलमान  खान  के  शो  बिग  बॉस  सीजन  15 में  भी  एक्ट्रेस  नजर  आ  सकती  हैं ।,1.0204313258673782e-97,6.570850342225406e-91,1.682717859555832e-194
लक्ष्य  का  पीछा  करने  उतरी  इंडसवैली  की  टीम  महज  81 रन  ही  बना  सकी ।,1.7238019601576132e-54,4.565334656667741e-51,2.0413921747290012e-97
यह  प्रतिकूल  दिशा  में  जा  रही  है ।,2.876755389323598e-20,9.099195377593299e-19,4.19889492547729e-54
"मार्को , डॉ .",4.936996989339508e-31,2.2008180740512038e-30,1.3822162556556869e-42
"जियो  के  पास  2 , 599 रुपये , 2 , 399 रुपये  और  2121 रुपये  के  प्लान  हैं .",1.9571096491451164e-119,1.0856531643693472e-116,1.4180773685772641e-157
ग्रामीण  कार्य  विभाग  के  प्रमंडल  एक  और  दो  के  तहत  फेज  वन  में  बनायी  गयी  नई  सड़कों  के  चौड़ीकरण  का  प्रस्ताव  फेज  टू  के  तहत  लिया  गया ।,3.0825315598722335e-104,1.4050041234373682e-98,1.5412620436872821e-176
एसपी  सिटी  रणविजय  सिंह  का  कहना  है  कि  पूरी  घटना  के  संबंध  में  एफआईआर  दर्ज  कर  ली  गई  है  और  जल्द  ही  होटल  मालिक  और  दूसरे  आरोपियों  को  गिरफ्तार  किया  जाएगा .,1.9624688702595646e-83,8.810322573063474e-77,3.750828200560684e-201
श्री  कृष्ण  जन्म  स्थान  पर  त्रिस्तरीय  सुरक्षा  व्यवस्था  के  अलावा  कमांडो  हर  संदिग्ध  पर  नजर  बनाए  हुए  हैं ।,1.032420738503106e-64,2.522239774707529e-60,1.53910588220984e-121
इसमें  पांच  लाख  52 हजार  के  करीब  पुरुषों  और  पांच  लाख  78 हजार  के  करीब  महिलाओं  ने  अपने  मत  का  प्रयोग  किया  है ।,4.8077520049245254e-74,5.252317122506978e-69,1.0132027049321536e-151
फिर  से  मार्शल  लॉ  की  वापसी  हुई .,7.043218692817489e-27,5.324854511315803e-25,3.561787114076418e-55
भरोसे  में  आकर  डिलेवरी  बॉय  ने  उसे  कैमरा  दे  दिया ।,7.140698658719423e-44,1.9298940998070924e-41,5.439572725646115e-73
"मेरा  छोटा  भाई  है , तो  उसे  राखी  बांधने  के  बाद  उसे  गिफ्ट  देती  हूं ।",7.26513678604441e-73,2.3226728361426314e-69,3.279973599361196e-115
ये  स्टडी  हेल्थ  जर्नल  गट  में  प्रकाशित  हुई  है .,1.0787642376631504e-38,1.5094177894336395e-36,3.4243956505767614e-67
भारत  की  ओर  से  युजवेंद्र  चहल  सबसे  कामयाब  गेंदबाज़  रहे .,9.561414969440078e-39,3.006756169922819e-36,2.0747613687681986e-73
उन्होंने  कहा  कि  इंटर  पास  सभी  छात्र - छात्राओं  को  बीए  और  बीएससी  में  प्रवेश  दें ।,5.624142500482482e-54,2.445023373996432e-50,2.208936325530217e-109
मंगलवार  को  विशेष  आवासीय  विद्यालय  नाभा  हाउस  ऋषिकेश  में  पूर्व  पीएम  स्व .,2.0835474128824882e-51,1.9536845155375624e-48,1.1622618089807057e-85
"यही  कारण  है  कि  केरजीराव  सरकार  ने  अनुमति  नहीं  दी  थी , जिसके  खिलाफ  हाई  कोर्ट  का  दरवाजा  खटखटाया  गया  था ।",2.201854694434875e-83,3.048840234739442e-79,1.4126680637563394e-151
बैठक  में  खासतौर  पर  दोनों  राज्यों  के  डेंगू  पीडि़तों  पर  विचार  किया  गया ।,4.221611393381285e-43,2.8448847914363113e-40,3.6381776651476243e-91
"इसके  अलावा , यदि  यह  एक  ब्रांडेड  ट्रेवल  क्रेडिट  कार्ड  है  तो  आपको  एक्स्ट्रा  पॉइंट्स  मिलते  हैं  यदि  आप  उस  विशेष  ब्रांड  के  साथ  खर्च  या  खरीदारी  करते  हैं ।",2.750052116947782e-120,4.266890238413512e-114,3.557865688821729e-200
करौली - धौलपुर  सांसद  डॉ  मनोज  राजोरिया  ने  सोमवार  को  केन्द्रीय  पर्यटन  एवं  संस्कृति  राज्यमंत्री  डॉ  महेश  शर्मा  से  मुलाकात  की  और . . . . . . . . . .,1.127462569524929e-98,1.573386914876874e-92,6.910929806186263e-201
4 नवंबर  को  सुबह  3 बजकर  24 मिनट  से  चतुर्थी  तिथि  का  आरंभ  होगा .,8.363600984089372e-54,4.195215072215338e-50,7.28277701845107e-98
इस  अभियान  के  माध्यम  से  जन  जागरण  का  काम  भी  किया  जाएगा ।,1.8549366507297999e-31,7.290075308401732e-29,5.045788885319431e-85
एक  तरफ  तो  युद्ध  मे  विजयी  होने  पर  इस  पृथ्वी  का  सबसे  बड़ा  सम्राट  बनने  की  लालसा  और  दूसरी  तरफ  छल  से  गुरु  हत्या  करने  पर  नरक  वास !,5.441128212536011e-115,7.797349879967327e-109,1.4020921864905231e-183
"शुष्क , लुप्तप्राय  और  समस्याग्रस्त  त्वचा  के  लिए  इसका  उपयोग  करने  की  अनुशंसा  की  जाती  है ।",5.197265226165357e-72,3.062380748346995e-69,1.2328948013876672e-120
इससे  वह  बेहोश  हो  गए ।,1.5673261053479223e-14,4.864689369005125e-13,1.7854933755356294e-42
इन  लोगों  ने  पूर्वी  क्षेत्र  को  तहस  नहस  कर  दिया  है ।,3.5354980553331324e-31,1.0360129521565283e-28,1.567362450529697e-78
पार्क  में  गंदा  पानी  भरने  के  कारण  उसमें  मच्छर  पनप  रहे  हैं ।,3.3766521409650996e-41,3.0878289271277327e-38,7.080676737866876e-85
राजनीति  में  ऐसे  सौ  फीसदी  परिणाम  कभी  नहीं  आते ।,7.693368445964377e-37,2.236666776498377e-34,6.140210039790283e-67
वहीं  आगे  की  कहानी  इसी  घटना  के  इर्दगिर्द  घूमती  है ।,1.6695033734979303e-35,4.3088742482477534e-33,1.6398040582528921e-72
उन्होंने  कहा  है  कि  स्क्रिप्ट  पूरी  लिख  ली  गयी  है  और  कटरीना  इस  फिल्म  में  लीड  रोल  में  नजर  आएगी ।,1.1867495709038928e-64,1.8648242206349268e-60,1.1728865789025117e-133
"ऐसे  में  तैयार  रहिए  नए  भाषण , घोषणा  और  वादों  के  लिए ।",2.999463277189909e-63,4.482212971182441e-61,9.559198506418752e-97
इससे  पहले  बहनों  में  मंदिरों  में  जाकर  पूजा - अर्चना  की ।,5.043396014533396e-37,1.5930568068521774e-34,4.6488135683594616e-79
नारायण  साई  की  तलाश  के  लिए  बनाई  गई  सूरत  पुलिस  की  छ: टीमों  ने  दावा  किया  है  कि  उन्हें  मामले  से  जुड़े  अहम  सुराग  हासिल  हुए  हैं ।,3.415612247383958e-90,1.2886386712193625e-84,5.790635775260897e-176
कितना  अच्छा  बदलाव  है !,1.6157434950111168e-20,5.09942875355999e-19,2.697143325766003e-37
जनपद  अध्यक्ष  देवेंद्र  प्रताप  सिंह  ने  फोन  कर  वन  अमला  को  इस  घटना  की  सूचना  दी ।,5.88704335253501e-51,4.0417946350132994e-47,1.494614203846615e-109
इंस्टेंट  मैसेजिंग  एप  व्हाट्सएप  Whatsapp लंबे  समय  से  चर्चा  में  बने  डार्क  मोड  Dark Mode को  लॉन्च  करने  की  तैयारी  है ।,1.6657057006959623e-79,8.892422457980348e-75,1.4181396705939347e-139
बाल  विकास  कल्याण  के  लिए  भले  ही  सरकार  ने  बहुत  सी  योजनाएं  चलाई  हों  और  बाल  श्रम  उन्मूलन  के  लिए  भले  ही  कई  प्रावधान  किए  हों  लेकिन  यह  कटु  सत्य  है  कि  बच्चों  से  आज  भी  श्रम  करवाया  जाता  है ।,8.96613744096039e-134,5.239647577321654e-125,9.802048013728902e-255
एकेडमी  के  अंदर  सियासत  और  इससे  जुड़े  विवादों  से  इतर  ऑस्कर्स  की  पूरी  दुनिया  में  शोहरत  है .,4.468504318891954e-69,1.8386230870274432e-65,5.416188610853108e-116
लॉकडाउन  अवधि  का  बिजली  बिल  या  किसी  भी  तरह  का  बिल  माफ  की  करने  की  घोषणा  की  हवा  निकल  रही  है ।,4.930246477670033e-65,1.7164289441100058e-60,1.7436785345687237e-139
शुक्रवार  को  तबियत  बिगड़ने  पर  यहां  से  जयपुर  ले  गए ।,1.876225453229718e-34,5.36016884877057e-32,5.5295147364699293e-73
"अधिक  विधायकों  के  जहाज  पर  कूदने  के  साथ , पुडुचेरी  सरकार  एक  बड़े  संकट  की  ओर  बढ़  रही  है ।",8.071836778273917e-81,4.030020782679404e-77,5.275800496057231e-139
अब  जब  हड़ताल  खत्म  हुई  तो  सोने  के  भाव  बढ़  गए  हैं ।,1.1071191855094933e-39,1.1225000366479865e-36,6.116960641152361e-85
भजनों  पर  भक्त  जमकर  नाचे ।,9.726895961464385e-29,3.527831519930738e-27,1.4861621933446464e-42
लोकल  को  वोकल  करने  के  साथ  साथ  ही  उसको  ग्लोबल  भी  किया  जा  सके  साथ  ही  मार्बल  एक्सपोर्ट  की  प्रक्रियाओं  को  सरल  किया  जाए ।,3.1344157775196073e-89,1.22205114044613e-84,4.32067903182798e-158
झांसी ।,1.872582958744984e-07,8.007042505028532e-07,3.6598559699907636e-18
वे  ड्रग्स  की  डिलवरी  और  पैसों  की  वसूली  के  लिए  कम  उम्र  के  बच्चों  का  इस्तेमाल  करते  हैं ।,7.955984511886591e-58,2.7229011592278777e-54,2.8615476248383347e-121
"अभी  सरकार  न  ताे  न्यूनतम  समर्थन  मूल्य  का  कानून  बनाने  को  राजी  दिखाई  दे  रही  है , न  उक्त  कृषि  कानूनों  को  वापस  लेने  को  ही , जबकि  किसानों  का  कहना  है  कि  वे  उन्हें  वापस  लेने  के  तरीकों  पर  ही  बात  करेंगे  और  महज  कुछ  संशोधनों  के  सरकार  के  प्रस्ताव  को  मानकर  अपना  आन्दोलन  खत्म  नहीं  करेंगे ।",4.745280039610569e-229,2.371427809352325e-217,0.0
"उत्पाद  की  विशेषताएँ: 1 क्योंकि  फ़िल्टर  सामग्री  को  सिलेंडर  में  तब्दील  किया  जाता  है , फ़िल्टर  सामग्री  की  घनत्व  बड़ी  होती  है , इसलिए  धूल  कलेक्टर  में  कॉम्पैक्ट  संरचना  और  छोटी  मात्रा  होती  है ।",6.237461642895958e-174,1.9935283832870374e-167,2.1125990658728144e-242
दरअसल  इस  खबर  के  आने  के  बाद  हुआवेई  को  चीनी  लोगों  का  काफी  विरोध  झेलना  पड़ा  था .,1.9810045465030803e-58,1.1861009591903719e-54,5.277818785420032e-116
"के  नाम  के  पश्चात्  पड़ा  जो  विद्या  एवं  गुण  दोनों  में  पूर्णताप्राप्त  प्रथम  एवं  सबसे  महान  गुरु  माना  जाता  था  और  जिसने  सबसे  पहले  साधारण  जनता  को  विद्या  और  सद्गुण  सिखलाया , जिसका  एकाधिकार  पहले  आभिजात्य  शासक  वर्ग  के  हाथ  में  था ।",5.4786482653734505e-191,8.967532235584211e-183,8.392960724672988e-280
वन  अरण्यपाल  सर्किल  धर्मशाला  में  प्रदीप  ठाकुर  ने  बताया  कि  वन  रक्षकों  की  भर्ती  में  फिजिकल  टेस्ट  पास  करने  वाले  अभ्यर्थियों  को  ऑनलाइन  एडमिट  कार्ड  जारी  कर  दिए  हैं ।,9.239214796236115e-100,2.761830299726752e-93,1.7280660431665376e-188
आंगन  के  दूसरे  ओर  का  दरवाजा  खुला  पड़ा  था ।,1.4836801851340449e-36,3.0654003434809154e-34,7.91280545443405e-67
वित्तीय  रूप  से  आप  तेज  गति  से  आगे  बढ़ेंगे  और  प्रॉपर्टी  की  खरीद  का  संकेत  है ।,1.1970838559657498e-55,4.1376090140896e-52,4.155917671691069e-109
ऐसे  मामलों  का  सबसे  दुखद  पक्ष  यह  है  कि  वक्त  रहते  कोई  कार्रवाई  नहीं  की  जाती  है ।,8.00278689390099e-52,4.026326408219651e-48,5.026543513492462e-115
बम्बई  उच्च  न्यायालय  के  आदेश  के  बाद  पिछले  सप्ताह  मामले  की  जांच  का  जिम्मा  सीबीआई  को  सौंपा  गया  था ।,1.050392447713622e-58,1.532034569865071e-54,1.2645421865966908e-127
विधायक  पांचीलाल  मेड़ा  ने  कहा  कि  सरकार  ने  कि  सान  हित  में  योजनाएं  बनाई  हैं ।,5.836688778783439e-54,8.243964186583729e-51,4.721225913519263e-103
बताया  कि  दुकानों  पर  कार्ड  धारकों  से  जानकारी  की  गई ।,5.421122713259746e-32,8.543720585725005e-30,7.116435840391609e-73
विदिशा ।,1.696387421327271e-07,7.266077973779431e-07,3.659418021611139e-18
बहुजन  समाज  पार्टी  की  प्रमुख  मायावती  के  उत्पीड़न  के  आरोप  को  भी  गंगवार  ने  नकार  दिया ।,6.213615900396834e-57,1.4945784768803835e-53,1.5045390233343518e-109
"रेडमी  नोट  10 सीरीजरेडमी  नोट  10 कीमतरेडमी  नोट  10 सीरीज  लॉन्च  डेटरेडमी  नोट  10 लॉन्च  डेटरेडमी  नोट  10 फीचर्सरेडमी  नोट  10 प्रो  डिजिटल  डेस्क , नई  दिल्ली ।",7.310684291048806e-143,1.638636234827008e-136,1.7699736388736392e-188
एसडीएम  ने  मामले  को  दिखवाकर  शीघ्र  कार्रवाई  का  आश्वासन  दिया  है ।,3.969360862740773e-37,8.662183565497764e-35,1.3013598032191863e-78
रूस  की  वैक्‍ सीन  Sputnik V पर  कई  देश  सवाल  उठा  रहे  हैं ।,4.6882005425952896e-49,6.832460279022394e-46,5.244441028847709e-91
भारी  मात्रा  में  इस  तरह  की  पोस्ट्स  के  कारण  ही  वो  सुरक्षा  एजेंसियों  के  निशाने  पर  आया ।,1.4044597261301238e-55,6.156337578724058e-52,1.197261032600769e-115
खुर्शीद  आलम  बाबरी  मस्जिद  गिराए  जाने  के  20 वर्ष  बाद  लगभग  सभी  उर्दू  अखबारों  ने  इस  पर  विशेष  रिपोर्ट  प्रकाशित  की  और  सम्पादकीय  लिखे ।,8.709812507596832e-94,3.4258749683699135e-88,2.330263221163547e-158
.,0.022127826190613667,0.05383795865245194,1.70363380536339e-12
इन  कॉलोनीज़  के  लिए  सरकार  ने  अथॉरिटीज़  बनाई  हैं  जिनकी  स्वीकृति  से  ही  नए  प्रोजेक्ट्स  लांच  किए  जाते  हैं .,3.1097407486021215e-72,2.0084222255812853e-68,5.796366243748385e-128
योग्यता  इंवायरमेंटल  इंजीनियरिंग/ इंवायरमेंटल  साइंस/ इंवायरमेंटल  प्लानिंग/ अर्बन  प्लानिंग/ लाइफ  साइंस/ माइक्रोबायोलपॉजी/ बायो  टेक्नोलॉजी/ फिजिक्स/ केमेस्ट्री  में  पीएचडी  हो ।,2.2850003388649538e-107,1.5694291296019155e-103,6.495452925775588e-128
ईसीबी  के  मुख्य  कार्यकारी  टॉम  हैरिसन  ने  कहा  कि  इंग्लैंड  के  क्रिकेटर  और  उसके  क्रिकेट  निदेशक  व  पूर्व  कप्तान  एंड्रयू  स्ट्रास  समझते  हैं  कि  उनसे  क्या  उम्मीद  की  जाती  है ।,2.811664939711805e-106,1.1154684395475316e-99,3.078059967840414e-194
"मेरे  अंदर  जो  लेखक  व  कवि  का  व्यक्तित्व  था , वह  कहीं  न  कहीं  मुझे  बीएससी  करने  से  रोक  रहा  था .",1.0153392012104338e-97,5.563140900575246e-93,2.63242236449867e-152
एक  अमेरिकी  फेडरल  जज  ने  मंगलवार  को  आदेश  दिया  कि  फेसबुक  को  सामूहिक  मुकदमे  का  सामना  करना  पड़ेगा ।,9.166961906386235e-61,1.0931644756755286e-56,9.382177050858015e-122
बात  जयपुरी  खाने  की  हो  और  जयपुरी  गट्टा  और  घेवर  न  हो  तो  बेकार  है ।,1.7100406001823597e-65,9.092362446438895e-63,4.912314585759568e-103
हनुमान  का  परिवार  लगभग  दस  साल  पहले  गांव  के  बाहर  अपने  खेतों  में  घर  बनवाकर  रहता  है ।,5.856571806540409e-59,4.344147324984521e-55,3.2958212875295833e-115
हादसा  गुरुवार  को  नॉर्थ  कैरोलीना  में  हुआ ।,1.4531754979103428e-29,8.966893282686113e-28,1.01703852251978e-54
"हरहुआ  विकास  खंड  क्षेत्र  में  कुल  13 न्याय  पंचायतों  में  75 ग्राम  प्रधान , 959 ग्राम  पंचायतों  के  वार्ड  सदस्य , 100 क्षेत्र  पंचायत  सदस्य , 04 जिला  पंचायत  सदस्य  का  निर्वाचन  होगा ।",7.249228686195631e-176,2.394727810163127e-169,1.2315871977833423e-248
गाड़ी  चलाते  वक्त  सावधानी  बरतें ।,3.336498524950309e-23,2.1254055963801187e-21,1.488796262389211e-42
सबसे  अहम  बात  इस  बेटिओ  के  प्रति  लागए  गए  योजना  की  शुरुआत  भी  इसी  जगह  पौधे  लगाकर  की  गई  थी  तथा  पौधे  लगाकर  पूरा  वन  बेटिओ  को  समर्पित  कर  दिया  गया  था ।,3.703698800540615e-121,1.8778807672851937e-114,7.089250768662093e-207
"डिजिटल  डेस्क , ताइपे ।",2.4004575915237863e-34,1.9943998766936405e-33,2.9418464642032104e-48
मैं  अच्छा  और  ताजा  महसूस  कर  रहा  हूं  और  अगर  फिर  से  टीम  में  बुलाया  जाता  है  तो  मैं  जाने  के  लिए  तैयार  हूँ ।,1.1437084095772249e-71,1.5825636543508545e-66,5.17116155778272e-158
बेचते  समय  इन  चीनी  मिलो  की  कीमत  कितनी  थी  और  कितने  कीमत  पर  इन्हें  बेचा  गया  था ।,5.948010321236745e-70,5.713642493747311e-66,1.452434060667807e-115
इसके  बाद  शाहरुख - सलमान  के  बीच  दुश्मनी  शुरू  हो  गई ।,1.1620945043416103e-33,4.844583317906674e-31,6.733836710641098e-79
मुद्रा  कनवर्ट  करें  909 IQD में  SGD .,5.790084341152992e-37,5.739593701820003e-35,3.396729183571574e-55
पूर्वी  नेपाल  के  लिम्बुवान  की  लिपि  का  लोप  हो  गया ।,1.2610802070977137e-44,1.3356795866577387e-42,6.29835238261179e-73
बतादें  कि  वाराणसी  शक्तिनगर  मार्ग  पर  डाला  की  जा  रही  एक  कार  को  किसी  अज्ञात  वाहन  ने  टक्कर  मार  दिया ।,2.4850575043482447e-67,9.678907761282974e-63,6.39395816384638e-134
इस  लिहाज  से  यह  दलितों  की  विरासत  पर  अपनी  मुहर  लगाने  की  कोशिश  है ।,4.9782874984974305e-45,4.412361813290369e-42,8.316490994002135e-97
"स्कूल , कालेज , अस्पताल , बस  स्टैंड  सहित  कई  स्थानों  पर  लगे  बोर्ड  पर  भी  पंफलेट  चिपका  दिए  गए  हैं ।",3.829814898776403e-122,1.4104987467154972e-118,3.1534896318002e-175
रामभक्त  हनुमान  जी  के  स्मरण  मात्र  से  ही  लोगों  के  सारे  संकट  दूर  हो  जाते  हैं .,1.6684864807871803e-54,9.039081737413798e-51,6.115469561920634e-110
चायना  सिर  पर  मिट्टी  के  पानी  भरे  तीन  घड़ेभरकर  गुनगुनाती  हुई  घर  की  राह  पर  चल  पड़ती  है ।,4.1455628052709976e-74,2.7963003558835822e-70,2.4824793531724336e-121
एक  जुलाई  को  डॉक्टर्स  डे  है ।,3.778699768818228e-21,1.0734741478199097e-19,3.883894339278459e-48
व्‍ यापार  और  व्‍ यवसाय  है  ही  नहीं ।,1.0072149405257711e-33,7.843966094791953e-32,7.928749350997783e-61
"नई  दिल्ली , मानसून  ने  जुलाई  में  रफ्तार  पकड़  ली  है  लेकिन  निजी  मौसम  पूर्वानुमान  एजेंसी  स्काईमेट  के  अनुसार , अल  नीनो  के  प्रभाव  की  आशंका  अभी  भी  मंडरा  रही  है ।",6.270904740398813e-143,7.026130005364808e-137,4.783785051801245e-224
अब  एडवेंचर  गेम  को  दूसरी  जगह  भी  विस्तारित  करने  की  योजना  पर  काम  शुरू  किया  गया  है ।,2.798415049185561e-51,8.797456371220235e-48,5.236585655653071e-115
"3 घायलों  को  वायुसेना  के  हेलिकॉप्टर  से  रायपुर  लाया  गया , जिनमें  से  एक  ने  रास्ते  में  दम  तोड़  दिया ।",8.939506359700935e-87,7.342984708267311e-83,9.468357867994386e-146
अश्वघोष  की  यह  कविता  हमे  लड़ने  को  प्रेरित  करती  है  . . .,6.083378211285366e-46,1.3944613057482855e-43,2.252057568133584e-85
वृश्चिक  राशिफल— आज  के  दिन  आप  कोई  भी  महत्वपूर्ण  कार्य  न  करें  उसीमें  में  आपकी  भलाई  होगी ।,4.843648611567504e-65,5.433352566514006e-61,1.1056773734749949e-115
जहां  अल्टो  वाहन  संख्या  यूके  05 बी  6825 को  रोक  जांच  की  गई ।,6.14588335218876e-59,3.8362131409411547e-56,3.104206396685983e-91
"यह  एक  शक्तिशाली  इंस्ट्रूमेंट  है , लेकिन  अगर  आप  सावधानी  से  सिस्टम  की  विदेशी  मुद्रा  व्यापार  के  लिए  मुफ्त  मेटाट्रेडर  4 मंच  क्षमताओं  को  ट्रैक  करते  हैं , तो  इस  क्षेत्र  में  बिना  अनुभव  के  लोग  भी  सर्विस  को  हैंडल  कर  पाएंगे , खासकर  अगर  उन्हें  पहले  से  ही  ट्रेडिंग  का  कुछ  ज्ञान  हो ।",2.857653850594231e-241,4.361490731104418e-231,0.0
"उसका  नारा  था  दुनिया  के  मजदूरों  एक  हो , तुम्हें  केवल  अपनी  जंजीरें  तोड़नी  हैं ।",1.3553131792784199e-83,1.0829157151287261e-80,4.372491349236705e-115
एसएस  राजामौली  के  निर्देशन  में  दो  हिस्सों  में  बनी  ब्लॉकबस्टर  फिल्म  बाहुबली  की  प्रीक्वल  में  शिवगामी  की  यात्रा  दिखायी  जायेगी .,9.60307983418277e-89,1.6784034748838188e-84,1.88893813211212e-134
इंडियन  रेलवे  Indian Railway किसानों  की  आय  बढ़ाने  के  लिए  किसान  स्पेशल  ट्रेन  चला  रही  है ।,3.2410626374147694e-53,2.3015115302720843e-49,8.320654514339023e-109
"इन  तीन  मैस्कट  रोबोट  को  कांग्कोंग , लियानलियन  और  चेनचेन  नाम  दिया  गया ।",3.612526386918946e-74,3.9988428585873265e-72,5.238310212097486e-103
पशुओं  के  लिए  भी  यह  खरपतवार  अत्याधिक  विषाक्त  होता  है ।,2.920092184704866e-37,2.605773874375492e-35,2.9340917420152045e-72
इससे  ग्रामवासियों  को  बेहद  परेशानी  होती  है ।,5.825592733436289e-24,3.639862624182727e-22,3.235799177063617e-54
"कैश  पर  लगी  पाबंधि  के  बाद  से  पूरे  देश  में  कई  जगह  लोग  परेशान  रहे  थे , वहीं  बैंकों  में  भी  पर्याप्त  धन  नहीं  होने  के  चलते  यह  दिक्कत  और  अधिक  विक्राल  हो  गई  थी ।",1.9956831967879583e-131,7.041489577475128e-125,6.672146057364746e-237
नागालैंड  के  बारे  में  कुछ  ऐसी  बातें  जो  भारत  में  कम  लोगों  को  पता  हैं !,9.545962450404213e-49,2.6549295787595735e-45,3.028470465902161e-104
वहीं  बड़े  व्यापारियों  को  अपने  साधन  से  कानपुर  और  मुगलसराय  से  पेट्रोल - डीजल  मंगाना  पड़  रहा  है ।,7.049317616264456e-67,5.298190004917932e-63,3.439721034216665e-121
वर्तमान  में  इमरजेंसी  के  दौरान  ही  जरूरतमंद  लोग  रक्तदान  करने  आ  रहे  हैं  जिसमें  रक्तदान  के  बाद  ही  रक्त  मिल  पा  रहा  है  जिसमें  एनजीओ  व  आमजन  पीछे  हट  गए  हैं ।,1.4746209794646575e-104,8.010696230233332e-98,1.8402045321800774e-200
विभाग  द्वारा  सरस्वती  साइकिल  योजना  के  तहत  हायर  सेकेंडरी  स्कूल  सोरगा  में  पढऩे  वाली  9 वीं  की  31 बालिकाओं  को  साइकिल  दी  गई ।,2.0575227874141254e-91,4.3483070227561015e-86,3.3401827730548794e-152
मुझे  उम्मीद  है  कि  अबू  आसिम  आज़मी  के  मुट्ठी  भर  लोग  मुंबई  का  माहौल  खराब  नहीं  कर  पाएंगे ।,2.1120403162690304e-66,4.022684915579994e-62,1.1932923008193102e-121
"उन्होंने  वनवासी  बालिका  छात्रावास  भवन , व  श्रीराम  प्रिय  जन  चिकित्सालय  व  सबरी  सरोवर  बनाने  के  लिए  भूमि  पूजन  किया ।",1.2819822904625841e-101,1.7306617528889036e-97,1.9692951076176663e-145
"इसमें  उत्तर  प्रदेश , उत्तराखंड , पंजाब , गोवा  और  मणिपुर  शामिल  है .",7.898295887632737e-97,4.978684200650396e-95,5.39601461919212e-127
चुनाव  में  एनडीए  उम्मीदवार  को  126 और  महागठबंधन  के  प्रत्याशी  को  114 वोट  मिले  हैं .,1.520986381194131e-56,3.4236200049638953e-53,6.916503699371057e-104
फलस्तीनी  राष्ट्रपति  महमूद  अब्बास  ने  कहा  कि  इस्राइल  के  इस  कदम  के  बाद  भी  वह  उसके  साथ  समन्वय  पर  अपने  रूख  को  यथास्थिति  बनाए  रखेंगे ।,2.4379167322414096e-91,4.7091508919168734e-86,3.656100171021528e-164
नीलामी  में  किंग्स  इलेवन  पंजाब  की  टीम  सर्वाधिक  23 करोड़  35 लाख  रुपए  की  राशि  के  साथ  उतरेगी .,1.0461140084405105e-64,2.189358264567182e-60,4.0819721536941037e-122
योगी  ने  कहा  कि  राज्य  में  कोरोना  वायरस  से  निपटने  को  लेकर  सदन  में  चर्चा  होनी  चाहिए ।,2.195908748675725e-43,9.893291560409572e-40,2.1447113209264955e-115
आरोप  है  कि  निर्धारित  वक्त  बीतने  के  बाद  भी  जब  उसने  रकम  नहीं  दी  तो  नागफनी  थाने  में  रिपोर्ट  दर्ज  करा  दी ।,2.478388300562345e-72,2.070421335561813e-67,6.716008149898e-146
स्लीपर  की  जगह  एसी  थर्ड  श्रेणी  के  कोच  लगने  लगे  हैं ।,2.2774087188344255e-46,1.0256139989884762e-43,6.895330440257261e-79
"बिजली  की  खराबी  का  मिनटों  में  पता  लगाने  के  लिए  रायपुर  में  स्कॉडा  सिस्टम  लगाया  गया  है  लेकिन  इसके  बाद  भी  बिजली  अमले  को  जब  भी  शहर  में  बिजली  की  खराबी  होती  है , तो  उसका  पता  इस  सिस्टम  से  बहुत  कम  लग  पाता  है ।",3.3146243161695014e-164,1.4367377846332142e-155,2.5389211860913232e-297
लेकिन  ऐसे  बहुत  कम  ही  हैं  जो  पूरी  दुनिया  घूमने  के  सपने  को  पूरा  कर  पाते  हैं ।,3.385204048609913e-50,2.407886351291827e-46,2.0050936629380052e-115
पहला  भजन  मुझे  दे  दो  दया  का  दान  मेरे  शिरडी  के  साईं  बाबा  गाया ।,8.941474810576357e-70,1.6314315915972087e-66,1.9684228942770558e-97
उनके  पास  जवाब  देने  के  लिए  सिर्फ  24 घंटे  का  समय  दिया  गया  था .,4.058670232807566e-36,7.755604154453684e-33,1.727846640838564e-97
जिसमें  समिति  द्वारा  लोगों  से  चंदा  कर  50 रुपए  प्रति  कूपन  दिया  जाता  है ।,2.4228520122573014e-48,6.110174381151531e-45,7.047183702826886e-97
रायन  रेनॉल्ड्स  ने  डेडपूल  1 में  कमाल  का  अभिनय  किया  था  और  वो  इस  बार  भी  जबर्दस्त  काम  कर  रहे  हैं .,5.581622615585595e-75,7.678982780156002e-71,2.596009178596538e-140
अब  जांचें  कि  आपकी  नाक  की  किस  तरफ  से  आपकी  सांसे  अधिक  दृढ़ता  से  बह  रही  है ।,6.408683270544334e-67,3.048557828970156e-63,3.9024994182323156e-115
"उन्होंने  मध्यप्रदेश  को  इसका  सर्वश्रेष्ठ  उदाहरण  बताया , जहाँ  दो  वर्ष  से  कमजोर  मानसून  और  ओला - वृष्टि  के  बावजूद  प्रदेश  अपनी  22 फीसदी  कृषि  विकास  दर  बनाये  रखने  में  सफल  रहा  है ।",1.8751601580785708e-143,2.9522446023784662e-136,2.0117003109533265e-224
"वह  सबसे  छोटी  संख्या  ज्ञात  कीजिए  जिसे  15 , 25 , 28 से  विभाजित  करने  पर  प्रत्येक  स्थिति  में  शेषफल  8 प्राप्त  हो ?",3.597696469426517e-130,1.4374537989375933e-125,1.0344407191777928e-176
11 वां  ओवर  स्टोइनिस  ने  किया .,3.5857581779608715e-25,1.65688684887878e-23,4.384898897587245e-49
दोपहर  करीब  12.15 बजे  कुछ  मिनट  के  लिए  भारतीय  पोस्ट  निकोवाल  पर  पाकिस्तानी  रेंजर्स  ने  सीमा  सुरक्षा  बल  के  साथ  अचानक  संपर्क  किया ।,1.494446803320715e-85,2.198376041450776e-80,7.212423612789143e-152
वर्तमान  में  केंद्र  सरकार  ने  मनरेगा  मजदूरों  का  मजदूरी  194 से  202 रुपये  कर  दिया  है ।,2.517896098839631e-55,5.9895154096494386e-52,5.076805129545475e-109
"ओएफडी  की  टीम  में  शामिल  पूनम  जोशी , पवन  पचारिया  और  रविकांत  शर्मा  ने  बताया  कि  राजस्थान  के  अन्य  जिले  में  इस  तकनीक  का  इस्तेमाल  किया  जा  चुका  है ।",2.424415825031312e-112,2.5523809916691582e-107,5.694809761065429e-200
उन्होंने  बताया  कि  बदमाशों  ने  पेट्रोल  पंप  के  कर्मचारियों  के  साथ  मारपीट  करके  उनकी  स्कूटी  लूट  ली  और  स्कूटी  में  आठ  लाख  रुपए  नगद  रखे  थे ।,3.2531208054495454e-83,3.842183411825323e-77,3.0650069638724446e-170
देश  की  राजधानी  के  कई  इलाकों  में  पानी  भर  गया ।,1.4082442714291098e-26,2.4566791584059e-24,6.349570468435224e-73
दिसंबर  की  एक  रात  कड़कड़ाती  सर्दी  में  मैं  मंदिर  की  परिक्रमा  से  लौट  रहा  था .,3.085106146172355e-55,5.9762610321765774e-52,6.511518158221634e-104
असल  में  बलूच  लोगों  का  मानना  है  कि  भारत  से  अलग  होने  के  बाद  पाकिस्तान  ने  सिंध  और  पंजाब  प्रातों  का  तो  विकास  किया  लेकिन  बलूचिस्तान  पर  कभी  ध्यान  नहीं  दिया .,3.3398882755081686e-106,3.095080306838745e-100,3.2911014285612634e-201
अन्य  विपक्षी  हस्तियों  ने  इस  मामले  में  क्रेमलिन  रूसी  राष्ट्रपति  का  कार्यालय) का  हाथ  होने  की  आशंका  जताई  है ।,1.3067386745537829e-67,1.219885260670293e-63,2.336040016763626e-127
"उधर , श्रीनगर  में  डल  झील  किनारे  भी  सुबह - शाम  रौनक  दिखने  लगी  है ।",1.5326827204006493e-74,2.40584857668859e-71,7.647277383250991e-115
शिवराज  ने  एक  बयान  से  कई  निशाने  साधने  की  कोशिश  की  है ।,1.9130316760621802e-36,5.398409169392331e-34,1.1131054680615288e-84
उसके  बहनोई  राजू  सिंह  ने  बताया  कि  उसे  बार - बार  वह  फोन  कर  रहे  थे  तो  जवाब  आ  रहा  था  कि  थोड़ी  ही  देर  में  आ  जाएगा ।,9.799315622931747e-81,1.247852210218403e-74,1.7463180824420056e-182
पुलिस  अधिकारियों  ने  जब्त  सामग्री  का  पंचनामा  भी  तैयार  नहीं  किया .,5.660184050823084e-37,2.182805866744892e-34,1.574721437406253e-79
जिला  मेरठ  केमिस्ट  एंड  ड्रगिस्ट  एसोसिएशन  को  राष्ट्रीय  व  प्रदेश  स्तर  से  मान्यता  प्राप्त  हो  गई  है ।,8.534653635114288e-58,1.138527314131394e-53,3.816205631366446e-115
"तजा  मामला  बरेली  का  है , यहां  एक  महिला  ने  अपनी  4 की  बेटी  को  स्कूल  में  दाखिला  दिलाने  की  मांग  करना  महंगा  पड़  गया .",2.3755366799598885e-104,3.281699383797277e-99,1.0746008168163202e-176
प  मुझे  बता  सकते  कहाँ  बिक्री  पराग्वे  में  के  लिए  Clenbuterol Ambroxol डिस्कवर  के  लिए ?,2.6786464651743416e-71,6.115282877753552e-68,7.609240425961215e-104
"उन्होंने  चोरों  को  दौड़ाया  लेकिन , अंधेरे  का  फायदा  उठाकर  बदमाश  भाग  निकले ।",4.140623847302402e-69,3.112972971252036e-66,4.609829772311837e-103
आज  का  दिन  आपके  लिए  कुछ  परेशानियां  लेकर  आ  रहा  है ।,2.040992052550196e-30,7.372669685045995e-28,1.5784295217504932e-78
थाना  प्रभारी  प्रेमचंद  शर्मा  ने  बताया  कि  दोनों  आरोपितों  पर  पशु  क्रूरता  अधिनियम  की  धाराओं  के  अंतर्गत  मुकदमा  दर्ज  किया  गया  है ।,6.892028026296099e-66,6.322936407797658e-61,2.0490694966802197e-145
कृष्णा  पब्लिक  स्कूल  के  बच्चों  ने  विश्व  पर्यावरण  दिवस  मनाया ।,3.139506929571461e-35,1.8039339742652302e-32,4.9361555015547607e-73
पूर्णिया .,2.8034193930400474e-09,1.3084627254807217e-08,1.3090979912368898e-18
अंडर - 19 विश्व  कप  में  यश  ढुल  भारत  की  कप्तानी  करते  नजर  आएंगे ।,1.9739334364742731e-50,5.648650970245157e-47,2.095635467331216e-97
हर  रोल  में  फिट  हो  जाने  वाली  मशहूर  अदाकारा  रत्ना  पाठक  आज  अपना  जन्मदिन  60 वां  जन्मदिन  मना  रही  हैं ।,6.016497155501151e-75,7.932773651282991e-70,9.621396253289405e-134
पांचवें  दिन  उमेश  यादव  ने  कप्तान  एंजेलो  मैथ्यूज  को  आउट  करके  श्रीलंका  को  तीसरा  झटका  दिया ।,7.394545325275457e-63,1.0189503701364166e-58,1.401726195529117e-109
"उषा  रानी , आई .",3.532247287712744e-36,3.168509910059387e-35,1.0473521079322282e-48
"Account बनाने  के  बाद  आपको  "" Offers "" Tab पर  क्लिक  करना  है  तो  तो  वहां  से  आपको  पता  चल  जाएगा  आप  कितने  तरीकों  से  इस  एप  से  पैसे  कमा  सकते  हैं ।",2.2636415735497717e-138,3.128605149649097e-132,2.373417755535831e-230
बदमाश  का  दूसरा  कारतूस  तमंचे  में  फंस  गया ।,2.1564950492275746e-35,1.4016965480443593e-33,9.162572394303974e-61
सैकड़ों  की  संख्या  में  स्टूडेंट्स  धरने  पर  बैठ  गए  हैं ।,9.676926937099766e-32,1.4626557444641474e-29,9.557097485873147e-73
ने  कहा  कि; यह  एक  कहानी  है  . . .,1.5936504874451246e-28,6.694374903322101e-27,5.370313301744147e-67
जब  दिव्यांग  युवक  को  सच्चाई  का  पता  चला  तो  उसके  होश  उड़  गए ।,7.291615014241626e-44,1.7247885079415722e-40,2.8369944746901657e-91
यह  एक  टॉप  विदेशी  वित्त  पोषित  संगठन  है ।,7.145949235992104e-32,7.305358324894789e-30,2.6325733995999826e-60
उन्होंने  सभी  प्रतिभागियों  और  विद्यार्थियों  के  साथ - साथ  कार्यक्रम  संयोजक  प्रोफेसर  मीरा  शर्मा  को  भी  बधाई  दी ।,2.1492369697212143e-60,2.0219863546775244e-56,1.5030413176407908e-121
"राज्य  में  अब  तक  इस  घातक  वायरस  के  कारण  14 , 612 मरीजों  की  मौत  हो  चुकी  है .",1.0703312245790644e-66,3.1423566209160725e-63,8.941573286945355e-134
"इंदरजीत  सिंह  ने  खुशी  जाहिर  करते  हुए  फैकल्टी , स्टाफ  और  स्टूडेंट्स  को  बधाई  दी ।",3.49027087789175e-70,4.685765800720847e-67,3.0092772736925212e-115
जनादेश  बदलाव  का  स्पष्ट  संकेत  दे  रहा  है ।,4.300287903934085e-28,4.921867441541163e-26,2.918259389312171e-60
गौरतलब  है  कि  22 नवंबर  को  उमरेड - करांडला  अभयारण्य  में  भी  एक  गर्भवती  बाघिन  का  शव  मिला  था ।,3.574451916789836e-69,1.3845111007836568e-65,1.3382659539701865e-127
"1995 में  विक्टोरिया  सीक्रेट  ने  अपनी  - कॉमर्स  वेबसाइट  का  निर्माण  शुरू  किया , जिसे  कंपनी  ने  तीन  साल  के  विकास  के  बाद  शाम  6 बजे  लॉन्च  किया  4 दिसंबर  1998 , डोमेन  VictoriasSecret . c",2.4783426803212986e-159,2.581532305969595e-152,8.818586710912955e-250
सुरक्षा  का  व्यवस्था  की  कमान  विघार्थी  परिषद्  एवं  बजरंग  दल  के  सदस्यों  के  हाथों  में  होगी ।,2.9491946097590814e-59,8.153044887988032e-56,1.365451134432756e-109
गांधी  से  उनकी  मुलाकात  साउथ  अफ्रीका  में  हुई ।,3.0983379353681955e-28,3.48265179287833e-26,8.072799565319495e-61
अनिल  ओहरी  ने  चंबा  मेडिकल  कालेज  में  प्रिंसीपल  रहते  हुए  करीब  दो  करोड़  की  वित्तीय  अनियमितताएं  की  हैं ।,5.46670297516236e-70,7.613218825608032e-66,1.43100559890253e-121
इस  पूरे  मामले  को  ऐसे  समझने  की  कोशिश  करें  कि  विभाजन  के  बाद  पाकिस्तान  से  आए  लोग  दिल्ली  और  पंजाब  में  बस  गए  और  भारत  के  प्रधानमंत्री  इंद्र  कुमार  गुजराल) और  उप  प्रधानमंत्री  लाल  कृष्ण  आडवाणी) तक  बने ।,5.321843379248713e-133,3.4558602031449077e-125,1.6933034322459192e-243
इस  मूवी  के  लीड  पेयर  यानी  खुद  सलमान  और  उनके  साथ  कटरीना  कैफ  मूवी  के  प्रमोशन  में  जुटे  हुए  हैं ।,3.738152408817984e-74,9.531584683773136e-70,1.2457619003772108e-133
नयी  दिल्ली ।,2.514131849125896e-07,1.899072534722326e-06,3.0113435914376172e-24
डीएम  ने  जांच  कराई  तो  युवक  ड्यूटी  करता  मिला ।,1.9647989023555493e-35,6.255919101588729e-33,6.206020542571961e-67
शनिवार  रात  वह  अपने  पूरे  परिवार  के  साथ  घर  पर  ही  थे ।,1.388631595654905e-31,8.447841899658712e-29,5.225327860660623e-85
फोटो  में  शायद  आपको  ये  दृश्य  अच्छे  लग  रहे  होंगे ।,9.175700096720284e-39,5.69633746920411e-36,4.972235624226642e-73
"यह  शहर  के  बीच  है , इसको  लेकर  भी  कर्मियों  में  नाराजगी  है ।",4.66943961222081e-57,1.1476856624743078e-54,1.5031427200600477e-102
्बठ्ठ) पर  देख  सकते  हैं ।,3.8938824003386334e-19,7.565633935401094e-18,2.873063950892586e-42
आई  रेड  इंटीग्रेटेड  रोड  एक्सीडेंट  डेटाबेस) एप  के  प्रथम  चरण  के  कार्य  पूर्ण  होने  के  बाद  अब  दूसरे  चरण  की  तैयारी  शुरू  हो  गई  है ।,1.6873352324929847e-81,3.943884734547984e-76,9.057999176278803e-164
"पूर्वी  सिंहभूम  जिला  अध्यक्ष  वलिराम  यादव , जिला  मंत्री  अभिमन्यु  सिंह , जिला  उपाध्यक्ष  वाई  शुक्ला , जिला  कोषाध्यक्ष  मुकेश  कुमार , सहायक  सचिव  सिंहभूम  ठेकेदार  मजदूर  संघ  अनिमेष  कुमार  दास , मंडल  सचिव  पोस्टल  कर्मचारी  संघ  सह  कार्यसमिति  सदस्य  भा  म  संघ  झारखंड  प्रदेश  अमरेन्द्र  कुमार  सिंह  एवं  अन्य  सदस्य  उपस्थित  हुए ।",5.061635714e-315,1.9650323600397056e-304,0.0
स्मार्टफोन  में  वॉटरड्रॉप  नॉच  के  साथ  पांच  होल  डिस्प्ले  डिजाइन  दिया  जा  सकता  है ।,2.6070264986045684e-50,3.9621609923642286e-47,9.357660101150215e-97
जिला  स्वास्थ्य  एवं  महामारी  नियंत्रण  अधिकारी  डॉ .,8.911844702955256e-27,1.7313126879263608e-24,3.6568985831784694e-55
"इस  तरह  धन  एवं  संपदा  पर  कुछ  ही  लोगों  का  कब्जा  होना , अनेक  समस्याओं  का  कारक  हैं , जिनमें  बेरोजगारी , भूख , अभाव  जैसी  समस्याएं  हिंसा , युद्ध  एवं  आतंकवाद  का  कारण  बनी  है ।",3.8527560160149986e-218,3.0461488097759326e-212,5.667802333038674e-290
ये  काम  1 मार्च  से  जिले  में  शुरू  होगा ।,1.0324293032569713e-27,1.8271420725156447e-25,7.142483892865791e-67
"बीते  23 अक्तूबर  को  छात्रा  स्कूल  ड्रेस  पहनकर  घर  से  स्कूल  के  लिए  निकली , लेकिन  वह  घर  वापस  नहीं  लौटी ।",4.058284771214058e-90,1.6534015602484228e-85,1.196774802490879e-151
"इसके  साथ  ही  अगर  आप  अपने  नाभि  में  नियमित  रूप  से  नारियल  का  तेल  लगाते  हैं , तो  इससे  आपकी  हड्डियों  और  घुटनों  का  दर्द  दूर  होता  है ।",1.2725183177871862e-109,8.365192032180068e-104,6.351866009339511e-194
साथ  ही  इस्लामिक  तहजीब  में  पूरी  तरह  से  ढ़लने  की  बात  करते  हुए  मौजूदा  दौर  के  हालात  मसलन  शादी  विवाह  के  मौके  पर  फिजुलखर्ची  पर  रोक  लगाने  को  कहा  गया ।,5.587780784049071e-104,3.771244878383345e-98,1.0316071295111159e-194
इसी  कारण  Motherboard का  चयन  काफी  सोच  विचार  करके  ही  करना  चाहिए  सभी  Motherboard सभी  प्रकार  के  components को  सपोर्ट  नहीं  करते .,5.962704873360097e-91,5.834095427381439e-86,1.267162166265834e-146
आम्रपाली  दुबे  के  साथ  उनकी  जोड़ी  दर्शकों  को  खूब  पसंद  आती  है ।,1.3999448279760856e-39,1.3044762538377872e-36,1.2819838741588264e-84
वो  एक  आकर्षक  व्यक्ति  हैं  और  मैं  उनसे  मिलना  पसंद  करती  हूँ ।,4.1851639483601806e-44,6.041403432241986e-41,3.3763812083170795e-85
"ाजपूत , दिलीप  कानाणी , हितेष  जोतासणा  व  अन्य  को  आरोपी  बनाया  गया  है ।",1.8075783152058603e-86,2.7773159373925344e-84,1.8752064232785385e-120
"सूरए  निसा  की  29 वीं  और  30 वीं  आयतों  में  क़ुरान  कहता  है , हे  ईमान  लाने  वालों , आत्महत्या  न  करो , ईश्वर  तुम्हारे  प्रति  दयालु  है ।",2.7027051112475484e-175,5.610908583478352e-170,9.910520900323002e-218
वो  अपने  पीछे  दो  मासूम  बच्चों  को  छोड़  गई  है  जबकि  तीन  माह  पूर्व  ही  उसके  पति  की  मौत  हो  चुकी  है .,2.20265760701182e-62,3.065054906581058e-57,2.2471837971979065e-146
"प्रदर्शन  में  भुवन  राम , विरेंद्र  कुमार , उमेश  कुमार , सरस्वती  देवी , कंचन , जसप्रीत  कौर , गुरू  तिब्बत , मो .",4.608491133197095e-210,1.9582877959712904e-207,2.1784742372800156e-235
इस  लिहाज  से  देखा  जाए  तो  2020 भी  मुंबई  इंडियंस  के  लिए  अशुभ  साबित  हो  सकता  है ।,5.849479898099875e-50,3.434147570294891e-46,8.34878618069745e-115
पैरों  में  कॉर्न  होने  की  समस्या  से  निजात  पाने  के  लिए  उस  जगह  पर  दबाव  की  वजह  को  दूर  करना  जरूरी  है ।,1.1608374727146985e-68,3.022120036057109e-64,2.014094586032839e-145
रेलवे  प्रशासन  ने  बताया  कि  प्रवासी  मजदूर  इस  ट्रेन  से  गाजीपुर  पहुंचाए  गए  हैं ।,6.932927355686069e-45,1.050131506164988e-41,4.990741276809249e-97
अलग - अलग  मंदिरों  की  जमीनों  की  जमीनों  के  अधिकार  में  यहां  करीब  तीन  लाख  एकड़  की  जमीन  है ।,4.4287910951587256e-66,5.37550503785616e-62,2.0589088878166367e-127
जिज्ञासा  और  विनीत  भाव  के  मेल  से  ही  आध्यात्मिक  ज्ञान  की  प्राप्ति  संभव  है ।,3.3288810752677487e-56,4.213632871275134e-53,6.287565397755155e-97
प्लेनेटरी  रिसोर्सेस’ के  सह  संस्थापक  एरिक  एंडरसन  ने  कहा  कि  सौरमंडल  में  पृथ्वी  से  कई  गुना  बेशकीमती  संसाधन  मौजूद  हैं ।,2.1905909334342674e-84,2.4489452097735303e-80,1.4524635845479048e-133
गौरतलब  है  कि  चुनाव  से  ठीक  पहले  प्रियंका  गांधी  उत्तर  प्रदेश  में  काफी  एक्टिव  दिखीं .,6.815104545395638e-47,2.3739293136991366e-43,8.934040055294409e-104
हालांकि  कश्मीर  से  सेना  की  संख्या  कम  किए  जाने  की  कांग्रेस  की  घोषणा  पर  उन्होंने  कहा  कि  कश्मीर  से  सेना  को  हटाना  इतना  आसान  नहीं  है ।,7.99135053855169e-75,1.6420522917738344e-69,7.59929666129308e-170
"० बजे  से  कक्षा  प्रारंभ  होती  है  जिसमें  हाथ  से  करने  के  विविध  कार्य  जैसे  की  कण्डे  बनाना , चरखा  चलाना , बाती  बनाना , कापड़  बनाना , मिट्टी  से  गमले  और  दिया  बनाके  उसे  रंग  से  सुशोभित  करना  ऐसे  अनेक  कार्य  में  जुड़  जाते  हैं ।",8.70800448956236e-258,5.854689832558391e-250,0.0
"दरअसल , अलवर  अपने  आप  में  ही  बहुत  खूबसूरत  है ।",6.473177157842615e-50,4.396080816812641e-48,2.4825916025313626e-84
महिंद्रा  ग्रुप  के  चेयरमैन  आनंद  महिंद्रा  ने  ट्विटर  पर  कबड्डी  खेलते  हुए  लड़कों  का  एक  वीडियो  शेयर  किया  है ।,9.763150920390954e-65,2.0721601105912946e-60,2.301990516400549e-127
2 संघ  पर  गांधीजी  की  हत्या  के  अन्यायपूर्ण  आरोप  के  विरोध  में  कोई  भी  राजनैतिक  दल  सामने  नहीं  आया  था ।,5.465161026566112e-72,6.551142649918561e-68,7.306244482822384e-134
वर्ष  1993 में  भूपेन्द्र  की  मौत  के  बाद  उनके  पुत्र  हर्षवर्धन  को  सम्पत्ति  की  देखरेख  के  लिए  अधिकृत  किया  गया  था ।,2.04741784218567e-69,3.013228665520063e-65,1.6483769394012554e-139
ऐसे  में  उनकी  यह  कन्वर्टेड  किट  पुराने  वाहनों  को  इलैक्ट्रिक  वाहन  के  रूप  में  नए  सिरे  से  रोड़  उतारने  में  मददगार  साबित  हो  सकती  है ।,2.958824159890887e-88,2.7780805208085305e-83,6.76446968400675e-164
कोर्ट  ने  कहा  है  कि  नेपाल  की  तरह  अगर  दिल्ली  में  भूकंप  आया  तो  मरने  वालों  की  संख्या  लाखों  में  होगी ।,5.67223823710279e-62,1.504343470990668e-57,8.667195104088243e-140
यूपी  के  महोबा  जिले  में  नशे  की  हालत  में  गुस्साए  पति  ने  पत्नी  को  लाठी - डंडों  से  मारपीट  कर  घायल  कर  दिया ।,5.637480394994763e-75,3.560110077552057e-70,3.484749205843163e-152
इस  घटना  से  यहां  रह  रहे  लोगों  में  भय  व्याप्त  हो  गया  है ।,7.734281610984702e-34,4.466280087931418e-31,1.3728755502827452e-90
"नई  दिल्ली , भाषा) ।",6.2010859204479184e-30,4.855548079257351e-29,3.219751289266706e-48
राज्य  की  अर्थव्यवस्था  के  लिए  आय  का  मुख्य  स्रोत  कृषि  रही  है ।,2.9723702411338396e-38,9.642058943594297e-36,2.0587360814939836e-84
बायर्न  म्यूनिख  के  कोच  जुप  हेंक्स  इस  बात  को  समझ  चुके  हैं  कि  कोलंबिया  के  जेम्स  रोड्रिगेज  क्लब  के  लिए  भविष्य  में  महत्वपूर्ण  भूमिका  निभाएंगे ।,5.0161702961588744e-98,6.522622283134965e-93,3.4455097729878793e-164
जब  कोई  इंसान  अधिक  तनाव  में  होता  है  तो  वो  अपने  खाने - पीने  का  सही  तरीके  से  ख्याल  नहीं  रख  पाता  है ।,2.3063767860091034e-73,2.9840334992642763e-68,9.74521631422849e-152
03:16 PM चौका !,1.1596871223009396e-21,1.9898513632810953e-20,3.356824666693466e-31
अधिकारियों  ने  आक्रोशित  लोगों  को  समझाने - बुझाने  का  काफी  प्रयास  किया ।,9.235252234075996e-40,5.449400858716255e-37,3.9121889059587474e-85
"शहर  में  सबसे  अच्छी  आइसक्रीम  Tamu इतालवी  आइसक्रीम  में  कोशिश  की  जा  सकती  है  - बजट  प्रकार  का  एक  परिवार  कैफे , किसी  भी  स्वाद  की  गेंद  के  लिए  2500 शिलिंग्स ।",6.607745110406361e-135,1.1560342047248684e-129,1.5484881012392773e-212
"नेताजी - "" सुनो  गंगाराम , यह  खाने  का  सारा  सामान  अपने  पास  रखो  और  पानी  रुक  जाने  के  बाद  यहाँ  उपस्थित  सभी  लोगों  को  बाँट  देना  , मुझे  जरूरी  काम  से  जाना  है । """,2.4123783811144823e-202,3.4763208010271806e-196,6.598604800993171e-273
रीद  3 बोतलों  3 बोतलों  नि: शुल्क  प्राप्तमैं  Nootropics Piracetam वैकल्पिक  सस्ते  या  बिक्री  पर  खरीदें  कर  सकते  हैं ?,8.610444404937529e-91,8.804913093034334e-86,1.105466020480478e-128
"वर्तमान  में , कोटिंग  विधि  का  मुख्य  रूप  से  दो  तरीकों  से  उपयोग  किया  जाता  है: एक  स्क्रीन  कोटिंग  पायस  पर  कई  गीला  दबाव  ऑपरेशन  के  माध्यम  से  होता  है; सुखाने  की  प्रक्रिया  के  साथ  प्रत्येक  कोटिंग  के  बाद  दूसरा  है ।",5.443530080668604e-167,2.546875616409201e-159,4.616270648914446e-273
और  अंतत: हम  ऐसी  यथास्थिति  को  भी  चुनौती  देने  जा  रहे  हैं  जो  असहाय  नागरिकों  और  शासन  के  प्रावधानों  के  विपरीत  औजार  बने ।,1.0283920022102753e-87,5.663954051241364e-83,3.6431832635496807e-152
दरअसल  प्राइवेट  स्कूलों  के  संचालकों  ने  सरकार  से  आर्थिक  मदद  की  मांग  की  है .,2.0390780584462153e-42,1.4030572405712317e-39,1.2289263563704735e-97
"उन्होंने  कहा , "" राष्ट्रपति  शी  और  मैं , द्विपक्षीय  और  अंतर्राष्ट्रीय  महत्व  के  वृहद  मुद्दे  पर  अपने  विचारों  का  आदान - प्रदान  करेंगे । """,2.2973145426713942e-151,4.735647660476606e-147,1.526418837309142e-206
कई  स्कूटी  और  बाइक  पानी  में  बह  गई ।,2.3204561540111823e-32,1.8247416434985555e-30,8.750924694215917e-61
मंगल  पर  पहुंचने  वाले  अमेरिका  और  पूर्व  सोवियत  संघ  जैसे  देशों  को  कई  प्रयासों  में  सफलता  मिली  थी .,9.26681173344551e-63,2.8403637271116475e-58,3.0575741513885904e-122
राज्य  शासन  द्वारा  एक  दिसंबर  से  समर्थन  मूल्य  पर  धान  की  खरीदी  की  शुरूआत  हो  रही  है ।,4.145449918025303e-49,2.054825992942771e-45,3.8864108706989685e-115
एसडीएम  प्रियंका  सिंह  ने  गुरुवार  को  नवीन  मंडी  स्थल  पर  खोले  गए  मार्केटिग  के  धान  खरीद  केंद्र  का  निरीक्षण  किया ।,6.298747073283096e-72,2.568131916465419e-67,6.358971166163486e-134
BHU Recruitment 2019 के  लिए  कुल  भर्तियों  की  संख्या  1305 है ।,6.953042931965089e-45,1.3800625643231736e-42,2.195315768355279e-78
मस्जिद  के  सौ  मीटर  के  दायरे  में  कई  जगह  लोग  मजमा  लगाए  बैठे  रहे ।,1.4731978144748526e-52,2.964780746608705e-49,2.0952865702108092e-97
नड्डा  ने  कहा  जिस  वक्त  भारतीय  सेना  चीनी  सेना  से  मुकाबला  कर  रही  थी ।,5.338312233301131e-46,1.543145265848783e-42,3.113687556285323e-97
"एकजुट  होकर  काम  करने  पर  हम  अमेरिका  में  कभी  भी , कभी  भी , एक  बार  भी  विफल  नहीं  रहे  हैं ।",1.3531072374927687e-98,8.358671474079676e-95,2.334832013410969e-163
फतेहपुर: उत्‍ तर  प्रदेश  के  फतेहपुर  जिले  में  एक  सनसनीखेज  मामला  सामने  आया  है .,5.701451497275555e-45,1.2649623104196234e-41,1.2397272063869818e-97
वाशिंगटन .,8.313223165400539e-08,4.0139028956203496e-07,1.3108470217397038e-18
सुरभि  चंदना  ने  अपने  शो  ' नागिन  5 ' से  खूब  वाहवाही  लूटी  थी .,6.668072178830474e-55,3.480444816696924e-51,7.669565147108545e-98
चेतावनी: केवल  विनियमित  और  लाइसेंस  प्राप्त  विदेशी  मुद्रा  दलालों  FXTM प्रमोशन  और  कांटेस्ट  के  साथ  व्यापार ।,4.5688791965997026e-76,2.968357576583694e-72,1.691349641743762e-109
"उन्होंने  कहा , इंदिरा  जी  जब  झंडा  फहरा  रहीं  थीं  तो  वह  कह  रही  थीं  कि  उनका  पूरा  परिवार  देश  के  लिए  समर्पित  रहा  है ।",1.814364517212594e-96,4.436726245939463e-91,2.4777704349995884e-175
कृष्णा  और  दिशा  दोनों  ही  काफी  अच्छी  दोस्त  हैं ।,1.3527815360167038e-32,3.0470674193337593e-30,1.0715508049538312e-66
आज  आपको  अपने  कुछ  महत्वपूर्ण  कामों  को  थोड़ा  टालना  पड़  सकता  है ।,8.496388041566734e-41,8.814487336876921e-38,1.0748960588704055e-84
सरकारी  और  गैर  सरकारी  संस्थाओं  में  नौकरियां  खत्म  कर  दी  गई  हैं ।,6.4045560877720606e-37,4.627206474622217e-34,6.13177172065074e-85
वीके  सिंह  अपनी  पत्नी  के  साथ  दरगाह  में  उर्स  समापन  समारोह  में  शिरकत  करने  अजमेर  आये  थे ।,8.049677895137373e-65,6.420095339617208e-61,1.6007667679920258e-115
"दरअसल , इतिहासकारों  के  मुताबिक  बक्सर  के  राजा  राव  रामबख्श  सिंह  1857 में  आजादी  की  जंग  में  अंग्रेजों  से  पराजित  हो  गए  थे ।",9.799872899244904e-105,2.3541864187391724e-100,5.599294804159821e-164
संघ  का  मत  है  कि  लैंगिक  आधार  पर  अन्याय  नहीं  होना  चाहिए .,3.138329230941834e-42,2.21203797885575e-39,1.649036030582958e-85
शरीर  को  बनाए  रखने  कि  लिये  भोजन  ईधंन  का  काम  देता  है ।,4.064762228191019e-48,1.5317424849465084e-45,9.892055847175799e-85
कर्नाटक  मेडिकल  एसोसिएशन  के  सदस्य  व  एसीइ  सुहास  अस्पताल  के  प्रबंध  निदेशक  डॉ .,6.88248281021029e-52,8.303797584452633e-49,9.539780457728193e-92
इस  मौके  पर  युवाओं  ने  केंद्र  सरकार  से  आंतकवादी  संगठनों  और  उनके  पनाहगार  पाकिस्तान  को  जल्द  सबक  सिखाने  की  मांग  की ।,1.72909830369173e-70,3.005323186844119e-66,6.981733904999287e-140
"अलविदा , आन्ना  अंद्रेयेव्ना !",6.649990668908733e-42,6.364903432628736e-41,4.203402604120737e-49
इस  दौरान  तीन  लोगों  की  जान  चली  गयी .,5.598742816392824e-22,8.106930406627058e-20,3.97446607305153e-61
"दरवाजा  पत्ती  की  समग्र  सतह  चिकनी  और  चिकनी  है , कोई  छेद  नहीं , कोई  धूल  नहीं , साफ  करने  में  आसान ।",8.837320849781963e-150,5.693560417834166e-146,1.2916435897685183e-181
दिल्ली  की  एक  अदालत  ने  किसानों  के  प्रदर्शन  से  जुड़े  टूलकिट’ मामले  Toolkit Case में  आरोपी  निकिता  जैकब  की  अग्रिम  जमानत  पर  9 मार्च  को  सुनवाई  करने  का  फैसला  किया  है .,1.3367492660668319e-104,2.821954813981233e-98,3.0195844998885106e-201
"सभी  अधिकारी , संबंधित  विभाग  के  मंत्री  और  आदिवासियों  के  अधिकारियों  के  लिए  लड़  रहे  लोगों  के  साथ  बैठ  रहे  हैं .",8.237292108331251e-78,5.595418938325726e-74,8.867978190875395e-152
क्योंकि  दिनभर  आपकी  बॉडी  किसी  न  किसी  एक्टिविटी  में  बिजी  रहती  है  जो  वॉर्मअप  करने  जैसा  ही  है ।,1.594879416739114e-72,1.2325800796965996e-68,2.608488778675753e-121
कुछ  दिन  पहले  कंगना  ने  कहाकि  अगर  करणी  सेना  ने  मणिकर्णिका  को  नुकसान  पहुंचाने  की  कोशिश  की  तो  वह  सबको  बर्बाद  कर  देंगी ।,7.435319474739726e-83,1.128728439450634e-77,2.9236511235447117e-152
"दरअसल , काजोल  के  एक  फैन  ने  पूछा  था  कि  क्या  अगर  वो  अपनी  लाइफ  में  अजय  देवगन  से  नहीं  मिली  होतीं  तो  क्या  शाहरुख  से  शादी  कर  लेतीं ?",6.874538672557486e-122,8.91936453837579e-116,1.8819350628606368e-201
नई  दिल्ली ।,3.750671791073825e-05,0.00026192285887677584,3.2850412303519055e-24
उन्होंने  बताया  कि  अगर  तीन  चार  दिनों  तक  लगातार  बारिश  का  दौर  चलता  है  तो  इससे  मानसून  के  कमजोर  पड़ने  की  संभावना  बलवती  हो  जाती  है ।,8.062403008876789e-78,5.707725623639932e-72,6.754504010696104e-170
पैरा  खेल  में  जब  से  उतरा  हूं  तब  से  लेकर  अब  तक  कोच  डॉ .,6.078124764015116e-53,1.4240605173078666e-49,8.083443891071285e-98
यह  सब  एक  संयुक्त  परिवार  की  तरह  होगा  और  इसके  बाद  दोनों  तरफ  की  परेशानियां  खत्म  हो  जाएंगे ।,1.422398899345256e-53,1.9800630295479504e-49,1.0524960938709128e-121
"घायलों  की  संख्या  11 , 500 से  ज्यादा  है .",1.3717649145249535e-45,6.598580399705683e-44,5.2652004423661656e-79
घटना  सुबह  चार  बजे  के  करीब  की  है ।,4.6307427942671715e-24,3.0406855053934475e-22,2.584375127325698e-60
ये  किताब  बेस्ट  सेलर  बन  गई  है .,8.281765327511858e-27,6.044826217851623e-25,5.744954720605137e-55
सत्यमेव  जयते  के  पहले  सीजन  के  बाद  आमिर  खान  को  लगातार  जान  से  मारने  की  धमकियां  मिलने  लगी  थीं ।,1.5787559186189555e-66,4.4120079081687815e-62,8.702703578441435e-128
सामान्यतः  इस  प्रक्रिया  में  प्रचलित  पुरानी  मुद्रा  की  जगह  नई  मुद्राएं  लाई  जाती  हैं ।,3.546660231579147e-59,4.9525873230077415e-56,3.5204094664927457e-97
.,0.022127826190613667,0.05383795865245194,1.70363380536339e-12
लोग  सड़कों  पर  आकर  हिंसा  कर  रहे  हैं ।,3.519036833102758e-25,2.835766294882046e-23,1.7694633261808587e-60
हॉस्पिटल  की  यह  पहली  गलती  नहीं  है .,6.003502007830941e-24,2.8481787664848384e-22,5.48828636750453e-55
साथ  ही  धार्मिक  स्थलों  पर  गाना  गाने  की  भी  अनुमति  नहीं  दी  गयी  है .,7.936522840064094e-42,1.1323048160871893e-38,1.2093681051851897e-97
इसे  अमल  करने  में  दिक्कत  होती  है .,1.128522364432208e-21,6.804556671283148e-20,5.448220399465451e-55
किसानों  के  हितों  की  सुरक्षा  के  लिए  सहकारी  बैंक  का  भरोसा  बेहद  जरूरी  है ।,7.397369201801314e-42,5.761011970151285e-39,1.140850896760034e-96
लोगों  ने  इसकी  सूचना  पुलिस  को  दी ।,8.858413812963153e-18,4.2247627144488083e-16,1.1185840203027046e-54
डैनी  बॉलीवुड  के  एक  ऐसे  कलाकार  रहे  जिन्होंने  अपनी  नायक  और  खलनायक  दोनों  किरदारों  से  लोगों  को  अपना  दीवाना  बनाया ।,1.6428468481430643e-81,4.666619196845972e-77,5.967976676584684e-134
किशोरियों  को  माहवारी  स्वच्छता  की  जानकारी  पहले  से  ही  देना  शुरू  करने  के  लिए  माताओं  को  प्रेरित  करें ।,4.683176252604892e-61,3.0572303883293465e-57,1.9009788157174669e-121
"हमारे  नेताओं  का , बुद्धिजीवी  वर्ग  का  और  मीडिया  का  ध्यान  इन  मुद्दों  से  क्यों  भटक  जाता  है ?",1.5483808224294821e-83,1.3665934872762402e-79,2.2019925182163843e-134
यह  वेयर  2.0 प्लेटफार्म  पर  बेस्ड  है  साथ  ही  इसमें  बिल्ट - इन  GPS और  हार्ट  रेट  डिटेक्शन  सिस्टम  के  साथ  आता  है .,2.241401266474058e-89,1.4323803407686284e-84,2.273444502347594e-152
वह  शिकायत  लेकर  थाना  सिकंदरा  पहुंचे  तो  वहां  से  घटनास्थल  थाना  हरीपर्वत  बता  दिया ।,5.711079319738013e-55,2.0855317802889217e-51,2.2968029878980094e-97
बोलने  और  सुनने  में  पूरी  तरह  से  अक्षम  नसीमा  बेगम  की  खुद  की  माली  हालत  ज्यादा  ठीक  नहीं  है .,1.2532624909136187e-70,1.6563223629926022e-66,3.954928343315002e-128
अमेरिका  सरकार  के  अफगान  सुलह  मामलों  के  विशेष  प्रतिनिधि  जालमे  खलीलजाद  ने  कहा  कि  दोनों  की  वार्ता  में  अहम  प्रगतियां  मिली  हैं ।,1.2317383589815444e-83,2.974735266297101e-79,9.731631821018132e-146
मेट्राे  रेल  का  मुख्यालय  दीक्षाभूमि  के  सामने  तैयार  हो  रहा  है ।,3.824852301449088e-44,5.3276822041860846e-42,1.570310572726531e-78
पहले  कुछ  रिपोर्ट्स  में  दावा  किया  गया  था  कि  हेसन  ने  भारत  के  अलावा  पाकिस्तान  और  बांग्लादेश  के  प्रशिक्षक  के  लिए  भी  आवेदन  किया  था ।,1.1295191706003753e-73,5.708563500612948e-69,6.160718223466344e-164
इस  पूरे  क्षेत्र  में  भी  बाढ़  होने  से  यहां  के  वन्यप्राणी  खुद  ही  सुरक्षित  स्थानों  पर  पहुंच  गए  हैं ।,1.2823843352322037e-56,9.161382320959943e-53,1.9109836918953107e-127
खुलेआम  देश  का  अपमान  किया  गया .,2.705543083037087e-22,9.80349022202404e-21,5.122575565299549e-49
देशी  शराब  की  दुकान  सूनसान  स्थान  पर  थी ।,6.328490887044464e-30,6.512177807256306e-28,9.21525641915048e-61
मैंने  संसद  में  जब  सरकार  से  पूछा  तो  पता  चला  कि  पिछले  8 साल  में  सबसे  ज्यादा  बेरोजगारी  अभी  है ।,4.008670372437902e-62,1.1517771793255153e-57,1.7304135181833772e-133
"कसन  गांव  के  सरपंच  रमेश  सिंह  चौहान  ने  कहा , ' हम  कंपनी  की  मदद  और  स्थिति  को  सामान्य  बनाने  के  लिए  जितनी  मदद  संभव  होगी , करेंगे । '",1.4101242742641746e-136,3.7607371613783455e-131,6.198119639896636e-213
उसे  और  उसके  दोस्तों  को  घरातियों  ने  रोका  तो  मारपीट  शुरू  कर  दी ।,2.924242099219883e-46,2.66186104725299e-43,2.9242465759004423e-91
हनुमान  जयंती  के  मौके  पर  आप  घर  पर  मोतीचूर  के  लड्डू  बनाकर  भोग  लगा  सकते  हैं .,1.6766645927823553e-57,8.988315375306863e-54,6.267338054974827e-110
"उन्होंने  कहा , हमारे  देश  में  ऐसे  कई  कानून  हैं , जिनकी  आज  कोई  प्रासंगिकता  नहीं , कोई  उपयोग  नहीं  है ।",4.882122003690535e-120,2.1748391181308095e-116,7.239958009996443e-175
जल्द  ही  अभ्यर्थियों  का  चयन  भी  कर  लिया  जाएगा ।,1.7115296440126186e-27,2.7992636722188586e-25,7.018909681202302e-67
टीकाकरण  हेतु  48 चिकित्सीय  टीम  बनायए  गए  हैं ।,3.3977090973519513e-38,2.5652477184867382e-36,1.408196807425432e-60
दुनिया  का  सबसे  पवित्र  रिश्ता  होता  है  भाई - बहन  का ।,4.992039491610239e-38,2.2210153882124724e-35,4.304655572254361e-79
बाद  में  अन्य  लोग  भी  जुड़ने  लगे  और  अब  दर्जनों  लोग  छठ  पूजा  कर  रहे  हैं ।,5.408072503764912e-52,1.8760660178982706e-48,3.0416719750316363e-109
पटना .,1.8440287557405358e-06,8.825142308240896e-06,1.316288909828775e-18
"सीपीएम  के  एक  युवा  कार्यकर्ता  कहते  हैं , "" ये  कहना  सही  नहीं  है  कि  हम  राज्य  से  मिट  चुके  हैं .",1.3027181532808473e-95,1.426154551763415e-91,5.979951455771829e-158
हरिद्वार  में  21 जून  को  गंगा  और  योग  गंगा  की  धारा  एक  साथ  लोगों  को  प्रवाहित  होती  हुई  दिखाई  देगी ।,1.3101611046245444e-72,3.771571863511074e-68,5.748616176131471e-134
पिछले  दिनों  निजी  कंपनी  के  एक्सपर्ट  ने  इसको  तैयार  करने  के  लिए  काफी  मशक्कत  की  है ।,1.1460871111835026e-48,2.7393566994985105e-45,9.054781253900072e-109
उसने  पुलिस  को  बताया  कि  उसका  मकसद  कर्ज  से  भागकर  जाना  नहीं  था ।,1.910802867027286e-43,1.3370745402517284e-40,4.0297755273955677e-91
्र .,3.6807571940240654e-07,1.7876936523991358e-06,1.3105781558605861e-18
वहीं  कई  स्थानों  पर  बड़े - बड़े  ल्हासे  गिरने  से  आवाजाही  में  दिक्कतें  पेश  आ  रही  हैं ।,3.0723750936801703e-56,2.6144803820852787e-52,2.0822643035702007e-115
जहां  एक1 1 साल  का  बच्चा  रिक्शा  चला  रहा  है ।,1.198565027163604e-37,2.1263120487199944e-35,1.8936691194350877e-72
प्रखंड  प्रमुख  ने  यह  भी  कहा  कि  लोग  ट्रैक्टर  पर  उनके  सामने  लकड़ी  लाद  कर  ले  जा  रहे  थे ।,1.2520922262300827e-58,1.6335003032589456e-54,1.1389678398653985e-127
समय - समय  पर  किए  जाने  वाले  कार्यो  की  उपयोगिता  प्रमाणपत्र  भी  जमा  करवाएं ।,2.7503163926198406e-50,7.029776924297987e-47,2.0730090722975435e-97
"प्लास्टिक  की  थैलियों  या  प्लास्टिक  के  डिब्बे  में  खाना  खाने  से  प्लास्टिक  के  साथ  ही  हमारे  शरीर  में  कई  हानिकारक  केमिकल  पहुंच  जाते  हैं , जो  हार्मोस  को  असंतुलित  कर  देते  है ।",1.415867092943687e-135,1.622685354028357e-129,2.589033651891196e-218
एक  रात  वे  शाही  महल  बहुत  सुन्दर  तरीके  से  सजा  हुआ  था ।,9.582781941196567e-47,1.1628706200536232e-43,4.4531885289051105e-85
लेकिन  क्या  आपने  सोचा  है  कि  क्या  होगा  अगर  एक  स्मार्टफोन  से  दूसरा  स्मार्टफोन  वायरलेस  चार्ज  किया  जा  सकता  है ?,2.641293403958637e-67,1.6420147507822005e-62,1.4678793426971727e-134
"उदाहरण  के  लिए; अमेरिका , दक्षिण  अफ्रीका , रूस  आदि  के  संविधानों  में  इस  सिद्धान्त  का  समावेश  किया  गया  है ।",8.126853066124581e-107,1.2735034226386966e-103,5.7557117263032714e-157
पूर्व  राष्‍ ट्रपति  रहे  बाइडेन  ने  अपनी  टीम  में  कई  भारतीयों  को  अहम  पद  से  नवाजा  है  और  ऐसे  में  भारत  के  साथ  उनका  कनेक्‍ शन  और  ज्‍ यादा  गहरा  हो  गया  है .,4.716006749381291e-108,2.6086851506845232e-101,3.4746995893633e-213
उसे  वेंटीलेटर  पर  रखा  गया  था ।,1.2964213098706505e-18,4.9234683703519146e-17,1.712974246958826e-48
परीक्षा  के  दौरान  सचल  दस्ता  की  टीम  सूरज  बाबा  उच्चत्तर  माध्यमिक  विद्यालय  देवकली  नवानगर  परीक्षा  केंद्र  पर  पहुंची ।,4.575751061992468e-76,5.984067390017804e-72,9.368106105083933e-122
"इस  तरह  के  अल्प  जमा , यह  भी  मिनि  या  माइक्रो  खातों  कहा  जाता  है ।",1.4213424082806024e-73,3.428929996161649e-71,1.2033329833482724e-114
"मिंट’ की  एक  रिपोर्ट  के  मुताबिक , इस  बेमेल  आंकड़े  के  चलते  लोगों  को  धड़ाधड़  नोटिस  मिल  रहे  हैं .",6.318829012834516e-87,9.414708298175747e-84,6.422710407343847e-140
केरल  बाढ़  पीड़ितों  की  सहायता  के  लिए  पंजाब  एवं  हरियाणा  हाईकोर्ट  ने  एक  महत्वपूर्ण  कदम  उठाया  है .,1.396764106610989e-53,1.5468390438772242e-49,9.828862938330714e-116
फिर  उतारकर  ऐसे  बर्तन  में  दाल  दें  जिसमें  ठंडा  पानी  भरा  हो ।,9.344146327485603e-56,8.052285095574056e-53,3.1987701343212396e-85
विभाग  ने  कलेक्टरों  एवं  जिला  दंडाधिकारियों  द्वारा  घोषित  कोविड - 19 प्रभावित  कंटेनमेंट  जोन  की  सूची  भी  जारी  की  है ।,5.894919249583868e-72,1.4099540173091498e-67,1.8287725628344214e-133
जिससे  उनको  दिक्कत  होती  है ।,8.525815794704119e-17,2.713432295340148e-15,4.838359820130871e-42
"बजट  में  आठ  फीसदी  आर्थिक  वृद्धि  दर  की  बात  कही  गई  है , जो  समझ  में  नहीं  आता  है ।",2.8307945133110534e-74,2.2435680465294782e-70,3.8353973851409775e-139
.,0.022127826190613667,0.05383795865245194,1.70363380536339e-12
रतलाम ।,4.3800523362883695e-07,1.8755291664820615e-06,3.6615268167426644e-18
तभी  अचानक  शोरूम  के  तृतीय  तल  पर  आग  लग  गई ।,6.612063180126243e-38,2.5112011625218955e-35,5.523645394491606e-73
परिवार  के  सहयोग  से  ही  कार्यक्षेत्र  में  आपका  प्रदर्शन  अच्छा  होगा ।,2.244954200000804e-36,8.635028632356699e-34,4.496831725846076e-79
उन्होंने  बताया  कि  कई  केंद्रों  पर  टीकाकरण  अभी  भी  जारी  है  और  हम  आज  8 लाख  का  आंकड़ा  पार  कर  सकते  हैं ।,2.470316118873829e-58,1.504174931210926e-53,1.1232695816974157e-145
"वीरपाल  सिंह  ने  आरोप  लगाया  है  कि  क्षेत्र  में  कई  जगह  मिट्टी  का  खनन  हो  रहा  है , जिसके  वह  खिलाफ  हैं ।",4.941296835556602e-85,8.064825898206225e-81,1.8970022121067178e-157
"खबरों  की  मानें  तो  इस  फिल्म  में  शाहरूख  खान  मुख्य  किरदार  में  हैं , लेकिन  अभी  तक  इसकी  आधिकारिक  पुष्टि  नहीं  की  गई  है ।",2.2896236380967653e-86,1.3899951622014932e-81,1.348980599098263e-169
शाम  होते  हाते  सर्दी  बढती  चली  गई  और  लोगो  का  घरों  से  निकलना  दूभर  हो  गया ।,2.2688195374781344e-62,9.344726174944305e-59,1.6638401348645658e-109
"जिससे  आसपास  के  क्षेत्र  में  दहशत  फैल  गयी , जिस  समय  सिलेंडर  फटा  तो  आसपास  भूकंप  की  तरह  कंपन  महसूस  किए  गए ।",2.2574261175481204e-97,1.5517608875078523e-92,6.373479231686219e-158
पिछले  साल  निगम  ने  करीब  80 हजार  टन  कच्चा  जूट  खरीदा  था ।,3.205596251963278e-45,4.6986948035196784e-42,4.1697847678379126e-85
इसके  चलते  कई  जगहों  पर  यातायात  भी  प्रभावित  हुआ  है ।,1.7487424158177147e-27,4.95613983453743e-25,1.8608774738039296e-72
"बलवीर  सिंह  चौहान , मैनेजिंग  ट्रस्टी  मुंबई  जितेंद्र  सिंह  कुशवाह  ने  भी  शुभकामनाएं  दी ।",7.19616100785837e-73,7.694950854691877e-70,3.418238726564554e-109
आईपीएस  बनकर  लखनऊ  में  2 साल  तक  अंडर  ट्रेनी  एएसपी  तैनात  रहीं .,2.4285317158386906e-55,3.825872829603156e-52,1.118929230023672e-85
महागठबंधन  की  अभी  तक  स्थिति  स्‍ पष्‍ ट  नहीं  है ।,1.262335538294071e-34,3.9510922946226125e-32,1.6717881880903525e-72
"रश्मि  सिंह , डा .",1.7449032840653377e-34,1.6324438816242445e-33,1.0719431189503183e-48
स  और  एम .,8.743952902847561e-14,1.0130635261666443e-12,8.396125170525119e-31
"एक  वीडियो  संबोधन  केे  माध्‍ यम  से  जिलाधिकारी  राजेश  नरवेकर  ने  कहा  कि  गैर - नियंत्रण  क्षेत्रों  में  छूट  दी  जाएगी  और  ठाणे  ग्रामीण , नगरपालिका  और  नगर  पंचायत  की  सीमा  में  आने  वाले  इलाकों  में  राज्य  सरकार  के  दिशा - निर्देश  लागू  होंगे ।",3.606733010608032e-167,2.7574938032452755e-158,7.441215559578876e-292
बिष्टुपुर  स्थित  गोपाल  मैदान  में  सुबह  क्0 से  लेकर  रात  क्0 बजे  तक  गेम्स  और  एक्टिविटीज  का  दौर  चलता  रहा .,4.360713812156816e-84,2.7848182187801715e-79,1.9437846669200217e-134
लोकसभा  चुनाव  में  भाजपा  ने  भारी  जीत  दर्ज  की  है .,9.488281004914407e-27,1.7616295989374323e-24,2.903555844092891e-73
मैंने  लोगों  की  परवाह  नहीं  की ।,6.837884213023018e-19,1.625666530101738e-17,1.397014645679972e-48
उन्हें  गिरफ्तार  करने  के  बाद  यूएस  मार्शल्स  सर्विस  ःयूएसएमएसः  को  सौंप  दिया  गया  था ।,1.804051755441634e-47,1.525258215289514e-44,4.5754314530468784e-97
वन  रेंज  अधिकारी  गोपाल  सिंह  बिष्ट  एवं  फारेस्टर  खीमानंद  खंडूडी  ने  बताया  कि  शनिवार  से  वन  विभाग  ने  अलग - अलग  स्थानों  पर  पिंजरे  लगाए  हैं ।,2.4892082142343515e-93,1.867497773783798e-87,3.364514202060121e-170
बस  आग  लग  गई  और  सारा  रूपया  जलकर  राख  हो  गया ।,1.7330804079975715e-38,9.046031653432126e-36,5.1498808920733184e-79
ये  कीट  कोमल  पत्तियों  और  फूलों  का  रस  चूस  लेते  हैं .,1.9655372710073444e-47,1.1363163844123078e-44,1.7177201839989083e-79
क्योंकि  सरकार  30 करोड़  डोज  के  लिए  कंपनी  पर  निर्भर  है .,2.4102984986733812e-36,9.93794565669339e-34,3.6522855428504993e-79
उसने  हापुड़  के  अंग्रेज  अधिकारी  विल्सन  की  सहायता  से  चौधरी  जबरस्त  खाँ  तथा  उनके  भाई  उल्फत  खाँ  को  अनेक  समर्थको  सहित  गिरफ्तार  कर  लिया ।,1.3544404107971549e-107,2.113595197168867e-102,2.3220832422873624e-158
"रांची: - झारखंड  प्रदेश  कांग्रेस  कमेटी  के  प्रवक्ता  आलोक  कुमार  दूबे , लाल  किशोरनाथ  शाहदेव  और  राजेश  गुप्ता  छोटू  ने  कहा  कि  एक  ओर  देश  के  अन्नदाता  किसान  सड़कों  पर  है , वहीं  दूसरी  ओर  से  पेट्रोलियम  पदार्थां  और  आवश्यक  वस्तुओं  की  कीमतों  में  बढ़ोत्तरी  से  आमजन  परेशान  है ।",2.8301826476135957e-209,1.6943648743453976e-199,0.0
वॉशिंगटन: स्नैपचैट  वीडियो  में  अपने  ही  स्टूडेंट  के  साथ  सेक्स  करती  नजर  आई  20 वर्षीय  स्कूल  टीचर  Teacher को  पुलिस  ने  गिरफ्तार  कर  लिया  है .,3.800483731393553e-88,1.2643535159934657e-82,1.4239105951465295e-164
दर  थाना  पुलिस  एसएचओ  अनिल  कुमार  ने  बताया  कि  रेवाड़ी  जिला  के  माहेश्वरी  गांव  निवासी  लक्ष्मण  सिंह  ने  पुलिस  को  दी  शिकायत  में  कहा  है  कि  उसका  31 वर्षीय  पुत्र  सतीश  विवाह - शादी  आदि  सामाजिक  समारोह  में  बैंडबाजा  बजाने  का  काम  करता  था ।,1.939427640980086e-156,4.737931698716653e-147,7.260992066308947e-280
लीवर  संबंधी  दिक्कतों  को  लेकर  सजग  रहें .,2.525034218052747e-30,3.5585714356525657e-28,3.847424283618862e-55
्काई  न्यूज  टीवी  चैनल  ने  लीबियाई  राष्ट्रीय  सेना  एलएनए) के  हवाले  से  रविवार  को  यह  जानकारी  दी ।,1.336194101281715e-69,5.934860700570751e-66,1.1493942090408885e-115
मी .,3.7859476928489076e-08,1.8325037389257484e-07,1.309197320484155e-18
मुख्य  अतिथि  एके  सिंह  ने  कहा  कि  सीएसआर  के  तहत  महिलाओं  के  उत्थान  हेतु  रोजगार  से  जुड़ने  के  लिए  सिलाई  मशीन  का  वितरण  किया  जा  रहा  है ।,2.6154611156214727e-82,8.750743540628152e-77,1.5546610756324157e-175
इसी  बीच  कुछ  स्थानीय  लोगों  द्वारा  कार्य  करने  में  व्यवधान  उत्पन्न  किया  जा  रहा  है ।,2.2889974192390836e-40,7.270224612193495e-37,7.74618642143902e-103
"हालांकि  जो  नुकसान  होना  था , सो  हो  चुका .",4.861130905802024e-53,7.291640758236969e-51,3.6347787540990144e-79
"हालांकि  पिछले  सालों  में  स्थिर  आर्थिक  विकास  के  कारण  कुछ  इलाकों  में  स्थिति  सुधरी  है , लेकिन  न्यूरेमबर्ग  के  मेयर  ऊलरिष  माली  का  कहना  है  कि  जर्मनी  के  शहर  धनी  और  गरीब  दो  खेमों  में  बंटते  जा  रहे  हैं .",2.6798074227605967e-163,5.246773068280509e-156,1.0808348418409688e-261
वीडियो  टेप  में  पहले  पीडि़त  महिला  रमनजीत  कौर  हेड  कांस्टेबल  सतीश  की  बाइक  पर  ईंट  मारती  हुई  दिखाई  पड़  रही  है ।,1.0793288898459932e-85,8.255245899758959e-81,1.4930154849433524e-139
पानी  भरने  की  बात  पर  गुलशननगर  में  मंगलवार  को  दो  पक्षों  में  विवाद  हो  गया ।,3.371770057494881e-47,2.692169563599212e-44,2.297063538421906e-103
जिस  कारण  किसानों  को  घोर  कठिनाई  हो  रही  थी ।,3.469609607276281e-29,6.754288856923164e-27,7.912998453514902e-67
एक - दूसरे  की  पसंद - नापसंद  जानना  भी  जरूरी  है .,7.957604680273958e-38,1.68789838886204e-35,2.2080398539375717e-79
आपकी  अपनों  से  भेंट  होगी ।,7.881957345724399e-22,2.3539997531470292e-20,1.5651538813659666e-42
"सुशी  कई  लोगों  का  पसंदीदा  भोजन  है , और  यह  बस  स्वस्थ  विकल्पों  में  से  एक  होने  के  लिए  होता  है !",7.345796120022602e-93,4.4895411504184515e-89,2.1824850753974735e-152
"एक  अन्य  पोस्टर  में  लिखा  है , दिल्ली  का  मुख्यमंत्री  अरविंद  केजरीवाल - सिंघम  रिटर्न्‍ स  3 ।",3.476509049734146e-83,1.6067634234340424e-79,1.7271005108707766e-127
मोदी  सरकार  के  पहले  बजट  पर  पूरे  देश  की  उम्मीद  टिकी  है ।,5.2174775818308694e-36,2.1797904289675267e-33,1.0425353628763215e-84
"दरअसल  आॅटोमेटिक  कार  गियर  लीवर  ये  चार  चिन्ह  बने  होते  हैं , P , R , N , D जिनका  अपना  अलग  मतलब  होता  है ।",2.0958118683676275e-169,3.5745606587333134e-165,3.5014428828833605e-211
उनका  कहना  है  कि  उनके  देश  में  शिक्षा  का  व्यावसायीकरण  हो  गया  है  और  वह  अर्थव्यवस्था  के  उदारीकरण  से  प्रेरित  है .,1.6917224482685193e-64,1.1004154117734013e-60,5.254389641533508e-140
ऐसा  ही  वे  मंत्रियों  से  भी  चाहते  हैं ।,1.7077223213992228e-24,1.253291850374493e-22,1.443384475805583e-60
"प्राकृतिक  सामग्रियों  की  तुलना  में , इनमें  से  किसी  भी  प्रकार  की  टाइलों  का  काफी  सस्ती  मूल्य  है ।",1.5205591934127144e-80,4.7255658339032976e-77,4.1925496864112335e-133
हालांकि  कोरोना  के  बाद  अब  डेंगू  और  वायरल  फीवर  ने  स्वास्थ्य  विभाग  की  चिंता  बढ़ा  दी  है ।,1.178375148254249e-51,7.102186594916712e-48,4.603764442178923e-115
न्यायिक  हितों  के  कारण  उन्होंने  कहा  कि  घोषणा  उस  समय  निष्पादित  नहीं  की  जा  सकती ।,1.7571106215612158e-51,3.307339796329126e-48,2.629312253397165e-103
सांसद  पीएन  सिंह  के  पुत्र  प्रशांत  सिंह  ने  धनबाद  विधानसभा  के  लिए  भाजपा  से  टिकट  की  दावेदारी  पेश  की  है .,3.29090093611557e-67,4.956058025375778e-63,5.52426238016654e-134
वह  कहती  हैं  कि  ' जब  ये  वाक्या  हुआ  था  तब  मेरी  उम्र  काफी  छोटी  थी  और  मुझे  समझ  नहीं  आया .,6.17795161494069e-70,9.545602406677954e-65,1.7273426398501862e-140
मेष: - आज  के  दिन  व्यापार  में  थोड़ी  मंदी  का  सामना  करना  पड़  सकता  है ।,1.6462713500675776e-48,4.048330181811667e-45,5.600886828825967e-103
लेकिन  शिक्षक  व  कर्मचारियों  को  मुख्यालय  में  रहना  होगा ।,1.278033695314498e-29,2.502646753450745e-27,7.1441858084775e-67
ेबी  अरिक  रामपाल  को  हैलो  कहिए । ',3.920969684051942e-40,2.6178606131548084e-38,1.4250611882496512e-55
E 471 halal .,3.293422570605641e-22,2.9870951960738843e-21,8.342117448544763e-31
एसपी  वेस्ट  डॉ ।,4.803221001574384e-16,6.5841428387361194e-15,2.3491347989749046e-30
सहायक  संचालक  एनके  चंद्रा  ने  बताया  कि  हिंदी  मुद्र  लेखन  परीक्षा  के  लिए  10 मिनट  का  समय  ही  तय  किया  गया  था ।,5.655968846651055e-71,3.1153998450166416e-66,1.3200844065181441e-145
उन्होंने  बताया  कि  जन्म  के  6 माह  बाद  ही  उनकी  नेत्र  ज्योति  चली  गई ।,1.4880843804223868e-45,2.6681350246291905e-42,3.222613575566981e-97
इस  तरह  टोल  प्लाजा  पर  रुके  बगैर  शुल्क  का  भुगतान  हो  जाता  है ।,1.0991969481545234e-43,8.150167681185083e-41,1.163286147717873e-90
जिसमे  उन्होंने  कहा  है  कि  जियो  ने  सफलता  के  नए  प्रतिमान  गढे  हैं .,1.9788020392875408e-45,1.1554110285448679e-42,1.6934082084274748e-91
शासकीय  जमीन  से  एक  झोपड़ी  को  भी  हटाया  गया ।,2.9190125652190173e-32,3.1763926779681275e-30,8.11220452584014e-67
आपको  बता  दें  आईएसआईएस  के  ये  आतंकी  अमेरिका  के  अंदर  घुसकर  किसी  बडी  घटना  को  अंजाम  देने  की  फिराक  में  हैं ।,3.3237377882253695e-71,1.3238233747077376e-66,8.371462537019085e-140
लेकिन  2019 के  बाद  जिले  में  पेट्रोलियम  का  कारोबार  खूब  फला  फूला ।,3.725513924952388e-47,2.5775848328694013e-44,4.495641801192538e-85
"बता  दें  कि  हरियाणा  के  अलावा  पंजाब , उत्तर  प्रदेश , राजस्थान , दिल्ली  और  कई  राज्यों  में  भी  डेरा  की  संपत्तियां  हैं ।",2.722436175743071e-121,1.1277422367174163e-117,2.3396657100015857e-187
मैं  आपसे  माफी  मांगती  हूं  कि  आपको  इस  तरह  से  रहना  पड़ा ।,1.0259836040570802e-40,1.4582692341781766e-37,3.452773094403755e-85
- कॉमर्स  वेबसाइट  फ्लिपकार्ट  की  बिग  दिवाली  सेल  का  आगाज़  हो  चुका  है ।,9.381890623738224e-49,1.2796490444522958e-45,7.94444914003052e-91
सच  में  पोरिवर्तन’ है .,2.4467088100031765e-20,1.633085683795069e-19,9.651807511646238e-37
इस  दौरान  इंडस्ट्री  के  तमाम  सितारों  से  लेकर  उनके  फैंस  तक  ने  उन्हें  बधाई  दी .,1.6449237192114967e-50,5.508511404301715e-47,8.189015060583491e-104
मां  भी  उनके  पास  सो  गई ।,1.6328523557502705e-21,8.531514139552997e-20,1.3541452230922917e-48
क्राइम  ब्रांच  ने  तिहाड़  जेल  से  रिमांड  पर  लेकर  उससे  पूछताछ  की  थी ।,4.697420565441502e-44,6.151416246370488e-41,3.0814813953598117e-91
इसके  साथ  ही  आक्सीजन  सिलेंडर  का  भंडारण  एवं  कालाबाजारी  की  जा  रही  है ।,4.5031654980941694e-39,3.457665144644848e-36,1.2997660492348242e-90
गर्भनिरोधकों  के  इस्तेमाल  का  अधिक  सामाजिक  दबाव  महिलाएं  ही  झेल  रही  हैं ।,5.857043738845074e-52,2.734302790383498e-49,5.653054548063589e-85
जो  दूर - दूर  तक  संदेश  का  आदान - प्रदान  करते  थे ।,7.554747143426434e-40,7.3997492899889295e-37,3.728305260118075e-85
वह  मेरी  माता  जी  के  साथ  भी  सांसद  रहे  हैं ।,2.4328739927697787e-29,5.0504967470105425e-27,1.4484500075695873e-72
"जवाब  में  बताया  गया  कि  पहले  एसआईटी  की  तरफ  से  थे , अब  राज्य  सरकार  की  ओर  से  हैं ।",4.891368210592961e-69,8.366690212062222e-66,2.309166665555254e-139
नड्डा  2019 के  लोकसभा  चुनाव  में  राजनीतिक  रूप  से  महत्वपूर्ण  राज्य  उत्तर  प्रदेश  में  भाजपा  के  चुनाव  अभियान  के  प्रभारी  थे ।,5.548084605356068e-64,2.178606765909226e-59,5.898654186286077e-140
राकेश  रंजन  बागी  हो  गए  हैं ।,2.8068424073973896e-21,1.0454858380513645e-19,2.318425180052789e-48
भ्रष्टाचार  के  खिलाफ  सरकार  शून्य  सहनशीलता  की  नीति  पर  चल  रही  है ।,2.9963097326287998e-40,1.157862231827939e-37,1.2431185209703117e-84
"डीसीपी  ने  लिखा , तबलीग़ी  जमात  का  इसमें  अलग़  से  कोई  ज़िक्र  नहीं  है .",3.4503319905838094e-75,1.0213213422687595e-72,1.7952564174201289e-109
इस  कला  में  प्रत्येक  विषय  अलग - अलग  ढंग  से  दर्शाया  जाता  है ।,3.055778132967451e-41,3.051518262113166e-38,1.1633494821313696e-90
उत्तर  प्रदेश  में  महिलाओं  और  बच्चियों  पर  अत्याचार  की  घटनाएँ  लगातार  बढ़  रही  हैं ।,6.515594119696132e-47,8.980652258643533e-44,3.920799634380272e-97
पार्टी  के  संसदीय  दल  के  नेता  और  राष्ट्रीय  अध्यक्ष  पद  से  हटाए  जाने  के  बाद  अब  चिराग  पासवान  ने  पार्टी  की  राष्ट्रीय  कार्यकारिणी  की  बैठक  बुलाई  है ।,2.486803604339092e-77,1.365563613574246e-71,4.742640175621487e-176
इसमें  लाल  इंसर्ट  के  साथ  साइड  सिल  गार्निश  भी  दिया  गया  है ।,1.7890426891715748e-46,3.5565998990823634e-44,1.794919134767375e-84
उल्लेखनीय  है  कि  पूर्व  में  यह  भर्ती  रैली  कवर्धा  में  आयोजित  होने  वाली  थी ।,3.745226399989247e-42,4.445519674532759e-39,3.5499907975425024e-97
"वहीं , गुर्जर  आंदोलन  के  मद्देनजर  राजधानी  जयपुर  में  उच्चस्तरीय  बैठकें  हो  रही  हैं  ताकि  आंदोलनकारियों  से  बातचीत  की  कोई  राह  निकाली  जा  सके ।",2.9333096855356473e-102,3.401620902431584e-97,4.086012050943986e-170
राहुल  ने  काम  उम्र  में  ही  2010 मे  Thailand मे  टीम  की  कप्तानी  की .,1.4456047279567084e-57,1.355144454129043e-54,7.607279089002474e-98
इसमें  एक  मिनी  स्कूटर  पर  एक  व्यक्‍ ित  पंचर  मिनीवैन  लादकर  जाते  हुए  दिख  रहा  है ।,2.0333324263542623e-64,5.5257330215550424e-61,5.185644311037753e-109
"उन्होंने  कहा , ' नहीं , मैंने  उनसे  कहा  कि  मैंने  उनके  बारे  में  सुना  है  कि  वो  प्रैंक  करते  हैं  और  अब  जब  मैं  इसके  बारे  में  जानती  हूं , तो  उन्हें  मुझे  अपनी  टीम  में  लेना  चाहिए .",5.026017013301624e-168,6.973616749743265e-161,3.3682574611513814e-285
वे  पशुचिकित्सा  veterinary sciences के  जनक  माने  जाते  हैं ।,2.1797267658854083e-39,2.3867326618553143e-37,1.125694773268536e-66
"एक  रिपोर्ट  में  कहा  गया  है  कि  मॉस्को  के  कई  केंद्रों  में  स्पूतनिक  वी  वैक्सीन  के  तीसरे  चरण  का  क्लिीनिकल  ट्रायल  को  रोक  दिया  गया , क्योंकि  ट्रायल  के  लिए  वालंटियर्स  को  दिए  जाने  वाले  खुराक  की  कमी  हो  गई  थी ।",2.3010983755478494e-149,7.862881714740331e-142,4.0319167680416685e-273
पुलिस  ने  बच्ची  की  मां  के  बयान  पर  पीड़िता  को  मेडिकल  जांच  के  लिए  नजदीकी  अस्पताल  में  भेजा ।,1.7556622461356702e-53,7.836775406925811e-50,1.7887035218646995e-121
खुद  खेल  मंत्रालय  ने  स्टेडियम  प्रशासन  से  इसका  प्रस्ताव  मंगवाया  है ।,9.205790027615333e-45,3.9972288174310816e-42,1.1891907597558665e-78
इसी  दौरान  उच्च  न्यायालय  दो  साल  पहले  शुरू  हुए  ड्रग्स  जांच  पर  से  भी  पर्दा  हटा  सकता  है .,1.3641918119757602e-62,2.1025280203408922e-58,5.12441026644483e-122
"om पर  आत्म  ड्रिलिंग  पेंच  बनाने  की  मशीन  के  लिए  स्वयं  ड्रिलिंग  पेंच  उत्पादन , Tainwanese प्रकार , आत्म  ड्रिलिंग  पेंच  Alibaba . c",5.628861361056405e-137,1.2014168361699202e-132,1.647945284916174e-176
"हालांकि , 10 खिलाड़ियों  वाली  युनाइटेड  पर  यंग  ब्वायज  का  पलड़ा  भारी  रहा  और  उसकी  तरफ  से  मैच  के  अंतिम  समय  90 + 5 मिनट) में  जार्डन  सीबाचेउ  ने  विकेटकीपर  डेविड  गिया  को  चकमा  देते  हुए  दूसरा  गोल  किया  और  टीम  को  2 - 1 से  जीत  दिला  दी ।",6.30239735833202e-213,3.261258320465435e-203,1.5e-322
भाजपा  के  राष्ट्रीय  महासचिव  ने  बिहार  चुनाव  से  जुड़ी  जानकारियां  समर्थकों  तक  पहुंचाने  के  लिए  डायरी  लिखना  शुरू  किया  है ।,4.712885787330109e-64,9.999706128694698e-60,3.345363766245842e-133
जानकारी  के  अनुसार  विद्युत  कर्मचारी  ने  सहायक  के  रूप  में  शांतिलाल  नामक  युवक  को  रखा  था ।,5.107194281161322e-53,1.3552834141090222e-49,2.0825763053586416e-109
पुलिस  का  कहना  है  कि  घायल  की  हालत  स्थिर  है ।,4.219541496582028e-26,4.530417675296779e-24,2.466220815599809e-72
शेफाली  ने  कहा  कि  बॉलीवुड  में  अभिनेत्रियों  को  भूमिका  उनकी  उम्र  देखकर  नहीं  दी  जाती ।,3.0779274597675555e-57,7.048171094811907e-54,2.5682041008179865e-103
नई  दिल्‍ ली  ऑनलाइन  डेस्‍ क) ।,3.184794657037878e-25,3.4431881496214846e-23,1.2591334823253466e-48
इससे  पूर्व  वह  केवलानंद  फुलारा  व  प्रेमबल्लभ  की  गायों  को  निवाला  बना  चुका  है ।,1.7719753033290776e-60,1.5448733549890387e-57,6.527515098424405e-97
पृथ्वीराज  धूमल  के  नामांकन  के  दौरान  वह  नदारद  रहे  थे ।,4.840202180148366e-38,9.929622987895579e-36,6.56014391713504e-73
उस  समय  विकेटकीपर  बल्लेबाज  ऋषभ  पंत  14 और  तेज  गेंदबाज  ईशांत  शर्मा  4 रन  बनाकर  नाबाद  हैं ।,5.813711453531355e-62,2.4521910910283698e-57,1.8216465103467671e-115
"कमिश्नर , डीएम  और  सीएमओ  लगातार  हॉस्पिटल  का  निरीक्षण  कर  व्यवस्थाओं  को  दुरुस्त  करने  का  असर  भी  दिखने  लगा  है ।",1.1177360272611368e-87,9.600494205768183e-84,2.6499738329438928e-145
बक्सर  स्थित  गंगा  नदी  की  कोठी  के  पास  रविवार  देर  शाम  मछुवारे  ने  एक  युवक  का  शव  फंसा  देखा ।,1.1922365634485343e-72,2.96198875695087e-68,7.315061274857737e-128
इनसे  राजधानी  के  अधिकतर  चौराहों  पर  वाहनों  के  - चालान  किए  जाएंगे ।,3.0679784784853937e-46,1.9204952103562185e-43,3.181662336487281e-85
गोंडा  में  पढ़ाई  कर  रहे  मेडिकल  छात्र  के  अपहरण  का  खुलासा  शुक्रवार  को  यूपी  एसटीएफ  ने  कर  दिया ।,3.86029872996059e-61,3.186662996976278e-57,1.1309115133509993e-121
देसाई  की  ससून  चिकित्सालय  में  तत्काल  एमआरआय  वैद्यकीय  जांच  करना  एवं  उन्हें  अच्छे  वैद्यकीय  उपचार  न  देने  के  संदर्भ  में  कारागृह  अधीक्षक  को  कारण  बताओ’ नोटिस  देकर  स्पष्टिकरण  मंगवाने  की  मांग  की  गई ।,3.173068623564074e-143,1.4789365206770605e-136,3.689487424205389e-213
विरासत  वृक्षों  की  सूची  में  जिले  से  सात  बरगद  आठ  पीपल  चार  पाकड़  के  वृक्ष  शामिल  हैं ।,4.797401607204004e-75,9.78574064338478e-72,1.8225407115222257e-115
सामाजिक  रूप  से  मान - प्रतिष्ठा  में  वृद्धि  होगी ।,8.798794658890322e-31,1.6413721142262876e-28,6.840651338078554e-67
इमरान  की  जीत  के  समय  यह  उम्मीद  जताई  गई  थी  कि  उनके  प्रधानमंत्री  बनने  से  पाकिस्तानी  क्रिकेट  का  बुरा  वक्त  समाप्त  हो  जाएगा ।,1.034780545923345e-74,2.0344448269325042e-69,3.1528683110690175e-152
वैसे  भी  इक्विटी  फंड  में  पांच  या  आठ  या  दस  साल  के  लिए  ही  निवेश  करना  चाहिए .,3.788580066798213e-58,4.637307311486752e-54,6.900624346966978e-116
"शुरुआत  में  असली  सोना  देकर  भरोसा  जीता , फिर  नकली  सोना  खपाने  लगी ।",3.277020449373575e-78,2.8268292320223067e-75,3.909646886851223e-103
"अब  कंपनी  इसके  नेक्स्ट  जनरेशन  मॉडल  को  उतारने  की  तैयारी  में  है , जिसमें  अपडेट  डिजाइन , री - डिजाइन  केबिन  व  कई  सारे  एडवांस्ड  विशेषता  मिलेंगे .",4.869474554927696e-148,7.060751003029725e-143,1.0263747425920122e-200
यह  फिल्म  आगामी  वर्ष  17 मार्च  को  प्रदर्शित  होगी ।,4.022631608614286e-32,1.3330236300205033e-29,7.251369169440777e-67
"तालिबान  के  पास  पहले  कांम्बैट  एयरक्राफ्ट  नहीं  था , लेकिन  अब  उसके  पास  सुपर  टुकानो  अटैक  एयरक्राफ्ट  है .",1.5587626245002258e-91,4.98959747078022e-88,7.180442391857672e-134
इनके  अलावा  3 और  वीकली  प्लान  भी  हैं ।,4.125717226597607e-31,4.0071909673173e-29,1.3501176010529694e-60
जो  सुनकर  कानों  के  पर्दे  हिलेंगे । ।,2.854002110883473e-37,8.245192426249124e-36,9.685140371629618e-55
पुलिस  ने  इस  मामले  में  घटना  की  रात  ही  तीनों  आरोपियों  को  हिरासत  में  ले  लिया  था ।,2.1946273428791837e-42,6.714175243082271e-39,1.8372434291862888e-115
सुंदरनगर  भाजपा  मंडल  अध्यक्ष  बैरागी  राम  की  अध्यक्षता  में  लोक  निर्माण  विभाग  के  विश्राम  गृह  में  देश  के  पूर्व  प्रधानमंत्री  अटल  बिहारी  वाजपेयी  के  जन्मदिवस  के  उपलक्ष्य  पर  कार्यक्रम  का  आयोजन  किया  गया ।,9.158821099384203e-106,1.2229366510577583e-98,4.555400260983258e-213
खजियार  मार्ग  की  हालत  भी  खराब  होने  से  वाहन  चालकों  को  काफी  परेशानी  आती  है ।,2.5101252947144593e-49,7.211708799820631e-46,5.077932877313199e-103
"विश्वविद्यालय  मेट्रो  स्टेशन  से  दुर्गाबाई  देशमुख  दक्षिणी  परिसर  जाने  में  करीब  40 मिनट  लगेंगे , जिसमें  आजादपुर  स्टेशन  पर  इंटरचेंज  में  लगने  वाला  वक्त  भी  शामिल  है ।",3.134681076015703e-126,1.0523294544139102e-120,5.272640867593489e-188
बवाना  विधानसभा  क्षेत्र  से  38 वर्षीय  जय  भगवान  उपकार  आप  की  टिकट  पर  चुनाव  मैदान  में  हैं  इनके  खिलाफ  कांग्रेस  के  रवींद्र  कुमार  इंद्राज  चुनाव  लड़  रहे  हैं  जिनकी  उम्र  45 वर्ष  है .,3.240262970700564e-123,9.290887779331497e-116,1.8301087583523763e-213
इसके  मुताबिक  ' जल  प्रबंधन  गतिविधियों  को  संपूर्णतावादी  तरीके  से  देखने  पर  ही  बेहतर  समन्वय  एवं  प्रयास  सुनिश्चित  किए  जा  सकते  हैं । ',3.809173695568915e-84,7.333994433575798e-79,9.370076716323738e-153
जहां  स्किल  सेल  बीमारी  से  पीड़ित  एक  बच्चा  भर्ती  था .,1.0636218931099828e-43,3.057779808495451e-41,1.8857933511300907e-73
हंगामा  करते  हुए  मुख्यमंत्री  उत्तर  प्रदेश  के  नाम  अपनी  मांगों  का  मांग  पत्र  उपजिलाधिकारी  को  सौंपा ।,2.6135182734697436e-56,2.1873996821377874e-52,1.5316808714194923e-109
आधुनिक  युग  में  तो  कम्प्यूटर  में  ऐसा  साफ्टवेयर  डवलप  कर  लिया  गया  है  कि  किसी  भी  भाषा  की  सामग्री  को  हिन्दी  में  रूपान्तरित  किया  जा  सकता  है ।,1.164947796982669e-87,1.6991577227699297e-82,7.779771638447922e-176
उसने  पहले  भी  कई  लोगों  के  खिलाफ  इस  प्रकार  की  शिकायतें  दर्ज  कराई  हैं .,2.1577422165223535e-39,3.346213041520497e-36,1.0011217067285689e-97
करतारपुर  कारिडोर  बंद  करके  केंद्र  सरकार  कर  रही  धक्का  शिरोमणि  गुरुद्वारा  प्रबंधक  कमेटी  अ) के  प्रधान  जगीर  कौर  से  बातचीत  की  गई  तो  उन्होंने  कहा  कि  केंद्र  सरकार  कारिडोर  न  खोलकर  लोगों  से  धक्का  कर  रही  है ।,2.2438276314159947e-134,1.4288283857424952e-126,7.498626357500015e-237
.,0.022127826190613667,0.05383795865245194,1.70363380536339e-12
कलाकारों  ने  श्रीराम  के  बाल  लीला  के  कई  प्रसंगों  का  मंचन  किया ।,3.617129650921151e-48,1.7806527955446397e-45,3.557411362325811e-85
सोशल  मीडिया  की  ताकत  जितनी  मजबूत  है  उतनी  ही  आशंकित  करने  वाली  भी  है .,4.29791002121425e-52,5.220369342174805e-49,1.0913893804072062e-97
किसने  रिकॉर्ड  किये  और  एसओजी  को  कहां  से  मिली .,2.2189412940343502e-40,4.277455156064705e-38,2.1828866024121743e-67
उन्हें  रिहा  होना  भी  था ।,6.322828585133649e-19,1.5533925873984607e-17,1.961979687010929e-42
टीम  लगातार  दो  बार  प्लेऑफ  तक  पहुंचने  के  साथ  ही  आईपीएल  2020 की  फाइनलिस्ट  थी .,1.880182280651024e-51,7.375026036030651e-48,8.795679413416838e-104
हम  इन  मुद्दों  पर  चुनाव  लड़ेंगे .,4.359113199463871e-22,3.0533888628488667e-20,4.386541126732659e-49
आगामी  विधानसभा  सामान्य  निर्वाचन  2022 के  लिए  विभिन्न  व्यवस्थाओं  की  तैयारियों  के  संबंध  में  13 दिसंबर  को  दोपहर  1 बजे  विकास  भवन  के  सभागार  में  बैठक  बुलाई  गई  है ।,6.08105388082169e-93,1.673944097291481e-86,4.3876103303557e-188
यह  किला  1710 में  बना  था ।,4.318092368789078e-24,1.19870667964465e-22,1.7392541910882764e-48
' दबंग ' के  निर्देशक  अभिनव  कश्यप  हैं  जबकि  इस  फिल्म  के  निर्माता  सलमान  खान  के  छोटे  भाई  अरबाज  खान  हैं ।,1.0907996478730511e-72,8.803398461992524e-68,7.630392287999771e-140
हिंदुस्तानी  ने  आरोप  लगाया  कि  अमर  सिंह  ने  ही  उसे  बताया  था  कि  वह  प्रधानमंत्री  के  निर्देशों  पर  अहमद  पटेल  के  साथ  मिलकर  सरकार  को  बचाने  का  काम  कर  रहे  हैं ।,2.8917416171147918e-86,4.829882517796841e-80,1.7464173045945577e-200
पुलिस  ने  बताया  कि  पिछले  10 साल  से  कराक्टुपारम्ब  के  व्यक्ति  के  घर  में  वह  रह  रही  थी  और  वह  इतने  वर्षों  से  अपनी  प्रेमिका  को  छुपाकर  रखने  में  सफल  रहा  था ।,1.2135014622504726e-94,2.0170715645354613e-88,8.468666429990355e-207
दिल्ली  के  स्वास्थ्य  मंत्री  सत्येंद्र  जैन  ने  कहा  है  कि  केंद्र  सरकार  ने  दोनों  टीकों  को  मंजूरी  दी  है ।,8.748080436921081e-48,7.005724367882999e-44,4.1957933928301505e-127
विदित  हो  कि  दुमका  में  पुलिस  ने  शिकारीपाड़ा  थाना  के  छातुपाड़ा  गांव  के  समीप  जंगल  में  भाकपा  माओवादी  का  जोनल  कमांड़र  शहदेव  राय  उर्फ  ताला  दा  को  शनिवार  की  देर  रात  मार  गया .,9.495698442958204e-139,3.819288456927098e-132,1.180639184905629e-213
जिसके  बाद  ईडी  ने  नोरा  से  पूछताछ  की  लेकिन  नोरा  ने  सभी  आरोपों  को  झूठा  करार  दिया  था ।,1.1885951150660155e-62,9.90264808275849e-59,1.141617764781053e-121
"तो , जो  लोग  सभी  फिल्मों  को  Online Download करने  या  Streaming करने  में  रुचि  रखते  हैं , तो  आप  फिल्मों  की  लकड़ी  जैसी  साइट  के  साथ  आगे  बढ़  सकते  हैं ।",1.7334365357090053e-144,1.5540762119540252e-138,2.926639811440154e-224
छत्‍ तीसगढ़  के  सुकमा  में  जो  हमला  हुआ  है  वह  दरअसल  सरकार  की  ओर  से  कराए  जा  रहे  विकास  कार्यों  की  वजह  से  हुआ  है ।,4.1927767323282476e-75,5.862059905114327e-70,7.559702872188595e-164
एक  तेज  डम्पर  ने  मोटरसाइकिल  सवार  को  पीछे  से  टक्कर  मार  दी ।,1.1986847902963525e-42,7.857210302679787e-40,3.54205931212894e-85
यह  पिछले  चार  महीने  में  सबसे  कम  है .,1.0695410931613302e-21,1.0479783864407317e-19,4.589375702761589e-61
"शमशीर  मंसूरी  वर्तमान  समय  में  ग्राम  सोरगा , विकासखंड  बैकुंठपुर  में  शिक्षक  एलबी) के  पद  पर  पदस्थ  है ।",1.2446462032420063e-94,1.2540693645768082e-91,3.9493793774231255e-133
जंगल  में  पिंजरा  लगा  गया  है ।,4.924930864550912e-22,1.3087148904302121e-20,4.526167061171944e-48
निवेश  इस  योजना  Nasdaq वायदा  अनुबंध  के  लिए  आपको  56 हजार  रुपये  की  निवेश  राशि  की  आवश्यकता  है ।,3.818208654275275e-63,4.14574276011223e-59,4.621024047305025e-121
यहां  पर  दोस्त  की  अस्थियां  विसर्जन  के  बाद  उन्होंने  घाट  के  कई  दृश्यों  को  अपने  कैमरे  में  कैद  किया ।,3.872174073792768e-65,3.226361733128543e-61,1.030337240803116e-127
िर्भया  केस  के  चारों  दोषियों  को  आख़िरकार  दी  गई  फांसी ।,1.1069144350562858e-47,2.1625574611163404e-45,5.0900844204300206e-73
जबकि  भारत  के  प्रधानमंत्री  अपने  देश  में  रिकॉर्ड  तोड़  संक्रमण  होने  के  बावजूद  चुनावी  रैली  को  संबोधित  कर  रहे  हैं ।,3.4416815570570757e-59,6.658045187171482e-55,1.4407814587832698e-133
उपमुख्यमंत्री  दुष्यंत  चौटाला  जेजेपी  कोटे  से  एक  और  मंत्री  बनवाना  चाहते  हैं  ताकि  उनकी  अपनी  पार्टी  में  असंतोष  को  रोका  जा  सके ।,1.0911686893749056e-79,1.152328736085492e-74,3.67629837167446e-146
ध्रुव  त्यागी  की  क्या  गलती  थी ?,6.974818337628224e-30,6.203379008066352e-28,1.782853504726389e-49
मारिया  पहली  बार  फरवरी  महीने  में  कोरोना  पॉजिटिव  पाई  गई  थीं  और  दूसरी  बार  सितंबर  महीने  में .,9.205821858080774e-58,1.5641336264991286e-53,3.901836486916403e-116
सुल्तानगढ़  वॉटर  फॉल  में  आई  बाढ़  और  09 मौतों  ने  पूरे  प्रदेश  को  हिलाकर  रख  दिया ।,8.859129611045832e-67,4.708781045247444e-63,1.3984253493088242e-109
शनिवार  को  आयोजित  अंडर  21 बालक  वर्ग  के  फुटबाल  में  पहला  मैच  कोट  व  जयहरीखाल  के  बीच  खेला  गया ।,2.201417044677762e-73,4.86879114263117e-69,8.907031132752395e-128
पंचायतीराज  विभाग  के  सूत्रों  की  मानें  तो  पं1 5 वें  वित्त  से  जिला  पंचायत  को  दो  करोड़  32 लाख  रुपये  से  अधिक  धनराशि  आवंटित  की  है ।,1.1419371673928813e-87,5.516914853742613e-82,4.9384536610202754e-170
"style "" text - align justify "" सेब  के  बारे  में  अंग्रेजी  की  कहावत  तो  अपने  सुनी  ही  होगी  और  अगर  नहीं  सुनी  तो  हम  आपको  बता  देते  है . ,",2.5519525357538016e-155,6.336402780531455e-150,4.9881685451668825e-231
"एलऐंडटी  रियल्टी  लिमिटेड  के  मुख्य  कार्यकारी  अधिकारी  और  प्रबंध  निदेशक  श्रीकांत  जोशी  ने  कहा , ' वित्त  वर्ष  17 - 18 की  तीसरी  तिमाही  में  आवासीय  क्षेत्र  में  बिक्री  बहाल  हुई  है ।",2.245571103484454e-130,1.646958809889707e-123,2.2999176049314673e-218
प्रो .,6.705312041076659e-06,3.22203681034569e-05,1.3217318588570712e-18
इसको  लेकर  जेडीए  को  जिम्मेदारी  बेचने  की  सौंपी  गई  थी ।,3.6129252466347773e-39,8.252728712448853e-37,6.031693336446143e-73
क्रिकेट  को  बल्लेबाजों  का  खेल  माना  जाता  है  जबकि  टीम  की  हार  और  जीत  में  गेंदबाजों  की  भी  अहम  भूमिका  होती  है .,6.792350422078422e-72,2.8426261045088457e-67,2.114140409158594e-146
प्रियंका  के  पड़ोस  में  प्रियांशु  नामक  किशोर  रहता  है ।,1.8482545670080426e-39,1.6338123161626394e-37,1.8795046606010278e-66
तथा  इसके  Part - Time Teachers 15000 से  25000 एवं  Full - Time Teachers 75000 प्रति/ माह  तक  कमाते  हैं ।,6.25866720050932e-101,1.1450133396660194e-96,8.933806314662118e-134
चकसेठवल  गांव  निवासी  स्व .,4.420546340280402e-21,9.168331769594244e-20,6.7226054692028536e-37
.,0.022127826190613667,0.05383795865245194,1.70363380536339e-12
"इसके  अलावा  कम्पनी  जोमैटो  गोल्ड’ की  भी  सुविधा  देती  है , जिसमें  कुछ  रेस्टोरेंट्स  के  द्वारा  एक  पर  एक  फ्री  जैसी  सुविधाओं  का  लाभ  ग्राहकों  को  दिया  जाता  है ।",8.203083849916696e-119,3.262526107365889e-113,4.8899028098530507e-200
लोगों  को  धैर्य  बनाये  रखने  की  जरूरत  है ।,5.0158690488818814e-23,3.712658536427641e-21,2.6556057188410823e-60
रोजा ।,4.1742439266952577e-10,1.636182665608321e-09,3.656527312989017e-18
पुलिस  ने  इनकी  एक  कार  भी  जब्त  कर  ली  थी  जो  पश्चिम  विहार  से  चुराई  गई  थी ।,8.13358753016367e-55,7.188316377960537e-51,1.469549465780991e-115
धनबाद  के  भागा  स्टेशन  की  सूरत  आज  काफी  बदतर  है .,2.5098916097952483e-45,5.714136281781262e-43,2.502116014859031e-73
मंदिर  में  कुल  161 खंभे  हैं  जिनसे  आप  मधुर  संगीत  को  सुन  सकते  हैं ।,3.3243266511021023e-54,6.284615182513712e-51,3.8666124682652783e-97
राज  वाल्मीकि  की  समीक्षा  आइए  महसूस  करिये  जिन्दगी  के  ताप  कोे ।,3.804447586565016e-60,8.20913952901566e-58,3.8808792538415925e-79
"इसे  तब  और  उस  वक्त  जारी  किया  जाना  था  जब  सरकार  वैक्सीन  को  मंजूरी  दे । """,6.746055563978455e-73,3.5623201404765696e-69,2.914970910884657e-122
शनिवार  शाम  सुधीर  नशे  की  हालत  में  घर  पहुंचा  और  कमरे  में  चला  गया ।,1.5804342069656317e-47,1.7268161804871674e-44,2.4693106655204505e-97
मुंबई  एजेंसी) ।,1.7941136304995928e-10,1.4566877981210658e-09,2.963621336615619e-24
वर्ष  1993 में  मुंबई  में  सिलसिलेवार  बम  धमाकों  के  दोषी  याकूब  मेमन  को  30 जुलाई  को  फांसी  देने  के  लिए  महाराष्ट्र  प्रशासन  तैयारियां  कर  रहा  हैं ।,1.6541205196210515e-90,7.665270418549083e-85,4.5550827624351394e-170
ये  बीज  आपको  एनर्जी  को  बढ़ाते  हैं  और  आपकी  ब्रेन  पावर  को  बूस्ट  करते  हैं ।,3.095369429674836e-60,6.672647049059226e-57,3.2871985689727217e-103
थाना  सरहिद  के  एएसआइ  जसविदर  सिंह  ने  कहा  कि  दविंदर  के  भाई  सर्बजीत  सिंह  ने  उन्हें  बताया  कि  दविदर  नशे  करने  का  आदी  था ।,4.152459077846411e-90,2.342888271073705e-85,6.0064111222313195e-158
पं .,8.993531056471667e-07,4.359800003354978e-06,1.312787917782363e-18
होटल  मालिकों  का  कहना  है  कि  लखनऊ  में  शासन  ने  स्टार  श्रेणी  के  होटल्स  को  कोविड  केयर  सेंटर  बनाया  है ।,2.197779572608221e-67,3.839907451842376e-63,2.457739198080568e-133
मंगलवार  को  पुलिस  अधीक्षक  रियाज  इकबाल  ने  इस  वारदत  का  खुलासा  करते  हुए  बताया  कि  दो  आरोपियों  को  पुलिस  ने  पकड़  लिया  है ।,5.1716125381736746e-67,2.2609599458016436e-62,1.2970486805044524e-151
आज  सुबह  किसी  मरीज  को  पानी  चढ़ाने  की  व्यवस्था  हुई .,6.354101867648685e-37,2.635417517649512e-34,1.8308677671499852e-73
"कोतवाली  पुलिस  मौके  पर  पहुंची  और  जेवर , मूर्ति  का  वीडियो  बनाने  के  बाद  इन्हें  मंदिर  के  पुजारी  को  सौंप  दिया ।",8.748105285424722e-82,1.2618725514079684e-77,1.0114323179448272e-151
पीढ़ियों  से  प्राप्त  रोग  को  भुगतना  या  ऐसे  रोग  होना  जो  पीढ़ी  दर  पीढ़ी  चलता  रहे ।,2.7990765911025344e-76,1.9413847440306782e-72,1.297135082995076e-109
एसिड  से  आग  नहीं  लगती ।,2.4718060793362663e-23,6.547102569458455e-22,1.4896307255699405e-42
न्‍ होंने  कहा  कि  अगले  20 वर्षों  में  भारत  दुनिया  का  सबसे  बड़ा  ऊर्जा  बाजार  बनने  वाला  है ।,3.443844104306864e-59,8.229297169453036e-55,3.3603943813238933e-121
बिलासपुर( निप्र) ।,1.6859210069772566e-10,1.4417706863350485e-09,2.9263675250241834e-24
सामाजिक  प्रतिष्ठा  निखरेगी ।,3.2990948545550438e-18,3.9589913233868804e-17,2.3354866585588188e-30
"लेकिन , इसके  खिलाफ  भी  सुप्रीम  कोर्ट  में  पुनर्विचार  याचिका  दायर  हुई ।",1.3018285803361997e-56,6.124086513789669e-54,5.614519901067571e-97
"उन्होंने  मीडिया  से  अपील  की  कि  वो  "" उनकी  निजता  का  सम्मान  करें  और  परिवार  को  इस  दुख  के  पल  में  अकेला  छोड़  दें . """,9.582106394501883e-121,3.808730104436186e-116,7.20072754387013e-189
ऐसे  में  गणेश  चतुर्थी  Ganesh Chaturthi का  आगाज  हो  चुका  है .,1.8592659776289517e-37,8.985432283021869e-35,2.271051200020268e-79
वेब  श्रृंखला  द  ट्रिप’ में  नजर  आ  चुकीं  अभिनेत्री  श्वेता  त्रिपाठी  इसके  दूसरे  सत्र  में  भी  नजर  आएंगी ।,8.446319465157099e-72,3.568577222802371e-67,8.927432881771749e-122
मिशन  शक्ति  के  तहत  जागरुकता  कार्यक्रम  को  आगे  बढ़ाने  वाली  महिला  शक्ति  केंद्र  की  जिला  समन्वयक  अनीसा  व  दीपिका  ने  कहा  कि  बेटी  बचाओ - बेटी  पढ़ाओ  अभियान  का  नारा  बुलंद  होना  चाहिए ।,1.6177198025361404e-117,9.520934783802911e-110,5.0770261664506465e-213
उसके  पास  से  कुछ  सर्जिकल  ब्लेड  बरामद  हुए  थे ।,2.5659351826301645e-31,5.47217242945116e-29,7.454143339178176e-67
"मामले  में  तत्कालीन  तहसीलदार  रमेश  वर्मा , पटवारी  जसवीर  सिंह , हाकम  सिंह  निवासी  भड़ी , दीदार  सिंह , जोगिंदरपाल  सिंह , सुरजीत  सिंह  निवासी  समाणा  खुर्द , मेवा  सिंह  निवासी  भोले  कालेवाल , सुच्चा  सिंह  संतोखगढ़  टप्परियां , अमर  सिंह  निवासी  ठौणा  और  कंडी  फ्रेंड्स  एजुकेशनल  ट्रस्ट  के  स्व .",0.0,0.0,0.0
उनके  समर्थन  के  बिना  यह  संभव  नहीं  था .,1.768795733141766e-25,1.8560909564742648e-23,3.0306778152747018e-61
"इस  साइट  पर  मेरे  अन्य  लेख  भी  देखें , और  मेरे  अनुसरण  करने  से  न  चूकें  फेसबुक  पर  ग्रुप  साथ  ही  मेरे  बाइनरी  विकल्प  रणनीति  फैनपेज !",5.542080270868421e-126,1.4119886533262474e-120,4.412370013616972e-183
अगर  वे  भाजपा) वोट  खरीदना  चाहते  हैं  तो  पैसे  ले  लों  और  वोट  टीएमसी  के  लिए  करो । ',5.050631500653858e-72,7.89957655979569e-68,2.3644127149693127e-122
"डिजिटल  डेस्क , नागपुर ।",5.51082780421622e-33,4.654800059557657e-32,2.943088980824003e-48
इसमें  अनियमितताएं  पाई  गई  थीं ।,3.5798616445743603e-19,1.4635756435245697e-17,1.6033050940201317e-42
इस  मौके  कलक्टर  ने  टास्क  फोर्स  के  अधिकारियों  के  साथ  बैठक  कर  अभियान  के  दौरान  हुए  कार्यों  की  समीक्षा  की ।,7.357534302224836e-61,7.084436003084929e-57,1.1514005141668318e-133
मुरादाबाद  डिपो  और  पीतलनगरी  डिपो  पर  सबसे  ज्यादा  भीड़  दोपहर  11 बजे  से  साढ़े  तीन  बजे  तक  रही ।,7.305095289809774e-68,2.337959927294153e-63,8.613273335868583e-122
सेवा  का  निजी  प्रबंधक  2 पहलुओं  के  दो  गुना  और  बहुत  ईर्ष्यापूर्ण  है ।,3.8315897119729705e-57,1.6971442800437087e-54,7.616612280287786e-91
बाजार  में  खरीदारी  के  लिए  आने  वालों  को  ई  रिक्शा  की  सुविधा  देने  की  भी  नगर  निगम  तैयारी  कर  रहा  है ।,1.882400021692532e-60,3.090192669061071e-56,3.1997345812914553e-139
मान्यता  है  कि  रात  के  समय  पूजा  करने  से  देवी - देवताओं  की  निद्रा  बाधित  हो  जाती  है ।,7.386560716113097e-57,2.7301124196544126e-53,3.841441512385486e-121
"संक्रमण , चोट , रिएक्शन , सूजन , जलन  आदि  के  कारण  भी  दर्द  हो  सकता  है ।",1.612259000623189e-122,1.8823866668933555e-120,2.271150907683774e-162
इस  बार  कुंभ  मेले  के  दौरान  किसी  भी  स्थान  पर  संगठित  रूप  से  भजन  एवं  भंडारे  की  अनुमति  नहीं  होगी ।,3.6341481192034905e-64,1.1735074660063732e-59,9.276356188303906e-134
बढ़ती  रिश्वत  खोरी  के  मामले  को  लेकर  पुलिस  आयुक्त  ने  कहा  का  डिफॉल्टर  पुलिस  कर्मचारियों  की  सूची  तैयार  की  गई  है ।,1.079093385232194e-69,1.1118408608276346e-65,2.2325007130358215e-139
1 .,2.2320193542595287e-05,0.0001020261242910294,1.3259746062343289e-18
"पेंशनरों  को  सूचित  किया  गया  कि  जो  पेंशनर  आयकर  के  दायरे  में  आते  हैं  वे  इस  वर्ष  में  की  गई  अपनी  बचत  का  ब्यौरा  कोषागार  कार्यालय  में  नोट  करवाएं , ताकि  उनसे  आयकर  अधिक  कटौती  न  हो ।",4.870347488980884e-154,4.5775412809539836e-147,2.4610802561696174e-249
योजना  के  तहत  कॉलेज  में  इन  नए  कक्षों  के  निर्माण  पर  70 लाख  रुपए  खर्च  होंगे ।,3.8597055804893176e-54,2.5771887895586016e-50,1.4277602595237014e-109
नई  दिल्ली| प्रधानमंत्री  नरेंद्र  मोदी  अंतर्राष्ट्रीय  महिला  दिवस  पर  रविवार  को  यहां  नारी  शक्ति  पुरस्कार  विजेताओं  के  साथ  संवाद  करेंगे ।,8.657568104052387e-68,1.2066095127577362e-62,8.092451011246541e-134
बेहतर  होता  वे  दोनों  मसलों  के  अलग  अलग  रखते ।,6.723429540258125e-39,2.126904512661243e-36,6.098879081750006e-67
दिल  से  सबको  प्यार  और  सेहत ।,1.6232441907574242e-28,6.430893735402535e-27,1.1908024919732103e-48
डाक  कर्मियों  ने  आरोपियों  की  गिरफ्तारी  और  कड़ी  कार्रवाई  की  मांग  की  है ।,5.8622546454311365e-39,3.148065894110892e-36,8.865754232358119e-91
फिर  दिन  या  रात  के  वक्त  टारगेट  किए  आलीशान  सूने  घरों  व  दुकानों  में  चोरी  की  वारदात  को  अंजाम  देकर  वापस  अजमेर  भाग  जाते  है ।,8.360413662752816e-98,3.473519228016566e-92,5.280165279287907e-164
बिलासपुर  नईदुनिया  प्रतिनिधि) । N,2.3990833689348236e-21,7.864836827971124e-20,2.6165699696839385e-37
इसलिए  सेक्‍ स  के  दौरान  सहभागियों  को  सेक्‍ स  के  अलावा  किसी  अन्‍ य  विषय  के  बारे  में  सोचने  से  बचना  चाहिए ।,9.38980156272546e-80,6.583105082387985e-75,4.627729246044559e-146
जल  प्रदान  करनेवाला  के  अर्थ  में  बादल  के  कई  नाम  है  जैसे  वारिधर  यानी  पानी  को  धारण  करनेवाला ।,2.3645915205547928e-80,1.502420658529902e-76,8.206923393830206e-122
बिछिया  से  लेकर  मंगतखेड़ा  तक  वाहनों  की  लंबी - लंबी  कतारें  लगी  रही ।,2.126382016419291e-53,2.0840721849262052e-50,2.606820329735375e-91
वहीं  सोपोर  में  पथराव  के  दौरान  पत्थर  एक  सीधे  व्यक्ति  की  आँख  में  जाकर  लगा .,2.453989636539128e-63,5.910089548617595e-60,6.851228664118858e-104
आरएलडी  के  कद्दावर  नेता  रहे  मुन्ना  सिंह . . .,4.664469705907726e-36,6.658994155721565e-34,2.975646278080296e-67
अमेरिकी  राष्‍ ट्रपति  डोनाल्‍ ड  ट्रंप  द्वारा  वहां  कंपनियों  को  निवेश  एवं  रोजगार  बढ़ाने  के  लिए  टैक्‍ स  दरों  में  भारी  कमी  के  बाद  अब  चीन  ने  भी  विदेशी  इन्‍ वेस्‍ टर्स  को  लुभाने  और  अपने  साथ  जोड़ने  के  लिए  हर  संभव  कोशिश  शुरू  कर  दी  गई  है ।,4.4541242545988973e-159,1.611347297728535e-148,1.6683288841228042e-303
16 पटना  बिहार  विधानसभा  चुनाव  में  नीतीश  कुमार  को  मुख्यमंत्री  का  चेहरा  बनाए  जाने  को  लेकर  अटकलें  लगाई  जा  रही  है ।,7.0703689283737e-61,5.476197435620151e-56,1.9075783419224704e-139
बीएसएफ  का  आठ  मंजिला  मुख्यालय  लोधी  रोड  पर  सीजीओ  कॉम्प्लेक्स  में  स्थित  है .,7.837786206874011e-56,8.01270485712617e-53,1.301072080057642e-91
साथ  ही  प्रारंभिक  परीक्षा  के  प्रवेश  पत्र  16 जनवरी  तक  डाउनलोड  किए  जा  सकेंगे .,2.2717827443345668e-48,1.133058724333658e-44,8.134688606848134e-98
कार्यक्रम  के  दूसरे  चरण  में  मुंशी  प्रेमचंद  की  कहानी  नरक  के  द्वार  पर  भानुप्रताप  तिवारी  ने  एकल  अभिनय  कर  समाज  में  व्याप्त  लिंग  भेद  की  कुरीती  पर  कटाक्ष  किया ।,5.345900209780293e-119,2.505740517831707e-113,8.030794697993178e-189
"हालांकि , सुबह  सर्द  मौसम  से  ठिठुरन  बनी  हुई  थी ।",2.177055259639316e-53,3.8785179572163627e-51,9.771366903265997e-85
यह  लंबे  समय  से  नकली  घी  के  कारोबार  को  चला  रहा  है ।,1.8688451489282074e-36,7.853568505206246e-34,1.374289662389979e-84
उन्होंने  कहा  कि  ग्रामीणों  को  भयभीत  होने  की  जरूरत  नहीं  है ।,3.034467226620834e-26,4.962618972740501e-24,2.3706871068593127e-78
"भारत  में  केंद्रीय  स्वास्थ्य  एवं  परिवार  कल्याण  मंत्रालय  की  ओर  से  शनिवार  को  जारी  आंकड़ों  के  मुताबिक  संक्रमितों  की  कुल  संख्या  अब  64 , 73 , 545 हो  गई  है ।",2.4105104754800585e-121,1.0030015981950284e-115,6.740401592857366e-218
हत्या  की  खबर  फैलते  ही  तमाम  व्यापारी  राजकीय  मेडिकल  कॉलेज  पहुंच  गए ।,3.1533244296833645e-44,5.342473050295e-41,3.427705941027893e-85
इसके  परिणामस्वरूप  रीढ़  की  हड्डी  हमेशा  के  लिए  कार्य  करना  बंद  कर  देती  है  या  फिर  इसमें  अकड़न  रह  जाती  है ।,7.20462874055259e-70,1.901074617394845e-65,2.8893566591653452e-139
इसके  दो  सिर  और  चार  आंखें  हैं ।,3.9195872116290696e-27,2.189848424888659e-25,1.9642258785629454e-54
मेलाधिकारी  अरविंद  कुमार  द्विवेदी  ने  बताया  कि  सदर  बाजार  के  बराबर  से  ही  120 फुट  चौड़े  वीआईपी  रोड  का  निर्माण  होगा ।,2.2161360865410156e-77,1.4250072046183952e-72,6.277678302039104e-140
पंजाब  के  मुख्यमंत्री  प्रकाश  सिंह  बादल  ने  कहा  है  कि  वह  राज्य  विधानसभा  चुनाव  में  लोगों  के  फैसले  को  मंजूर  करते  हैं ।,7.733203052175563e-57,2.148929541938149e-52,1.2963672070650014e-145
रिलायंस  जियो  के  टेलीकॉम  सेक्टर  में  उतरने  के  बाद  अन्य  टेलीकॉम  कंपनियों  के  सामने  अपने  ग्राहक  बचाए  रखने  की  चुनौती  अभी  भी  बनी  हुई  है ।,1.6831913766492678e-84,5.7501413910738e-79,7.254124274892173e-164
इस  संबंध  में  लीड  कालेज  के  प्राचार्य  डा .,2.611799518738111e-26,2.712969601752189e-24,3.783843784716125e-61
पलजोर  ने  बताया  कि  मातृ  मृत्यु  दर  को  कम  करने  के  उद्देश्य  से  नौ  अगस्त  से  प्रधानमंत्री  सुरक्षित  मातृत्व  अभियान  चलाया  जा  रहा  है ।,8.721494249383483e-75,1.0890730813062863e-69,1.4092694306271244e-157
"वॉट्सएप , फेसबुक , ऐपल  और  गूगल  के  बाद  आखिरकार  माइक्रोसॉफ्ट  ने  भी  अपने  प्लेटफॉर्म  से  गन  का  इमोजी  हटा  लिया  है ।",7.1226345831504904e-118,2.6778025409155003e-114,3.3843853628589966e-169
जोकि  सोशल  मीडिया  पर  खूब  वायरल  हो  रहा .,1.5470438920064395e-25,2.813230330057073e-23,2.9862222882486565e-61
ाष्ट्रपति  पद  की  शपथ  लेने  के  तीसरे  दिन  बाइडन  ने  अमेरिकियों  के  लिए  बचाव  योजना’ की  घोषणा  की ।,6.268534307515691e-68,2.5648960976924766e-64,1.659063240612731e-121
इसमें  कहा  गया  है  कि  धर्मस्‍ थलों  को  खोलने  से  पहले  प्रशासन  और  पुलिस  अधिकारी  उनके  प्रबंधन  से  जुड़ें  लोगों  से  संवाद  करते  हुए  उन्‍ हें  सभी  सावधानियां  बरतने  की  जानकारी  देंगे ।,1.7712363860605462e-110,1.190107109337184e-103,7.939857271168882e-207
"धार्मिक  मान्यताओं  के  अनुसार , सूतक  के  समय  को  अशुभ  मूहुर्त  माना  जाता  है .",2.2152031017015155e-67,8.269792892334271e-65,2.0120311558516988e-109
उनके  बाद  करुण  नायर  और  मनीष  पांडे  भी  क्रमशः  18 और  13 रन  बनाकार  चलते  बने ।,3.587912142621415e-69,3.840888254851649e-65,1.2873408415181637e-109
उनके  साथ  मिशेल  सैंटनर  आठ  रन  बनाकर  नाबाद  हैं ।,1.2553363116826825e-34,3.4539688273758925e-32,1.101506485959828e-66
"जिनके  बीच  वन  नाइट  स्टैंड  होता  है , मगर  उसके  बाद  इन  दोनों  क  जिंदगी  में  काफी  उलटफेर  शुरू  हो  जाते  है ।",8.538946395871568e-97,6.505374306363029e-92,1.8235587750911433e-157
इसके  अलावा  वहां  और  भी  कई  तरीकों  से  अत्याचार  किए  जाते  हैं ।,2.2736238737649934e-37,1.5426748149005351e-34,6.986361429004769e-85
प्रिंस  मोहम्मद  ने  डिप्टी  किंग  के  फरमान  को  23 फरवरी  को  हस्ताक्षरित  किया  था .,3.099227808014434e-57,4.4643433417868185e-54,7.983729571800527e-98
लेकिन  अब  आधुनिक  टेक्‍ नोलॉजी  की  वजह  से  दुनियाभर  में  कई  महिलाएं  सी - सेक्‍ शन  के  द्वारा  ही  शिशु  को  जन्‍ म  दे  रही  हैं ।,2.3619553034318737e-92,9.487987472494088e-87,3.0058579246818348e-170
"अस्थाना  ने  कहा , मैं  ज्यादा  सूचनाएं  साझा  नहीं  कर  सकता , क्योंकि  यह  महत्वपूर्ण  जांच  है ।",3.9107177681798756e-95,5.16253289095894e-92,9.611686748922505e-139
"इस  जहाज  को  किसने  मार  गिराया  था , यह  अब  तक  साबित  नहीं  हो  सका  है , लेकिन  कुछ  लोग  इसके  लिए  रवांडा  के  हूतू  चरमपंथियों  को  जिम्मेदार  ठहराते  हैं  जबकि  कुछ  का  मानना  है  कि  रवांडा  पैट्रिएक  फ्रंट  आरपीएफ) ने  ये  काम  किया  था ।",1.9170980156736313e-194,4.532359106602997e-186,1.34791539492691e-309
"मुख्यमंत्री  शिवराजसिंह  चौहान  ने  कहा  कि  विकास  के  साथ  ही  प्रदेशवासियों  के  जीवन  में  खुशियाँ  आयें , इस  दिशा  में  प्रदेश  सरकार  ने  हैपीनेस  मिनिस्ट्री  शुरू  करने  का  निर्णय  लिया  है ।",5.475537274643767e-111,1.296111914655749e-105,6.148920239211572e-212
शरद  पवार  इस  गठबंधन  की  सरकार  बनाने  कोशिश  कर  रहे  थे .,8.177319464905396e-36,4.532223404477574e-33,1.6753091491912682e-79
और  टकराव  कैसे  टालें  की  जीवन  क्लेश  रहित  हो  जाए ।,2.6201069869255463e-48,3.764569114629368e-46,5.076630137070742e-73
"अंतिम  रिपोर्ट  में  कहा  गया  है , अंसल  ने  हालांकि  14 अगस्त  2017 को  अपना  पासपोर्ट  जमा  कर  दिया  क्योंकि  वह  जानता  था  कि  उसके  खिलाफ  प्रतिकूल  आदेश  पारित  किया  जा  सकता  है ।",3.992916416511187e-118,4.543130785415304e-111,2.6063119454186597e-224
लोगों  का  प्रवेश  दरगाह  में  वर्जित  रहेगा .,6.541476339431662e-30,3.8665378890798717e-28,3.5098680490795634e-55
अमेरिका  के  राष्ट्रपति  डोनाल्ड  ट्रंप  ने  मंगलवार  को  कहा  कि  होंडुरास  से  अमेरिका  की  ओर  बढ़  रहे  हजारों  शरणार्थियों  के  काफिले  में  आतंकवादी  भी  शामिल  हो  सकते  हैं ।,1.538968540536604e-85,6.5774620991784026e-80,2.579172838149803e-182
शनि  को  मनाने  के  लिए  शनि  प्रदोष  व्रत  बहुत  फलदायी  है ।,1.3935555141968214e-41,5.937353363801237e-39,2.118184525823274e-78
वह  घर  पर  ही  था ।,1.2821420856838519e-12,2.1247081225230517e-11,2.0898358636036717e-42
फिल्म  के  प्रोमो  में  दिखाए  गए  चरित्र  एकदम  आम  जिंदगी  से  लगते  हैं ।,7.258157396688387e-52,6.216974128763297e-49,4.4348094417674437e-91
सेना  नियंत्रण  रेखा  पर  पाकिस्तानी  गोलाबारी  का  जवाब  देने  में  एक  सूझ  बूझ  भरी  रणनीति  के  तहत  काम  कर  रही  है . A,6.615524756903287e-78,4.91457719301545e-73,9.723609009961962e-147
सोहन  लाल  द्विवेदी  की  कविताओं  में  वो  भाव  हुआ  करते  थे  जिनके  हरिवंशराय  बच्चन’ भी  कायल  हो  जाते  थे ।,1.2099158676835118e-80,2.8063139153883945e-76,7.631092079577197e-128
फिल्म  100 करोड़  क्लब  में  शामिल  होगी  या  नहीं ?,8.263568144100967e-33,3.703954955253462e-30,9.655501850411632e-68
"फोटो  से  पता  चल  रहा  है  कि  जब  यह  फोटो  क्लिक  की  जा  रही  थी , उन्हें  इस  बात  का  बिल्कुल  भी  नहीं  पता  था  कि  वह  भी  कैमरे  में  कैद  हो  रहे  हैं .",1.6570453107045533e-106,3.837439538399724e-100,4.509213226784989e-231
बीआरए  बिहार  विश्वविद्यालय  में  स्नातक  में  एडमिशन  को  लेकर  आठ  सितंबर  को  होने  वाली  प्रवेश  परीक्षा  स्थगित  कर  दी  गई  है ।,8.85503190840705e-66,5.0858654844836185e-61,1.801329484986765e-139
एक  सप्ताह  तक  हुई  मूसलाधार  बारिश  से  चेन्नई  व  चेन्नई  के  अन्य  इलाके  व  आंध्र  प्रदेश  पानी - पानी  हो  गया ।,4.888272109804458e-75,4.097790104333856e-70,5.761448884708403e-140
लेकिन  जब  रणवीर  सिंह  से  इस  बारे  में  पूछा  गया  तो  उन्होनें  इस  मामले  में  चुप्पी  साध  ली ।,3.8501683428480264e-55,4.3256000027205956e-51,1.0954530670288665e-121
बाड़मेर .,1.2321797662042872e-08,5.951949627299362e-08,1.3089172796133681e-18
लॉकडाउन  को  लेकर  गैस  की  बुकिंग  में  रोजाना  20 - 30 प्रतिशत  इजाफा  होने  से  गैस  एजेंसियों  पर  बैकलॉग  इन  दिनों  46 हजार  का  आंकड़ा  पार  कर  गया  है ।,2.5279026587720567e-102,4.812924324568262e-96,3.069672908146335e-188
"UK Board class 12 th Results 2019 उत्तराखंड  बोर्ड  ऑफ  स्कूल  एजुकेशन  यूबीएसई) ने  कक्षा  12 वीं  बोर्ड  के  परीक्षा  आज  यानी  30 मई , 2019 को  जारी  कर  दिए  हैं ।",1.448359526949208e-134,3.327393271346864e-127,1.2495520129626004e-212
आज  विधान  भवन  सहित  आसपास  के  क्षेत्रों  में  रंग  खेला  गया ।,1.2407876496778637e-38,8.439140963243179e-36,4.9292047445336634e-79
जिसके  बाद  अक्षय  ने  अपनी  शादीशुदा  लाइफ  और  परिवार  को  बचाने  के  लिए  प्रियंका  के  साथ  कभी  काम  न  करने  की  कसम  खाई  थी ।,9.270994489045655e-75,1.4014785897142288e-69,6.963516817319712e-158
महात्मा  गांधी  को  भारत  रत्न  देने  संबंधी  ये  याचिका  ऐसे  समय  पर  दायर  की  गई  थी  जब  वैचारिक  रूप  से  उनके  खिलाफ  रहे  वीडी  सावरकर  को  भारत  रत्न  देने  की  मांग  भी  उठ  रही  है ।,3.423171019044298e-117,1.5622257021974044e-109,8.468163640841267e-225
"इस  पर  रश्मि  ने  सही  जवाब  दिया , लेकिन  अमिताभ  अभिषेक  की  आवाज  नहीं  पहचान  पाए .",1.053183623485278e-78,2.158699544170966e-75,9.557972511439644e-122
विकास  के  नाम  पर  लोगों  को  ठगती  रहीं ।,7.854676868181751e-28,3.560828796468307e-26,8.89748428015302e-61
प्रापर्टी  डीलर  के  स्वजन  ने  बताया  कि  एक  बदमाश  ने  मास्क  के  साथ  हेलमेट  पहना  हुआ  था ।,3.3585118807664244e-55,1.513181217332362e-51,2.440416496036294e-115
एक्सपर्ट  ने  माना  है  कि  यह  बच्चों  समेत  युवाओं  के  लिए  भी  घातक  है ।,8.67017103439066e-45,5.192406476969652e-42,1.592169147227855e-96
साइबर  सेल  की  टीम  ने  उसे  नोएडा  से  गिरफ्तार  किया  है .,4.307268643605916e-32,1.2487188276972429e-29,2.413608809159627e-79
हेशाम  शरफ़  ने  ट्रम्प  के  व्यवहार  को  राष्ट्रपति  चुनाव  के  प्रचार  के  दौरान  दिए  गए  उनके  वादों  से  विरोधाभासी  बताते  हुए  कहा  कि  ट्रम्प  ने  अपने  प्रचार  के  दौरान  सऊदियों  पर  हमला  करते  हुए  उन्हें  11 सितंबर  2001 की  घटना  का  ज़िम्मेदार  कहा  था ।,1.1236654415102102e-158,4.149384610879614e-150,6.164186868689784e-280
यही  अमरता  होगी .,1.843118418180566e-16,1.817782017520427e-15,8.546536713071378e-31
यद्यापि  मुस्कान  उसके  चेहरे  से  कोसों  दूर  जा  चुकी  थी ।,7.45962181705989e-42,2.8329815580883056e-39,5.765928861944381e-73
शेयर  बाजार  में  शाम  के  पहर  तक  बीएसई  हेल्थकेयर  198 अंकों  की  बढत  के  साथ  बंद  हुआ  है ।,3.816802163886463e-69,2.003676326826936e-65,3.5607761896295327e-121
इस  तरह  वे  छोटे - छोटे  से  साधन  से  आगे  बढ़ने  और  काम  करते  रहने  के  लिए  प्रोत्साहित  करते  हैं ।,7.153346809971931e-59,1.435832909373985e-54,2.389281200277942e-133
इस  दौरान  वे  दिल्ली  में  थे ।,2.5103682059814153e-15,7.511541743275561e-14,1.9604881027714266e-48
आलू  में  भरपूर  मात्रा  में  फाइबर  की  मात्रा  होती  है .,1.0713931441809346e-34,2.2389959353152608e-32,2.6753069665295804e-73
संभव  है  कि  किसी  में  अहंकार  अधिक  हो ।,3.079364719225935e-29,1.3788188511885103e-27,1.1025736613870083e-60
वक्रोक्तिजीवित  में  वक्रोक्ति  को  ही  काव्य  की  आत्मा  माना  गया  है  जिसका  और  आचार्यों  ने  खंडन  किया  है ।,9.055251890409298e-76,1.1092039813599117e-72,3.452895875013682e-121
- चलते  वाहनों  से  चोरी  और  चालकों  के  साथ  वारदात  के  प्रयास  ने  बढ़ाई  चिंता  शाजापुर  नईदुनिया  प्रतिनिधि) ।,2.332126198737613e-71,1.830821318761353e-67,1.1093963078623341e-121
"लेकिन  भारत  की  राजनीति  में  ज्‍ योति  बासु  के  समय  में  एक  दौर  ऐसा  भी  था , जब  कुछ  राज्यों  में  लेफ्ट  विचार  धारा  वाली  पार्टियों  का  बोलबाला  था ।",9.112003244948917e-121,4.060835698259169e-115,1.7425273462215937e-200
ऐसे  में  मेकर्स  चाहते  हैं  कि  फिल्म  की  टीज़र  या  फर्स्ट  लुक  के  पहले  सलमान  का  कोई  भी  लुक  सामने  आकर  फिल्म  की  एक्साइटमेंट  ना  खराब  कर  दे ।,4.620569976744361e-105,3.3543086291065822e-99,1.0758507074010786e-182
इस  दौरान  उम्मीदवारों  के  चयन  के  लिए  उम्र  की  सीमा  तय  करने  को  लेकर  चर्चा  हुई ।,1.0259843573595925e-44,2.6063387766016564e-41,3.7530156032738143e-109
खजूरबानी  पहले  जैसा  नहीं  रह  गया  है ।,4.7391507945066954e-26,1.7865826153353528e-24,3.621838363171111e-54
इसे  साल  2013 में  यूनेस्को  विश्व  विरासत  स्थल  घोषित  किया  गया  था ।,7.709224172513233e-41,9.701402980022957e-38,5.181790959650985e-85
अगर  शरीर  में  कार्ब्स  जमा  है  तो  लिवर  किटोन  का  उत्पादन  करता  है .,8.660194785401432e-52,4.2056438583054e-49,1.4773617437742158e-91
जनपद  में  विधानसभा  चुनाव  2017 की  घोषणा  होते  ही  सियायतदां  एक - दूसरे  के  खिलाफ  बयानबाजी  करने  लगे  हैं ।,1.0970516898582942e-60,1.1357192200075553e-56,1.3289477061069534e-127
डेंगू  संदिग्ध  महिला  का  नाम  तारा  अख्तर  49 पति  कृष्ण  कुमार  अख्तर  बताया  गया  है ।,1.7360601836844022e-63,3.4816429545484836e-60,6.239540512749347e-103
आज  दस  जनपथ  पर  कांग्रेस  अध्यक्ष  सोनिया  गांधी  की  अध्यक्षता  में  पार्टी  कार्यसमिति  की  बैठक  में  राहुल  गांधी  को  कांग्रेसअध्यक्ष  बनाने  पर  मुहर  लगा  दी  गयी .,1.3368818074657793e-86,9.181037110679632e-81,5.479830308222105e-171
तैमूर  खिड़की  साफ  कर  रहा  होता  है .,4.696691178556977e-26,2.4378274219286607e-24,5.525875361759038e-55
आज  अगर  मैं  स्कूलों  में  भोजपुरी  को  पढ़ाना  चाहूं  तो  नहीं  कर  सकता  क्योंकि  वह  संविधान  की  अनुसूची  में  नहीं  है ।,2.8568862118557754e-74,5.517393750720145e-70,1.5203306033469594e-139
भारत  ने  मैदान  पर  आते  ही  सबसे  अधिक  जोर  फिटनेस  पर  दिया ।,3.160642164400618e-40,1.7759505444628954e-37,3.613420847726553e-85
उन्होंने  यह  साफ़  तौर  पर  कहा  था  कि  सरकार  द्वारा  इस  व्यवस्था  के  लिए  किसी  भी  प्रकार  का  कोई  अतिरिक्त  फण्ड  प्रदान  नहीं  किया  जायेगा .,5.421089737078861e-72,7.247408396746511e-67,1.6407409106245064e-164
"गावस्कर  ने  ' स्पोर्ट्स  तक ' से  कहा , ' जिस  तरह  से  पाकिस्तान  और  न्यूजीलैंड  के  गेंदबाजों  ने  हमारे  बल्लेबाजों  पर  अंकुश  लगाया , उन्हें  खुलकर  नहीं  खेलने  दिया , यही  मुख्य  कारण  था  कि  भारत  आगे  नहीं  बढ़  पाया ।",1.3330363576241725e-197,8.507360482050839e-190,2.0441707257459493e-297
अधिकांशतः  समय  की  कमी  का  बहाना  कर  लोग  शारीरिक  क्रियाकलापों  से  दूर  भागते  हैं ।,5.236481003845343e-57,7.186720159188972e-54,3.533857821362667e-97
नौकरशाही  के  संगठन  के  स्वरूप; प्रक्रिया  दृष्टिकोण  आदि  पर  सम्बन्धित  देश  और  काल  का  महत्वपूर्ण  प्रभाव  पड़ता  है ।,1.965371813238673e-77,7.74245199393727e-74,2.473548615497454e-121
"मौसम  विशेषज्ञों  के  अनुसार , नवंबर  15 को  घने  कोहरे  की  उम्मीद  है ।",1.3243064559227228e-61,4.433872049828901e-59,1.3059445911741085e-102
सैंपल  वाले  व्यक्तियों  को  क्वारंटीन  किया  जा  रहा  है ।,2.2718729427403765e-27,2.7128251979261144e-25,2.7148051750772445e-66
इससे  लगातार  घरेलू  गैस  सिलेंडरों  की  कालाबाजारी  की  बात  भी  सामने  आ  रही  थी ।,5.788739083904001e-45,1.5141510651024167e-41,2.788829383280775e-97
परिवार  के  लोग  रोडू  के  बारे  में  थाने  में  आए  थे ।,5.916220836087462e-34,8.64290576292281e-32,5.557279736136827e-79
विरोध  को  देख  अफसरों  ने  कंटेनर  को  सील  कर  जब्त  कर  दिया  है ।,1.2332163791342942e-42,7.79401544241774e-40,9.240498186401019e-91
हाल  में  ही  फिल्म  वीरे  दी  वेडिंग’ में  करीना  कपूर  ने  अपनी  मम्मी  के  गाउन  को  री - डिजाइन  करके  पहनती  है ।,9.899634745224803e-85,5.159083786878929e-80,1.0807265118375337e-145
न्यास  ने  इस  भूमि  को  मंदिर  के  निर्माण  के  उद्देश्य  से  लिया  था ।,1.7604660009769333e-40,7.110413388772866e-38,3.4609647029042063e-91
उन्‍ होंने  यह  भी  निर्णय  कर  लिया  कि  फिल्‍ म  का  निर्देशन  रंजीत  तिवारी  करेंगे ।,1.9815996399506765e-53,1.2018313552599116e-49,1.7543513659643996e-103
"1999 में , SRK ने  अभिनेत्री  जूही  चावला  और  निर्देशक  अज़ीज़  मिर्ज़ा  के  साथ  प्रोडक्शन  हाउस , ड्रीमज़  अनलिमिटेड  की  स्थापना  करके  एक  नई  भूमिका  में  कदम  रखा .",7.770511244779234e-148,2.5233740434422575e-142,1.0150862436475262e-206
दो  बार  उन  लोगों  ने  आत्मसमर्पण  का  वादा  किया  लेकिन  फिर  पलट  गये ।,1.7676698555136482e-46,2.7157630622703555e-43,2.665380760034865e-91
वे  भूल  जातीं  थीं  कि  उन्हें  तीव्रता  से  नहीं  उठना  है ।,6.807961386077686e-45,2.219485581897323e-42,1.2283143371039829e-78
उन्होंने  दुकानदारों  से  मिलावटी  खाद्य  पदार्थ  की  बिक्री  न  करने  की  अपील  की ।,3.1754588967528612e-43,2.8227498765394354e-40,3.5154167783558945e-91
पश्चिम  बंगाल  चुनावों  के  लिए  तृणमूल  कांग्रेस  ने  नया  चुनावी  नारा  ' बांग्ला  नीजेर  मेय  के  ई  चाए ' जारी  किया  है ।,1.6714912836686467e-86,1.1513492719422748e-81,2.0709376253309692e-145
"अगर  आपको  अंडे  खाना  पसंद  है , तो  जरूर  इनका  सेवन  नियमित  करें , क्योंकि  अंडे  में  तमाम  पोषक  तत्व  पाए  जाते  हैं , जो  शरीर  के  लिए  आवश्यक  होते  हैं ।",3.7541819322175565e-161,7.334036794186786e-155,5.851961973923305e-236
सिंधिया  को  पार्टी  चेहरा  घोषित  करती  है  तो  कांग्रेस  की  सत्ता  वापसी  तय  है ।,5.955873018044604e-50,8.402482999008151e-47,6.53840733214496e-97
"वहीं  से  रास्ता  खुलता  है , पुलिस  हाउसिंग  कॉलोनी  जाने  का .",3.991116536892635e-61,1.0056987441564314e-58,2.388759454822693e-91
गढ़वाल  स्पोर्टिंग  एफसी  की  ओर  से  शुभम  ने  61 वें  मिनट  में  मात्र  एक  गोल  किया ।,1.5547349341301928e-61,5.246487389928375e-58,1.6197207474093794e-109
इस  दौरान  इनका  हाथ  में  चोट  लगी  थी ।,6.86537757695921e-25,8.646341118371532e-23,1.247398563800001e-60
ढाका  बांग्लादेश  की  राजधानी  ढाका  में  ग्रामीण  विकास  मंत्री  ताज - उल  इसलाम  मंत्री  को  निशाना  बनाकर  किये  गये  बम  विस्फोट  में  दो  पुलसकर्मी  घायल  हो  गये .,2.638112512398165e-107,4.9410804779791497e-101,4.007750013815053e-177
इस  अवसर  पर  दीपों  की  रोशनी  से  पूरे  सूर्यकुंड  परिसर  को  रोशन  किया  गया  तो  दर्शन  को  भक्तों  की  भीड़  उमड़  पड़ी ।,1.040920991188108e-79,4.1262684352170713e-75,5.199422227371107e-146
दीवारों  पर  पेंट्स  के  स्थान  पर  इस  बार  रॉयल  प्ले  के  नाम  से  प्रोडेक्ट  निकाला  गया  है  जो  मेटेलिक  व  नान  मेटेलिक  में  उपलब्ध  है ।,2.1820921068982616e-98,5.244956137711565e-94,7.3177033192734e-164
राष्ट्रपति  की  सुरक्षा  के  लिए  15 सौ  से  अधिक  पुलिस  जवान  के  साथ - साथ  30 से  अधिक  आईपीएस  अधिकारी  तैनात  हैं ।,2.915544251915417e-65,1.0867530832287387e-60,1.5996008865434582e-145
सैडलर  ने  गुरुकुल  का  खूब  गहरा  अवलोकन  करने  के  बाद  कहा  था - मातृभाषा  के  माध्यम  से  उच्च  शिक्षा  देने  के  परीक्षण  में  गुरुकुल  को  अभूतपूर्व  सफलता  प्राप्त  हुई  है ।,1.708208571651661e-111,8.857724331244018e-106,2.886054286153415e-194
इसलिये  जिले  में  अपराध  कंट्रोल  करने  में  पुलिस  की  मदद  करना  पहला  कर्तव्य  है ।,1.476900721848865e-48,1.593745102603739e-45,6.755767917077435e-97
महोत्सव  30 दिसंबर  से  12 जनवरी  तक  होगा ।,1.1609530272717574e-29,1.694163549496331e-27,8.21659623652829e-61
फिल्म  इंडस्ट्री  में  सभी  सीनियर  एक्टर्स  में  वही  हैं  जो  सबसे  फिट  एंड  फाइन  हैं  और  अपनी  उम्र  से  काफी  यंग  नजर  आते  हैं .,6.011046765968399e-87,1.8497246021908782e-81,1.0086183618288115e-158
डा .,3.5309856330769935e-05,0.000167360877306291,1.345468720657342e-18
जब  कोई  उनको  इसके  लिए  टोकता  था  तो  वो  ख़ुद  को  जस्टिफाई  करने  लगते  थे ।,1.2162498325782396e-58,4.26095750164187e-55,1.98595629355367e-103
इसको  1 मिनट  तक  छोड़ने  के  बाद  ठंडे  पानी  से  धो  लें ।,1.267424387548271e-42,1.5000735229026138e-39,4.0610583008346734e-85
अंकशास्त्र  में  3 नंबर  बृहस्पति  का  होता  है ।,1.1294239341606078e-33,5.867907922675121e-32,2.520429947836723e-60
इनको  अदिति  का  अवतार  भी  माना  जाता  है ।,1.408346224577868e-29,1.0677570761824575e-27,2.6322363419838287e-60
rs . g,5.274371705658689e-17,4.556176120547026e-16,4.0775544883352586e-25
इसका  प्रयोग  करने  के  लिए  खीरे  की  स्‍ लाइस  काट  कर  चेहरे  पर  लगा  लें  और  फिर  15 - 20 मिनट  तक  रखें ।,8.943758521257161e-78,1.7064685395408636e-72,5.748089547700999e-152
"यदि  आप  लंबी  अवधि  में  महंगाई  से  निपटना  चाहते  हैं , तो  इक्विटी  म्यूचुअल  फंड  आपके  पोर्टफोलियो  का  एक  हिस्सा  होना  चाहिए ।",1.0671288963647711e-95,1.2822103830828322e-90,5.960049895462711e-158
हम  केवल  हेकेन  आसि  मोमबत्तियों  का  इस्तेमाल  करते  हैं  वह  महत्वपूर्ण  है ।,2.2002209150713384e-44,9.747677155413157e-42,1.0515534760790403e-84
जागरण  समूह  के  डायरेक्टर  संदीप  गुप्त  ने  कहा  कि  बरेली  के  रीडर्स  ने  दैनिक  जागरण  को  पहले  दिन  से  अपना  स्नेह  दिया  है  और  वह  आज  भी  बरकरार  है ।,6.445115527843201e-97,3.4445680236385597e-91,4.310563357816099e-188
सुबह  भगवान  का  विधि - विधान  से  पूजा - अर्चना  करने  के  बाद  महाप्रसाद  का  भोग  लगाया  गया ।,1.9714372006536307e-59,1.5980535792419695e-55,1.470877795499555e-121
बांध  के  ओवरफ्लो  से  यह  निश्चित  हो  गया  है  कि  अगले  दो  वर्षों  तक  गुजरात  में  पीने  और  सिंचाई  के  लिए  पानी  की  कोई  समस्या  नहीं  होगी ।,3.374200297907087e-84,8.230083194565387e-79,3.9752299613120995e-176
अपने  एयरपॉड्स  प्रो  की  सर्विस  कराने  के  लिए” आप  नजदीकी  ऐप्पल  के  ऑथराइज्ड  अधिकृत) सर्विस  प्रोइवडर  के  पास  जा  सकते  हैं ।,3.1744185430204894e-94,3.8153364961515737e-90,8.698644877499351e-140
"लेकिन , इसकी  लोकप्रियता  के  बावजूद , इस  तरह  के  कई  मैनीक्योर  अज्ञात  बनी  हुई  है ।",2.266562910429626e-87,6.48828741049227e-85,1.1635992385779599e-132
"जालंधर , जेएनएन ।",2.7813543683319142e-30,1.1869629362503122e-29,3.676278751586849e-42
मैं  धन  विरोधी  नहीं  हूं ।,8.937716918462082e-22,2.99079919888006e-20,1.5602442723017105e-42
करीब  1.73 लाख  कैंडिडेट्स  ने  इसके  लिए  पंजीकरण  कराया  था ।,2.2737489101850808e-37,7.17037039872023e-35,6.60295819075701e-73
"कृष्ण - सुदामा  से  लेकर  जय - वीरू  तक , दोस्ती  का  रिश्ता  पुरातनकाल  से  ही  सबसे  अनोखा  रिश्ता  रहा  है  और  बात  जब  सियासी  दोस्ती  की  हो  तब  तो  दोस्ती  देखते  ही  बनती  है ।",2.6385255780353752e-154,1.707582694033694e-147,1.2997796199314793e-236
"इसमें  777 व्यक्ति  सर्दी - खांसी , बुखार  लक्षण  वाले  मिले ।",5.270751410007089e-66,1.2537637889153114e-63,6.406712256567235e-91
साथ  ही  फोंडा  में  बडा  आंदोलन  कर  राज्य  एवं  केंद्र  शासन  से  हात  कातरो’ खम्भे  को  संरक्षित  स्मारक  घोषित  करने  की  जोरदार  मांग  की  गई  है ।,3.315830613054419e-101,6.356163549787545e-96,6.105718458504507e-170
नई  दिल्ली .,5.346953368782006e-06,4.228794455760448e-05,1.154261719350625e-24
26 सर्वोत्तम  प्रणालियों  में  १६० शब्द  प्रति  मिनट  से  अधिक  की  परिशुद्धता  को  पाया  गया  है ।,6.07998908794937e-66,8.681245944827612e-63,5.018991293923466e-109
फिर  मैंने  सलवार  सूट  पहन  लिया  और  फिर  मैं  किचन  में  आ  गयी . .,2.643412309991929e-50,8.993689044994135e-47,8.718582023547433e-98
उन्होंने  ने  बताया  कि  जनपद  को  इसके  लिए  50 करोड़  का  लक्ष्य  शासन  से  निर्धारित  किया  गया  है ।,6.844232982916673e-49,2.730702522116417e-45,5.910156640997556e-121
गृह  मंत्री  ने  कहा  कि  असम  का  डिटेंशन  सेंटर  एक  निंरतर  चलने  वाली  प्रक्रिया  के  तहत  बना  है ।,6.86761961741275e-63,4.716376174101328e-59,4.235008009228227e-121
शिकायतकर्ता  मो .,5.312480747632205e-12,4.487726822582496e-11,1.050256830333978e-24
जो  मुस्लिम  एक  सच्चा  देश  भक्त  है  आज  तक  जो  भी  फैसला  सुप्रीम  कोर्ट  या  हाई  कोर्ट  ने  मुस्लिम  धर्म  को  सुनाये  उसे  हमारे  मुस्लिम  चाचा  भाई  सर  झुका  कर  स्वीकार  किया  फैसला  चाहे  जैसा  भी  हो  हिन्दुस्तान  में  मुस्लिम  धर्म  को  लोकतंत्र  पर  विश्वास  हैं  हिन्दुस्तान  में  एक  भी  मुस्लिम  धर्म  गुरु  अरबपति  नहीं  मिलेगा  नहीं  बलात्कारी  हिन्दू  धर्म  में  चार  बच्चा  पौदा  कर  बाबा  बना  हैं .,6.776361061547694e-287,1.1391342147993515e-272,0.0
अब  बात  करते  हैं  मुजीब  के  प्रदर्शन  की ।,1.1705453466485068e-27,6.425445997850989e-26,9.429573906533225e-61
अमदाबाद  प्रखंड  के  उत्क्रमित  मध्यविद्यालय  झब्बू  टोला  के  समीप  गंगा  नदी  का  कटाव  आ  गया  है ।,4.04728940279948e-65,1.5243992480193586e-61,4.873908724290857e-109
"तब  तक  देर  न  हो  जाये , देश  में  दौलत  करने  वाले  संसाधन  व  सत्ता  में  सुस्थिरता  पैदा  करने  वाली  लोकास्था  पूरी  तरह  लुट  न  जाये , इसके  लिए  बुद्धिजीवी  वर्ग  की  कलम  व  वाणी  को  औजार  बनकर  सत्याग्रह  करने  रहना  है ।",4.435707024082729e-207,2.7465159340504766e-199,3.287841461923892e-291
"उद्घाटन  समारोह  में  बोलते  हुए  मुख्यमंत्री  उद्धव  ठाकरे  ने  कहा  कि , दूसरी  कोरोना  लहर  में  ऑक्सीजन  की  कमी  के  कारण  मरीज  को  कई  तरह  की  दिक्कतों  का  सामना  करना  पड़ा ।",2.3623270046102407e-108,6.7906963377253165e-102,1.3187732858240128e-212
एसपी  से  मुलाकात  करने  के  बाद  उन्होने  कलेक्टोरेट  जाकर  अपर  कलेक्टर  श्री  वैष्णव  से  मुलाकात  कर  पीड़ित  को  उचित  मुआवजा  दिए  जाने  की  मांग  की ।,1.159402550593447e-86,3.2227580494305246e-81,3.0149906233024838e-164
"हां  मैदान  में  पालतू  मवेशी  लगातार  इसका  सेवन  कर  रहे  है , जिसके  चलते  पालतू  मवेशीयो  के  बीमार  होने  की  आशंका  बनी  हुई  हैं ।",2.170955714090671e-105,1.2881671751368724e-100,6.802530569494546e-170
इस  जीत  के  साथ  ही  वेस्टइंडीज  ने  लखनऊ  के  अटल  बिहारी  बाजपेयी  इकाना  इंटरनेशनल  स्टेडियम  पर  बुधवार  को  पहली  जीत  का  स्वाद  चखा ।,5.2170369752848836e-80,6.347975981556882e-75,5.264177241097302e-152
जब  कोई  यूजर  गूगल  पर  कुछ  सर्च  करता  है  तो  उससे  मिलते  जुलते  शब्दों  से  एक  ट्रेंड  बन  जाता  है  की  किस  टॉपिक  से  सम्बंधित  keywords यूजर  अधिक  सर्च  कर  रहे  है .,6.597971111892502e-120,4.1526110964639107e-113,2.689219934592556e-207
उन्होंने  अपनी  मांगों  को  लेकर  सोमवार  को  शहर  में  लक्ष्मण  मंदिर  चैक  से  रैली  निकालने  और  इसके  बाद  मांगों  के  संदर्भ  में  जिला  कलक्टर  को  ज्ञापन  देने  की  बात  भी  कही ।,9.554389965386458e-99,2.7436286770175282e-92,7.333785567058344e-201
वहां  उसे  रस्सी  से  खंभे  में  बांधा  और  फिर  कुल्हाड़ी  से  उसका  सिर  अलग  कर  दिया .,4.094120397158432e-63,2.143847739624586e-59,5.282951260693839e-110
मास्टर  ऑफ़  रोल्स’ का  मतलब  मुख्य  न्यायाधीश  के  बाद  दूसरा  सबसे  बड़ा  न्यायाधीश  होता  है .,8.113126887424941e-60,2.4164733810121203e-56,1.1470224957542734e-103
इसका  मतलब  यह  है  कि  पेमेंट  के  लिए  इसका  इस्तेमाल  नहीं  किया  जा  सकता ।,6.611510515233809e-37,6.654314083665361e-34,5.971780208260857e-97
एक  सप्ताह  के  अन्तराल  पर  1.0 लाख  प्रति  हे .,2.515111991293841e-41,3.641940256902597e-39,2.3245802823277474e-67
उन्होंने  रोग  उत्पन्न  करने  वाले  जीवों  को  नष्ट  करने  के  लिए  पाश्चुरीकरण( निर्जीवीकरण) प्रक्रम  को  विकसित  किया ।,2.2061665851421168e-63,6.590025831874285e-60,2.9086681431551484e-115
"जांच  का  एक  अन्य  क्षेत्र  है  बिग  फ़ाइव  सिद्धांत  का  अधोगामी  विस्तार , या  बचपन  में , पांच  कारक  मॉडल .",7.627673247435089e-121,2.8399309362973844e-117,4.705949913221365e-158
यमुना  एक्सप्रेसवे  इंडिस्ट्रयल  डेवलेपमेंट  अथॉरिटी  का  काम  चल  रहा  था ।,7.773565969149883e-38,2.461598639993182e-35,6.883260013485216e-73
मनसे  के  एक  वरिष्ठ  नेता  ने  राज  ठाकरे  के  नया  हिंदू  हृदय  सम्राट’ होने  का  दावा  किया .,2.382430588154057e-64,1.4702692587283865e-60,3.999251457358701e-116
"लंबे  समय  में  वजन  कम  करने  के  लिए  Hourglass उत्कृष्ट  है , ऐसा  क्यों  है ?",1.416614522636219e-68,1.3987347388142232e-65,8.170080124989512e-116
ऐसे  में  एक  महिला  अभ्यर्थी  मूल  शैक्षिक  प्रमाण  पत्र  के  बजाय  फोटो  स्टेट  कॉपी  लेकर  पहुंची ।,5.6987696641980215e-61,5.552999010240543e-57,1.5266695077052436e-109
"अंजलि  गुप्ता , मेडिकल  कॉलेज  के  आचार्य  डॉ .",2.3211550912043618e-48,1.6317752702783312e-46,4.5430623063894134e-73
प्रियंका  गांधी  फिलहाल  देश  से  बाहर  हैं  और  फरवरी  में  कामकाज  संभालेंगी .,2.4486958241573915e-46,1.547394153881037e-43,1.2211074226737914e-85
बिहार  माध्यमिक  शिक्षक  संघ  के  मनोरंजन  कुमार  ने  इस  संबंध  में  बताया  कि  परीक्षक  की  कॉपियों  की  संख्या  भी  देखी  जा  रही  है  कि  किन  कॉपियों  की  जांच  में  उनसे  गड़बड़ी  हुई  है ।,2.3851416976610835e-103,6.55432275462202e-97,2.2564487549765433e-212
चिंता  करने  से  बचें .,2.7108288251106317e-16,4.4930855273396406e-15,6.844136384572503e-37
"मुख्यमंत्री  ने  कहा  कि  कोविड - 19 पर  नियंत्रण  के  लिए  एग्रेसिव  ट्रेसिंग , टेस्टिंग  और  ट्रीटमेंट  के  साथ - साथ  तेज  टीकाकरण  की  नीति  को  उत्तर  प्रदेश  ने  बेहतर  ढंग  से  काम  किया  है ।",7.772227556990091e-119,1.4621303440839044e-112,4.315397891378078e-236
बुधवार  की  शाम  घटना  के  वक्त  वह  ट्रैक्टर  पर  सवार  था ।,3.080958402403124e-37,1.2185470552440167e-34,5.204120352409723e-79
"बाद  में  फ्रीडम  हाउस  में  उन्होंने  ट्रंप  से  कहा , ' मुझे  नहीं  लगता  कि  आपके  और  हमारे  बीच  उत्कृष्ट  व्यक्तिगत  संबंधों  के  बिना  ऐसी  अप्रत्याशित  बैठक  हो  पाती । '",3.2420944682277836e-131,4.142506121539791e-125,1.3753960725390517e-207
छठ  पूजा  चार  दिवसीय  उत्सव  है ।,3.8383918722208126e-24,2.4534064762831525e-22,3.621531971415295e-48
"आरोपित  पर  हत्या , लूट , चोरी  डकैती  के  एक  दर्जन  भर  मामले  दर्ज  है ।",5.05780155883259e-87,1.8879922571494963e-84,1.2429169433624888e-126
"मवेशी  में  25 बैल , 17 केड़े , जब्त  किए  गए ।",6.158291610279018e-79,3.291028605012171e-77,1.0641463306538791e-102
"बलविन्द्र  सिंह  सिद्दू , डायरेैक्टर  बागवानी  डा .",4.480521780380218e-54,1.2206006401431311e-52,5.454273174263174e-67
ओखला  से  कैनाल  में  पानी  का  डिस्चार्ज  कम  कराने  के  साथ  एकत्र  पानी  भरतपुर  फीडर  में  डायवर्ट  किया  गया ।,1.2497680353918549e-79,1.0804537194782721e-75,1.227864091505137e-127
लेकिन  बारिश  और  एमएनएनआईटी  एडमिनिस्ट्रेशन  की  सख्ती  के  चलते  स्टूडेंट्स  प्रोटेस्ट  नहीं  कर  सके ।,1.4066242745593968e-56,1.1366812926870685e-53,2.3102317396517522e-97
DD - WRT डिफ़ॉल्ट  में  प्रवेश  करके  अपने  ब्राउज़र  के  कंट्रोल  पैनल  पर  पहुँचें  राउटर  आईपी  एड्रेस  आपके  ब्राउज़र  के  पता  बार  में ।,1.0178983234276621e-111,7.295810733858018e-107,2.634490246343542e-152
नोटिस  16 मई  को  दिया  गया ।,5.541753262699484e-20,1.904767333538988e-18,1.56877713230555e-48
जनसहयोग  और  प्रशासकीय  टीम  के  प्रयासों  से  जिला  कोरोनामुक्त  हुआ  है ।,1.2270555347658982e-46,1.8459580671646027e-44,1.268687481451001e-78
"हालांकि  बाबूलाल  गौर  से  जब  मत्रिमंडल  को  लेकर  सवाल  किया  गया , तो  उन्होंने  कुछ  भी  बोलने  से  इंकार  किया ।",5.069194955954298e-84,3.0941760094245556e-80,1.293564210301182e-145
यहां  के  नेता  अपनी  हवा’ बनाने  के  लिए  भागे - भागे  फिरते  हैं ।,9.28988801684525e-50,4.446670459104526e-47,8.398496745234543e-91
महिला  की  तहरीर  के  आधार  पर  आरोपी  यात्री  को  गिरफ्तार  कर  लिया  गया ।,1.5980233774161066e-35,1.0317194653702381e-32,3.507758433823697e-91
पीयूष  ने  जो  मुकाम  पाया  है  वो  इसलिए  भी  तारीफ  के  काबिल  है  क्‍ योंकि  यह  संघर्षों  से  मिला  है ।,3.425099905843598e-76,6.58554936579843e-72,1.5936188136611101e-133
अशोकनगर .,9.15005170092352e-09,4.413663853229161e-08,1.3088838417134105e-18
पूर्व  निर्धारित  कार्यक्रम  के  तहत  शुक्रवार  को  तहसील  परिसर  में  बार  एसोसिएशन  के  नवनिर्वाचित  पदाधिकारियों  के  शपथ  ग्रहण  समारोह  का  आयोजन  किया  गया ।,1.841548658398103e-67,2.977063964347286e-62,4.329509522595329e-152
सद्गुरु  स्वामीगल  ने  देवभूमि  उत्तराखंड  को  और  विशेष  रूप  से  तीर्थनगरी  ऋषिकेश  के  अनुभवों  को  बेहद  दिव्य  एवं  अनुपम  बताया ।,8.310327913963418e-89,1.08398528515727e-84,5.550314728213507e-134
टीकमगढ़ ।,1.0624191236182572e-08,4.530682882410463e-08,3.6569535580169134e-18
यह  ध्यान  रखने  की  बात  है  कि  रेलवे  द्वारा  हमेशा  यात्री  परिचालन  को  सस्ता  बनाए  रखा  गया  है ।,2.6840270910864015e-58,1.5897121138078124e-54,5.25931685952702e-121
"हिमपात  से  लेकर  रेतीली  आँधी  में  पानी  का  काम , तालाबों  का  काम  करने  वाले  गजधरों  का  कितना  बड़ा  संगठन  खड़ा  किया  गया  होगा ।",3.165170139884074e-106,1.0544965377073023e-101,4.715470479707996e-170
