Sentence,Quad-Add-One,Quad-Add-K,p_quad_token_type
उसे  तत्काल  ट्रेन  के  शौचालय  में  बंद  कर  दिया  गया  और  रायगंज  स्टेशन  पर  उसे  उतार  कर  सीधे  अपने  घर  ले  गई ।,8.387938973671509e-160,3.369631321849518e-154,2.2941401982447928e-187
ऐसे  ही  एक  कार्यक्रम  का  एक  वीडियो  सोशल  मीडिया  में  सामने  आया  है ।,7.309069701519152e-84,1.1045847372559394e-79,2.243515936342585e-117
आरबीजीडी  की  टीम  ने  टास  जीत  कर  पहले  खेलते  हुए  निर्धारित  20 ओवर  में  174 रन  का  लक्ष्य  रखा ।,3.055774914960998e-142,6.488954067751107e-137,4.9028509754770076e-164
इससे  आम  आदमी  की  गाढ़ी  कमाई  को  फर्जी  और  योग्य  कंपनियों  के  नाम  पर  लुटाया  जा  रहा  है ।,8.09931897924082e-131,2.4421928283352675e-126,2.9479754987519403e-156
विधि  शिक्षा  एवं  विधि  सहायता  केन्द्र  सेंटर  ऑफ  लीगल  एजुकेशन  एण्ड  लीगल  एड  क्लिनिक  द्वारा  विधिक  जागरूकता  में  प्रेस - मीडिया  की  भूमिका  पर  विचार  विमर्श  करने  के  लिए  एक  दिवसीय  कार्यशाला  का  आयोजन  किया  गया ।,4.390222382647121e-253,1.7390573964304586e-244,3.077244951787913e-296
गैंजेज  क्लब  में  मना  जश्न  गैंजेज  क्लब  में  लोहड़ी  सेलेब्रेशन  एंड  म्यूजिकल  नाइट  का  आयोजन  किया  गया ।,2.192682374459875e-129,1.794227098512107e-125,1.7554585460610397e-148
बबीता  खोसला  तथा  डा .,2.7888881028996645e-42,5.578880657121062e-41,2.1884073605747803e-47
सीएम  उद्धव  ठाकरे  ने  कहा  कि  15 दिन  तक  केवल  जरूरी  सेवाएं  जारी  रहेंगी ।,1.4400335448963157e-101,2.231376811294016e-97,3.7473897737882223e-125
"जो  मरीज  होश  में  दिखे , आसपास  का  हाल  देखकर  उनके  होश  उडे  हुए  हैं ।",1.6573828977218135e-136,7.53905389310353e-134,8.015739452076362e-150
"रायपुर , ब्यूरो  छत्तीसगढ़) ।",1.2184204827673276e-57,4.8692422528217865e-57,2.7974730214939e-64
आयुसीमा  न्यूनतम  21 और  अधिकतम  30 वर्ष ।,1.1675546024951951e-64,1.3877918308848031e-62,1.023741915718604e-70
"पूर्ण  मैराथन  के  विजेताओं  को  दो - दो  लाख  रुपए , दूसरे  स्थान  को  एक  एक  लाख  रुपए  और  तीसरे  स्थान  को  50 - 50 हजार  रुपए  की  पुरस्कार  राशि  दी  जाएगी ।",8.867054810090655e-246,3.317515660361035e-238,5.020013762350343e-282
वशिष्ठ  नारायण  सिंह  बचपन  से  ही  होनहार  व  विलक्षण  प्रतिभा  के  धनी  थे ।,2.513381104428403e-102,1.3684143741304344e-98,2.240367266278499e-117
यूट्यूब  पर  वीडियो  अगस्त  2019 से  मौजूद  है ।,1.933075313651767e-66,4.162066701228909e-64,1.712242699475567e-78
"कार्यवाही  खत्म  होने  के  बाद  बाहर  जाते  समय  आसाराम  ने  कॉन्सटेबल  से  कहा  कि  ' खाएंगे , पिएंगे  और  जेल  में  मौज  करेंगे . '",1.3369660221173976e-203,4.974510110887206e-199,8.200029417241463e-220
इसके  बाद  उन्हें  तत्काल  नजदीक  के  एक  अस्पताल  में  ले  जाया  गया ।,5.344750457939881e-78,2.9723044872382652e-74,1.346413860204521e-109
वीडियो  में  प्रत्याशी  विरोधियों  और  पुलिस  को  धमकाते  हुए  दिखाई  पड़  रहे  हैं ।,1.6570263000475916e-96,4.69225373138786e-93,2.246296564080127e-117
निकटतम  प्रतिद्वंद्वी  की  पार्टी  सीपीआई - एम  थी .,4.686433391407047e-70,1.5322075366718222e-67,1.7121641240015579e-78
व्रत  वाले  श्रद्धालुओं  के  लिए  फलाहार  व  अन्य  भक्तों  के  लिए  भंडारे  का  आयोजन  भी  किया  गया  है ।,3.2697868251725086e-126,3.4096798369080147e-121,2.9437073349789034e-156
इसके  अलावा  इसमें  राइड  मोड  भी  दिया  गया  है ।,3.623189445239631e-58,2.5136661658889907e-55,2.887761160283953e-86
"इससे  पहले  सिर्फ  Continue reading जिंदगी  वापस  लौटी  पटरी  पर , जानिए  कैसे  मिलेगा  टिकट  और  क्या  होगा  किराया” पूर्व  प्रधानमंत्री  डॉ .",3.8630357383198584e-185,5.178073236742913e-181,2.9364103481961192e-204
मौनी  की  ड्रेसेज  फैंस  को  खूब  पसंद  आती  हैं  और  जब  भी  मौनी  ऐसी  ड्रेसेज  पहनकर  सोशल  मीडिया  में  अपनी  फोटो  पोस्ट  करती  हैं  तो  लाइक्स  और  कमेंट्स  की  झड़ी  लग  जाती  है ।,7.459721828847399e-245,4.419821077908234e-237,6.571342383140895e-273
बताया  कि  पाइल्स  के  80 फीसदी  मामलों  में  सर्जरी  की  जरूरत  नहीं  होती ।,2.0923712803844837e-96,8.316794517796862e-93,2.241478210943468e-117
जिसमें  उसने  खुद  को  और  बेटे  को  सचिन  बंसल  से  खतरा  बताया  है ।,3.9212729091248e-101,8.605515472011196e-98,2.2413556452604368e-117
ऐसे  में  सवाल  उठता  है  कि  एक  थाने  में  राधे  मां  के  प्रति  इतनी  श्रद्धा  कहां  तक  उचित  है ?,1.0379570556719588e-134,1.4312769292884948e-129,4.911292681589425e-164
कार  के  कांच  बंद  थे  ड्रायविंग  सीट  पर  बैठी  शेहला  को  गले  के  बीचोंबीच  गोली  मारी  गई  और  वह  बाहर  निकलने  के  बजाए  उसकी  गर्दन  में  बाएं  हिस्से  में  धंसकर  रह  गई ।,9.637694893228222e-245,5.0755172579767746e-238,3.927233275418976e-265
भदोही .,4.8636278596821125e-18,3.8169429536253865e-17,4.678067695466712e-24
"उन्होंने  कहा  कि  हमारी  भी  अभिलाषा  थी  कि  प्रदेश  में  चौमुखी  विकास  हो , लेकिन  15 महीने  में  कमलनाथ  और  दिग्विजयसिंह  ने  वल्लभ  भवन  को  भ्रष्टाचार  का  अड्डा  बना  डाला ।",9.240209017797541e-235,2.255536949591785e-228,1.8068813146026574e-266
शौचालय  का  लाभ  आधे  परिवारों  को  मिल  सका  है ।,2.357258191897945e-73,8.859499658455896e-71,2.8637122820534533e-86
मंगलवार  को  पटना  में  सुबह - सुबह  र  बिहार  विधानसभा  चुनाव  में  दूसरे  चरण  के  लिए  वोट  डाले  जा  रहे  हैं .,1.718481159897341e-139,2.690035171825236e-133,1.3728171953631277e-179
एयरपोर्ट  पर  एक  कार  उनका  इंतज़ार  कर  रही  थी  जिसमे  बैठ  कर  वो  सीधा  मेघन  के  घर  पहुंचे ।,4.268315882305085e-139,9.179249937864284e-135,2.9315936995947433e-156
रुफिल  ने  खरीद  से  लेकर  प्रसंस्करण  तक  की  प्रक्रिया  में  कड़े  गुणवत्ता  मानकों  और  जांचों  को  लागू  किया  है ।,6.066095515193976e-148,1.276248801508667e-143,4.9099286692082754e-164
🔊 पूरी  खबर  सुने  हरदोई ।,2.630150120728999e-34,3.313650192952382e-32,3.66128199738389e-55
"हर  वेबसाइट  में  बिल  का  भुगतान  होता  है  शायद  सबसे  अधिक  सामुदायिक - केंद्रित  मंच  है , रेडिट  विज्ञापनों  के  बारे  में  हमेशा  खुला  और  ईमानदार  रहा  है , और  इंस्टाग्राम  या  फेसबुक  की  तुलना  में  पैसे  से  कम  संचालित  होता  है ।",0.0,0.0,0.0
किसी  घटना  की  सूचना  देने  के  लिए  आपको  को  पहले  लोगो  report an incident पर  क्लिक  करना  है ।,1.2577401156784877e-131,8.239853762041438e-127,2.932777998707325e-156
"सड़क  परिवहन , राजमार्ग  और  एमएसएमई  मंत्री  ने  आगे  कहा  कि  अगर  कंपनियां  इस  पर  अंकुश  लगाने  में  विफल  रहीं  तो  सरकार  को  नीतियों  में  बदलाव  करना  होगा  और  परियोजनाओं  में  वैकल्पिक  प्रौद्योगिकियों  को  बढ़ावा  देना  होगा ।",1.7216490281277435e-286,2.2951488851539943e-278,6.566e-321
"भारत  में  इस  वक्त  11 राज्यों  के  बीच  जल  को  लेकर  आपस  में  विवाद  जारी  हैं , मसलन  कर्नाटक  और  तमिलनाडु  के  बीच  कावेरी  जल  विवाद ।",2.085866788301041e-211,6.165800568669789e-206,2.2956078166743454e-235
"अभिनेत्री  ने  फिल्म  का  हिस्सा  बनने  पर  खुशी  जाहिर  करते  हुए  कहा , यह  पसीना  निकालने  वाली  भूमिका  होगी ।",1.0195211766862967e-158,1.7740659341303766e-154,6.266884773759861e-181
यह  सवाल  इसलिए  भी  जरूरी  है  कि  अगले  लोकसभा  के  चुनाव  के  तत्काल  बाद  प्रधानमंत्री  मोदी  के  सामने  अपने  ही  बनाए  75 वर्ष  की  उम्रसीमा  के  नियम  का  पालन  करने  की  चुनौती  होगी ।,1.7355784719343283e-235,3.305900146270175e-227,6.5855272824754235e-273
नतीजतन  गुणवत्ता  में  गिरावट  आती  है  और  किसानों  को  आमदनी  का  नुकसान  उठाना  पड़ता  है ।,3.8110720195585525e-114,3.64102065095872e-110,6.2674030436624215e-133
अवश्य  चाहते  हैं .,1.0357811287020079e-33,1.38130485063149e-32,1.3085481582258988e-39
हिमेश  हर  वक्त  एक्टिंग  को  लेकर  टिप्स  देते  रहते  हैं ।,1.7992123220403965e-82,7.3158911855164e-80,4.790128053663661e-94
वर्तमान  समय  में  लोग  अपनी  डाइट  को  लेकर  बेहद  सजग  हो  गए  हैं ।,1.6411842792720856e-92,9.74542842256755e-89,2.243002421904989e-117
किडनी  की  क्षमता  को  बढाकर  मूत्राप्रवृति  को  नियमित  करना  अत्यंत  आवश्यक  होता  है ।,3.766751327053363e-101,8.972206669706894e-98,2.2423398768796274e-117
गिरफ्तार  आरोपियों  से  पूछताछ  की  जा  रही  है ।,5.50854738437639e-49,5.0784243634254436e-46,1.7187477864221826e-78
महानगर  उपाध्यक्ष  सौरव  पोरवाल  ने  कहा  कि  हमारे  प्रदेश  अध्यक्ष  अजय  कुमार  लल्लू  को  सेवा  के  कारण  ही  प्रदेश  सरकार  ने  जेल  में  डालने  का  काम  किया  है  लेकिन  कांग्रेस  फर्जी  मुकदमे  लगाने  के  बावजूद  गरीब  मजदूरों  की  सेवा  को  जारी  रखेगी ।,1.509186592872767e-302,2.2226026237329816e-292,0.0
"उन्होंने  बताया  कि  जिस  प्रकार  लॉकडाउन  से  पहले  पूरी  क्षमता  के  साथ  बसों  का  संचालन  किया  जा  रहा  था , 20 अगस्त  2020 से  उसी  प्रकार  किया  जा  सकता  है ।",1.1254994256689994e-216,7.552335069970024e-210,1.806650374410402e-266
शाह  ने  पुलवामा  हमले  पर  पाकिस्तानी  प्रधानमंत्री  की  चुप्पी  पर  सवाल  उठाया ।,1.247272521075434e-92,3.3372206103016995e-89,1.3396347768420802e-109
"गणितीय  विज्ञान  संस्थान  में  अनुसंधान  टीम  का  नेतृत्व  करने  वाले  सीताभ्र  सिन्हा  ने  कहा , एक  विश्वसनीय  अनुमान  पाने  के  लिए  भारत  के  उपचाराधीन  मरीजों  की  संपूर्ण  संख्या  में  काफी  उतार - चढ़ाव  हो  रहा  है , लेकिन  आंकड़े  एक  करीब  मान  वैल्यू) रहने  की  ओर  इशारा  कर  रहे  हैं .",0.0,0.0,0.0
इससे  अनुमान  लगाया  जा  सकता  है  कि  इस  बार  त्योहारी  सीजन  के  चलते  निगम  ने  लाखों  रुपए  कमाए  हैं ।,3.7157425532171644e-131,1.1849593045729043e-125,4.909714088846146e-164
हालांकि  कई  इलाकों  में  पुलिस  की  गश्ती  गाड़ी  को  देखते  ही  दुकानदार  स्वयं  से  दुकानें  बंद  करने  लगे  थे ।,8.765635209517643e-141,9.326451688515556e-136,4.9089044976628354e-164
धमतरी ।,2.336138086793769e-16,1.860858400854088e-15,4.678125826819902e-24
इलाज  के  दौरान  उनका  आज  निधन  हो  गया  है .,3.3698800556037074e-62,3.1204031442377523e-59,2.865728287938049e-86
उनके  मुवक्किल  का  नाम  किसी  डिसक्लोजर  स्टेटमेंट  में  भी  नहीं  है  और  न  ही  किसी  सह  आरोपी  ने  अपने  बयान  में  उनका  नाम  लिया  है ।,5.174273751327143e-178,6.901052421161207e-172,1.0740861519595808e-210
"दो  साल  में  हुई  कम  बारिश  में  जब  शहर  के  अलग - अलग  हिस्सों  में  भूजल  गिरने  से  जलसंकट  पैदा  हुआ , तो  लोगों  को  पानी  की  कीमत  समझ  में  आई ।",7.816770538065073e-240,5.290249376433134e-233,3.0021446205288787e-274
उसके  बाद  उसे  फिर  से  वार्ड  में  भर्ती  कर  दिया  गया  है .,9.891947837241143e-78,6.387871331805847e-74,1.3418162771984145e-109
उनका  कहना  है  कि  वह  इस  बार  भी  जनता  की  उम्मीदों  पर  खड़े  उतरेंगे ।,3.472832675409073e-95,5.777808790872519e-91,3.749152562623672e-125
डीएम  ने  जांच  के  लिए  जिला  भूमि  संरक्षण  अधिकारी  को  नामित  करते  हुए  रिपोर्ट  मांगी  थी ।,3.0743481655995582e-117,1.1377678802870206e-112,1.048208390133622e-140
अंतरिक्ष  यात्रा  के  साथ  आबाद  या  मानव  रहित  अंतरिक्ष  स्टेशन  भी  बारीकी  से  जुड़े  हैं ।,3.2793660110167455e-119,1.3786912167164584e-115,6.2666689763325975e-133
दो  महीने  के  अंदर  चाचा - भतीजे  की  हत्या  से  कई  सवाल  खड़े  हो  गए  हैं .,2.9251892113139058e-111,1.7537992593105882e-106,1.0485125556800929e-140
खर्चों  में  अप्रत्याशित  बढ़ोत्तरी  आपके  मन  की  शांति  को  भंग  करेगी ।,7.03120474551971e-89,1.5737396254432163e-85,8.00958324163151e-102
इसी  के  तहत  लोकसभा  में  विपक्ष  की  सबसे  बड़ी  पार्टी  कांग्रेस  ने  13 मार्च  को  ' डिनर  डिप्लोमेसी ' के  तहत  तमाम  दलों  के  मुखियाओं  को  रात  के  खाने  के  लिए  बुलाया  था .,1.1108400025623481e-234,1.5676715186517566e-226,6.575215015707733e-273
"निवेश , कोई  भी  व्यक्ति  इस  व्यवसाय  को  शुरू  कर  सकता  है , यहां  तक  कि  घर - आधारित  मसाला  बनाने  का  व्यवसाय  लाभदायक  है ।",1.433462889010094e-227,2.620429332427636e-223,1.7528464856307658e-244
"संवाद  सहयोगी , रूपनगर  रयात  बाहरा  यूनिवर्सिटी  के  वाइस  चांसलर  डा .",9.69697418256752e-104,2.3614503191446936e-101,1.0239346109708173e-118
उनके  पति  इंडियन  आर्मी  के  साथ  पोर्टर  का  काम  करते  थे ।,1.4866624735963525e-82,1.5737280440471696e-79,8.014895412739518e-102
एक  घंटे  की  मशक्कत  के  बाद  दमकल  जवानों  ने  आग  पर  काबू  पाया ।,1.523439551882919e-85,3.0917824756582763e-81,2.2436086514435053e-117
बता  दे  की  इन्होने  फिल्म  निर्माता  महेश  भट्ट  से  शादी  की  थी ।,3.311609619633193e-85,9.119122719523703e-82,1.341291755224386e-109
"गुजरात  से  रिटायर  होने  वाले  चार  राज्यसभा  सदस्य  हैं - कनिभाई  गोहिल , मधुसूदन  मिस्त्री , महंत  शंभुप्रसाद  टुंडिया  और  लाल  सिंह  वड़ोदिया ।",3.1375055006066435e-213,1.0578502809136463e-209,1.0481372715853418e-224
जब  हमने  पूछा  कि  क्या  राष्ट्रीय  स्वयंसेवक  संघ  की  बैठक  की  वजह  से  यह  सुरक्षा  घेरा  बनाया  गया  है ?,3.1799277307843048e-139,5.717289357091876e-134,4.906298956040995e-164
शौकत  खानुम  मेमोरियल  कैंसर  हॉस्पिटल  एंड  रिसर्च  सेंटर  प्रोजेक्ट  के  लिए  धन  जुटाने  में  मदद  करने  और  अपना  समय  देने  के  लिए  उनकी  उदारता  को  कभी  नहीं  भूल  सकते .,8.348679767998784e-218,1.3090424014723409e-210,8.394423912869216e-242
"उद्योग  संगठन  ने  इस  बारे  में  उपभोक्ता  मामलों  के  मंत्री  पीयूष  गोयल  को  पत्र  लिखकर  कहा  है  कि  बीआईएस  ने  अपनी  वेबसाइट  पर  जो  एफएक्यू  जारी  किया  है , उसमें  काफी  पेंच  है  और  अस्पष्टता  है ।",8.947805720969337e-279,1.0330559279220068e-270,3.92714500566e-313
इस  बदलते  मौसम  में  सावधान  रहने  की  जरूरत  है ।,9.183567334636406e-62,9.317884530784438e-59,2.883188423482826e-86
छत्तीसगढ़  प्रगतिशील  यादव  महासंघ  के  अध्यक्ष  राममणि  यादव  ने  बताया  कि  रामप्रसाद  यादव  रायपुर  अखबार  जगत  के  सच्चे  प्रहरी  थे ।,1.1018122632869349e-157,2.8040541434162185e-153,8.200363903852935e-172
"आज  तक  संक्रमित  रोगियों  की  संख्या  1 , 82 , 552 तक  पहुंच  गई  है ।",1.05718073161763e-135,6.983885261766651e-133,2.870740102387403e-158
"देर  रात  होने  पर  उसने  मां  को  फोन  किया , लेकिन  उसने  कॉल  नहीं  उठाई ।",1.1595346942232172e-134,1.751775258820988e-131,8.010290412995369e-150
एक  सरकारी  अधिकारी  ने  कहा  कि  संबंधित  जिलों  के  अधिकारियों  को  स्थिति  पर  नजर  रखने  और  आपात  स्थिति  से  निपटने  के  लिए  कार्य  योजना  तैयार  करने  को  कहा  गया  है ।,1.7993001739746662e-187,2.1367280828737341e-178,1.410845377135096e-249
with Indian CRPF . . A,4.919039163753711e-52,1.0939367383429832e-50,3.6600025608098036e-55
मुझे  पता  होता  तो  मैं  पुलिसवालों  की  हत्या  नहीं  होने  देती ।,2.4843100973909522e-87,3.718341912199268e-84,8.011670699083168e-102
खानपान  की  सभी  चीजों  पर  इन  दिनों  काफी  महंगाई  है ।,5.255210281477802e-85,2.7123980955916507e-82,4.789114521152212e-94
वहां  उसने  आलू  की  टिक्की  का  खोमचा  सजा  लिया .,7.202159350737362e-77,1.3621780924752445e-74,2.864240806359354e-86
पाकिस्तान  के  सभी  ऐतिहासिक  गुरुद्वारा  साहिबान  में  श्री  गुरु  नानक  देव  के  550 वें  प्रकाश  पर्व  के  कार्यक्रम  के  आयोजनों  की  रूपरेखा  तय  करने  के  लिए  पाकिस्तान  सिख  गुरुद्वारा  प्रबंधक  कमेटी  के  अध्यक्ष  जसवंत  सिंह  की  अगुवाई  में  एक  बैठक  का  आयोजन  किया  गया ।,1.230473723577121e-291,4.724171391678186e-280,0.0
उन्हें  पहले  अपना  घर  ठीक  करना  चाहिए .,6.447929813443765e-59,7.007999712473917e-57,1.0241263429668685e-70
उल्लेखनीय  है  कि  ग्रामीणों  की  आपत्ति  के  बावजूद  वन  अधिकारियों  ने  सोमवार  को  बोलेपल्ली  के  पास  जमीन  के  एक  टुकड़े  में  पौधे  रोपे ।,1.4567847283104516e-169,5.890151560079349e-164,3.8373349741265096e-195
मुख्यालय  अब  ऑनलाइन  ही  यह  तय  करेगा  कि  छात्र - शिक्षक  अनुपात  में  किस  स्कूल  में  शिक्षक  कम  हैं  या  कहां  पद  बढ़ाना  होगा ।,3.0370315060919674e-188,4.772461357224359e-183,6.41534859336926e-203
लोक  उत्सव  के  रूप  में  मनाए  जाने  वाले  मैसूरु  दशहरा  महोत्सव  का  इस  साल  भी  विराट  आयोजन  नहीं  होगा ।,3.8369721063570623e-143,1.97514457216277e-138,4.903453262194851e-164
कफील  खान  पर  भड़काऊ  भाषण  देने  के  आरोप  में  मामला  दर्ज  किया  गया  था .,8.159669028773539e-92,2.5705986583924298e-87,3.74830808986236e-125
"इंदौर  समाचार  डेस्क: मध्य  प्रदेश  के  इंदौर  और  धार  जिले  के  औद्योगिक  क्षेत्र  पीथमपुर  से  मंगलवार  को  236 किलोग्राम  ड्रग , एफ्रेडीन  बरामद  की  गई .",4.225078614636062e-207,8.209756853853986e-202,1.3715841993411848e-227
दूरसंचार  मंत्री  रवि  शंकर  प्रसाद  ने  आज  कहा  कि  देश  में  टेलीफोन  कनेक्शनों  की  संख्या  एक  अरब  के  आंकड़ें  को  पार  कर  गयी  है  जिसमें  मोबाइल  फोन  कनेक्शन  करीब  97.8 करोड़  है ।,2.8059070584751026e-233,2.0630498808597712e-225,3.927137058444377e-265
"इसके  साथ  ही  सहायक  सम्भागीय  परिवहन  अधिकारी  को  निर्देश  दिए  कि  यातायात  के  नियमों  में  ध्यान  रखे  जाने  वाली  बातों  की  एक  चैक  लिस्ट  सभी  टैक्सी  यूनियन , कार्यालय  व  विद्यालयों  को  भेजी  जाए  ताकि  सड़क  दुर्घटनाएं  कम  हो  सके ।",2.1973224278610387e-307,2.7535821863324754e-299,0.0
अब  दीपक  चौरसिया  के  चेहरे  पर  हवाइयां  उड़  रही  थीं ।,4.479073743380288e-81,2.12278074297086e-78,4.795147516602489e-94
कार्यक्रम  को  सम्बोधित  करते  हुए  राजभर  ने  कहा  कि  शासन  की  मंशा  है  कि  प्रदेश  का  हर  बच्चा  स्कूल  जाये  और  कोई  भी  बच्चा  शिक्षा  से  वंचित  न  रहे ।,2.615104288649233e-199,3.706305697180911e-191,8.396634483858854e-242
प्रशासनिक  अधिकारी  आवास  से  बाहर  नहीं  निकले ।,1.0352119727490093e-58,1.8164886792346594e-56,1.0237610235302986e-70
ov . i,8.971207499374026e-19,1.4337012259927558e-17,7.824764303779145e-32
"खट्टर  ने  कहा , यह  कड़वी  सच्चाई  है .",6.966718610214608e-87,3.0019048364251937e-85,2.1884138021993854e-95
जब  उन्हें  पता  चला  कि  24 घंटे  बाद  भी  पुलिस  मामला  दर्ज  नहीं  कर  रही  है  तो  वे  भी  हैरान  हो  गए .,3.378663752734462e-149,1.1109899880968076e-142,2.2953633144145717e-187
इस  दौरान  माधोपाली  के  अन्य  किसान  तथा  आसपास  गांव  के  किसान  सम्मिलित  हुए ।,8.205764049943894e-101,1.0924183193078779e-97,2.256921812594903e-117
मुजफ्फरपुर  स्मार्ट  सिटी  के  पीडीएमसी  एजेंसी  श्रेया  ने  उसके  कामकाज  पर  विभाग  की  कड़ी  आपत्ति  के  बाद  अपने  टीम  लीडर  सुशील  भारद्वाज  को  हटाया  दिया  गया ।,3.1585959038939358e-201,1.2368678459253537e-195,1.7953012390322315e-218
डीसीएम  में  सवार  सभी  श्रमिकों  को  उतारकर  रोडवेज  बस  से  अमृतपुर  क्वारंटीन  सेंटर  भेजा  गया .,1.997044505835876e-122,6.518867162016446e-119,6.266550965142155e-133
वहां  किशोरी  ने  समिति  के  अधिकारियों  को  घटना  के  बारे  में  बताया ।,1.4285179203988017e-85,6.093770623738955e-82,1.3400834624102605e-109
"न्यूज़  ऑर  सबसे  लंबे  समय  तक  चलने  वाला  समाचार  विश्लेषण  है , इतना  लम्बा  समाचार  विश्लेषण  किसी  भी  और  चैनल  में  नहीं  दिखाया  जाता  था  १९९८ - २००३ ।",4.3270756579510574e-235,7.687589729098541e-230,6.415348808025924e-251
पिछली  वर्ष  भारत  117 देश  की  इस  लिस्ट  में  102 वें  स्थान  पर  मौजूद  था .,1.207817848600794e-118,9.375811655517274e-115,6.266747998403806e-133
वह  अपनी  रेंज  में  रहकर  काम  करते  हैं  और  अरसे  बाद  ठीक  लगते  हैं ।,2.752581163688668e-105,1.277568294372077e-101,3.7507124641573237e-125
स) ता .,6.4390303703585625e-18,1.0293610128807167e-16,7.825419677624811e-32
पर  इस  साल  फरवरी  आते - आते  देश  में  जांचे  इतनी  घट  गईं  कि  हर  दिन  छह  से  आठ  लाख  नमूनों  की  ही  जांच  हो  रही  है ।,3.0774752846302564e-194,2.1865233265288552e-187,3.0102650874389582e-226
वर्ष  2018 - 19 तथा  2019 - 20 में  भारत  को  यूनाइटेड  किंगडम  से  क्रमश: 9.4 अरब  डॉलर  और  10 अरब  डॉलर  की  राशि  बतौर  प्रत्यक्ष  विदेशी  निवेश  हासिल  हुई ।,3.7592732238591985e-220,4.3881233383078417e-213,1.404195525962452e-249
कांग्रेस  नेता  राहुल  गांधी  ने  प्रधानमंत्री  नरेंद्र  मोदी  को  चुनौती  देते  हुए  कहा  कि  वे  किसी  भी  यूनिवर्सिटी  में  जाकर  युवाओं  के  सवालों  के  जवाब  दे  दें .,1.2946422069671718e-173,7.257138289992918e-166,3.0028850626294327e-226
पता  चला  कि  वादिनी  या  उसके  परिवार  के  किसी  भी  सदस्य  ने  कोई  हलफनामा  नहीं  दिया ।,3.285821056162987e-118,6.420408890927715e-114,1.0481507014689032e-140
शिक्षक  दिवस  पर  प्रयागराज  के  कुछ  विद्यालयों  के  उत्कृष्ट  सेवाएं  देने  वाले  शिक्षकों  को  रोटरी  प्लैटिनम  ने  सम्मानित  किया ।,8.281356910851755e-145,3.607567461338797e-140,4.903172821671111e-164
"बहरहाल , वर्ल्ड  कप  सेमीफाइनल  में  भारत  की  हार  के  बाद  सूरज  तो  हर  दिन  निकलता  रहेगा  लेकिन  कोहली , धोनी  और  शास्त्री  की  तिकड़ी  अगले  आईसीसी  इवेंट  में  एक  साथ  ड्रेसिंग  रूम  में  नजर  नहीं  आएगी - अगला  आईसीसी  वर्ल्ड  टी - 20 अगले  साल  अक्टूबर - नवंबर  में  ऑस्ट्रेलिया  में  होना  है .",0.0,0.0,0.0
इसी  रकम  में  भव्य  समापन  समारोह  के  साथ  सभी  जोन  के  प्रतिभागियों  को  पुरस्कृत  करने  के  साथ  प्रशस्ति  पत्र  भी  देना  होता  है ।,9.558682516998513e-171,4.196905651149746e-165,3.843166751514392e-195
बरेली .,1.9335294524271478e-17,1.5114591289142272e-16,4.678207663466685e-24
लखनऊ  व्यापार  मंडल  के  वरिष्ठ  महामंत्री  अमरनाथ  मिश्रा  ने  बताया  कि  शुक्रवार  से  75 फीसदी  बाजारों  में  दोनों  तरफ  की  दुकानें  खुल  जाएंगी ।,2.3842203749877705e-169,3.666553985154789e-163,3.836712588519485e-195
यह  घटना  साल  2014 की  है  जब  उनकी  बीएमडब्ल्यू  कार  का  नवी  मुंबई  के  खारघर  इलाके  में  एक्सीडेंट  हो  गया ।,2.4744940531584115e-148,2.369349687373039e-143,8.227197936899219e-172
इसी  प्रकार  जायोनी  सैनिकों  ने  राहतकर्मी  दल  को  भी  उस  क्षेत्र  में  जाने  की  अनुमति  नहीं  दी  और  अंततः  यह  बच्ची  गम्भीर  रूप  से  घायल  होने  के  कारण  शहीद  हो  गयी ।,3.36874598481897e-219,1.547248898613733e-211,2.350777625366045e-257
3 .,8.54935905219305e-13,6.8361361123237695e-12,4.679416258212032e-24
"इसके  अंतर्गत  बूथ , मंडल , जिले  और  प्रदेश  स्तर  पर  सम्मेलन  आयोजित  किए  जाएंगे ।",7.529314447576601e-140,4.1594186626493106e-137,2.874524630687059e-158
इसके  बाद  स्टीव  ओ  कीफ  ने  उमेश  यादव  04 को  आउट  कर  भारतीय  पारी  को  समेट  दिया ।,3.621172652548023e-128,7.522847666525878e-124,1.7615879215381785e-148
इसके  बाद  राष्ट्रीय  स्वयंसेव  संघ  की  भिवंडी  इकाई  के  सचिव  ने  राहुल  गांधी  पर  आरोप  लगाया  था  कि  उन्होंने  सोनाले  में  6 मार्च  2014 को  एक  रैली  में  कहा  था  कि  राष्ट्रीय  स्वयंसेवक  संघ  ने  गांधी  जी  की  हत्या  की ।,2.644735437902418e-274,6.9055527772014635e-264,0.0
"देश  में  अबतक  कोरोनावायकस  के  126 पॉजिटिव  मामले  दर्ज  हुए  हैं , जबकि  3 की  मौत  हुई  है ।",1.9555452987309294e-146,1.2542959147613585e-142,3.7519042970865805e-173
स्कैंडिनेवियाई  देशो  में  यह  इस  साल  भी  अपनी  टॉप  1 में  जगह  पाने  में  सफल  रहा ।,2.0370467364766884e-127,1.720755711449645e-123,1.0480652134666636e-140
"कंपनी  न्यूट्रीशन  की  लागत  बढ़ाने  के  लिए  जो  न्यूट्रीशन  गाज़ियाबाद  में  तैयार  होता  है  उसे  सोनभद्र  भेजा  जाता  है , जो  महराजगंज  में  तैयार  होता  है  उसे  गाज़ियाबाद  भेजा  जाता  है .",4.199173232175432e-253,3.8518694023204204e-247,3.002622350004226e-274
"मां  को  तुरंत  अस्पताल  ले  गया , लेकिन  उनकी  मौत  हो  गई ।",1.1897406207245478e-104,5.61604958305493e-102,1.7142737462857233e-126
वहां  मौजूद  लोगों  ने  आजादी  के  हक  में  नारे  बुलंद  किए ।,2.6696953825006834e-85,5.002851019762041e-82,8.011674591955271e-102
बेगूसराय  में  बेगूसराय  पुलिस  को  गुप्त  सूचना  एवं  मोबाइल  सर्विलांस  के  आधार  पर  एक  बड़ी  सफलता  हाथ  लगी  है ।,4.339881278319095e-137,6.309691689519699e-132,4.903552479415663e-164
"पुराने  भवन  की  लाइन  पुरानी  है , इसे  बदलने  के  लिए  प्रयास  जारी  हैं ।",1.6089942707566923e-126,1.831244205669276e-123,4.789290893396369e-142
"मुख्य  चुनाव  आयुक्त  सुनील  अरोड़ा  ने  चुनाव  तारीखों  का  ऐलान  करते  हुए  कहा  था  कि  बिहार  विधानसभा  चुनाव  की  तरह  बंगाल , असम , केरल , तमिलनाडु  और  पुडुचेरी  में  भी  मतदान  के  लिए  1 घंटा  अधिक  मिलेगा ।",1.0062392983974082e-302,1.9387283025568948e-294,0.0
उनके  स्टारडम  के  बल  पर  फिल्म  ने  100 करोड़  का  आंकड़ा  तो  छू  लिया  लेकिन  लगता  है  इसके  आगे  बढ़ने  में  फिल्म  को  बहुत  मुश्किल  होने  वाली  है ।,3.950826498892936e-210,6.692656858041475e-204,5.0223760869585696e-234
मृतका  के  मुंह  पर  टेप  चिपका  हुआ  था ।,5.8679813777433335e-64,1.9985296452616388e-61,1.7128461212053726e-78
संसद  में  भी  इस  मुद्दे  पर  फूट  पड़ने  लगी  है .,3.4020174670454955e-76,4.705887379791336e-73,4.789406796032248e-94
"इस  पेड़  के  कारण  तीन  साल  पहले  नगर  विकास  न्यास  प्रशासन  की  ओर  से  बनाए  गए  शौचालय  की  नींव  जर्जर  हो  गई  थी , इस  कारण  पुराना  शौचालय  की  सुविधा  बंद  कर  दी  गई  थी ।",1.728505638014562e-264,6.146952771886266e-257,2.365221445621256e-305
कोरोना  संक्रमण  व  अन्य  बीमारी  से  गांव  में  एक  माह  में  करीब  40 लोगों  की  जान  चली  गई ।,3.609868800499044e-124,8.479439196251635e-119,2.9334316617100715e-156
उन्होंने  कहा  कि  इसके  लिए  डिपो  का  समस्त  स्टाफ  बधाई  का  पात्र  है ।,2.848249697558684e-89,1.3297252150478145e-85,2.255932038577592e-117
"किसान  आंदोलन  में  खालिस्तानी  झंडों  के  साथ  उपद्रवी  तत्व  मौजूद  हैं , लेकिन  किसान  नेता  उन  लोगों  की  पहचान  के  लिए  क्या  कर  सकते  हैं ?",3.259936391668697e-195,3.338430236956426e-189,1.3716148911946822e-227
"इनमें  दो  वर्तमान  केंद्रीय  मंत्री , तीन  विपक्षी  नेता , एक  संवैधानिक  प्राधिकारी  अथॉरिटी) , सुरक्षा  से  जुड़े  संगठनों  के  पूर्व  एवं  वर्तमान  प्रमुख , कई  प्रशासक  और  40 से  भी  अधिक  वरिष्ठ  पत्रकार  और  कार्यकर्ताओं  के  नंबर  भी  शामिल  थे .",0.0,0.0,0.0
परिवार  के  सभी  लोग  वोट  डालने  जरूर  जाते  हैं ।,1.692797705021064e-67,1.0323704716782354e-64,2.8650706920066858e-86
राजस्थान  में  रिक्त  हुई  राज्यसभा  की  सीट  के  लिए  कांग्रेस  की  तरफ  से  पूर्व  प्रधानमंत्री  मनमोहन  सिंह  प्रत्याशी  होंगे .,1.3209974144177356e-138,2.1939181339307848e-133,4.903769299962556e-164
उन्होंने  आवेदन  में  लिखा  है  कि  मेरी  शादी  पांच  वर्ष  पूर्व  हुई  थी  उसी  समय  मेरे  ससुराल  वाले  दहेज  को  लेकर  प्रताड़ित  करते  हैं ।,1.902999207994881e-172,4.263480833999461e-166,6.444604588768541e-203
योजना  का  लाभ  सभी  जाति  धर्म  की  उन  छात्राओं  को  ही  मिलेगा  जिनके  अभिभावकों  की  वार्षिक  आय  35 हजार  रुपये  है ।,3.791873187611974e-159,3.965558896527239e-154,1.3714763516919514e-179
"याद  कीजिए , जब  पिछली  बार  आपके  घर  में  लगे  सीएफएल  ने  काम  करना  बंद  कर  दिया  था ।",2.643794139484609e-146,2.3530221288510134e-142,3.749311258234411e-173
सड़क  दुर्घटना  में  घायल  ने  उपचार  के  दौरान  दम  तोड़  दिया ।,3.509541623476449e-77,1.5979714353799866e-73,8.01021955326881e-102
जो  बुधवार  को  प्रकाश  में  आया ।,5.315132597189492e-50,7.167138529665608e-48,6.123728924495367e-63
बाइक  ने  लेंटर  को  रोक  लिया  था .,7.473972827892765e-60,9.51227922019519e-58,1.023818313817331e-70
प्रशासन  ने  चिनाब  और  तवी  के  आसपास  के  निचले  क्षेत्रों  के  लोगों  को  सावधान  रहने  के  लिए  कहा  है ।,2.3423816825433057e-134,2.6871283229895718e-129,4.9040088026977136e-164
इसलिए  सुरक्षाबलों  को  खूली  छूट  दी  गई  है ।,5.315676092450069e-59,1.9069541329689253e-56,1.7166369823805658e-78
मध्य  प्रदेश  के  संगठन  महामंत्री  की  जिम्मेदारी  संभाल  रहे  अरविंद  मेनन  को  हटाया  गया .,8.714922984003373e-105,5.626359238739051e-101,3.747823605982349e-125
अल्ट्रासाउंड  सेंटर  के  मालिक  को  हिदायत  दी  गई  कि  मानवीयता  दिखाते  हुए  रेट  कम  करें ।,1.5974606883138275e-120,7.181789423756337e-117,6.2665515940109255e-133
एक  महिला  की  शिकायत  पर  पुलिस  ने  मामला  दर्ज  किया  है ।,6.542890161153039e-64,5.170252535303161e-60,8.033240131666423e-102
कहते  हैं  कि  कन्हैया  यहां  स्लेट  पर  लिखे  अंक  धोकर  मिटाते  थे ।,6.21775830373782e-96,5.3209177449443184e-93,1.3396934547565148e-109
स्वर्ण  बॉन्ड  योजना  के  तहत  सोने  की  खरीदारी  12 से  16 अक्‍ टूबर  के  बीच  की  जा  सकती  है ।,1.3067327471464612e-140,1.0904672374671662e-135,4.906857681118702e-164
"और  उसे  टोका  जाता  है , बुलबुल  के  द्वारा  - औरत  क्यों  नहीं  कर  सकती ?",6.526926067414298e-137,4.996540399002561e-134,8.013070931222436e-150
बावरिया  का  आरोप  है  कि  बीजेपी  में  ये  हालत  है  कि  मंत्रियों  का  जगह  जगह  विरोध  हो  रहा  है .,1.0695290457802437e-139,8.366749884054028e-135,4.906751505385864e-164
बागथन  के  दि  प्लेनम  स्कूल  में  इंटरनेशनल  आर्ट  फेस्ट  का  आज  से  आगाज  नाहन  हिमाचल  निर्माता  डा .,3.7218497426909433e-140,1.6989621622010823e-136,1.7528116006096958e-148
"उन्होंने  बताया  कि  आला  हजरत  इमाम  अहमद  रजा  खान  एक  बड़े  धार्मिक  गुरु , इस्लामिक  स्कालर  व  पीर  थे ।",1.3129397885777246e-160,8.204615951149486e-157,6.296231216604978e-181
ये  आतंकवाद  को  खत्म  कर  सकते  है  क्या ।,3.838195279013394e-67,8.858483295252155e-65,1.7136883751053915e-78
"जिस  टैंक  में  गुड़ाखू  बनाने  के  लिए  केमिकल  रखा  जाता  है , उसी  टैंक  से  तीन  मजदूरों  को  निकाला  गया  है ।",3.5440168218549102e-177,4.4734606220022455e-173,1.7590446521961577e-196
तिरुवनंतपुरम  से  कांग्रेस  सांसद  शशि  थरूर  ने  बिल  का  यह  कहकर  विरोध  किया  कि  यह  समुदाय  के  आधार  पर  भेदभाव  करता  है ।,8.887608893551869e-162,7.796781849622635e-156,2.294848883859144e-187
अब  आधे  कप  दूध  में  आधा  कप  पानी  मिलाकर  इसमें  कूटी  हुई  हल्दी  और  मिर्च  मिलाएं  और  खौला  लें ।,6.632581889559051e-152,7.932047356567916e-148,4.908680064085002e-164
आज  आम  आदमी  यह  सवाल  कर  रहा  है  कि  पॉलिथिन  व  प्लास्टिक  कचरा  फैलाने  की  शुरुआत  सूर्योदय  होने  से  पूर्व  ही  हज़ारों  करोड़  थैलियों  को  आम  लोगों  के  घरों  तक  पहुंचाने  का  कारण  देश  का  डेयरी  मिल्क  व्यापार  ही  बनता  है ।,2.2731807373418583e-299,5.0167713293375833e-290,0.0
ट्रैफिक  पुलिस  की  ओर  से  वाहनों  को  एक  कतार  में  किया  जाता  रहा ।,7.754097401220838e-96,6.675621631943162e-92,2.240460078557182e-117
विदित  हो  कि  नेवी  का  जवान  सूरज  कुमार  दुबे  गत  30 जनवरी  को  छुट्टी  बिताकर  ड्यूटी  जॉइन  करने  कोयंबटूर  जा  रहा  था .,2.199989542816534e-165,2.490376214192914e-160,2.2938954086272824e-187
"ग्लेशियर  टूटने  से  मची  तबाही , अलर्ट  पर  वायुसेना , पीएम  मोदी  और  गृहमंत्री  की  हालात  पर  नजर - Glacier breakdown caused havoc , presence on air force News 24 नई  दिल्ली: उत्तराखंड  के  चमोली  में  ग्लेशियर  टूटने  से  भारी  तबाही  हुई  है ।",0.0,0.0,0.0
जिले  में  अब  तक  कोरोना  से  ठीक  होने  वालों  की  कुल  संख्या  17 हजार  762 पर  पहुंच  गई  है ।,1.1621843520869971e-119,5.9116674070774255e-114,4.91467445712801e-164
चलिए  दिवाली  को  लेकर  नई  परंपरा  की  शुरुआत  करते  हैं .,1.9174940967011742e-80,1.097962708068581e-77,4.78982113183661e-94
शिवपुरी  जिले  के  बदरवास  थाना  अंतर्गत  ग्राम  लिलवारा  में  स्थित  एक  कुएं  में  बुधवार  की  सुबह  4 माह  के  मासूम  का  शव  पानी  में  उतराता  हुआ  मिला ।,1.7662435577055272e-200,1.720860903284206e-193,3.0011704543598823e-226
आईसीसी  लंबे  समय  से  सभी  प्रारूपों  में  कम  से  कम  एक  विश्व  प्रतियोगिता  शुरू  करने  की  योजना  बना  रहा  है ।,3.1421373688413223e-137,7.00293158227505e-132,8.227317960494467e-172
रायसेन ।,3.3924814157337124e-17,2.6909698815709823e-16,4.6780845949866815e-24
जी .,7.96259380129623e-13,6.366578309818994e-12,4.679509442496057e-24
"बगल  की  सीट  पर  बैठे  एक  पैसेंजर  ने  पांच  रुपए  के  चने  लिए  तो  दूसरी  सीट  पर  बैठे  76 वर्षीय  शिवनारायन  बोले , अरे  भइया  न  खाओ  परसों  जब  मैं  लखनऊ  जा  रहा  था  तो  ये  चने  खा  लिए  फूड  प्वाइजनिंग  हो  गई ।",0.0,0.0,0.0
निर्देशक  पराग  पाटिल  अपने  काम  में  मंझे  दीखते  है  वहीँ  खेसारी  का  यह  नाय  रूप  दर्शकों  को  अत्यधिक  प्रभावित  करेगा  साथ  ही  अभिनय  के  मास्टर  अवधेश  मिश्र  अपने  अभिनय  से  खासा  प्रभावित  करते  हैं .,7.939972256284662e-262,5.410257789877249e-255,1.098565720830905e-280
खराब  मौसम  के  चलते  दिल्ली  आने  वाली  27 फ्लाइट  को  डायवर्ट  करना  पड़ा ।,1.3377306956254387e-99,6.440212012192542e-96,2.240533780737828e-117
एमपीपीजी  कॉलेज  के  पीआरओ  डॉ ।,9.83807734028268e-52,3.1474144646472845e-50,3.660002009902951e-55
दोनों  विभागों  ने  बैंकों  पर  राशि  वापस  करने  के  लिए  मनी  सूट  दायर  किया  है ।,6.500498274081117e-113,4.508212062352118e-109,6.278587612928226e-133
"डीआईजी  के  अनुसार  यूरोप  के  शहरों  और  भारत  के  शहरों  की  तुलना  की  जाए  तो  वहां  बीमारियां  जीवनशैली  से  जुड़ी  होती  हैं  जबकि  हमारे  यहां  संक्रामक  होती  हैं , जो  गंदगी  के  कारण  फैलती  हैं ।",1.549978593123152e-283,2.382821506709722e-276,2.3480242937703355e-305
केंद्र  सरकार  द्वारा  किसानों  की  दशा  में  मूलभूत  सुधार  के  लिए  बनाए  गए  3 कानूनों  को  वापस  लेने  के  किसान  गर्मी - सरदी  और  बरसात  की  परवाह  न  करते  हुए  लगातार  धरने  पर  बैठे  हुए  हैं .,1.3730753364075909e-252,9.97382415716859e-244,3.0735141461372165e-296
यह  नहीं  हो  पाता  था ।,2.653597290156414e-40,2.811031669840541e-38,3.6699139453553766e-55
शव  देखकर  वह  बेहोश  हो  गईं ।,5.769350149224669e-51,5.825787994745427e-49,6.121696570658071e-63
इसके  बाद  बेहद  ही  सावधानी  व  सुरक्षित  तरीके  से  जच्चा - बच्चा  को  एंबुलेंस  से  डफरिन  अस्पताल  ले  जाया  गया ।,1.320940157831028e-143,1.2688440607655048e-138,8.24159566399233e-172
उन्हें  होश  नहीं  आ  पा  रहा  है  और  नजर  बचाए  फिर  रहे  हैं ।,6.680398271666674e-97,2.1310093405875947e-93,2.2466900135406065e-117
कोई  मिल  गया  फिल्म  के  बाद  हंसिका  को  लगातार  काम  मिलता  रहा  और  वो  सफलता  की  सीढ़ी  चढ़ती  गईं ।,2.138880440395924e-152,3.3456802419686325e-148,4.903554182027496e-164
बेर  सेब  की  तरह  रसीला  और  मीठा  होगा ।,8.89775056103275e-74,8.324000937808108e-72,1.7121620909059647e-78
स्टार  रेटिंग  वाले  एसी  कुछ  समय  पहले  ही  आने  से  शुरू  हुए  हैं ।,3.897071815306258e-101,9.948389870734175e-98,2.241236152280256e-117
छोटी - मोटी  कुछ  उलझनों  को  यदि  दरकिनार  कर  दें  तो  घर  में  सामान्य  सुख  प्राप्त  होगा ।,1.3596196923498745e-131,1.5402213410353343e-127,1.752894357981994e-148
जिसे  बंद  कर  देने  से  नदी  के  रास्ते  से  कमर  भर  पानी  को  पार  कर  आते  जाते  हैं  तो  कई  शिक्षकों  व  व्यवसायियों  का  वाहन  पानी  में  चलने  के  कारण  खराब  हो  जाता  है ।,3.552610440279206e-249,3.02558617936289e-241,1.1001827696827216e-280
भोपाल ।,1.9654669074314015e-12,1.5715769525040766e-11,4.6798903242741684e-24
पढ़ें  अखिल  भारतीय  विद्यार्थी  परिषद  के  शील  प्रकल्प’ के  तहत  राष्ट्रीय  एकात्मता  यात्रा  के  चरण  में  पूर्वोत्तर  के  छात्रों  का  अजमेर . . .,4.310265063025102e-175,5.174200215576943e-170,3.840823487000294e-195
1 .,1.1901303264441126e-12,9.516269353722907e-12,4.67960875865039e-24
मोनालिसा  ने  भले  ही  बिग  बॅास  के  बाद  लोकप्रियता  हासिल  की  हो ।,8.055860949611066e-98,9.826148470546234e-95,1.3395761904378253e-109
अब  खबर  है  कि  प्रेम  सोनी  अपनी  आगामी  फिल्म  में  यूलिया  और  एक्टर  रणदीप  हुड्डा  के  साथ  फिल्म  बनाने  का  मन  बनाया  है ।,1.315175133952949e-164,1.6750682453460516e-158,3.8408002899461025e-195
"इस  बात  को  समझना  कि  उस  दिन  होटल  के  अंदर  क्या  चल  रहा  था , आज  भी  मेरी  रीढ़  की  हड्डी  में  सिहरन  पैदा  कर  देती  है । """,6.103400470693981e-231,2.2999927982579486e-225,2.3088293876298592e-259
शनिवार  को  किसान  फूलों  से  लदी  ट्रैक्टर  ट्रॉलियों  के  काफिले  विजय  गीत’ बजाते  हुए  सिंघु  धरना  स्थल  Singhu Dharna Site से  बाहर  निकल  गए .,5.479537201413432e-182,1.2104956910672499e-176,6.417607634109402e-203
सहायक  वन  संरक्षक  एसीएफ) क्षेत्रीय  वन  अधिकारी  आएफओ) - 2020 की  मुख्य  परीक्षा  13 फरवरी  से  शुरू  होने  जा  रही  है ।,1.4733210783702176e-145,9.526281559672106e-140,1.3760316870924069e-179
"सिसोदिया  ने  कहा  असंगठित  क्षेत्र  के  ऐसे  श्रमिकों  के  महंगाई  भत्ते  पर  रोक  नहीं  लगाई  जा  सकती , जिन्हें  सामान्यतः  केवल  न्यूनतम  मजदूरी  मिलती  है ।",1.160316382580071e-202,6.130251374693506e-197,1.3715196994262327e-227
शिकायत  होने  पर  सदर  कोतवाली  पुलिस  संग  आबकारी  टीम  मौके  पर  पहुंच  गई ।,8.857340365474731e-96,4.508019722755327e-92,2.240703306951471e-117
आर्थिक  क्षेत्र  में  बड़े  परिवर्तन  का  समय  है ।,1.2050323823994314e-62,6.036920002897444e-60,1.71231921601151e-78
"भाजपा  ने  दोनों  जगह  अकेले  जाने  का  जोखिम  उठाया , जो  एक  दांव  था  और  आज  कहा  जा  सकता  है  कि  वह  दांव  सफल  रहा ।",4.4271514864502195e-202,3.8101734033088813e-197,1.3720339513660136e-227
"भावानगर  निचार  खंड  एनपीएस , सीपीएस  कर्मचारी  संगठन  की  बैठक  का  आयोजन  भावानगर  में  किया  गया ।",1.2194938114864096e-142,1.219500417667726e-139,1.3411513422380869e-157
लेकिन  ईमानदारी  से  कहूं  तो  मैं  अब  पढ़ता  नहीं  हूं ।,1.0993223491331512e-76,1.1830665877542048e-73,4.797506117139079e-94
"बोनस  के  अतिरिक्त , MarketsWorld एक  भाग्यशाली  ट्रेडर  को , जो  कि  प्लेटफॉर्म  पर  सक्रिय  रहा  है , मासिक  लॉयल्टी  अवार्ड  भी  देता  है ।",8.058219854594783e-241,7.193941375045507e-238,1.3398115635985363e-253
डॉ ।,9.17100826803845e-15,7.317654086753548e-14,4.6789651760722476e-24
परिजनों  को  वित्तीय  सुरक्षा  देने  या  किसी  आकस्मिक  स्थिति  में  बीमारी  के  बोझ  के  खर्च  से  राहत  दिलाने  के  लिए  बीमा  उत्पाद  को  निवेश  का  सबसे  लोकप्रिय  और  उपयुक्त  साधन  माना  जाता  है ।,9.102549002483915e-243,2.2781392395900877e-235,6.578029891178546e-273
तूफान  के  दौरान  तेज  हवाएं  चलने  की  भी  चेतावनी  जारी  की  गई  है ।,1.2283605422781192e-90,1.6608551070773626e-86,2.2453842890694485e-117
इंदौर  दिनांक  10 अक्टूबर  2021 - आज  दिनांक  10 - 10 - 2021 को  गोमा  की  फेल  निवासी  फरियादी  ने  थाना  तुकोगंज  मे  रिपोर्ट  किया  था  कि  उसकी  17 वर्ष  04 माह  की  नाबालिग  लडकी  को  कोई  अज्ञात  बदमाश  बहला  फुंसलाकर  अपने  साथ  ले  गया ।,0.0,0.0,0.0
तब  उन्होंने  पीड़िता  को  कोटा  थाना  भेजने  कहा ।,6.555956760977157e-69,8.200681025166728e-67,1.7125703156536918e-78
यहां  काम  करने  वाली  घरेलू  सहायिका  का  भी  कोरोना  टेस्ट  पॉजिटिव  आने  के  बाद  नगर  में  कम  से  कम  एक  सप्ताह  का  लॉक  डाउन  घोषित  करने  की  मांग  उठने  लगी  है ।,2.0080084944789417e-210,6.663271769529058e-202,2.3506847857104438e-257
थोड़ी  ही  दूर  है  बरनावा ।,1.056587187879386e-47,4.557777557290495e-46,3.6600758315848604e-55
"केंद्रीय  रक्षा  मंत्री  राज  नाथ  सिंह , मानव  संसाधन  विकास  मंत्री  डॉ .",4.733855934294329e-108,2.6180486120959302e-105,1.7125666345204602e-126
इस  कार्यक्रम  में  10 हजार  से  भी  अधिक  ब्रह्म  कुमार  भाई - बहनें  शामिल  होंगी ।,2.3170502525019815e-109,2.357392803600304e-105,6.3079064316042676e-133
इसके  अलावा  मनमाने  रूप  से  सीनियरटी  और  नियुक्ति  की  प्रक्रिया  की  जा  रही  है ।,2.0224131771317893e-94,1.0774324257269935e-90,3.7782365116630493e-125
उसने  बताया  कि  वह  दिल्ली  की  एक  इंश्योरेंस  कंपनी  से  बोल  रहा  है ।,5.6621976573596884e-89,5.879308676054997e-85,2.248322897949202e-117
"त्रिवेणी  सिंह , सुभाष  चंद्र  द्विवेदी , गायत्री  सिंह , डॉ .",5.336868747761572e-145,2.0656554764445268e-144,2.7971116399691597e-148
"अगर  हम  उन  लोगों  तक  पहुंचें  तों  हमें  अच्छे  एथलीट  मिलेंगे . """,1.1002920399967592e-106,3.442390781074132e-104,4.792732901536988e-118
केंद्र  की  योजनाओं  पर  बात  की ।,2.769453044570462e-47,4.3141328950153504e-45,6.122577251272909e-63
इनको  सुरक्षित  रहना  मानव  जाति  के  लिए  ही  नहीं  बल्कि  पशु  पक्षी  और  वनस्पतियों  के  लिए  भी  जरूरी  है ।,3.682802661720214e-139,3.5314592390942717e-134,4.9036808118094095e-164
लोग  घरों  में  कैद  है .,1.0820402507291116e-40,1.2868646453217347e-38,3.660548819670665e-55
कानपुर  उत्तर  प्रदेश  ने  रणजी  ट्रॉफी  एलीट  ग्रुप  सी  के  मैच  में  रविवार  को  यहां  गोवा  को  पारी  और  247 रन  से  शिकस्त  देकर  सात  अंक  प्राप्त  किये .,1.5322121218629193e-212,9.687246123608488e-206,5.0195573394103514e-234
"इस  साल  का  पहला  सूर्य  ग्रहण  उत्तरी  अमेरिका  के  उत्तरी  भाग , यूरोप  और  एशिया  में  आंशिक  रूप  में  दिखाई  देगा .",2.101944300865584e-170,1.5575807163532662e-165,1.764456645955976e-196
कोरोना  के  कहर  से  डाऊ  जोंस  20000 के  नीचे  आ  आ  गया  है ।,1.4510103446940774e-93,3.9119896419202845e-90,2.2491376042884536e-117
बालों  के  झड़ने  की  समस्या  का  समाधान  दो  तरीकों  से  होता  है - सर्जिकल  और  नॉन  सर्जिकल ।,1.0371038901397663e-132,2.064840407866751e-128,1.7528437299936877e-148
साथ  ही  ऐसे  अवसरों  पर  भाग  लेने  के  लिए  छात्राओं  को  प्रोत्साहित  किया ।,7.569055294513976e-94,3.8846662504909725e-90,2.243708774691593e-117
"अमेरिका  के  राष्ट्रपति  डोनाल्ड  ट्रंप  ने  चीन  से  चल  रहे  व्यापार  युद्ध  के  तहत  200 अरब  डॉलर  करीब  14 , 503 अरब  रुपये) के  चीनी  आयात  पर  10 प्रतिशत  शुल्क  लगा  दिया  है .",8.760004966149816e-251,2.7753272064487256e-243,8.39868734523308e-290
"िकायत  में  कहा  गया  है  कि  अर्नब  गोस्वामी  ने  उनके  बारे  में  घोर  झूठे , दुर्भावनापूर्ण  और  अपमानजनक  बयान  दिए  हैं , जो  उनके  अपने  चैनल  रिपब्लिक  भारत  पर  प्रसारित  किए  गए ।",3.818102328089681e-276,1.2485458397060016e-270,6.418316773407255e-299
एल्बर्टा  में  131 हजार  डालर  की  टैक्सेबल  आय  पर  10 प्रतिशत  अतिरिक्त  आयकर  वसूल  किया  जाता  है ।,4.930896298160819e-130,9.542603543613269e-126,1.7557037194550752e-148
उन्होंने  बताया  कि  इन  मामलों  में  अब  तक  300 से  ज्यादा  व्यक्तियों  को  गिरफ्तार  किया  गया  है .,4.905455919444162e-104,1.270627257910778e-98,1.7626983630527538e-148
प्रदेश  के  चार  जिलों  में  इस  टिंचर  की  खपत  बढ़  गई  है ।,6.552235592143755e-85,2.272602287539647e-81,1.3424990039638288e-109
नए  वर्ग  में  विनेश  को  मिश्रित  सफलता  मिली ।,2.568431054650791e-69,3.2458086065555675e-67,1.7123663465018358e-78
आज  महिला  की  हालत  बिगडऩे  पर  जांच  की  गई  तो  पता  चला  कि  महिला  को  ओ  की  जगह  बी  पॉजिटिव  रक्त  चढ़ा  दिया  गया  था ।,3.6937813614237997e-174,1.1447601463344249e-167,1.0750491062619562e-210
"डीएसपी  ने  बताया  कि  नैन  डेरा  के  कृषि  विभाग  की  भी  जिम्मेदारी  संभाल  रहे  थे , उन्होंने  कहा  कि  कुछ  अनुयायी  अस्थियां  लाते  थे  और  अनुष्ठान  के  तहत  डेरा  परिसर  में  इसे  बिखेर  देते  थे .",9.272084570486911e-279,1.2369096000612382e-271,2.3480789572737173e-305
गणतंत्र  दिवस  समारोह  के  मुख्य  अतिथि  फ्रांस  के  राष्ट्रपति  फ्रांस्वा  ओलांद  का  सोमवार  को  राष्ट्रपति  भवन  में  उनका  रस्मी  स्वागत  किया  गया .,4.680673940243272e-156,6.850793063661016e-150,2.2938895358663256e-187
"वे  सिर्फ  देखते  हैं  कि  इसके  पास  क्या  है , जबकि  देखना  चाहिए  इसके  पास  मोहब्बत  के  जज्बात  हैं  या  नहीं ।",8.496814619523308e-179,7.30348916193046e-175,1.7538390085961065e-196
"इसमें  प्रदेश  की  राजनीतिक  स्थिति , भौगोलिक  और  जातिगत  समीकरण  एवं  वोटर्स  की  स्थिति  का  ब्योरा  भी  दिया  गया ।",4.375348532681469e-161,2.955966599012588e-157,6.276254093780047e-181
"स्वास्थ्य  मंत्रालय  के  मुताबिक , देश  में  पिछले  24 घंटे  में  2.76 लाख  केस  सामने  आए  हैं ।",5.365237385291422e-132,6.259253020597181e-128,2.241405976899431e-165
"पुन: प्रयास  किए  हैं , पत्र  लिखा  है ।",6.325780323146604e-86,1.8884887775942351e-84,2.1885195776207445e-95
उन्होंने  सोशल  मीडिया  पर  कहा  कि  लॉकडाउन  की  सख्ती  से  महामारी  का  अंत  नहीं  होता  है ।,2.0289810149002827e-111,8.804773703082428e-107,1.0530909465953925e-140
मृतक  अमीन  निवासी  युवक  रवि  उर्फ  गोरखा  सलारपुर  रोड  पर  यूनियन  बैंक  के  साथ  स्थित  एक  मोबाइल  की  दुकान  से  बाहर  निकला  था ।,5.819752051599736e-175,2.128866981596822e-169,3.836346706957573e-195
जब  60 साल  सत्ता  में  रहने  के  बाद  कांग्रेस  सरकार  देश  को  कृषि  नीति  नहीं  दे  सके  किसान  कांग्रेस  से  क्या  उम्मीद  करेंगे ।,1.7595874354126383e-175,4.45208602204902e-170,3.838531193577844e-195
उपरांत  संगत  में  बैठकर  लंगर  छका ।,1.4220732226880374e-58,6.715820661386608e-57,6.121191036451381e-63
"हिंदू  पंचांग  के  अनुसार , हर  माह  में  कृष्ण  पक्ष  की  चतुर्दशी  तिथि  को  मासिक  शिवरात्रि  मनाई  जाती  है ।",6.032863415178343e-150,4.753845587139911e-145,6.270340477030978e-181
जीएसटी  प्रणाली  को  मोदी  सरकार  ने  पुराने  कर  को  समाप्त  करने  का  आग्रह  करने  के  लिए  लागू  किया  था ।,1.9843838195058089e-137,4.1433151540363125e-132,4.906180483050627e-164
नईदुनिया  प्रतिनि; घिळर् - ऊि्‌ ।,9.852793259859471e-36,1.2507283398426502e-33,3.66055452840189e-55
पुलिस  जानकारी  जुटाकर  पकड़े  गए  लोगों  को  सुरक्षित  स्थान  पर  भेज  रही  है ।,3.3160357854776695e-95,2.0000864271604308e-91,2.24912869924228e-117
कोलकाता .,1.6016103949345201e-15,1.2765641886177478e-14,4.6784059998192765e-24
सामान्य  तौर  पर  गुजरात  में  15 सितंबर  के  बाद  मानसून  समाप्ति  की  घोषणा  हो  जाती  है ।,1.804356515749317e-117,3.176809485310171e-113,1.0487977073870956e-140
इसे  मंगल  का  चक्कर  काट  रहे  Mars Reconnaisance Orbiter के  जरिए  भेजा  गया  था ।,1.3917718639495432e-106,4.196409550257901e-103,3.752593207580194e-125
जहां  उपचार  के  दौरान  पंकज  की  मौत  हो  गई ।,2.973400230750505e-60,2.5839392261287e-57,2.868753961592138e-86
जिसे  ठीक  कराने  की  जगह  खानापूर्ति  कर  दी  गई ।,4.812087135382164e-70,2.039122070661681e-67,2.8647897392210407e-86
इससे  आप  अपने  आपको  धारा  से  अलग  पाएंगी  और  इसलिए  कंफर्टेबल  महसूस  नहीं  करेंगी ।,1.6879312500946285e-110,3.421102675733038e-107,3.751610490399522e-125
"ईसा  पूर्व  चौथी  सदी  में  पंचारी  ने  कहा  था , भ्रष्ट  अधिकारियों  को  रंगे  हाथ  पकड़ना  उतना  ही  मुश्किल  है , जितना  मछलियों  को  पानी  पीते  हुए  और  मक्खियों  को  शहद  चाटते  हुए  पकड़ना ।",1.279489354488671e-300,4.620061733860647e-295,1.794433188e-314
राज्य  की  200 विधानसभा  सीटों  में  से  कांग्रेस  के  पास  पिछले  वर्ष  बसपा  छोड़  कांग्रेस  में  शामिल  हुए  छह  विधायकों  समेत  107 विधायक  है .,4.510672357803819e-177,5.456352014705803e-171,6.417598468861221e-203
"केडी  सिंह  ने  कहा  कि  सम्मान  मिलने  की  अनुभूति  तो  सुखद  थी  ही , लेकिन  प्रकृति  की  गोद  मे  बसे  इस  विश्वविद्यालय  का  परिसर  और  पूरा  वातावरण  देख  कर  मन  प्रसन्न  हो  गया ।",4.216248943600122e-267,1.3720623974571436e-260,8.400814760162626e-290
यह  बात  है  कि  पिछले  वर्ष  की  तुलना  में  इस  बार  कोयले  का  प्रेषण  कम  रहा  है .,1.1428885155558218e-114,9.214882667962265e-110,1.7588153491660248e-148
नगर  पालिका  की  ओर  से  प्रत्येक  नये  वित्तीय  वर्ष  की  शुरुआत  में  बैठक  कर  साल  भर  विकास  में  होने  वाले  खर्च  व  विभिन्न  मदो  से  होने  वाली  संभावित  आय  का  खाका  खींचा  जाता  है ।,6.947727797825609e-246,4.521026550788892e-238,1.1001954707552456e-280
यूएस  में  लंबे  समय  से  बंद  वॉल्ट  डिज्नी  वल्र्ड  फि  र  से  खुलने  जा  रहा  है ।,5.138618976734168e-116,6.908663719111355e-112,1.0526401535270165e-140
"डीसी  ने  ICU , ICCU और  SDUC के  साथ  बच्चों  के  कोविड  वार्ड  का  भी  निरीक्षण  किया .",2.2401422834882193e-148,7.697254446165251e-145,2.240437708862399e-165
जानकारी  मिलते  ही  प्रशासनिक  अधिकारी  हरकत  में  आए  और  जर्जर  पुलियाओं  का  निरीक्षण  कर  दुरुस्ती  कार्य  प्रारंभ  करवाया ।,6.342206212912038e-137,2.2846371614584663e-132,2.932429341453202e-156
हालांकि  उसे  अस्पताल  ले  जाया  गया  लेकिन  उसकी  मौत  हो  गई ।,3.3563161089591617e-71,1.356077505151941e-67,8.028997212010664e-102
पीड़िता  ने  थाना  में  उसकी  रिपोर्ट  दर्ज  कराया ।,2.4774279464816827e-66,6.695505613304243e-64,1.7122339373914726e-78
"हाईकोर्ट  में  शासन  के  मामलों  की  पैरवी  करने  के  लिए  अतिरिक्त  महाधिवक्ता , उपमहाधिवक्ता  व  शासकीय  अधिवक्ताओं  की  सूची  जारी  की  गई  है ।",1.0537691062294129e-178,2.396942426670561e-173,4.914030903060783e-212
उनके  अगले  क़दम  का  कोई  संकेत  नहीं  है .,5.737269689622099e-63,1.6714263949026428e-60,1.7134994183075295e-78
भारतीय  ओलिंपिक  संघ  आईओए) के  नवनियुक्‍ त  अध्‍ यक्ष  एन  रामचंद्रन  ने  खेलों  में  पारदर्शिता  लाने  का  वादा  किया  है ।,6.138004515969561e-147,7.909952225588272e-142,8.215242897751746e-172
स्कूल  में  बरात  का  स्वागत  किया  गया ।,9.226692117562e-52,1.9852839058800437e-49,1.0250590176834568e-70
"वहीं  टेलर  के  दूसरे  एल्बम  ' फियरलेस’ ने  चार  ग्रैमी  अवॉर्ड  जीते  थे  जिनमें  ' यू  बिलोंग  विद  मी’ और  ' लव  स्टोरी ' जैसे  गाने  शामिल  थे| वह  कई  ग्रैमी  अवार्ड  जीत  चुकी  हैं , जिसमें  2010 एल्बम  ऑफ़  द  ईयर  अवार्ड  के  लिए  लोकप्रिय  एल्बम  फियरलेस  शामिल  हैं ।",0.0,0.0,0.0
नारियल  का  तेल  स्किन  से  लेकर  बालों  तक  के  लिए  खूब  फायदेमंद  होता  है ।,5.201368043156081e-107,2.3751197333028925e-103,3.750254134982398e-125
वे  सिपाही  से  तेल  निकाल  लेने  की  बात  पूछ  बैठे ।,9.077265899931992e-86,2.034493353708162e-83,4.791568646815187e-94
लकड़ियों  की  कटाई  से  जंगलों  को  भी  नुकसान  पहुंचता  है ।,2.9665598320268854e-83,1.6128053440088183e-80,4.7891548093035483e-94
इंजन  और  पावर  की  बात  की  जाए  तो  इस  बाइक  में  97.2 सीसी  का  इंजन  दिया  गया  है  जो  कि  8.24 बीएचपी  की  पावर  और  8.05 न्यूटन  मीटर  का  टार्क  जनरेट  करता  है ।,1.0311927512463165e-216,2.930598247714692e-207,6.5718969619258935e-273
"पूर्णिमा  एक  साल  में  कई  बार  आती  है , लेकिन  शरद  पूर्णिमा  का  विशेष  महत्व  माना  जाता  है .",1.0143706096292976e-150,1.2370081060300638e-146,3.748069787701552e-173
"म्हाडा  जमीन  पर  अवैध  स्कूल - कॉलेज , बच्चों  की  जान  से  खिलवाड़  क्यों ?",5.878891454411635e-135,2.4689148902342475e-132,4.7891010651004114e-142
जो  आप  सभी  के  प्रतियोगी  परीक्षाओं  हेतु  बहुत  ही  beneficial है ।,9.091919836292859e-91,6.41747502738802e-88,8.012772605808322e-102
गलत  निर्णय  से  बिजली  का  बिल  भी  अधिक  आ  सकता  है  और  उचित  ठंडक  से  भी  वंचित  रह  सकते  हैं ।,2.792849557295986e-149,2.8980472668542604e-144,8.209572005875193e-172
शहर  में  भी  लोग  इस  तरह  की  समस्याओं  से  परेशान  हैं ।,6.643254925405351e-76,3.8400921400901074e-72,8.013382299101836e-102
इस  वर्ष  रेडक्रॉस  दिवस  के  100 वर्ष  पूर्ण  होने  पर  कीप  क्लेपिंग  फॉर  वॉलंटियर्स  थीम  के  तहत  स्वयंसेवकों  का  शारीरिक  दूरी  बनाए  रखते  हुए  एक  दूसरे  का  तालियां  बजाकर  अभिनंदन  किया  गया ।,3.535244364299364e-234,6.809764559743142e-227,3.95736235805369e-265
इसके  साथ  ही  कोरोना  का  पहला  डोज  लेने  वालों  की  संख्या  4745494 तथा  दूसरा  डोज  लेने  वालों  की  संख्या  643855 है ।,4.208238563785583e-149,1.5137519273039886e-143,1.377545703327428e-179
जिले  भर  में  कोरोना  वायरस  संक्रमण  को  रोकने  के  पुख्ता  इंतजाम  किए  गए  हैं । ',2.9073846584050624e-92,2.4063267017938614e-87,6.270415062457745e-133
छात्र  नेता  नमन  पुंज  का  कहना  है  कि  ऐसे  संवेदनशील  मामलों  में  प्रशासन  को  त्वरित  संज्ञान  लेने  की  जरूरत  है ।,3.951969010861562e-142,6.495929795830053e-137,8.209762716692605e-172
"जिसमें  10 रेड  बेल्ट , चार  ऑरेंज  बेल्ट , दो  येल्लो  बेल्ट , दो  ग्रीन  बेल्ट , दो  परपल  बेल्ट , दो  परपल  स्ट्रीप  बेल्ट , दो  ब्राउन  बेल्ट  दिया  गया ।",0.0,0.0,0.0
हाईस्कूल  के  970 और  इंटर  के  4398 परीक्षार्थी  अनुपस्थित  रहे ।,7.010997131811536e-83,2.8172754548035954e-80,4.7891657024706485e-94
जिसे  वह  वही  छोड़़कर  फरार  हो  गए ।,1.1213786987487038e-55,1.3497442730975544e-53,1.024370976548716e-70
कंकर - कंकर  में  शंकर  का  विज्ञान  क्या  है ?,4.318959264100668e-79,6.971935981642323e-77,2.8636539008948836e-86
"पानी  निकासी  की  व्यवस्था  ना  होने  के  कारण  घरों  का  पानी  खुले  प्लाटों  में  जमा  हो  रहा  है , जहां  गदंगी  पनप  रही  है ।",4.871533761790042e-193,1.172319905063966e-187,8.221164977540122e-220
"इसलिए , मुझे  लगता  है  कि  वह  इस  समय  पूरा  गेंदबाज  है । """,2.85174555080825e-126,4.548680747518667e-124,1.0243510196908263e-142
एजेंसी  चालकों  से  किसी  तरह  निगम  काम  चला  रहा  है ।,1.6687659358913695e-79,6.5669102912639886e-77,4.804630383848922e-94
ऐसे  परीक्षार्थियों  को  अटेंडेंस  में  भी  50 प्रतिशत  तक  की  छूट  मिलेगी ।,1.4652654622611844e-91,5.096864325049662e-88,1.3408689756070664e-109
बिग  बॉस  OTT की  ट्रॉफी  जीतने  के  बाद  दिव्या  अग्रवाल  को  लेकर  खबरें  हैं  कि  सलमान  खान  के  शो  बिग  बॉस  सीजन  15 में  भी  एक्ट्रेस  नजर  आ  सकती  हैं ।,1.7986727435304793e-213,1.056285087890778e-205,1.404243460480101e-249
लक्ष्य  का  पीछा  करने  उतरी  इंडसवैली  की  टीम  महज  81 रन  ही  बना  सकी ।,3.927065699610976e-99,4.640970292953533e-95,3.747215694544175e-125
यह  प्रतिकूल  दिशा  में  जा  रही  है ।,2.096402539753632e-50,3.877613058551672e-48,1.0299352568954328e-70
"मार्को , डॉ .",3.5121556291685096e-55,6.85706575218605e-55,1.672455620929977e-56
"जियो  के  पास  2 , 599 रुपये , 2 , 399 रुपये  और  2121 रुपये  के  प्लान  हैं .",2.631096782547697e-184,8.51372377463273e-182,2.8635663084705136e-194
ग्रामीण  कार्य  विभाग  के  प्रमंडल  एक  और  दो  के  तहत  फेज  वन  में  बनायी  गयी  नई  सड़कों  के  चौड़ीकरण  का  प्रस्ताव  फेज  टू  के  तहत  लिया  गया ।,2.3204487305363745e-203,4.1454366890012665e-197,3.0017392605812047e-226
एसपी  सिटी  रणविजय  सिंह  का  कहना  है  कि  पूरी  घटना  के  संबंध  में  एफआईआर  दर्ज  कर  ली  गई  है  और  जल्द  ही  होटल  मालिक  और  दूसरे  आरोपियों  को  गिरफ्तार  किया  जाएगा .,2.618982829139313e-202,1.4112610054223855e-193,2.3507451080218798e-257
श्री  कृष्ण  जन्म  स्थान  पर  त्रिस्तरीय  सुरक्षा  व्यवस्था  के  अलावा  कमांडो  हर  संदिग्ध  पर  नजर  बनाए  हुए  हैं ।,3.6859929113596745e-130,3.6130449204191214e-125,2.933118823520322e-156
इसमें  पांच  लाख  52 हजार  के  करीब  पुरुषों  और  पांच  लाख  78 हजार  के  करीब  महिलाओं  ने  अपने  मत  का  प्रयोग  किया  है ।,2.939000446874384e-165,1.756455193658239e-159,3.845607347857864e-195
फिर  से  मार्शल  लॉ  की  वापसी  हुई .,3.066643434163191e-60,3.3938739253046574e-58,1.024116521338842e-70
भरोसे  में  आकर  डिलेवरी  बॉय  ने  उसे  कैमरा  दे  दिया ।,6.086413808215148e-85,2.127502465943488e-82,4.789322689454094e-94
"मेरा  छोटा  भाई  है , तो  उसे  राखी  बांधने  के  बाद  उसे  गिफ्ट  देती  हूं ।",2.543691854475733e-137,2.8450993982742054e-134,8.01012455975113e-150
ये  स्टडी  हेल्थ  जर्नल  गट  में  प्रकाशित  हुई  है .,5.417369975166071e-72,1.8087872757048323e-69,2.8664661796800042e-86
भारत  की  ओर  से  युजवेंद्र  चहल  सबसे  कामयाब  गेंदबाज़  रहे .,1.6219442316238968e-76,1.1547853805792374e-73,4.793003637514724e-94
उन्होंने  कहा  कि  इंटर  पास  सभी  छात्र - छात्राओं  को  बीए  और  बीएससी  में  प्रवेश  दें ।,9.97292292601466e-114,1.9334117370078587e-109,1.0553548400927356e-140
मंगलवार  को  विशेष  आवासीय  विद्यालय  नाभा  हाउस  ऋषिकेश  में  पूर्व  पीएम  स्व .,8.94899463355097e-96,1.019995172545738e-92,1.340081327235387e-109
"यही  कारण  है  कि  केरजीराव  सरकार  ने  अनुमति  नहीं  दी  थी , जिसके  खिलाफ  हाई  कोर्ट  का  दरवाजा  खटखटाया  गया  था ।",8.775841161799411e-164,7.490481692602898e-159,1.7556420910119637e-196
बैठक  में  खासतौर  पर  दोनों  राज्यों  के  डेंगू  पीडि़तों  पर  विचार  किया  गया ।,1.2183232745303059e-95,3.522321609113141e-92,2.2438898614336934e-117
"इसके  अलावा , यदि  यह  एक  ब्रांडेड  ट्रेवल  क्रेडिट  कार्ड  है  तो  आपको  एक्स्ट्रा  पॉइंट्स  मिलते  हैं  यदि  आप  उस  विशेष  ब्रांड  के  साथ  खर्च  या  खरीदारी  करते  हैं ।",5.2558747170898815e-233,2.6258574655739953e-227,1.0785370973439985e-258
करौली - धौलपुर  सांसद  डॉ  मनोज  राजोरिया  ने  सोमवार  को  केन्द्रीय  पर्यटन  एवं  संस्कृति  राज्यमंत्री  डॉ  महेश  शर्मा  से  मुलाकात  की  और . . . . . . . . . .,9.524063157145266e-200,2.010398469927153e-191,2.3601286961254095e-257
4 नवंबर  को  सुबह  3 बजकर  24 मिनट  से  चतुर्थी  तिथि  का  आरंभ  होगा .,7.688636853692447e-110,8.090492890090301e-106,3.7473427056288816e-125
इस  अभियान  के  माध्यम  से  जन  जागरण  का  काम  भी  किया  जाएगा ।,6.803941569195771e-81,4.009245092881149e-77,1.3491529947907671e-109
एक  तरफ  तो  युद्ध  मे  विजयी  होने  पर  इस  पृथ्वी  का  सबसे  बड़ा  सम्राट  बनने  की  लालसा  और  दूसरी  तरफ  छल  से  गुरु  हत्या  करने  पर  नरक  वास !,2.8141566080304396e-215,1.413289421017911e-209,5.02632243681548e-234
"शुष्क , लुप्तप्राय  और  समस्याग्रस्त  त्वचा  के  लिए  इसका  उपयोग  करने  की  अनुशंसा  की  जाती  है ।",2.813725116061531e-135,1.7098145933719722e-131,1.340484777410145e-157
इससे  वह  बेहोश  हो  गए ।,6.292942348689027e-37,7.406861783278396e-35,3.666289222879798e-55
इन  लोगों  ने  पूर्वी  क्षेत्र  को  तहस  नहस  कर  दिया  है ।,2.2389827035858003e-75,4.1917372378836293e-72,8.029353720280219e-102
पार्क  में  गंदा  पानी  भरने  के  कारण  उसमें  मच्छर  पनप  रहे  हैं ।,5.41450405057869e-91,1.181073138932459e-87,1.3429069598030708e-109
राजनीति  में  ऐसे  सौ  फीसदी  परिणाम  कभी  नहीं  आते ।,2.865995287978144e-74,9.019759603069636e-72,2.8636262690379906e-86
वहीं  आगे  की  कहानी  इसी  घटना  के  इर्दगिर्द  घूमती  है ।,8.830974201705863e-80,5.8393450233249694e-77,4.798193149832574e-94
उन्होंने  कहा  है  कि  स्क्रिप्ट  पूरी  लिख  ली  गयी  है  और  कटरीना  इस  फिल्म  में  लीड  रोल  में  नजर  आएगी ।,5.202228309234983e-138,1.1012699421720255e-132,8.2470258916263e-172
"ऐसे  में  तैयार  रहिए  नए  भाषण , घोषणा  और  वादों  के  लिए ।",3.1592143399506724e-110,9.0109467894464e-108,1.715181019284646e-126
इससे  पहले  बहनों  में  मंदिरों  में  जाकर  पूजा - अर्चना  की ।,1.0341351949463963e-78,1.827430479495244e-75,8.023245869242506e-102
नारायण  साई  की  तलाश  के  लिए  बनाई  गई  सूरत  पुलिस  की  छ: टीमों  ने  दावा  किया  है  कि  उन्हें  मामले  से  जुड़े  अहम  सुराग  हासिल  हुए  हैं ।,1.683442761888584e-195,4.566449550147116e-189,3.00248187953968e-226
कितना  अच्छा  बदलाव  है !,1.4843375835354089e-41,2.965827089690882e-40,2.188441471806037e-47
जनपद  अध्यक्ष  देवेंद्र  प्रताप  सिंह  ने  फोन  कर  वन  अमला  को  इस  घटना  की  सूचना  दी ।,1.342947325198238e-117,2.505686634419839e-113,1.0481921935117364e-140
इंस्टेंट  मैसेजिंग  एप  व्हाट्सएप  Whatsapp लंबे  समय  से  चर्चा  में  बने  डार्क  मोड  Dark Mode को  लॉन्च  करने  की  तैयारी  है ।,1.4647437899746178e-152,4.7758254033102693e-147,1.3714482779078977e-179
बाल  विकास  कल्याण  के  लिए  भले  ही  सरकार  ने  बहुत  सी  योजनाएं  चलाई  हों  और  बाल  श्रम  उन्मूलन  के  लिए  भले  ही  कई  प्रावधान  किए  हों  लेकिन  यह  कटु  सत्य  है  कि  बच्चों  से  आज  भी  श्रम  करवाया  जाता  है ।,6.074776842198615e-293,1.0780424101192526e-283,0.0
एकेडमी  के  अंदर  सियासत  और  इससे  जुड़े  विवादों  से  इतर  ऑस्कर्स  की  पूरी  दुनिया  में  शोहरत  है .,2.547255172068485e-138,1.4419701704116537e-134,1.7528147959424073e-148
लॉकडाउन  अवधि  का  बिजली  बिल  या  किसी  भी  तरह  का  बिल  माफ  की  करने  की  घोषणा  की  हवा  निकल  रही  है ।,3.0407241486341296e-152,5.263857310184666e-147,1.3750677141913044e-179
शुक्रवार  को  तबियत  बिगड़ने  पर  यहां  से  जयपुर  ले  गए ।,8.926078023798966e-79,3.8102835694981575e-76,4.7912819752876645e-94
"अधिक  विधायकों  के  जहाज  पर  कूदने  के  साथ , पुडुचेरी  सरकार  एक  बड़े  संकट  की  ओर  बढ़  रही  है ।",3.13067000855466e-160,1.877159035962184e-156,6.282978500756754e-181
अब  जब  हड़ताल  खत्म  हुई  तो  सोने  के  भाव  बढ़  गए  हैं ।,2.137843300720276e-89,4.457975664950863e-86,1.3423558806788386e-109
भजनों  पर  भक्त  जमकर  नाचे ।,4.348076570191418e-50,1.7753474389967157e-48,3.660004519590705e-55
लोकल  को  वोकल  करने  के  साथ  साथ  ही  उसको  ग्लोबल  भी  किया  जा  सके  साथ  ही  मार्बल  एक्सपोर्ट  की  प्रक्रियाओं  को  सरल  किया  जाए ।,1.4406096658108126e-182,7.814572905021909e-177,6.416122610889604e-203
झांसी ।,5.593847734468053e-16,4.460305601715004e-15,4.6781604084870295e-24
वे  ड्रग्स  की  डिलवरी  और  पैसों  की  वसूली  के  लिए  कम  उम्र  के  बच्चों  का  इस्तेमाल  करते  हैं ।,1.3108485486702116e-129,6.192208413572537e-125,2.93504369295757e-156
"अभी  सरकार  न  ताे  न्यूनतम  समर्थन  मूल्य  का  कानून  बनाने  को  राजी  दिखाई  दे  रही  है , न  उक्त  कृषि  कानूनों  को  वापस  लेने  को  ही , जबकि  किसानों  का  कहना  है  कि  वे  उन्हें  वापस  लेने  के  तरीकों  पर  ही  बात  करेंगे  और  महज  कुछ  संशोधनों  के  सरकार  के  प्रस्ताव  को  मानकर  अपना  आन्दोलन  खत्म  नहीं  करेंगे ।",0.0,0.0,0.0
"उत्पाद  की  विशेषताएँ: 1 क्योंकि  फ़िल्टर  सामग्री  को  सिलेंडर  में  तब्दील  किया  जाता  है , फ़िल्टर  सामग्री  की  घनत्व  बड़ी  होती  है , इसलिए  धूल  कलेक्टर  में  कॉम्पैक्ट  संरचना  और  छोटी  मात्रा  होती  है ।",8.809395319115195e-295,4.726975334977553e-289,1.7955116144e-314
दरअसल  इस  खबर  के  आने  के  बाद  हुआवेई  को  चीनी  लोगों  का  काफी  विरोध  झेलना  पड़ा  था .,7.507723336413422e-128,1.8898376082324024e-123,1.7537793151918233e-148
"के  नाम  के  पश्चात्  पड़ा  जो  विद्या  एवं  गुण  दोनों  में  पूर्णताप्राप्त  प्रथम  एवं  सबसे  महान  गुरु  माना  जाता  था  और  जिसने  सबसे  पहले  साधारण  जनता  को  विद्या  और  सद्गुण  सिखलाया , जिसका  एकाधिकार  पहले  आभिजात्य  शासक  वर्ग  के  हाथ  में  था ।",0.0,0.0,0.0
वन  अरण्यपाल  सर्किल  धर्मशाला  में  प्रदीप  ठाकुर  ने  बताया  कि  वन  रक्षकों  की  भर्ती  में  फिजिकल  टेस्ट  पास  करने  वाले  अभ्यर्थियों  को  ऑनलाइन  एडमिट  कार्ड  जारी  कर  दिए  हैं ।,2.007767566924595e-205,5.403707934983198e-198,8.397059198687819e-242
आंगन  के  दूसरे  ओर  का  दरवाजा  खुला  पड़ा  था ।,3.6481685564445555e-77,1.101611947554212e-74,2.863560130440013e-86
वित्तीय  रूप  से  आप  तेज  गति  से  आगे  बढ़ेंगे  और  प्रॉपर्टी  की  खरीद  का  संकेत  है ।,1.6116574604933772e-124,2.094704969842809e-120,1.0480780792997176e-140
ऐसे  मामलों  का  सबसे  दुखद  पक्ष  यह  है  कि  वक्त  रहते  कोई  कार्रवाई  नहीं  की  जाती  है ।,1.6472982286691753e-118,7.347838993074776e-114,1.755767435425471e-148
बम्बई  उच्च  न्यायालय  के  आदेश  के  बाद  पिछले  सप्ताह  मामले  की  जांच  का  जिम्मा  सीबीआई  को  सौंपा  गया  था ।,3.055432046950608e-132,1.3050824666338306e-126,4.9085641112872266e-164
विधायक  पांचीलाल  मेड़ा  ने  कहा  कि  सरकार  ने  कि  सान  हित  में  योजनाएं  बनाई  हैं ।,9.535025745038991e-115,5.5525200086383634e-111,6.267457148151207e-133
बताया  कि  दुकानों  पर  कार्ड  धारकों  से  जानकारी  की  गई ।,6.053221999261052e-77,3.4435648938128807e-74,4.79371354646582e-94
विदिशा ।,4.0265438295660477e-16,3.2099459326948336e-15,4.678140614029026e-24
बहुजन  समाज  पार्टी  की  प्रमुख  मायावती  के  उत्पीड़न  के  आरोप  को  भी  गंगवार  ने  नकार  दिया ।,1.8192901226721356e-119,3.739090631401462e-115,1.0480803931636616e-140
"रेडमी  नोट  10 सीरीजरेडमी  नोट  10 कीमतरेडमी  नोट  10 सीरीज  लॉन्च  डेटरेडमी  नोट  10 लॉन्च  डेटरेडमी  नोट  10 फीचर्सरेडमी  नोट  10 प्रो  डिजिटल  डेस्क , नई  दिल्ली ।",2.856038815854679e-226,2.73204424779468e-221,3.8376970629627893e-243
एसडीएम  ने  मामले  को  दिखवाकर  शीघ्र  कार्रवाई  का  आश्वासन  दिया  है ।,7.504935345342646e-79,1.500343651612231e-75,8.019293373522199e-102
रूस  की  वैक्‍ सीन  Sputnik V पर  कई  देश  सवाल  उठा  रहे  हैं ।,7.9881287713503e-98,1.8061066272893707e-94,2.246036809422717e-117
भारी  मात्रा  में  इस  तरह  की  पोस्ट्स  के  कारण  ही  वो  सुरक्षा  एजेंसियों  के  निशाने  पर  आया ।,7.280843503327336e-130,1.870959615049593e-125,1.752889169033746e-148
खुर्शीद  आलम  बाबरी  मस्जिद  गिराए  जाने  के  20 वर्ष  बाद  लगभग  सभी  उर्दू  अखबारों  ने  इस  पर  विशेष  रिपोर्ट  प्रकाशित  की  और  सम्पादकीय  लिखे ।,1.6494546775043898e-185,2.2730973534557682e-179,6.415315010627562e-203
.,6.154040685579025e-07,2.4595265958439747e-06,2.801504492783922e-16
इन  कॉलोनीज़  के  लिए  सरकार  ने  अथॉरिटीज़  बनाई  हैं  जिनकी  स्वीकृति  से  ही  नए  प्रोजेक्ट्स  लांच  किए  जाते  हैं .,5.8160385495105705e-145,9.136568869709976e-141,4.907646075610147e-164
योग्यता  इंवायरमेंटल  इंजीनियरिंग/ इंवायरमेंटल  साइंस/ इंवायरमेंटल  प्लानिंग/ अर्बन  प्लानिंग/ लाइफ  साइंस/ माइक्रोबायोलपॉजी/ बायो  टेक्नोलॉजी/ फिजिक्स/ केमेस्ट्री  में  पीएचडी  हो ।,2.648864276881259e-155,2.170095157174159e-151,4.9028139945727045e-164
ईसीबी  के  मुख्य  कार्यकारी  टॉम  हैरिसन  ने  कहा  कि  इंग्लैंड  के  क्रिकेटर  और  उसके  क्रिकेट  निदेशक  व  पूर्व  कप्तान  एंड्रयू  स्ट्रास  समझते  हैं  कि  उनसे  क्या  उम्मीद  की  जाती  है ।,1.0180928514893296e-218,3.053790301809481e-211,1.404893001870803e-249
"मेरे  अंदर  जो  लेखक  व  कवि  का  व्यक्तित्व  था , वह  कहीं  न  कहीं  मुझे  बीएससी  करने  से  रोक  रहा  था .",1.7862538879979597e-178,3.4355573268674957e-174,1.7532034170046046e-196
एक  अमेरिकी  फेडरल  जज  ने  मंगलवार  को  आदेश  दिया  कि  फेसबुक  को  सामूहिक  मुकदमे  का  सामना  करना  पड़ेगा ।,1.1320023553185662e-131,4.876376605153342e-127,2.9356437225400897e-156
बात  जयपुरी  खाने  की  हो  और  जयपुरी  गट्टा  और  घेवर  न  हो  तो  बेकार  है ।,8.911704576505547e-123,1.5547780754059418e-119,6.2668653796412865e-133
हनुमान  का  परिवार  लगभग  दस  साल  पहले  गांव  के  बाहर  अपने  खेतों  में  घर  बनवाकर  रहता  है ।,6.291331074518372e-133,8.713829455990334e-129,1.753236086606916e-148
हादसा  गुरुवार  को  नॉर्थ  कैरोलीना  में  हुआ ।,1.1009041273332714e-60,1.1985965975512255e-58,1.0237981095644408e-70
"हरहुआ  विकास  खंड  क्षेत्र  में  कुल  13 न्याय  पंचायतों  में  75 ग्राम  प्रधान , 959 ग्राम  पंचायतों  के  वार्ड  सदस्य , 100 क्षेत्र  पंचायत  सदस्य , 04 जिला  पंचायत  सदस्य  का  निर्वाचन  होगा ।",1.165293065999e-311,6.815730691982585e-307,1.5e-323
गाड़ी  चलाते  वक्त  सावधानी  बरतें ।,3.6763310662419304e-45,3.2220156538968973e-43,3.660077790582287e-55
सबसे  अहम  बात  इस  बेटिओ  के  प्रति  लागए  गए  योजना  की  शुरुआत  भी  इसी  जगह  पौधे  लगाकर  की  गई  थी  तथा  पौधे  लगाकर  पूरा  वन  बेटिओ  को  समर्पित  कर  दिया  गया  था ।,5.397291665690695e-231,1.110466178459578e-223,3.9330196328056536e-265
"डिजिटल  डेस्क , ताइपे ।",6.32676834231004e-57,2.5299526243466386e-56,2.7975527026976373e-64
मैं  अच्छा  और  ताजा  महसूस  कर  रहा  हूं  और  अगर  फिर  से  टीम  में  बुलाया  जाता  है  तो  मैं  जाने  के  लिए  तैयार  हूँ ।,1.9761766310322107e-174,3.590504361828481e-168,6.418937606918929e-203
बेचते  समय  इन  चीनी  मिलो  की  कीमत  कितनी  थी  और  कितने  कीमत  पर  इन्हें  बेचा  गया  था ।,6.382661155274411e-136,4.215630446110638e-132,1.7547998894909238e-148
इसके  बाद  शाहरुख - सलमान  के  बीच  दुश्मनी  शुरू  हो  गई ।,4.795168872373414e-78,8.920856167509082e-75,8.056149084498342e-102
मुद्रा  कनवर्ट  करें  909 IQD में  SGD .,1.824137410900628e-58,2.9854639908358352e-56,1.023783847134666e-70
पूर्वी  नेपाल  के  लिम्बुवान  की  लिपि  का  लोप  हो  गया ।,1.011937208460135e-81,4.5945089859697017e-79,4.792195628405824e-94
बतादें  कि  वाराणसी  शक्तिनगर  मार्ग  पर  डाला  की  जा  रही  एक  कार  को  किसी  अज्ञात  वाहन  ने  टक्कर  मार  दिया ।,7.112731807306179e-145,2.0344184228353275e-139,8.200022974766381e-172
इस  लिहाज  से  यह  दलितों  की  विरासत  पर  अपनी  मुहर  लगाने  की  कोशिश  है ।,5.495419778230641e-104,2.723471602941956e-100,3.771511011826221e-125
"स्कूल , कालेज , अस्पताल , बस  स्टैंड  सहित  कई  स्थानों  पर  लगे  बोर्ड  पर  भी  पंफलेट  चिपका  दिए  गए  हैं ।",1.7850622126023456e-193,6.738146509558411e-190,2.2427267454038813e-213
रामभक्त  हनुमान  जी  के  स्मरण  मात्र  से  ही  लोगों  के  सारे  संकट  दूर  हो  जाते  हैं .,5.050438912583909e-119,2.4160326514438302e-114,1.0481589382702214e-140
चायना  सिर  पर  मिट्टी  के  पानी  भरे  तीन  घड़ेभरकर  गुनगुनाती  हुई  घर  की  राह  पर  चल  पड़ती  है ।,4.8852624060415155e-144,5.065820149060559e-140,2.931594532157e-156
एक  जुलाई  को  डॉक्टर्स  डे  है ।,9.85074559324718e-51,9.353816561628424e-49,6.129623221049345e-63
व्‍ यापार  और  व्‍ यवसाय  है  ही  नहीं ।,5.457713412835779e-66,1.2055406975611005e-63,1.7122269501054002e-78
"नई  दिल्ली , मानसून  ने  जुलाई  में  रफ्तार  पकड़  ली  है  लेकिन  निजी  मौसम  पूर्वानुमान  एजेंसी  स्काईमेट  के  अनुसार , अल  नीनो  के  प्रभाव  की  आशंका  अभी  भी  मंडरा  रही  है ।",2.4335198634690856e-264,1.0212151284233216e-258,3.852624608411985e-291
अब  एडवेंचर  गेम  को  दूसरी  जगह  भी  विस्तारित  करने  की  योजना  पर  काम  शुरू  किया  गया  है ।,2.6761328846915217e-116,9.521245561357401e-112,1.7622289423596938e-148
"3 घायलों  को  वायुसेना  के  हेलिकॉप्टर  से  रायपुर  लाया  गया , जिनमें  से  एक  ने  रास्ते  में  दम  तोड़  दिया ।",5.893800178085067e-168,1.1855568448560789e-163,1.0482350848218268e-188
अश्वघोष  की  यह  कविता  हमे  लड़ने  को  प्रेरित  करती  है  . . .,8.51395009581407e-93,1.3929142465691429e-89,1.3413870066365586e-109
वृश्चिक  राशिफल— आज  के  दिन  आप  कोई  भी  महत्वपूर्ण  कार्य  न  करें  उसीमें  में  आपकी  भलाई  होगी ।,4.152250471384832e-133,9.751289616878272e-129,1.7528442282629153e-148
जहां  अल्टो  वाहन  संख्या  यूके  05 बी  6825 को  रोक  जांच  की  गई ।,2.1167930236185084e-101,2.709046779661016e-98,2.242375657575448e-117
"यह  एक  शक्तिशाली  इंस्ट्रूमेंट  है , लेकिन  अगर  आप  सावधानी  से  सिस्टम  की  विदेशी  मुद्रा  व्यापार  के  लिए  मुफ्त  मेटाट्रेडर  4 मंच  क्षमताओं  को  ट्रैक  करते  हैं , तो  इस  क्षेत्र  में  बिना  अनुभव  के  लोग  भी  सर्विस  को  हैंडल  कर  पाएंगे , खासकर  अगर  उन्हें  पहले  से  ही  ट्रेडिंग  का  कुछ  ज्ञान  हो ।",0.0,0.0,0.0
"उसका  नारा  था  दुनिया  के  मजदूरों  एक  हो , तुम्हें  केवल  अपनी  जंजीरें  तोड़नी  हैं ।",3.791625410259474e-141,1.6915796390840648e-138,8.01028718100779e-150
एसएस  राजामौली  के  निर्देशन  में  दो  हिस्सों  में  बनी  ब्लॉकबस्टर  फिल्म  बाहुबली  की  प्रीक्वल  में  शिवगामी  की  यात्रा  दिखायी  जायेगी .,4.037591770764332e-159,1.4895431989544262e-154,8.199748286021744e-172
इंडियन  रेलवे  Indian Railway किसानों  की  आय  बढ़ाने  के  लिए  किसान  स्पेशल  ट्रेन  चला  रही  है ।,3.015579706863512e-114,1.233299206264043e-109,1.0508050328244217e-140
"इन  तीन  मैस्कट  रोबोट  को  कांग्कोंग , लियानलियन  और  चेनचेन  नाम  दिया  गया ।",3.249317639263236e-118,8.832769654171196e-116,2.8674052701915367e-134
पशुओं  के  लिए  भी  यह  खरपतवार  अत्याधिक  विषाक्त  होता  है ।,1.3852205315096235e-77,1.109344158513882e-74,4.7933537931203805e-94
इससे  ग्रामवासियों  को  बेहद  परेशानी  होती  है ।,6.760320670565582e-55,1.2712881779915453e-52,1.0256432165781973e-70
"कैश  पर  लगी  पाबंधि  के  बाद  से  पूरे  देश  में  कई  जगह  लोग  परेशान  रहे  थे , वहीं  बैंकों  में  भी  पर्याप्त  धन  नहीं  होने  के  चलते  यह  दिक्कत  और  अधिक  विक्राल  हो  गई  थी ।",1.4811430194237575e-272,4.382056404655932e-265,2.3497754081575376e-305
नागालैंड  के  बारे  में  कुछ  ऐसी  बातें  जो  भारत  में  कम  लोगों  को  पता  हैं !,8.614477051740822e-117,8.701208532379311e-113,6.266681656996958e-133
वहीं  बड़े  व्यापारियों  को  अपने  साधन  से  कानपुर  और  मुगलसराय  से  पेट्रोल - डीजल  मंगाना  पड़  रहा  है ।,7.064703850543628e-134,1.1220553309913732e-129,2.946802315317375e-156
वर्तमान  में  इमरजेंसी  के  दौरान  ही  जरूरतमंद  लोग  रक्तदान  करने  आ  रहे  हैं  जिसमें  रक्तदान  के  बाद  ही  रक्त  मिल  पा  रहा  है  जिसमें  एनजीओ  व  आमजन  पीछे  हट  गए  हैं ।,3.867480621141922e-227,3.6327752303604085e-220,2.3505831611085484e-257
विभाग  द्वारा  सरस्वती  साइकिल  योजना  के  तहत  हायर  सेकेंडरी  स्कूल  सोरगा  में  पढऩे  वाली  9 वीं  की  31 बालिकाओं  को  साइकिल  दी  गई ।,3.3995207702066056e-175,6.599391265522502e-170,3.837265401174806e-195
मुझे  उम्मीद  है  कि  अबू  आसिम  आज़मी  के  मुट्ठी  भर  लोग  मुंबई  का  माहौल  खराब  नहीं  कर  पाएंगे ।,2.4999084884237442e-132,9.117722870800824e-128,2.9324420844998707e-156
"उन्होंने  वनवासी  बालिका  छात्रावास  भवन , व  श्रीराम  प्रिय  जन  चिकित्सालय  व  सबरी  सरोवर  बनाने  के  लिए  भूमि  पूजन  किया ।",5.018757682025988e-170,4.374046436484078e-166,1.0521282651615524e-188
"इसमें  उत्तर  प्रदेश , उत्तराखंड , पंजाब , गोवा  और  मणिपुर  शामिल  है .",5.758561329227631e-139,3.0271315251250915e-137,3.664055591586183e-151
चुनाव  में  एनडीए  उम्मीदवार  को  126 और  महागठबंधन  के  प्रत्याशी  को  114 वोट  मिले  हैं .,1.7800672538387863e-116,8.395767240360323e-113,6.267463106890513e-133
फलस्तीनी  राष्ट्रपति  महमूद  अब्बास  ने  कहा  कि  इस्राइल  के  इस  कदम  के  बाद  भी  वह  उसके  साथ  समन्वय  पर  अपने  रूख  को  यथास्थिति  बनाए  रखेंगे ।,1.963407548368115e-190,1.8906721468883328e-184,1.0729409142394437e-210
नीलामी  में  किंग्स  इलेवन  पंजाब  की  टीम  सर्वाधिक  23 करोड़  35 लाख  रुपए  की  राशि  के  साथ  उतरेगी .,7.886959156017927e-133,8.347185163267104e-128,2.93155393731614e-156
योगी  ने  कहा  कि  राज्य  में  कोरोना  वायरस  से  निपटने  को  लेकर  सदन  में  चर्चा  होनी  चाहिए ।,3.423640765473105e-107,1.0451841298356044e-101,1.7532455926307388e-148
आरोप  है  कि  निर्धारित  वक्त  बीतने  के  बाद  भी  जब  उसने  रकम  नहीं  दी  तो  नागफनी  थाने  में  रिपोर्ट  दर्ज  करा  दी ।,2.360522383428664e-154,1.3281566596402026e-148,2.2942706224500752e-187
स्लीपर  की  जगह  एसी  थर्ड  श्रेणी  के  कोच  लगने  लगे  हैं ।,2.96875090687475e-91,1.495069522244559e-88,8.010493609045134e-102
"बिजली  की  खराबी  का  मिनटों  में  पता  लगाने  के  लिए  रायपुर  में  स्कॉडा  सिस्टम  लगाया  गया  है  लेकिन  इसके  बाद  भी  बिजली  अमले  को  जब  भी  शहर  में  बिजली  की  खराबी  होती  है , तो  उसका  पता  इस  सिस्टम  से  बहुत  कम  लग  पाता  है ।",0.0,0.0,0.0
लेकिन  ऐसे  बहुत  कम  ही  हैं  जो  पूरी  दुनिया  घूमने  के  सपने  को  पूरा  कर  पाते  हैं ।,3.855301345392238e-123,2.1178328624913497e-118,1.7559413563466824e-148
पहला  भजन  मुझे  दे  दो  दया  का  दान  मेरे  शिरडी  के  साईं  बाबा  गाया ।,5.539789340798285e-116,6.34321119848709e-113,3.747113099915135e-125
उनके  पास  जवाब  देने  के  लिए  सिर्फ  24 घंटे  का  समय  दिया  गया  था .,2.3648189022342466e-95,3.2914965913578977e-91,3.750002851071866e-125
जिसमें  समिति  द्वारा  लोगों  से  चंदा  कर  50 रुपए  प्रति  कूपन  दिया  जाता  है ।,1.0959697373353108e-106,3.223658939426751e-103,3.753754758984899e-125
रायन  रेनॉल्ड्स  ने  डेडपूल  1 में  कमाल  का  अभिनय  किया  था  और  वो  इस  बार  भी  जबर्दस्त  काम  कर  रहे  हैं .,2.3951052190461567e-154,6.313360463089119e-149,1.3725406100210396e-179
अब  जांचें  कि  आपकी  नाक  की  किस  तरफ  से  आपकी  सांसे  अधिक  दृढ़ता  से  बह  रही  है ।,3.786351822539117e-130,2.5724913197641438e-126,1.7594036965896903e-148
"उन्होंने  मध्यप्रदेश  को  इसका  सर्वश्रेष्ठ  उदाहरण  बताया , जहाँ  दो  वर्ष  से  कमजोर  मानसून  और  ओला - वृष्टि  के  बावजूद  प्रदेश  अपनी  22 फीसदी  कृषि  विकास  दर  बनाये  रखने  में  सफल  रहा  है ।",1.7899690975806866e-263,5.052022665505077e-257,8.454124339598498e-290
"वह  सबसे  छोटी  संख्या  ज्ञात  कीजिए  जिसे  15 , 25 , 28 से  विभाजित  करने  पर  प्रत्येक  स्थिति  में  शेषफल  8 प्राप्त  हो ?",3.952970214467023e-208,2.0623783366506897e-204,1.7544744352454667e-220
11 वां  ओवर  स्टोइनिस  ने  किया .,1.3631713764853287e-53,9.99082261942882e-52,6.121548324198747e-63
दोपहर  करीब  12.15 बजे  कुछ  मिनट  के  लिए  भारतीय  पोस्ट  निकोवाल  पर  पाकिस्तानी  रेंजर्स  ने  सीमा  सुरक्षा  बल  के  साथ  अचानक  संपर्क  किया ।,2.368529949403081e-172,8.078687149483958e-167,3.836243676359302e-195
वर्तमान  में  केंद्र  सरकार  ने  मनरेगा  मजदूरों  का  मजदूरी  194 से  202 रुपये  कर  दिया  है ।,3.4769001923108404e-112,9.990518928240276e-108,1.0499060175216093e-140
"ओएफडी  की  टीम  में  शामिल  पूनम  जोशी , पवन  पचारिया  और  रविकांत  शर्मा  ने  बताया  कि  राजस्थान  के  अन्य  जिले  में  इस  तकनीक  का  इस्तेमाल  किया  जा  चुका  है ।",4.837132254652607e-224,1.1016735109628257e-217,1.0736069303945386e-258
उन्होंने  बताया  कि  बदमाशों  ने  पेट्रोल  पंप  के  कर्मचारियों  के  साथ  मारपीट  करके  उनकी  स्कूटी  लूट  ली  और  स्कूटी  में  आठ  लाख  रुपए  नगद  रखे  थे ।,1.2950869444725488e-183,6.3237082257701826e-177,1.8029609546575403e-218
देश  की  राजधानी  के  कई  इलाकों  में  पानी  भर  गया ।,3.0349994068614567e-64,1.0721438713972804e-60,4.791669842140076e-94
दिसंबर  की  एक  रात  कड़कड़ाती  सर्दी  में  मैं  मंदिर  की  परिक्रमा  से  लौट  रहा  था .,2.054910378345109e-116,1.258691307150605e-112,6.2672897497226805e-133
असल  में  बलूच  लोगों  का  मानना  है  कि  भारत  से  अलग  होने  के  बाद  पाकिस्तान  ने  सिंध  और  पंजाब  प्रातों  का  तो  विकास  किया  लेकिन  बलूचिस्तान  पर  कभी  ध्यान  नहीं  दिया .,2.5212961183727167e-217,1.1830343154341483e-209,2.3485117398518388e-257
अन्य  विपक्षी  हस्तियों  ने  इस  मामले  में  क्रेमलिन  रूसी  राष्ट्रपति  का  कार्यालय) का  हाथ  होने  की  आशंका  जताई  है ।,1.8451224405681776e-137,1.1262788667732298e-132,4.903790077107542e-164
"उधर , श्रीनगर  में  डल  झील  किनारे  भी  सुबह - शाम  रौनक  दिखने  लगी  है ।",5.2389272227894805e-135,4.7438060967226166e-132,8.01240754062348e-150
शिवराज  ने  एक  बयान  से  कई  निशाने  साधने  की  कोशिश  की  है ।,1.9555912441588176e-86,8.038480501985857e-83,1.3411005997612911e-109
उसके  बहनोई  राजू  सिंह  ने  बताया  कि  उसे  बार - बार  वह  फोन  कर  रहे  थे  तो  जवाब  आ  रहा  था  कि  थोड़ी  ही  देर  में  आ  जाएगा ।,8.037390383415596e-197,1.4377783403300254e-189,5.0224523974215676e-234
पुलिस  अधिकारियों  ने  जब्त  सामग्री  का  पंचनामा  भी  तैयार  नहीं  किया .,6.689082356467791e-85,5.919549079437432e-82,8.0206927586244e-102
जिला  मेरठ  केमिस्ट  एंड  ड्रगिस्ट  एसोसिएशन  को  राष्ट्रीय  व  प्रदेश  स्तर  से  मान्यता  प्राप्त  हो  गई  है ।,1.5016255063509742e-124,4.385692354866796e-120,1.757280013322348e-148
"तजा  मामला  बरेली  का  है , यहां  एक  महिला  ने  अपनी  4 की  बेटी  को  स्कूल  में  दाखिला  दिलाने  की  मांग  करना  महंगा  पड़  गया .",1.0638207221541922e-210,1.879224364214297e-205,1.3713690570246487e-227
प  मुझे  बता  सकते  कहाँ  बिक्री  पराग्वे  में  के  लिए  Clenbuterol Ambroxol डिस्कवर  के  लिए ?,6.669029012510868e-120,7.369363234352973e-116,6.2665932015598156e-133
"उन्होंने  चोरों  को  दौड़ाया  लेकिन , अंधेरे  का  फायदा  उठाकर  बदमाश  भाग  निकले ।",9.707808069285318e-118,6.2523613144952705e-115,2.8747206203332576e-134
आज  का  दिन  आपके  लिए  कुछ  परेशानियां  लेकर  आ  रहा  है ।,6.294985951523107e-71,1.7769081294101982e-67,8.042022595752943e-102
थाना  प्रभारी  प्रेमचंद  शर्मा  ने  बताया  कि  दोनों  आरोपितों  पर  पशु  क्रूरता  अधिनियम  की  धाराओं  के  अंतर्गत  मुकदमा  दर्ज  किया  गया  है ।,3.433736833291873e-145,7.105757710814584e-139,2.3037216935404144e-187
कृष्णा  पब्लिक  स्कूल  के  बच्चों  ने  विश्व  पर्यावरण  दिवस  मनाया ।,1.0359726878784709e-78,1.5250260879553752e-75,4.789195258003376e-94
पूर्णिया .,4.790912277321724e-19,3.540613893144293e-18,4.6780831865619015e-24
अंडर - 19 विश्व  कप  में  यश  ढुल  भारत  की  कप्तानी  करते  नजर  आएंगे ।,6.127154822432758e-102,7.088165982615957e-98,3.74710295189137e-125
हर  रोल  में  फिट  हो  जाने  वाली  मशहूर  अदाकारा  रत्ना  पाठक  आज  अपना  जन्मदिन  60 वां  जन्मदिन  मना  रही  हैं ।,7.736977749338821e-149,7.045040055616194e-144,8.206732655662556e-172
पांचवें  दिन  उमेश  यादव  ने  कप्तान  एंजेलो  मैथ्यूज  को  आउट  करके  श्रीलंका  को  तीसरा  झटका  दिया ।,9.008343871046964e-125,1.4483181447443683e-120,1.0480589033145646e-140
"उषा  रानी , आई .",2.4894169108769592e-61,8.936700545534224e-61,2.797114400008317e-64
"Account बनाने  के  बाद  आपको  "" Offers "" Tab पर  क्लिक  करना  है  तो  तो  वहां  से  आपको  पता  चल  जाएगा  आप  कितने  तरीकों  से  इस  एप  से  पैसे  कमा  सकते  हैं ।",1.6570668750056806e-264,3.4296586260905463e-258,1.7965733064084372e-290
बदमाश  का  दूसरा  कारतूस  तमंचे  में  फंस  गया ।,8.127422514034207e-68,1.3935039048476756e-65,1.7122026958198009e-78
सैकड़ों  की  संख्या  में  स्टूडेंट्स  धरने  पर  बैठ  गए  हैं ।,2.905735715215751e-71,4.6842313432628576e-68,4.7933941631792685e-94
ने  कहा  कि; यह  एक  कहानी  है  . . .,9.1053182822194e-69,4.140168686652144e-66,2.8674589048809546e-86
जब  दिव्यांग  युवक  को  सच्चाई  का  पता  चला  तो  उसके  होश  उड़  गए ।,5.758826346844889e-95,3.7027427592792256e-91,2.2419699369561382e-117
यह  एक  टॉप  विदेशी  वित्त  पोषित  संगठन  है ।,5.83951424336866e-65,7.944453298542001e-63,1.7169650034653198e-78
उन्होंने  सभी  प्रतिभागियों  और  विद्यार्थियों  के  साथ - साथ  कार्यक्रम  संयोजक  प्रोफेसर  मीरा  शर्मा  को  भी  बधाई  दी ।,7.793747273650675e-130,3.5536842118518503e-125,2.9439596578054067e-156
"राज्य  में  अब  तक  इस  घातक  वायरस  के  कारण  14 , 612 मरीजों  की  मौत  हो  चुकी  है .",8.1029600750194e-135,2.843492818606056e-130,3.749705588728039e-173
"इंदरजीत  सिंह  ने  खुशी  जाहिर  करते  हुए  फैकल्टी , स्टाफ  और  स्टूडेंट्स  को  बधाई  दी ।",2.66055198418791e-134,4.4182403846338457e-131,8.00994465987657e-150
जनादेश  बदलाव  का  स्पष्ट  संकेत  दे  रहा  है ।,6.78392008332425e-64,1.4100463165055749e-61,1.7177855141107972e-78
गौरतलब  है  कि  22 नवंबर  को  उमरेड - करांडला  अभयारण्य  में  भी  एक  गर्भवती  बाघिन  का  शव  मिला  था ।,1.5233357350072234e-134,1.3874271601422503e-129,4.907786362094623e-164
"1995 में  विक्टोरिया  सीक्रेट  ने  अपनी  - कॉमर्स  वेबसाइट  का  निर्माण  शुरू  किया , जिसे  कंपनी  ने  तीन  साल  के  विकास  के  बाद  शाम  6 बजे  लॉन्च  किया  4 दिसंबर  1998 , डोमेन  VictoriasSecret . c",1.2119655579022238e-302,2.5459907478933783e-296,3e-322
सुरक्षा  का  व्यवस्था  की  कमान  विघार्थी  परिषद्  एवं  बजरंग  दल  के  सदस्यों  के  हाथों  में  होगी ।,1.635855344299157e-121,2.931169535098375e-117,1.0481248630024836e-140
गांधी  से  उनकी  मुलाकात  साउथ  अफ्रीका  में  हुई ।,2.3418040562737976e-67,5.350633085347523e-65,1.71233270281323e-78
अनिल  ओहरी  ने  चंबा  मेडिकल  कालेज  में  प्रिंसीपल  रहते  हुए  करीब  दो  करोड़  की  वित्तीय  अनियमितताएं  की  हैं ।,6.315646625563492e-141,1.2824583923885291e-136,2.9317902095881117e-156
इस  पूरे  मामले  को  ऐसे  समझने  की  कोशिश  करें  कि  विभाजन  के  बाद  पाकिस्तान  से  आए  लोग  दिल्ली  और  पंजाब  में  बस  गए  और  भारत  के  प्रधानमंत्री  इंद्र  कुमार  गुजराल) और  उप  प्रधानमंत्री  लाल  कृष्ण  आडवाणी) तक  बने ।,2.1872386711449332e-276,1.6357707738380042e-267,8.650222912764e-312
इस  मूवी  के  लीड  पेयर  यानी  खुद  सलमान  और  उनके  साथ  कटरीना  कैफ  मूवी  के  प्रमोशन  में  जुटे  हुए  हैं ।,9.774138728498807e-145,1.095819012401284e-139,8.256650051887506e-172
नयी  दिल्ली ।,1.1643376198771242e-18,1.8600936907732178e-17,7.825188158746382e-32
डीएम  ने  जांच  कराई  तो  युवक  ड्यूटी  करता  मिला ।,1.404044323003766e-73,5.335389987863873e-71,2.863890014132708e-86
शनिवार  रात  वह  अपने  पूरे  परिवार  के  साथ  घर  पर  ही  थे ।,9.433996135868556e-83,9.239118776927456e-79,1.339898991802948e-109
फोटो  में  शायद  आपको  ये  दृश्य  अच्छे  लग  रहे  होंगे ।,5.637950421950131e-81,4.68670908176337e-78,4.789376756942352e-94
"यह  शहर  के  बीच  है , इसको  लेकर  भी  कर्मियों  में  नाराजगी  है ।",2.9945744774773647e-118,1.3137254952356777e-115,2.871283081963449e-134
्बठ्ठ) पर  देख  सकते  हैं ।,1.3783441584049797e-42,8.15585604578301e-41,3.6644593797346216e-55
आई  रेड  इंटीग्रेटेड  रोड  एक्सीडेंट  डेटाबेस) एप  के  प्रथम  चरण  के  कार्य  पूर्ण  होने  के  बाद  अब  दूसरे  चरण  की  तैयारी  शुरू  हो  गई  है ।,8.584942919956799e-172,3.6471338142423325e-165,1.0753937314421129e-210
"पूर्वी  सिंहभूम  जिला  अध्यक्ष  वलिराम  यादव , जिला  मंत्री  अभिमन्यु  सिंह , जिला  उपाध्यक्ष  वाई  शुक्ला , जिला  कोषाध्यक्ष  मुकेश  कुमार , सहायक  सचिव  सिंहभूम  ठेकेदार  मजदूर  संघ  अनिमेष  कुमार  दास , मंडल  सचिव  पोस्टल  कर्मचारी  संघ  सह  कार्यसमिति  सदस्य  भा  म  संघ  झारखंड  प्रदेश  अमरेन्द्र  कुमार  सिंह  एवं  अन्य  सदस्य  उपस्थित  हुए ।",0.0,0.0,0.0
स्मार्टफोन  में  वॉटरड्रॉप  नॉच  के  साथ  पांच  होल  डिस्प्ले  डिजाइन  दिया  जा  सकता  है ।,3.95662705880128e-102,2.340372352176059e-98,3.753477906725761e-125
जिला  स्वास्थ्य  एवं  महामारी  नियंत्रण  अधिकारी  डॉ .,2.3267890955780912e-57,4.2164180926715816e-55,1.0241529344506134e-70
"इस  तरह  धन  एवं  संपदा  पर  कुछ  ही  लोगों  का  कब्जा  होना , अनेक  समस्याओं  का  कारक  हैं , जिनमें  बेरोजगारी , भूख , अभाव  जैसी  समस्याएं  हिंसा , युद्ध  एवं  आतंकवाद  का  कारण  बनी  है ।",0.0,0.0,0.0
ये  काम  1 मार्च  से  जिले  में  शुरू  होगा ।,1.617648536363962e-70,7.560751766450443e-68,2.866175606509817e-86
"बीते  23 अक्तूबर  को  छात्रा  स्कूल  ड्रेस  पहनकर  घर  से  स्कूल  के  लिए  निकली , लेकिन  वह  घर  वापस  नहीं  लौटी ।",6.138114078449543e-177,2.079695506890173e-172,1.753086664321917e-196
"इसके  साथ  ही  अगर  आप  अपने  नाभि  में  नियमित  रूप  से  नारियल  का  तेल  लगाते  हैं , तो  इससे  आपकी  हड्डियों  और  घुटनों  का  दर्द  दूर  होता  है ।",5.130517615584234e-215,8.636777759381296e-209,6.449865068260591e-251
साथ  ही  इस्लामिक  तहजीब  में  पूरी  तरह  से  ढ़लने  की  बात  करते  हुए  मौजूदा  दौर  के  हालात  मसलन  शादी  विवाह  के  मौके  पर  फिजुलखर्ची  पर  रोक  लगाने  को  कहा  गया ।,4.5476577399749157e-215,4.404219238253079e-208,1.4060665295148274e-249
इसी  कारण  Motherboard का  चयन  काफी  सोच  विचार  करके  ही  करना  चाहिए  सभी  Motherboard सभी  प्रकार  के  components को  सपोर्ट  नहीं  करते .,2.166320787653782e-169,1.6095957304286567e-164,2.2959618742465256e-187
आम्रपाली  दुबे  के  साथ  उनकी  जोड़ी  दर्शकों  को  खूब  पसंद  आती  है ।,2.707960615500319e-90,1.386197860596316e-86,1.339687066526106e-109
वो  एक  आकर्षक  व्यक्ति  हैं  और  मैं  उनसे  मिलना  पसंद  करती  हूँ ।,1.5472921655879718e-95,2.421846521322804e-92,1.3398971463582784e-109
"ाजपूत , दिलीप  कानाणी , हितेष  जोतासणा  व  अन्य  को  आरोपी  बनाया  गया  है ।",9.769623060102098e-138,2.0928103157885612e-135,1.027222859293626e-154
"सूरए  निसा  की  29 वीं  और  30 वीं  आयतों  में  क़ुरान  कहता  है , हे  ईमान  लाने  वालों , आत्महत्या  न  करो , ईश्वर  तुम्हारे  प्रति  दयालु  है ।",1.3736926509610398e-277,3.315938613773874e-274,1.0480465459531109e-284
वो  अपने  पीछे  दो  मासूम  बच्चों  को  छोड़  गई  है  जबकि  तीन  माह  पूर्व  ही  उसके  पति  की  मौत  हो  चुकी  है .,5.357366795558011e-152,7.304843775158234e-146,2.294786090903477e-187
"प्रदर्शन  में  भुवन  राम , विरेंद्र  कुमार , उमेश  कुमार , सरस्वती  देवी , कंचन , जसप्रीत  कौर , गुरू  तिब्बत , मो .",1.0339902083884499e-277,9.282483820882471e-277,7.824016978225478e-284
इस  लिहाज  से  देखा  जाए  तो  2020 भी  मुंबई  इंडियंस  के  लिए  अशुभ  साबित  हो  सकता  है ।,6.256884214752374e-112,6.292212947235488e-107,1.7670604905701444e-148
पैरों  में  कॉर्न  होने  की  समस्या  से  निजात  पाने  के  लिए  उस  जगह  पर  दबाव  की  वजह  को  दूर  करना  जरूरी  है ।,3.4094015545416084e-157,2.7705994191443182e-151,2.2939603856015513e-187
रेलवे  प्रशासन  ने  बताया  कि  प्रवासी  मजदूर  इस  ट्रेन  से  गाजीपुर  पहुंचाए  गए  हैं ।,1.1152223064683496e-104,7.332829449497679e-101,3.750559050050653e-125
अलग - अलग  मंदिरों  की  जमीनों  की  जमीनों  के  अधिकार  में  यहां  करीब  तीन  लाख  एकड़  की  जमीन  है ।,1.0287492997562124e-143,4.197205253284604e-139,4.903153799725231e-164
जिज्ञासा  और  विनीत  भाव  के  मेल  से  ही  आध्यात्मिक  ज्ञान  की  प्राप्ति  संभव  है ।,3.1219909007869495e-113,9.328821686472959e-110,3.74702511817256e-125
प्लेनेटरी  रिसोर्सेस’ के  सह  संस्थापक  एरिक  एंडरसन  ने  कहा  कि  सौरमंडल  में  पृथ्वी  से  कई  गुना  बेशकीमती  संसाधन  मौजूद  हैं ।,1.1551838743402568e-159,2.599433986962897e-155,8.200025164081602e-172
गौरतलब  है  कि  चुनाव  से  ठीक  पहले  प्रियंका  गांधी  उत्तर  प्रदेश  में  काफी  एक्टिव  दिखीं .,2.392569168862764e-107,4.621862802257449e-103,6.272535050761201e-133
हालांकि  कश्मीर  से  सेना  की  संख्या  कम  किए  जाने  की  कांग्रेस  की  घोषणा  पर  उन्होंने  कहा  कि  कश्मीर  से  सेना  को  हटाना  इतना  आसान  नहीं  है ।,3.6729638739898908e-186,1.4984709676484825e-179,1.798791360417066e-218
"० बजे  से  कक्षा  प्रारंभ  होती  है  जिसमें  हाथ  से  करने  के  विविध  कार्य  जैसे  की  कण्डे  बनाना , चरखा  चलाना , बाती  बनाना , कापड़  बनाना , मिट्टी  से  गमले  और  दिया  बनाके  उसे  रंग  से  सुशोभित  करना  ऐसे  अनेक  कार्य  में  जुड़  जाते  हैं ।",0.0,0.0,0.0
"दरअसल , अलवर  अपने  आप  में  ही  बहुत  खूबसूरत  है ।",1.1570163305806714e-98,1.4103755731382265e-96,6.1244180878903814e-111
महिंद्रा  ग्रुप  के  चेयरमैन  आनंद  महिंद्रा  ने  ट्विटर  पर  कबड्डी  खेलते  हुए  लड़कों  का  एक  वीडियो  शेयर  किया  है ।,1.0863376923518828e-132,2.386036415674557e-127,4.9102408826112495e-164
2 संघ  पर  गांधीजी  की  हत्या  के  अन्यायपूर्ण  आरोप  के  विरोध  में  कोई  भी  राजनैतिक  दल  सामने  नहीं  आया  था ।,7.068670391606726e-152,4.44937240709699e-147,8.201820414408113e-172
वर्ष  1993 में  भूपेन्द्र  की  मौत  के  बाद  उनके  पुत्र  हर्षवर्धन  को  सम्पत्ति  की  देखरेख  के  लिए  अधिकृत  किया  गया  था ।,8.533298052004928e-145,3.425617804864808e-139,1.3736774762710542e-179
ऐसे  में  उनकी  यह  कन्वर्टेड  किट  पुराने  वाहनों  को  इलैक्ट्रिक  वाहन  के  रूप  में  नए  सिरे  से  रोड़  उतारने  में  मददगार  साबित  हो  सकती  है ।,2.096724553008353e-173,3.1899870188883746e-167,1.0756913951556264e-210
कोर्ट  ने  कहा  है  कि  नेपाल  की  तरह  अगर  दिल्ली  में  भूकंप  आया  तो  मरने  वालों  की  संख्या  लाखों  में  होगी ।,1.288155171391655e-145,6.522339916005963e-140,1.3721603222927382e-179
यूपी  के  महोबा  जिले  में  नशे  की  हालत  में  गुस्साए  पति  ने  पत्नी  को  लाठी - डंडों  से  मारपीट  कर  घायल  कर  दिया ।,1.3680177590312701e-152,7.33499718839695e-146,3.839613383078072e-195
इस  घटना  से  यहां  रह  रहे  लोगों  में  भय  व्याप्त  हो  गया  है ।,2.3503740013667574e-83,3.526835364452412e-79,2.2636473950624208e-117
"नई  दिल्ली , भाषा) ।",7.8480795181732e-55,3.1357400339540646e-54,2.802178230228149e-64
राज्य  की  अर्थव्यवस्था  के  लिए  आय  का  मुख्य  स्रोत  कृषि  रही  है ।,2.6687852313839147e-88,8.579415066868924e-85,1.3434568091617686e-109
बायर्न  म्यूनिख  के  कोच  जुप  हेंक्स  इस  बात  को  समझ  चुके  हैं  कि  कोलंबिया  के  जेम्स  रोड्रिगेज  क्लब  के  लिए  भविष्य  में  महत्वपूर्ण  भूमिका  निभाएंगे ।,2.002665412715573e-188,3.195365957716459e-182,1.0729377560937796e-210
जब  कोई  इंसान  अधिक  तनाव  में  होता  है  तो  वो  अपने  खाने - पीने  का  सही  तरीके  से  ख्याल  नहीं  रख  पाता  है ।,1.661476774784476e-164,2.3567376142264907e-158,3.8386835361357375e-195
03:16 PM चौका !,1.905166715465547e-36,1.9183795172493217e-35,1.3084977155646708e-39
अधिकारियों  ने  आक्रोशित  लोगों  को  समझाने - बुझाने  का  काफी  प्रयास  किया ।,1.134109613632756e-86,7.743286161457034e-83,1.3398749877154537e-109
"शहर  में  सबसे  अच्छी  आइसक्रीम  Tamu इतालवी  आइसक्रीम  में  कोशिश  की  जा  सकती  है  - बजट  प्रकार  का  एक  परिवार  कैफे , किसी  भी  स्वाद  की  गेंद  के  लिए  2500 शिलिंग्स ।",3.153513166344242e-250,3.5738326157381156e-244,3.0025936950172816e-274
"नेताजी - "" सुनो  गंगाराम , यह  खाने  का  सारा  सामान  अपने  पास  रखो  और  पानी  रुक  जाने  के  बाद  यहाँ  उपस्थित  सभी  लोगों  को  बाँट  देना  , मुझे  जरूरी  काम  से  जाना  है । """,0.0,5e-324,0.0
रीद  3 बोतलों  3 बोतलों  नि: शुल्क  प्राप्तमैं  Nootropics Piracetam वैकल्पिक  सस्ते  या  बिक्री  पर  खरीदें  कर  सकते  हैं ?,5.464342927770634e-146,9.816714437629504e-141,4.902956178536379e-164
"वर्तमान  में , कोटिंग  विधि  का  मुख्य  रूप  से  दो  तरीकों  से  उपयोग  किया  जाता  है: एक  स्क्रीन  कोटिंग  पायस  पर  कई  गीला  दबाव  ऑपरेशन  के  माध्यम  से  होता  है; सुखाने  की  प्रक्रिया  के  साथ  प्रत्येक  कोटिंग  के  बाद  दूसरा  है ।",1.754e-321,5.12322227315e-313,0.0
और  अंतत: हम  ऐसी  यथास्थिति  को  भी  चुनौती  देने  जा  रहे  हैं  जो  असहाय  नागरिकों  और  शासन  के  प्रावधानों  के  विपरीत  औजार  बने ।,6.555807831102279e-177,1.001902880322377e-171,3.83756433594673e-195
दरअसल  प्राइवेट  स्कूलों  के  संचालकों  ने  सरकार  से  आर्थिक  मदद  की  मांग  की  है .,2.2166386524346483e-100,2.378244832856864e-96,3.7503454173880256e-125
"उन्होंने  कहा , "" राष्ट्रपति  शी  और  मैं , द्विपक्षीय  और  अंतर्राष्ट्रीय  महत्व  के  वृहद  मुद्दे  पर  अपने  विचारों  का  आदान - प्रदान  करेंगे । """,1.4603256554871493e-235,7.789178230573382e-232,3.76824642395394e-257
कई  स्कूटी  और  बाइक  पानी  में  बह  गई ।,5.629373979355417e-67,1.0972582691745044e-64,1.7128950951618642e-78
मंगल  पर  पहुंचने  वाले  अमेरिका  और  पूर्व  सोवियत  संघ  जैसे  देशों  को  कई  प्रयासों  में  सफलता  मिली  थी .,7.382129519267411e-141,1.4611457808807947e-136,2.931590414441965e-156
राज्य  शासन  द्वारा  एक  दिसंबर  से  समर्थन  मूल्य  पर  धान  की  खरीदी  की  शुरूआत  हो  रही  है ।,8.556856435617248e-114,1.1457071736080789e-108,1.7584850882827293e-148
एसडीएम  प्रियंका  सिंह  ने  गुरुवार  को  नवीन  मंडी  स्थल  पर  खोले  गए  मार्केटिग  के  धान  खरीद  केंद्र  का  निरीक्षण  किया ।,1.1990543514135307e-147,2.1523620448011367e-142,8.2013504230464e-172
BHU Recruitment 2019 के  लिए  कुल  भर्तियों  की  संख्या  1305 है ।,7.041823165165177e-95,4.023154847635154e-92,8.00955698618116e-102
मस्जिद  के  सौ  मीटर  के  दायरे  में  कई  जगह  लोग  मजमा  लगाए  बैठे  रहे ।,2.7477268128335046e-108,1.9710341748376825e-104,3.7469603226913976e-125
नड्डा  ने  कहा  जिस  वक्त  भारतीय  सेना  चीनी  सेना  से  मुकाबला  कर  रही  थी ।,5.506770308140093e-105,3.10218545088471e-101,3.748545723597248e-125
"एकजुट  होकर  काम  करने  पर  हम  अमेरिका  में  कभी  भी , कभी  भी , एक  बार  भी  विफल  नहीं  रहे  हैं ।",3.014963456380092e-193,1.3614007910892115e-189,3.7562186612914005e-209
फतेहपुर: उत्‍ तर  प्रदेश  के  फतेहपुर  जिले  में  एक  सनसनीखेज  मामला  सामने  आया  है .,6.578200568185551e-98,1.37649680038845e-93,3.747694250041086e-125
वाशिंगटन .,1.0022298568330822e-16,7.934936707559567e-16,4.678220260117471e-24
सुरभि  चंदना  ने  अपने  शो  ' नागिन  5 ' से  खूब  वाहवाही  लूटी  थी .,5.0540282050369575e-112,3.9255304559317496e-108,3.746908811553093e-125
चेतावनी: केवल  विनियमित  और  लाइसेंस  प्राप्त  विदेशी  मुद्रा  दलालों  FXTM प्रमोशन  और  कांटेस्ट  के  साथ  व्यापार ।,8.654182937576536e-133,3.991333093928068e-129,1.0480463881998844e-140
"उन्होंने  कहा , इंदिरा  जी  जब  झंडा  फहरा  रहीं  थीं  तो  वह  कह  रही  थीं  कि  उनका  पूरा  परिवार  देश  के  लिए  समर्पित  रहा  है ।",1.151357250017376e-199,1.9552294850107318e-194,1.3836044054870306e-227
कृष्णा  और  दिशा  दोनों  ही  काफी  अच्छी  दोस्त  हैं ।,1.5901225842214365e-74,8.068394755635053e-72,2.8635637224244322e-86
आज  आपको  अपने  कुछ  महत्वपूर्ण  कामों  को  थोड़ा  टालना  पड़  सकता  है ।,3.490757008057576e-87,1.247844156462005e-83,1.3421822219217146e-109
सरकारी  और  गैर  सरकारी  संस्थाओं  में  नौकरियां  खत्म  कर  दी  गई  हैं ।,1.059148984942599e-84,5.464448861180898e-81,1.3400360707470788e-109
वीके  सिंह  अपनी  पत्नी  के  साथ  दरगाह  में  उर्स  समापन  समारोह  में  शिरकत  करने  अजमेर  आये  थे ।,1.1547409717043024e-130,1.99735882005638e-126,1.7528632834658017e-148
"दरअसल , इतिहासकारों  के  मुताबिक  बक्सर  के  राजा  राव  रामबख्श  सिंह  1857 में  आजादी  की  जंग  में  अंग्रेजों  से  पराजित  हो  गए  थे ।",7.364302795637228e-191,3.090217740958053e-186,4.907743255457768e-212
संघ  का  मत  है  कि  लैंगिक  आधार  पर  अन्याय  नहीं  होना  चाहिए .,5.780261126002817e-92,1.3041828130294552e-88,1.3396691901621577e-109
शरीर  को  बनाए  रखने  कि  लिये  भोजन  ईधंन  का  काम  देता  है ।,1.2635793304322222e-94,1.9148460785609676e-91,1.3398530626780341e-109
कर्नाटक  मेडिकल  एसोसिएशन  के  सदस्य  व  एसीइ  सुहास  अस्पताल  के  प्रबंध  निदेशक  डॉ .,4.621852107016841e-103,1.0302539665340706e-99,2.240510249941784e-117
इस  मौके  पर  युवाओं  ने  केंद्र  सरकार  से  आंतकवादी  संगठनों  और  उनके  पनाहगार  पाकिस्तान  को  जल्द  सबक  सिखाने  की  मांग  की ।,8.815309902160448e-148,1.5297721403800144e-142,1.3812287396147912e-179
"अलविदा , आन्ना  अंद्रेयेव्ना !",3.692179769501572e-62,1.099262594807865e-61,2.7971090202688957e-64
इस  दौरान  तीन  लोगों  की  जान  चली  गयी .,4.404852723033375e-54,3.80278924783225e-51,1.7248484936963625e-78
"दरवाजा  पत्ती  की  समग्र  सतह  चिकनी  और  चिकनी  है , कोई  छेद  नहीं , कोई  धूल  नहीं , साफ  करने  में  आसान ।",2.3181005315895683e-230,9.376745399951356e-228,4.789117164296885e-238
दिल्ली  की  एक  अदालत  ने  किसानों  के  प्रदर्शन  से  जुड़े  टूलकिट’ मामले  Toolkit Case में  आरोपी  निकिता  जैकब  की  अग्रिम  जमानत  पर  9 मार्च  को  सुनवाई  करने  का  फैसला  किया  है .,4.6956853466463185e-213,4.843202557821366e-205,2.350345025692691e-257
"सभी  अधिकारी , संबंधित  विभाग  के  मंत्री  और  आदिवासियों  के  अधिकारियों  के  लिए  लड़  रहे  लोगों  के  साथ  बैठ  रहे  हैं .",1.528182632675216e-174,5.014557433405192e-170,1.754488329907908e-196
क्योंकि  दिनभर  आपकी  बॉडी  किसी  न  किसी  एक्टिविटी  में  बिजी  रहती  है  जो  वॉर्मअप  करने  जैसा  ही  है ।,5.855139439803092e-140,6.8563534680877834e-136,2.9324092933847773e-156
कुछ  दिन  पहले  कंगना  ने  कहाकि  अगर  करणी  सेना  ने  मणिकर्णिका  को  नुकसान  पहुंचाने  की  कोशिश  की  तो  वह  सबको  बर्बाद  कर  देंगी ।,1.4770645590696746e-165,7.940144636237509e-160,3.8382317530070726e-195
"दरअसल , काजोल  के  एक  फैन  ने  पूछा  था  कि  क्या  अगर  वो  अपनी  लाइफ  में  अजय  देवगन  से  नहीं  मिली  होतीं  तो  क्या  शाहरुख  से  शादी  कर  लेतीं ?",2.0067173159270652e-238,1.1384500631146352e-232,1.0734951430502325e-258
नई  दिल्ली ।,1.4787183911457434e-13,2.360410395978396e-12,7.844827141045259e-32
उन्होंने  बताया  कि  अगर  तीन  चार  दिनों  तक  लगातार  बारिश  का  दौर  चलता  है  तो  इससे  मानसून  के  कमजोर  पड़ने  की  संभावना  बलवती  हो  जाती  है ।,8.811733435694166e-180,6.5704787794589e-173,1.8041479954358868e-218
पैरा  खेल  में  जब  से  उतरा  हूं  तब  से  लेकर  अब  तक  कोच  डॉ .,1.7602775672094753e-113,3.390458605267803e-110,3.746972542274658e-125
यह  सब  एक  संयुक्त  परिवार  की  तरह  होगा  और  इसके  बाद  दोनों  तरफ  की  परेशानियां  खत्म  हो  जाएंगे ।,1.0000575744899366e-131,6.4956859175212764e-127,2.9396582889060933e-156
"घायलों  की  संख्या  11 , 500 से  ज्यादा  है .",6.086927609682922e-91,4.606161298821569e-89,3.6601986249119344e-103
घटना  सुबह  चार  बजे  के  करीब  की  है ।,3.3018664766234424e-59,2.2039079400487805e-56,1.7145943531681416e-78
ये  किताब  बेस्ट  सेलर  बन  गई  है .,5.532465678291414e-56,8.079783507406714e-54,1.0249710707037083e-70
सत्यमेव  जयते  के  पहले  सीजन  के  बाद  आमिर  खान  को  लगातार  जान  से  मारने  की  धमकियां  मिलने  लगी  थीं ।,5.992811641496692e-141,1.306813195423056e-135,4.9031460039470496e-164
सामान्यतः  इस  प्रक्रिया  में  प्रचलित  पुरानी  मुद्रा  की  जगह  नई  मुद्राएं  लाई  जाती  हैं ।,2.080543308110221e-113,3.923344631031874e-110,3.747280980798908e-125
.,6.154040685579025e-07,2.4595265958439747e-06,2.801504492783922e-16
लोग  सड़कों  पर  आकर  हिंसा  कर  रहे  हैं ।,8.000744568629079e-60,2.329858828244464e-57,1.7178484637054823e-78
हॉस्पिटल  की  यह  पहली  गलती  नहीं  है .,1.531270314226228e-58,3.0368604667657466e-56,1.024026530269496e-70
साथ  ही  धार्मिक  स्थलों  पर  गाना  गाने  की  भी  अनुमति  नहीं  दी  गयी  है .,2.0429843285839367e-98,2.80535390809174e-94,3.752712712971247e-125
इसे  अमल  करने  में  दिक्कत  होती  है .,5.4113919935602505e-55,1.1922704864172674e-52,1.0242446030762908e-70
किसानों  के  हितों  की  सुरक्षा  के  लिए  सहकारी  बैंक  का  भरोसा  बेहद  जरूरी  है ।,6.4519084599030236e-99,5.383988128982989e-95,3.7482690679991737e-125
लोगों  ने  इसकी  सूचना  पुलिस  को  दी ।,2.7328332290269282e-43,1.384032226711876e-40,1.0242260532400078e-70
डैनी  बॉलीवुड  के  एक  ऐसे  कलाकार  रहे  जिन्होंने  अपनी  नायक  और  खलनायक  दोनों  किरदारों  से  लोगों  को  अपना  दीवाना  बनाया ।,5.2206834183573936e-157,4.394721603075287e-152,8.199729498329585e-172
किशोरियों  को  माहवारी  स्वच्छता  की  जानकारी  पहले  से  ही  देना  शुरू  करने  के  लिए  माताओं  को  प्रेरित  करें ।,3.791433865352878e-138,1.6795001473897996e-133,2.931605858016279e-156
"हमारे  नेताओं  का , बुद्धिजीवी  वर्ग  का  और  मीडिया  का  ध्यान  इन  मुद्दों  से  क्यों  भटक  जाता  है ?",3.084573769227401e-158,2.2391603083694663e-154,3.7475854138815566e-173
यह  वेयर  2.0 प्लेटफार्म  पर  बेस्ड  है  साथ  ही  इसमें  बिल्ट - इन  GPS और  हार्ट  रेट  डिटेक्शन  सिस्टम  के  साथ  आता  है .,7.757637172109221e-171,2.0972377230912359e-165,3.846494921492e-195
वह  शिकायत  लेकर  थाना  सिकंदरा  पहुंचे  तो  वहां  से  घटनास्थल  थाना  हरीपर्वत  बता  दिया ।,2.982126659332179e-111,8.423034925909796e-108,3.75047347917801e-125
बोलने  और  सुनने  में  पूरी  तरह  से  अक्षम  नसीमा  बेगम  की  खुद  की  माली  हालत  ज्यादा  ठीक  नहीं  है .,2.7342222238923887e-144,1.3657625532911068e-139,4.9042465982992454e-164
अमेरिका  सरकार  के  अफगान  सुलह  मामलों  के  विशेष  प्रतिनिधि  जालमे  खलीलजाद  ने  कहा  कि  दोनों  की  वार्ता  में  अहम  प्रगतियां  मिली  हैं ।,1.6748995592515615e-168,2.352495742640602e-163,2.2939352182081148e-187
मेट्राे  रेल  का  मुख्यालय  दीक्षाभूमि  के  सामने  तैयार  हो  रहा  है ।,9.575986455308776e-87,4.877319711833755e-84,8.038099773978713e-102
पहले  कुछ  रिपोर्ट्स  में  दावा  किया  गया  था  कि  हेसन  ने  भारत  के  अलावा  पाकिस्तान  और  बांग्लादेश  के  प्रशिक्षक  के  लिए  भी  आवेदन  किया  था ।,1.2537745385335911e-173,5.801851319783205e-167,1.0740577723858882e-210
इस  पूरे  क्षेत्र  में  भी  बाढ़  होने  से  यहां  के  वन्यप्राणी  खुद  ही  सुरक्षित  स्थानों  पर  पहुंच  गए  हैं ।,1.663166557245079e-133,2.096401814504177e-128,4.939424552913309e-164
खुलेआम  देश  का  अपमान  किया  गया .,1.3189465724556941e-52,1.378153977658558e-50,6.121884110732191e-63
देशी  शराब  की  दुकान  सूनसान  स्थान  पर  थी ।,1.426792865776808e-66,4.1534026467213466e-64,1.7121921006317607e-78
मैंने  संसद  में  जब  सरकार  से  पूछा  तो  पता  चला  कि  पिछले  8 साल  में  सबसे  ज्यादा  बेरोजगारी  अभी  है ।,2.1067156602565813e-149,4.105326979618284e-144,8.201669074349195e-172
"कसन  गांव  के  सरपंच  रमेश  सिंह  चौहान  ने  कहा , ' हम  कंपनी  की  मदद  और  स्थिति  को  सामान्य  बनाने  के  लिए  जितनी  मदद  संभव  होगी , करेंगे । '",4.9958037914488714e-259,4.483091539554577e-254,1.3713920384862805e-275
उसे  और  उसके  दोस्तों  को  घरातियों  ने  रोका  तो  मारपीट  शुरू  कर  दी ।,1.4748765027929754e-96,4.9023490449881114e-93,2.241536595398127e-117
हनुमान  जयंती  के  मौके  पर  आप  घर  पर  मोतीचूर  के  लड्डू  बनाकर  भोग  लगा  सकते  हैं .,6.028838845989412e-118,1.6921888722373927e-113,1.048369999688428e-140
"उन्होंने  कहा , हमारे  देश  में  ऐसे  कई  कानून  हैं , जिनकी  आज  कोई  प्रासंगिकता  नहीं , कोई  उपयोग  नहीं  है ।",5.398696452405895e-208,4.339314787830735e-205,2.883222670535906e-230
जल्द  ही  अभ्यर्थियों  का  चयन  भी  कर  लिया  जाएगा ।,2.384859397705329e-67,1.8190339920151443e-64,2.864018766415892e-86
टीकाकरण  हेतु  48 चिकित्सीय  टीम  बनायए  गए  हैं ।,4.868416038824423e-68,5.814785390221127e-66,1.7136712172627103e-78
दुनिया  का  सबसे  पवित्र  रिश्ता  होता  है  भाई - बहन  का ।,1.940106999286076e-86,3.5701710635920376e-83,8.010433066128803e-102
बाद  में  अन्य  लोग  भी  जुड़ने  लगे  और  अब  दर्जनों  लोग  छठ  पूजा  कर  रहे  हैं ।,2.0398550037973518e-114,3.1345419721635274e-110,1.0518287869896061e-140
पटना .,1.6554851525647796e-14,1.3223014900595086e-13,4.678672723410736e-24
"सीपीएम  के  एक  युवा  कार्यकर्ता  कहते  हैं , "" ये  कहना  सही  नहीं  है  कि  हम  राज्य  से  मिट  चुके  हैं .",2.7887950412600522e-182,4.454916572212319e-178,1.0481849138903236e-200
हरिद्वार  में  21 जून  को  गंगा  और  योग  गंगा  की  धारा  एक  साथ  लोगों  को  प्रवाहित  होती  हुई  दिखाई  देगी ।,5.487556904518238e-155,2.756798910187921e-150,8.199969626298204e-172
पिछले  दिनों  निजी  कंपनी  के  एक्सपर्ट  ने  इसको  तैयार  करने  के  लिए  काफी  मशक्कत  की  है ।,6.952510789479737e-114,1.667333445080792e-109,1.0497998242889917e-140
उसने  पुलिस  को  बताया  कि  उसका  मकसद  कर्ज  से  भागकर  जाना  नहीं  था ।,8.30729874198114e-94,3.3307749155791963e-90,2.2414118128926083e-117
्र .,4.573887932043257e-15,3.653452753903696e-14,4.678266971504102e-24
वहीं  कई  स्थानों  पर  बड़े - बड़े  ल्हासे  गिरने  से  आवाजाही  में  दिक्कतें  पेश  आ  रही  हैं ।,6.759760204636964e-119,4.964758265159906e-114,1.7572623403229644e-148
जहां  एक1 1 साल  का  बच्चा  रिक्शा  चला  रहा  है ।,3.512977210297881e-78,1.577117944070425e-75,4.806296840945926e-94
प्रखंड  प्रमुख  ने  यह  भी  कहा  कि  लोग  ट्रैक्टर  पर  उनके  सामने  लकड़ी  लाद  कर  ले  जा  रहे  थे ।,1.2090019164769803e-132,1.3968757862115187e-127,4.9071282970434174e-164
समय - समय  पर  किए  जाने  वाले  कार्यो  की  उपयोगिता  प्रमाणपत्र  भी  जमा  करवाएं ।,6.6327758522845e-104,5.639223008992995e-100,3.7474367890056384e-125
"प्लास्टिक  की  थैलियों  या  प्लास्टिक  के  डिब्बे  में  खाना  खाने  से  प्लास्टिक  के  साथ  ही  हमारे  शरीर  में  कई  हानिकारक  केमिकल  पहुंच  जाते  हैं , जो  हार्मोस  को  असंतुलित  कर  देते  है ।",1.953857877709027e-258,9.50319960301718e-252,5.019331614988964e-282
एक  रात  वे  शाही  महल  बहुत  सुन्दर  तरीके  से  सजा  हुआ  था ।,2.3716904412314293e-93,3.3183583952984693e-90,1.3418913528858749e-109
लेकिन  क्या  आपने  सोचा  है  कि  क्या  होगा  अगर  एक  स्मार्टफोन  से  दूसरा  स्मार्टफोन  वायरलेस  चार्ज  किया  जा  सकता  है ?,6.063162542910628e-139,1.7606333817440418e-133,8.216930914044053e-172
"उदाहरण  के  लिए; अमेरिका , दक्षिण  अफ्रीका , रूस  आदि  के  संविधानों  में  इस  सिद्धान्त  का  समावेश  किया  गया  है ।",5.093696085516544e-178,1.5737141658093063e-174,2.2498687962838e-201
पूर्व  राष्‍ ट्रपति  रहे  बाइडेन  ने  अपनी  टीम  में  कई  भारतीयों  को  अहम  पद  से  नवाजा  है  और  ऐसे  में  भारत  के  साथ  उनका  कनेक्‍ शन  और  ज्‍ यादा  गहरा  हो  गया  है .,2.7772712389768746e-237,2.4810320708516626e-229,6.573891150274869e-273
उसे  वेंटीलेटर  पर  रखा  गया  था ।,5.639238927794452e-44,1.1438057611205131e-41,6.129433771845866e-63
परीक्षा  के  दौरान  सचल  दस्ता  की  टीम  सूरज  बाबा  उच्चत्तर  माध्यमिक  विद्यालय  देवकली  नवानगर  परीक्षा  केंद्र  पर  पहुंची ।,5.946301517133044e-138,9.901079242155954e-134,2.931884987756236e-156
"इस  तरह  के  अल्प  जमा , यह  भी  मिनि  या  माइक्रो  खातों  कहा  जाता  है ।",7.31917028586793e-126,5.950013304503212e-123,8.075323408783946e-150
"मिंट’ की  एक  रिपोर्ट  के  मुताबिक , इस  बेमेल  आंकड़े  के  चलते  लोगों  को  धड़ाधड़  नोटिस  मिल  रहे  हैं .",2.4392530758840635e-161,1.23130531575155e-157,6.270474597372142e-181
केरल  बाढ़  पीड़ितों  की  सहायता  के  लिए  पंजाब  एवं  हरियाणा  हाईकोर्ट  ने  एक  महत्वपूर्ण  कदम  उठाया  है .,9.070008263251109e-122,1.6412035698311684e-116,1.7529377745889543e-148
फिर  उतारकर  ऐसे  बर्तन  में  दाल  दें  जिसमें  ठंडा  पानी  भरा  हो ।,8.29962516075667e-100,5.074604097233559e-97,1.3400459259658458e-109
विभाग  ने  कलेक्टरों  एवं  जिला  दंडाधिकारियों  द्वारा  घोषित  कोविड - 19 प्रभावित  कंटेनमेंट  जोन  की  सूची  भी  जारी  की  है ।,2.286203533269493e-145,2.4494250090811925e-140,8.209718384804669e-172
जिससे  उनको  दिक्कत  होती  है ।,5.77636898260142e-41,4.2085600637157344e-39,3.6631234044947285e-55
"बजट  में  आठ  फीसदी  आर्थिक  वृद्धि  दर  की  बात  कही  गई  है , जो  समझ  में  नहीं  आता  है ।",5.06363362240674e-153,1.0173555179782776e-148,6.268059644165188e-181
.,6.154040685579025e-07,2.4595265958439747e-06,2.801504492783922e-16
रतलाम ।,2.277869535332897e-15,1.8186586273966014e-14,4.678225034564693e-24
तभी  अचानक  शोरूम  के  तृतीय  तल  पर  आग  लग  गई ।,7.616265948432274e-76,5.938878515964777e-73,4.7903577877143205e-94
परिवार  के  सहयोग  से  ही  कार्यक्षेत्र  में  आपका  प्रदर्शन  अच्छा  होगा ।,8.359732728955732e-84,1.6987490121042077e-80,8.010738115441496e-102
उन्होंने  बताया  कि  कई  केंद्रों  पर  टीकाकरण  अभी  भी  जारी  है  और  हम  आज  8 लाख  का  आंकड़ा  पार  कर  सकते  हैं ।,3.403073305074962e-145,3.961902965443017e-139,2.3082193332992937e-187
"वीरपाल  सिंह  ने  आरोप  लगाया  है  कि  क्षेत्र  में  कई  जगह  मिट्टी  का  खनन  हो  रहा  है , जिसके  वह  खिलाफ  हैं ।",8.736510108583102e-180,7.156944587094953e-175,2.9317242654927053e-204
"खबरों  की  मानें  तो  इस  फिल्म  में  शाहरूख  खान  मुख्य  किरदार  में  हैं , लेकिन  अभी  तक  इसकी  आधिकारिक  पुष्टि  नहीं  की  गई  है ।",2.4858892092402246e-175,4.070681920208107e-169,8.218877560208261e-220
शाम  होते  हाते  सर्दी  बढती  चली  गई  और  लोगो  का  घरों  से  निकलना  दूभर  हो  गया ।,3.1073194798563105e-120,4.4126695694427817e-116,1.0487965298551312e-140
"जिससे  आसपास  के  क्षेत्र  में  दहशत  फैल  गयी , जिस  समय  सिलेंडर  फटा  तो  आसपास  भूकंप  की  तरह  कंपन  महसूस  किए  गए ।",3.591501850815585e-181,1.6054373556879652e-176,2.932606616388289e-204
पिछले  साल  निगम  ने  करीब  80 हजार  टन  कच्चा  जूट  खरीदा  था ।,1.8229142541686336e-94,1.9048359643744037e-91,1.340379319857262e-109
इसके  चलते  कई  जगहों  पर  यातायात  भी  प्रभावित  हुआ  है ।,1.329257710335394e-68,2.859680870955886e-65,4.811043818974305e-94
"बलवीर  सिंह  चौहान , मैनेजिंग  ट्रस्टी  मुंबई  जितेंद्र  सिंह  कुशवाह  ने  भी  शुभकामनाएं  दी ।",1.7230614429385852e-132,8.152462953517523e-130,4.789144316723095e-142
आईपीएस  बनकर  लखनऊ  में  2 साल  तक  अंडर  ट्रेनी  एएसपी  तैनात  रहीं .,2.9258339547071146e-102,1.7771440173536096e-99,1.339566512050093e-109
महागठबंधन  की  अभी  तक  स्थिति  स्‍ पष्‍ ट  नहीं  है ।,9.277358440539888e-79,7.462480931832266e-76,4.794820973584502e-94
"रश्मि  सिंह , डा .",8.950679256113331e-61,3.3522867201603835e-60,2.79712492558621e-64
स  और  एम .,1.6246967405048792e-32,2.727567882955037e-31,1.3085821004278904e-39
"एक  वीडियो  संबोधन  केे  माध्‍ यम  से  जिलाधिकारी  राजेश  नरवेकर  ने  कहा  कि  गैर - नियंत्रण  क्षेत्रों  में  छूट  दी  जाएगी  और  ठाणे  ग्रामीण , नगरपालिका  और  नगर  पंचायत  की  सीमा  में  आने  वाले  इलाकों  में  राज्य  सरकार  के  दिशा - निर्देश  लागू  होंगे ।",0.0,0.0,0.0
बिष्टुपुर  स्थित  गोपाल  मैदान  में  सुबह  क्0 से  लेकर  रात  क्0 बजे  तक  गेम्स  और  एक्टिविटीज  का  दौर  चलता  रहा .,2.94519409734439e-158,1.4667210329019174e-153,8.199739783586299e-172
लोकसभा  चुनाव  में  भाजपा  ने  भारी  जीत  दर्ज  की  है .,3.1055535429539215e-66,9.111303447660016e-63,4.7910671663186845e-94
मैंने  लोगों  की  परवाह  नहीं  की ।,6.022757730236787e-48,1.080283930176018e-45,6.122766332489105e-63
उन्हें  गिरफ्तार  करने  के  बाद  यूएस  मार्शल्स  सर्विस  ःयूएसएमएसः  को  सौंप  दिया  गया  था ।,4.968787537060089e-99,4.419846000810538e-95,3.753014160473348e-125
वन  रेंज  अधिकारी  गोपाल  सिंह  बिष्ट  एवं  फारेस्टर  खीमानंद  खंडूडी  ने  बताया  कि  शनिवार  से  वन  विभाग  ने  अलग - अलग  स्थानों  पर  पिंजरे  लगाए  हैं ।,1.569843439123828e-189,2.908071317752454e-183,1.7946535396275922e-218
बस  आग  लग  गई  और  सारा  रूपया  जलकर  राख  हो  गया ।,1.1764067856863566e-83,9.574099203492191e-81,8.015513165941184e-102
ये  कीट  कोमल  पत्तियों  और  फूलों  का  रस  चूस  लेते  हैं .,1.8629161259388508e-89,1.1589012611729422e-86,8.016835231224243e-102
क्योंकि  सरकार  30 करोड़  डोज  के  लिए  कंपनी  पर  निर्भर  है .,3.1283911515738554e-88,2.8564909033156764e-85,8.011256495599095e-102
उसने  हापुड़  के  अंग्रेज  अधिकारी  विल्सन  की  सहायता  से  चौधरी  जबरस्त  खाँ  तथा  उनके  भाई  उल्फत  खाँ  को  अनेक  समर्थको  सहित  गिरफ्तार  कर  लिया ।,1.0281774526332803e-182,1.2139040576424015e-177,6.41897057362997e-203
"रांची: - झारखंड  प्रदेश  कांग्रेस  कमेटी  के  प्रवक्ता  आलोक  कुमार  दूबे , लाल  किशोरनाथ  शाहदेव  और  राजेश  गुप्ता  छोटू  ने  कहा  कि  एक  ओर  देश  के  अन्नदाता  किसान  सड़कों  पर  है , वहीं  दूसरी  ओर  से  पेट्रोलियम  पदार्थां  और  आवश्यक  वस्तुओं  की  कीमतों  में  बढ़ोत्तरी  से  आमजन  परेशान  है ।",0.0,0.0,0.0
वॉशिंगटन: स्नैपचैट  वीडियो  में  अपने  ही  स्टूडेंट  के  साथ  सेक्स  करती  नजर  आई  20 वर्षीय  स्कूल  टीचर  Teacher को  पुलिस  ने  गिरफ्तार  कर  लिया  है .,1.4615235625717948e-181,9.157287781499611e-176,1.0732326313955534e-210
दर  थाना  पुलिस  एसएचओ  अनिल  कुमार  ने  बताया  कि  रेवाड़ी  जिला  के  माहेश्वरी  गांव  निवासी  लक्ष्मण  सिंह  ने  पुलिस  को  दी  शिकायत  में  कहा  है  कि  उसका  31 वर्षीय  पुत्र  सतीश  विवाह - शादी  आदि  सामाजिक  समारोह  में  बैंडबाजा  बजाने  का  काम  करता  था ।,3.949853133565644e-309,5.867776359223679e-299,0.0
लीवर  संबंधी  दिक्कतों  को  लेकर  सजग  रहें .,2.923121208440147e-63,3.917316267857623e-61,1.0237437990971654e-70
्काई  न्यूज  टीवी  चैनल  ने  लीबियाई  राष्ट्रीय  सेना  एलएनए) के  हवाले  से  रविवार  को  यह  जानकारी  दी ।,1.5453338274168595e-128,3.1022085242012635e-124,1.753238332618657e-148
मी .,1.1781846192829148e-17,9.317119488511794e-17,4.6780673825387614e-24
मुख्य  अतिथि  एके  सिंह  ने  कहा  कि  सीएसआर  के  तहत  महिलाओं  के  उत्थान  हेतु  रोजगार  से  जुड़ने  के  लिए  सिलाई  मशीन  का  वितरण  किया  जा  रहा  है ।,1.1424651371332209e-182,1.1417726014651143e-175,3.016922019750742e-226
इसी  बीच  कुछ  स्थानीय  लोगों  द्वारा  कार्य  करने  में  व्यवधान  उत्पन्न  किया  जा  रहा  है ।,5.9810124770337e-101,1.2700746483213573e-96,6.304798431275409e-133
"हालांकि  जो  नुकसान  होना  था , सो  हो  चुका .",1.4542548987187994e-93,6.916807336653202e-92,3.664410434524818e-103
"हालांकि  पिछले  सालों  में  स्थिर  आर्थिक  विकास  के  कारण  कुछ  इलाकों  में  स्थिति  सुधरी  है , लेकिन  न्यूरेमबर्ग  के  मेयर  ऊलरिष  माली  का  कहना  है  कि  जर्मनी  के  शहर  धनी  और  गरीब  दो  खेमों  में  बंटते  जा  रहे  हैं .",6.092451605955091e-302,6.698922802338483e-294,0.0
वीडियो  टेप  में  पहले  पीडि़त  महिला  रमनजीत  कौर  हेड  कांस्टेबल  सतीश  की  बाइक  पर  ईंट  मारती  हुई  दिखाई  पड़  रही  है ।,2.1799241846531085e-159,1.0380060895827444e-154,1.375052281470632e-179
पानी  भरने  की  बात  पर  गुलशननगर  में  मंगलवार  को  दो  पक्षों  में  विवाद  हो  गया ।,1.8608532774429752e-105,4.8057506064653215e-101,6.270971461337943e-133
जिस  कारण  किसानों  को  घोर  कठिनाई  हो  रही  थी ।,3.4508633552623964e-67,1.8636102521108132e-64,2.865510405105862e-86
एक - दूसरे  की  पसंद - नापसंद  जानना  भी  जरूरी  है .,6.038392403382829e-78,1.6748779770233925e-74,8.02108680082487e-102
आपकी  अपनों  से  भेंट  होगी ।,5.369600244348836e-47,2.127495816381373e-45,3.6602650989391145e-55
"सुशी  कई  लोगों  का  पसंदीदा  भोजन  है , और  यह  बस  स्वस्थ  विकल्पों  में  से  एक  होने  के  लिए  होता  है !",1.0221848374012762e-179,2.458621595864697e-175,1.752835580352041e-196
"एक  अन्य  पोस्टर  में  लिखा  है , दिल्ली  का  मुख्यमंत्री  अरविंद  केजरीवाल - सिंघम  रिटर्न्‍ स  3 ।",2.2461860022042572e-150,4.49998863572643e-147,2.243525162962015e-165
मोदी  सरकार  के  पहले  बजट  पर  पूरे  देश  की  उम्मीद  टिकी  है ।,5.656169963238459e-90,1.6591662176377114e-86,1.3398188750391931e-109
"दरअसल  आॅटोमेटिक  कार  गियर  लीवर  ये  चार  चिन्ह  बने  होते  हैं , P , R , N , D जिनका  अपना  अलग  मतलब  होता  है ।",2.9369365231737156e-237,8.395095790516413e-234,6.275282911977104e-253
उनका  कहना  है  कि  उनके  देश  में  शिक्षा  का  व्यावसायीकरण  हो  गया  है  और  वह  अर्थव्यवस्था  के  उदारीकरण  से  प्रेरित  है .,2.193930274099208e-144,8.030177795070243e-139,1.3721851986602186e-179
ऐसा  ही  वे  मंत्रियों  से  भी  चाहते  हैं ।,2.235486151982476e-63,4.925303392188943e-61,1.7129984851364458e-78
"प्राकृतिक  सामग्रियों  की  तुलना  में , इनमें  से  किसी  भी  प्रकार  की  टाइलों  का  काफी  सस्ती  मूल्य  है ।",6.036537692772739e-157,2.0129887358095873e-153,3.7470820203631546e-173
हालांकि  कोरोना  के  बाद  अब  डेंगू  और  वायरल  फीवर  ने  स्वास्थ्य  विभाग  की  चिंता  बढ़ा  दी  है ।,2.3878742181627785e-119,1.908255618664092e-114,1.756209573091335e-148
न्यायिक  हितों  के  कारण  उन्होंने  कहा  कि  घोषणा  उस  समय  निष्पादित  नहीं  की  जा  सकती ।,4.1646458131379114e-117,1.85792547647536e-113,6.266835724727557e-133
सांसद  पीएन  सिंह  के  पुत्र  प्रशांत  सिंह  ने  धनबाद  विधानसभा  के  लिए  भाजपा  से  टिकट  की  दावेदारी  पेश  की  है .,4.7867432024087894e-148,1.249628871706395e-142,8.202176260009283e-172
वह  कहती  हैं  कि  ' जब  ये  वाक्या  हुआ  था  तब  मेरी  उम्र  काफी  छोटी  थी  और  मुझे  समझ  नहीं  आया .,5.064705241958284e-153,1.454871841736502e-147,1.3727060499913729e-179
मेष: - आज  के  दिन  व्यापार  में  थोड़ी  मंदी  का  सामना  करना  पड़  सकता  है ।,9.276180881226846e-105,2.1871285275586528e-100,6.27476152214997e-133
लेकिन  शिक्षक  व  कर्मचारियों  को  मुख्यालय  में  रहना  होगा ।,5.710074054998579e-71,3.215627014757e-68,2.8685451988686278e-86
ेबी  अरिक  रामपाल  को  हैलो  कहिए । ',9.958948197947588e-67,5.798801668343002e-65,1.0237415219213884e-70
E 471 halal .,2.533242383611636e-36,2.5543038658773427e-35,1.3084983720847576e-39
एसपी  वेस्ट  डॉ ।,5.1237703526330935e-33,1.065033792971965e-31,1.3086388236444562e-39
सहायक  संचालक  एनके  चंद्रा  ने  बताया  कि  हिंदी  मुद्र  लेखन  परीक्षा  के  लिए  10 मिनट  का  समय  ही  तय  किया  गया  था ।,1.462442698145278e-157,1.0432292551530363e-151,2.296964332914532e-187
उन्होंने  बताया  कि  जन्म  के  6 माह  बाद  ही  उनकी  नेत्र  ज्योति  चली  गई ।,2.977755295846882e-101,1.6997819447596e-97,3.76483976703492e-125
इस  तरह  टोल  प्लाजा  पर  रुके  बगैर  शुल्क  का  भुगतान  हो  जाता  है ।,2.382454306142304e-94,5.202560257530588e-91,2.2588218618553387e-117
जिसमे  उन्होंने  कहा  है  कि  जियो  ने  सफलता  के  नए  प्रतिमान  गढे  हैं .,2.762451589086732e-101,1.5260394181935863e-97,2.2405014074227163e-117
शासकीय  जमीन  से  एक  झोपड़ी  को  भी  हटाया  गया ।,4.0089795547730455e-75,1.3202082868404107e-72,2.8635889611960677e-86
आपको  बता  दें  आईएसआईएस  के  ये  आतंकी  अमेरिका  के  अंदर  घुसकर  किसी  बडी  घटना  को  अंजाम  देने  की  फिराक  में  हैं ।,2.960017429112257e-144,6.453409071479717e-139,1.3728721084907373e-179
लेकिन  2019 के  बाद  जिले  में  पेट्रोलियम  का  कारोबार  खूब  फला  फूला ।,7.000342940217714e-96,8.722330794543183e-93,1.3418961361262985e-109
"बता  दें  कि  हरियाणा  के  अलावा  पंजाब , उत्तर  प्रदेश , राजस्थान , दिल्ली  और  कई  राज्यों  में  भी  डेरा  की  संपत्तियां  हैं ।",4.902518275604296e-208,4.858750798947315e-204,3.7542619266346474e-233
मैं  आपसे  माफी  मांगती  हूं  कि  आपको  इस  तरह  से  रहना  पड़ा ।,1.0284152958569807e-94,2.2669628706441047e-91,1.3403039961100596e-109
- कॉमर्स  वेबसाइट  फ्लिपकार्ट  की  बिग  दिवाली  सेल  का  आगाज़  हो  चुका  है ।,5.110096386219776e-94,3.462202417199491e-90,2.2424201434387317e-117
सच  में  पोरिवर्तन’ है .,4.776522715461634e-41,9.624755641947832e-40,2.1884493042659076e-47
इस  दौरान  इंडस्ट्री  के  तमाम  सितारों  से  लेकर  उनके  फैंस  तक  ने  उन्हें  बधाई  दी .,4.0519697793589645e-112,2.7177844729761507e-108,6.312873886252407e-133
मां  भी  उनके  पास  सो  गई ।,3.1634995199716156e-54,2.089420574610804e-52,6.121648137643117e-63
क्राइम  ब्रांच  ने  तिहाड़  जेल  से  रिमांड  पर  लेकर  उससे  पूछताछ  की  थी ।,2.760389565778104e-95,2.723805683474521e-91,2.2416089496695904e-117
इसके  साथ  ही  आक्सीजन  सिलेंडर  का  भंडारण  एवं  कालाबाजारी  की  जा  रही  है ।,1.4981787944887379e-84,6.400066024700615e-81,2.2589456234022724e-117
गर्भनिरोधकों  के  इस्तेमाल  का  अधिक  सामाजिक  दबाव  महिलाएं  ही  झेल  रही  हैं ।,3.4146987009925022e-99,2.849203590950963e-96,1.3403131108591253e-109
जो  दूर - दूर  तक  संदेश  का  आदान - प्रदान  करते  थे ।,2.2444604147303744e-88,8.771329475518578e-85,1.3403037644118576e-109
वह  मेरी  माता  जी  के  साथ  भी  सांसद  रहे  हैं ।,1.2533851554245308e-76,9.134256309333831e-74,4.805542436859869e-94
"जवाब  में  बताया  गया  कि  पहले  एसआईटी  की  तरफ  से  थे , अब  राज्य  सरकार  की  ओर  से  हैं ।",2.9932837452629804e-152,1.0508225422694205e-147,6.267964272835087e-181
नड्डा  2019 के  लोकसभा  चुनाव  में  राजनीतिक  रूप  से  महत्वपूर्ण  राज्य  उत्तर  प्रदेश  में  भाजपा  के  चुनाव  अभियान  के  प्रभारी  थे ।,4.0734401916869136e-148,9.530300554862592e-142,1.3714300894058521e-179
राकेश  रंजन  बागी  हो  गए  हैं ।,4.4566202188198623e-48,4.291159118007221e-46,6.127694105871821e-63
भ्रष्टाचार  के  खिलाफ  सरकार  शून्य  सहनशीलता  की  नीति  पर  चल  रही  है ।,3.017752593657182e-85,1.1363950225682247e-81,1.3431899501972997e-109
"डीसीपी  ने  लिखा , तबलीग़ी  जमात  का  इसमें  अलग़  से  कोई  ज़िक्र  नहीं  है .",1.421571397927996e-129,6.439430572425543e-127,4.790452371210128e-142
इस  कला  में  प्रत्येक  विषय  अलग - अलग  ढंग  से  दर्शाया  जाता  है ।,1.2631303624188924e-95,5.610952274848623e-92,2.2580815251944035e-117
उत्तर  प्रदेश  में  महिलाओं  और  बच्चियों  पर  अत्याचार  की  घटनाएँ  लगातार  बढ़  रही  हैं ।,7.406072200160395e-99,7.203025960220357e-95,3.751252281430955e-125
पार्टी  के  संसदीय  दल  के  नेता  और  राष्ट्रीय  अध्यक्ष  पद  से  हटाए  जाने  के  बाद  अब  चिराग  पासवान  ने  पार्टी  की  राष्ट्रीय  कार्यकारिणी  की  बैठक  बुलाई  है ।,3.81523124934074e-178,4.7476312395247554e-170,3.0018009631902755e-226
इसमें  लाल  इंसर्ट  के  साथ  साइड  सिल  गार्निश  भी  दिया  गया  है ।,6.057627187973708e-88,7.247917742121469e-85,1.346197682061047e-109
उल्लेखनीय  है  कि  पूर्व  में  यह  भर्ती  रैली  कवर्धा  में  आयोजित  होने  वाली  थी ।,5.274429323049222e-96,1.1310194680316556e-91,3.7484380661434246e-125
"वहीं , गुर्जर  आंदोलन  के  मद्देनजर  राजधानी  जयपुर  में  उच्चस्तरीय  बैठकें  हो  रही  हैं  ताकि  आंदोलनकारियों  से  बातचीत  की  कोई  राह  निकाली  जा  सके ।",1.9839214062649085e-202,6.276832766562596e-198,8.216487182920984e-220
राहुल  ने  काम  उम्र  में  ही  2010 मे  Thailand मे  टीम  की  कप्तानी  की .,5.2095604387970425e-111,1.2756839892863932e-107,3.747477950316376e-125
इसमें  एक  मिनी  स्कूटर  पर  एक  व्यक्‍ ित  पंचर  मिनीवैन  लादकर  जाते  हुए  दिख  रहा  है ।,3.474834965058279e-117,3.1912459371133504e-113,1.0526259530425513e-140
"उन्होंने  कहा , ' नहीं , मैंने  उनसे  कहा  कि  मैंने  उनके  बारे  में  सुना  है  कि  वो  प्रैंक  करते  हैं  और  अब  जब  मैं  इसके  बारे  में  जानती  हूं , तो  उन्हें  मुझे  अपनी  टीम  में  लेना  चाहिए .",0.0,2e-323,0.0
वे  पशुचिकित्सा  veterinary sciences के  जनक  माने  जाते  हैं ।,2.027905325332849e-70,6.823510484967776e-68,2.8661811637516376e-86
"एक  रिपोर्ट  में  कहा  गया  है  कि  मॉस्को  के  कई  केंद्रों  में  स्पूतनिक  वी  वैक्सीन  के  तीसरे  चरण  का  क्लिीनिकल  ट्रायल  को  रोक  दिया  गया , क्योंकि  ट्रायल  के  लिए  वालंटियर्स  को  दिए  जाने  वाले  खुराक  की  कमी  हो  गई  थी ।",5.9961172583637285e-298,8.913381494063174e-289,0.0
पुलिस  ने  बच्ची  की  मां  के  बयान  पर  पीड़िता  को  मेडिकल  जांच  के  लिए  नजदीकी  अस्पताल  में  भेजा ।,5.915519014246767e-126,1.2368243069463503e-120,2.937199511564505e-156
खुद  खेल  मंत्रालय  ने  स्टेडियम  प्रशासन  से  इसका  प्रस्ताव  मंगवाया  है ।,1.3237033190828191e-93,4.5025003648966974e-91,8.009912371873563e-102
इसी  दौरान  उच्च  न्यायालय  दो  साल  पहले  शुरू  हुए  ड्रग्स  जांच  पर  से  भी  पर्दा  हटा  सकता  है .,3.6120363158369193e-135,7.20146329420977e-131,2.935662444119202e-156
"om पर  आत्म  ड्रिलिंग  पेंच  बनाने  की  मशीन  के  लिए  स्वयं  ड्रिलिंग  पेंच  उत्पादन , Tainwanese प्रकार , आत्म  ड्रिलिंग  पेंच  Alibaba . c",1.043181634344009e-208,7.305419796057998e-205,1.0481925413589719e-224
"हालांकि , 10 खिलाड़ियों  वाली  युनाइटेड  पर  यंग  ब्वायज  का  पलड़ा  भारी  रहा  और  उसकी  तरफ  से  मैच  के  अंतिम  समय  90 + 5 मिनट) में  जार्डन  सीबाचेउ  ने  विकेटकीपर  डेविड  गिया  को  चकमा  देते  हुए  दूसरा  गोल  किया  और  टीम  को  2 - 1 से  जीत  दिला  दी ।",0.0,0.0,0.0
भाजपा  के  राष्ट्रीय  महासचिव  ने  बिहार  चुनाव  से  जुड़ी  जानकारियां  समर्थकों  तक  पहुंचाने  के  लिए  डायरी  लिखना  शुरू  किया  है ।,3.5472023555887765e-141,4.8584887060648686e-136,8.215191970466964e-172
जानकारी  के  अनुसार  विद्युत  कर्मचारी  ने  सहायक  के  रूप  में  शांतिलाल  नामक  युवक  को  रखा  था ।,3.681090874870277e-115,1.14844706518962e-110,1.0488367417954396e-140
पुलिस  का  कहना  है  कि  घायल  की  हालत  स्थिर  है ।,1.0579353610651976e-64,2.467633218756468e-61,4.800253721707439e-94
शेफाली  ने  कहा  कि  बॉलीवुड  में  अभिनेत्रियों  को  भूमिका  उनकी  उम्र  देखकर  नहीं  दी  जाती ।,2.2745860970920924e-117,2.027275630264184e-113,6.266565532781464e-133
नई  दिल्‍ ली  ऑनलाइन  डेस्‍ क) ।,1.512739280893289e-44,3.4150852880362055e-42,6.128566311279365e-63
इससे  पूर्व  वह  केवलानंद  फुलारा  व  प्रेमबल्लभ  की  गायों  को  निवाला  बना  चुका  है ।,4.7193301249260136e-104,2.2269373922185683e-100,3.7532019159288326e-125
पृथ्वीराज  धूमल  के  नामांकन  के  दौरान  वह  नदारद  रहे  थे ।,7.697026153090942e-83,2.7125642545549988e-80,4.792074536901688e-94
उस  समय  विकेटकीपर  बल्लेबाज  ऋषभ  पंत  14 और  तेज  गेंदबाज  ईशांत  शर्मा  4 रन  बनाकर  नाबाद  हैं ।,2.0331883291027495e-126,6.519630430830646e-122,1.753507823671299e-148
"कमिश्नर , डीएम  और  सीएमओ  लगातार  हॉस्पिटल  का  निरीक्षण  कर  व्यवस्थाओं  को  दुरुस्त  करने  का  असर  भी  दिखने  लगा  है ।",8.42539715912748e-166,2.857566405000029e-161,1.0482310508662056e-188
बक्सर  स्थित  गंगा  नदी  की  कोठी  के  पास  रविवार  देर  शाम  मछुवारे  ने  एक  युवक  का  शव  फंसा  देखा ।,3.981019196066155e-149,1.3482931871429058e-144,4.902861061124311e-164
इनसे  राजधानी  के  अधिकतर  चौराहों  पर  वाहनों  के  - चालान  किए  जाएंगे ।,3.874731798483052e-97,4.456749973879929e-94,1.3396855216120141e-109
गोंडा  में  पढ़ाई  कर  रहे  मेडिकल  छात्र  के  अपहरण  का  खुलासा  शुक्रवार  को  यूपी  एसटीएफ  ने  कर  दिया ।,7.317921258978644e-137,2.5513425534073912e-132,2.933725504465529e-156
देसाई  की  ससून  चिकित्सालय  में  तत्काल  एमआरआय  वैद्यकीय  जांच  करना  एवं  उन्हें  अच्छे  वैद्यकीय  उपचार  न  देने  के  संदर्भ  में  कारागृह  अधीक्षक  को  कारण  बताओ’ नोटिस  देकर  स्पष्टिकरण  मंगवाने  की  मांग  की  गई ।,6.600924210125893e-249,5.65138601719397e-242,6.57133506334837e-273
विरासत  वृक्षों  की  सूची  में  जिले  से  सात  बरगद  आठ  पीपल  चार  पाकड़  के  वृक्ष  शामिल  हैं ।,3.922110613272467e-136,2.943062247430214e-132,1.7532981708158914e-148
सामाजिक  रूप  से  मान - प्रतिष्ठा  में  वृद्धि  होगी ।,4.033612988198342e-65,6.632718457176881e-62,2.8637840773254412e-86
इमरान  की  जीत  के  समय  यह  उम्मीद  जताई  गई  थी  कि  उनके  प्रधानमंत्री  बनने  से  पाकिस्तानी  क्रिकेट  का  बुरा  वक्त  समाप्त  हो  जाएगा ।,1.0159711084293666e-172,4.24556082938525e-167,3.8365489903129235e-195
वैसे  भी  इक्विटी  फंड  में  पांच  या  आठ  या  दस  साल  के  लिए  ही  निवेश  करना  चाहिए .,1.407117568708547e-128,3.366474610677876e-124,1.7532743317100904e-148
"शुरुआत  में  असली  सोना  देकर  भरोसा  जीता , फिर  नकली  सोना  खपाने  लगी ।",2.9699469877404677e-125,4.563528363277473e-123,2.86365021489709e-134
"अब  कंपनी  इसके  नेक्स्ट  जनरेशन  मॉडल  को  उतारने  की  तैयारी  में  है , जिसमें  अपडेट  डिजाइन , री - डिजाइन  केबिन  व  कई  सारे  एडवांस्ड  विशेषता  मिलेंगे .",2.900388671583548e-241,9.319345101885739e-237,4.9088234032450495e-260
यह  फिल्म  आगामी  वर्ष  17 मार्च  को  प्रदर्शित  होगी ।,1.4811280267881668e-71,5.826456054627766e-69,2.8713326868830213e-86
"तालिबान  के  पास  पहले  कांम्बैट  एयरक्राफ्ट  नहीं  था , लेकिन  अब  उसके  पास  सुपर  टुकानो  अटैक  एयरक्राफ्ट  है .",3.6601013632783695e-162,7.299076386010281e-159,3.7469893993081946e-173
इनके  अलावा  3 और  वीकली  प्लान  भी  हैं ।,5.106364234382656e-65,9.299335927019586e-63,1.712587495688302e-78
जो  सुनकर  कानों  के  पर्दे  हिलेंगे । ।,6.288388027700935e-64,3.221929682104306e-62,1.0241521495152692e-70
पुलिस  ने  इस  मामले  में  घटना  की  रात  ही  तीनों  आरोपियों  को  हिरासत  में  ले  लिया  था ।,1.4424557702378698e-105,2.4608905310906147e-100,1.7568221350119835e-148
सुंदरनगर  भाजपा  मंडल  अध्यक्ष  बैरागी  राम  की  अध्यक्षता  में  लोक  निर्माण  विभाग  के  विश्राम  गृह  में  देश  के  पूर्व  प्रधानमंत्री  अटल  बिहारी  वाजपेयी  के  जन्मदिवस  के  उपलक्ष्य  पर  कार्यक्रम  का  आयोजन  किया  गया ।,2.0079793562437167e-217,2.5874369951841887e-208,6.578157943669349e-273
खजियार  मार्ग  की  हालत  भी  खराब  होने  से  वाहन  चालकों  को  काफी  परेशानी  आती  है ।,7.235845251567727e-114,1.5380945913314674e-109,6.267081698165956e-133
"विश्वविद्यालय  मेट्रो  स्टेशन  से  दुर्गाबाई  देशमुख  दक्षिणी  परिसर  जाने  में  करीब  40 मिनट  लगेंगे , जिसमें  आजादपुर  स्टेशन  पर  इंटरचेंज  में  लगने  वाला  वक्त  भी  शामिल  है ।",1.580234270765816e-224,1.616244180894798e-219,3.836754313925679e-243
बवाना  विधानसभा  क्षेत्र  से  38 वर्षीय  जय  भगवान  उपकार  आप  की  टिकट  पर  चुनाव  मैदान  में  हैं  इनके  खिलाफ  कांग्रेस  के  रवींद्र  कुमार  इंद्राज  चुनाव  लड़  रहे  हैं  जिनकी  उम्र  45 वर्ष  है .,3.4590623519063437e-248,1.4449832214414707e-240,6.5676805910507265e-273
इसके  मुताबिक  ' जल  प्रबंधन  गतिविधियों  को  संपूर्णतावादी  तरीके  से  देखने  पर  ही  बेहतर  समन्वय  एवं  प्रयास  सुनिश्चित  किए  जा  सकते  हैं । ',5.078038569175032e-167,1.2003179488283907e-161,3.851012997166021e-195
जहां  स्किल  सेल  बीमारी  से  पीड़ित  एक  बच्चा  भर्ती  था .,9.723192079991204e-85,3.026210481373775e-82,4.79084826848796e-94
हंगामा  करते  हुए  मुख्यमंत्री  उत्तर  प्रदेश  के  नाम  अपनी  मांगों  का  मांग  पत्र  उपजिलाधिकारी  को  सौंपा ।,2.9392861667227174e-126,3.813770825479091e-122,1.0480678251792848e-140
आधुनिक  युग  में  तो  कम्प्यूटर  में  ऐसा  साफ्टवेयर  डवलप  कर  लिया  गया  है  कि  किसी  भी  भाषा  की  सामग्री  को  हिन्दी  में  रूपान्तरित  किया  जा  सकता  है ।,2.5552564876419564e-187,9.547307667764391e-181,3.007515076710192e-226
उसने  पहले  भी  कई  लोगों  के  खिलाफ  इस  प्रकार  की  शिकायतें  दर्ज  कराई  हैं .,6.560239428201313e-105,1.4720167333104617e-100,3.747963658482922e-125
करतारपुर  कारिडोर  बंद  करके  केंद्र  सरकार  कर  रही  धक्का  शिरोमणि  गुरुद्वारा  प्रबंधक  कमेटी  अ) के  प्रधान  जगीर  कौर  से  बातचीत  की  गई  तो  उन्होंने  कहा  कि  केंद्र  सरकार  कारिडोर  न  खोलकर  लोगों  से  धक्का  कर  रही  है ।,2.7125250344035982e-263,7.908898092862663e-255,5.153869991311759e-304
.,6.154040685579025e-07,2.4595265958439747e-06,2.801504492783922e-16
कलाकारों  ने  श्रीराम  के  बाल  लीला  के  कई  प्रसंगों  का  मंचन  किया ।,4.0079476859101904e-97,5.496795209229168e-94,1.3395750702593626e-109
सोशल  मीडिया  की  ताकत  जितनी  मजबूत  है  उतनी  ही  आशंकित  करने  वाली  भी  है .,4.598795477394011e-107,1.8019481687746509e-103,3.747822854635249e-125
किसने  रिकॉर्ड  किये  और  एसओजी  को  कहां  से  मिली .,5.137797696185621e-79,9.671222752882172e-77,2.8635252178834484e-86
उन्हें  रिहा  होना  भी  था ।,2.5701056881477293e-45,1.1376153745905328e-43,3.661326785560533e-55
टीम  लगातार  दो  बार  प्लेऑफ  तक  पहुंचने  के  साथ  ही  आईपीएल  2020 की  फाइनलिस्ट  थी .,1.1545542780764404e-119,5.709284212625408e-116,6.267557825269246e-133
हम  इन  मुद्दों  पर  चुनाव  लड़ेंगे .,5.894437442259648e-51,6.8206372709482734e-49,6.124376932151699e-63
आगामी  विधानसभा  सामान्य  निर्वाचन  2022 के  लिए  विभिन्न  व्यवस्थाओं  की  तैयारियों  के  संबंध  में  13 दिसंबर  को  दोपहर  1 बजे  विकास  भवन  के  सभागार  में  बैठक  बुलाई  गई  है ।,1.6657865688167607e-204,1.0226739259526781e-196,8.409838190684153e-242
यह  किला  1710 में  बना  था ।,7.716180670283316e-50,6.157885675835687e-48,6.137797666995138e-63
' दबंग ' के  निर्देशक  अभिनव  कश्यप  हैं  जबकि  इस  फिल्म  के  निर्माता  सलमान  खान  के  छोटे  भाई  अरबाज  खान  हैं ।,2.375277349708056e-158,7.565056280754939e-153,1.3717587548546189e-179
हिंदुस्तानी  ने  आरोप  लगाया  कि  अमर  सिंह  ने  ही  उसे  बताया  था  कि  वह  प्रधानमंत्री  के  निर्देशों  पर  अहमद  पटेल  के  साथ  मिलकर  सरकार  को  बचाने  का  काम  कर  रहे  हैं ।,3.3870015627353427e-212,8.622538257146689e-204,2.3558652694240707e-257
पुलिस  ने  बताया  कि  पिछले  10 साल  से  कराक्टुपारम्ब  के  व्यक्ति  के  घर  में  वह  रह  रही  थी  और  वह  इतने  वर्षों  से  अपनी  प्रेमिका  को  छुपाकर  रखने  में  सफल  रहा  था ।,1.8244908092246707e-217,5.328725049670028e-209,3.937417466700464e-265
दिल्ली  के  स्वास्थ्य  मंत्री  सत्येंद्र  जैन  ने  कहा  है  कि  केंद्र  सरकार  ने  दोनों  टीकों  को  मंजूरी  दी  है ।,2.522043375232512e-115,2.229377152942512e-109,4.9107038664822185e-164
विदित  हो  कि  दुमका  में  पुलिस  ने  शिकारीपाड़ा  थाना  के  छातुपाड़ा  गांव  के  समीप  जंगल  में  भाकपा  माओवादी  का  जोनल  कमांड़र  शहदेव  राय  उर्फ  ताला  दा  को  शनिवार  की  देर  रात  मार  गया .,6.5477394898428456e-248,1.639463858202873e-240,6.567879515520142e-273
जिसके  बाद  ईडी  ने  नोरा  से  पूछताछ  की  लेकिन  नोरा  ने  सभी  आरोपों  को  झूठा  करार  दिया  था ।,7.093279036107801e-130,4.776513693880214e-125,2.9346018838805436e-156
"तो , जो  लोग  सभी  फिल्मों  को  Online Download करने  या  Streaming करने  में  रुचि  रखते  हैं , तो  आप  फिल्मों  की  लकड़ी  जैसी  साइट  के  साथ  आगे  बढ़  सकते  हैं ।",2.7351174106231213e-265,6.501776266827921e-260,3.8413614836713846e-291
छत्‍ तीसगढ़  के  सुकमा  में  जो  हमला  हुआ  है  वह  दरअसल  सरकार  की  ओर  से  कराए  जा  रहे  विकास  कार्यों  की  वजह  से  हुआ  है ।,2.4108946685515536e-170,3.670433206597194e-163,1.0738417995056536e-210
एक  तेज  डम्पर  ने  मोटरसाइकिल  सवार  को  पीछे  से  टक्कर  मार  दी ।,3.447118064375791e-85,1.3900655194410336e-81,1.3415945312458654e-109
यह  पिछले  चार  महीने  में  सबसे  कम  है .,1.136330986502924e-58,7.289710769574311e-56,1.7168266664122668e-78
"शमशीर  मंसूरी  वर्तमान  समय  में  ग्राम  सोरगा , विकासखंड  बैकुंठपुर  में  शिक्षक  एलबी) के  पद  पर  पदस्थ  है ।",2.659002910920596e-161,7.731756472443815e-158,3.746917835354866e-173
जंगल  में  पिंजरा  लगा  गया  है ।,4.284361294634289e-50,3.293424605307507e-48,6.141392146751823e-63
निवेश  इस  योजना  Nasdaq वायदा  अनुबंध  के  लिए  आपको  56 हजार  रुपये  की  निवेश  राशि  की  आवश्यकता  है ।,5.955388820715173e-139,1.131654942003633e-134,2.9319847684712184e-156
यहां  पर  दोस्त  की  अस्थियां  विसर्जन  के  बाद  उन्होंने  घाट  के  कई  दृश्यों  को  अपने  कैमरे  में  कैद  किया ।,2.6383470438589903e-141,1.516841048439405e-136,4.907833918453007e-164
िर्भया  केस  के  चारों  दोषियों  को  आख़िरकार  दी  गई  फांसी ।,1.6595170551978518e-87,4.619917157334532e-85,4.7891016257691385e-94
जबकि  भारत  के  प्रधानमंत्री  अपने  देश  में  रिकॉर्ड  तोड़  संक्रमण  होने  के  बावजूद  चुनावी  रैली  को  संबोधित  कर  रहे  हैं ।,3.634647203207656e-140,4.903380901101428e-135,8.229941815299828e-172
उपमुख्यमंत्री  दुष्यंत  चौटाला  जेजेपी  कोटे  से  एक  और  मंत्री  बनवाना  चाहते  हैं  ताकि  उनकी  अपनी  पार्टी  में  असंतोष  को  रोका  जा  सके ।,4.1424309215229386e-166,8.744146241538289e-161,2.2939397818851356e-187
ध्रुव  त्यागी  की  क्या  गलती  थी ?,7.686230165382013e-57,5.12243071835813e-55,6.121201273866751e-63
मारिया  पहली  बार  फरवरी  महीने  में  कोरोना  पॉजिटिव  पाई  गई  थीं  और  दूसरी  बार  सितंबर  महीने  में .,1.7098326142876091e-136,2.115286944559129e-132,1.7528175808694566e-148
सुल्तानगढ़  वॉटर  फॉल  में  आई  बाढ़  और  09 मौतों  ने  पूरे  प्रदेश  को  हिलाकर  रख  दिया ।,2.6733396735233008e-126,2.539380804057264e-122,1.0480652660394004e-140
शनिवार  को  आयोजित  अंडर  21 बालक  वर्ग  के  फुटबाल  में  पहला  मैच  कोट  व  जयहरीखाल  के  बीच  खेला  गया ।,9.938904603461532e-141,3.0530967520591504e-136,4.9047931526283524e-164
पंचायतीराज  विभाग  के  सूत्रों  की  मानें  तो  पं1 5 वें  वित्त  से  जिला  पंचायत  को  दो  करोड़  32 लाख  रुपये  से  अधिक  धनराशि  आवंटित  की  है ।,1.490556603162126e-189,6.9986051175160365e-183,1.7964456511974996e-218
"style "" text - align justify "" सेब  के  बारे  में  अंग्रेजी  की  कहावत  तो  अपने  सुनी  ही  होगी  और  अगर  नहीं  सुनी  तो  हम  आपको  बता  देते  है . ,",2.4480288087737197e-273,2.0463123009755918e-268,8.199981831900193e-292
"एलऐंडटी  रियल्टी  लिमिटेड  के  मुख्य  कार्यकारी  अधिकारी  और  प्रबंध  निदेशक  श्रीकांत  जोशी  ने  कहा , ' वित्त  वर्ष  17 - 18 की  तीसरी  तिमाही  में  आवासीय  क्षेत्र  में  बिक्री  बहाल  हुई  है ।",5.2023351340368815e-256,3.9527011526845915e-249,5.022625789175486e-282
प्रो .,1.3487226051925506e-14,1.077775837487105e-13,4.678371266932171e-24
इसको  लेकर  जेडीए  को  जिम्मेदारी  बेचने  की  सौंपी  गई  थी ।,4.04842328615766e-77,2.0431601647164375e-74,4.7927006823081003e-94
क्रिकेट  को  बल्लेबाजों  का  खेल  माना  जाता  है  जबकि  टीम  की  हार  और  जीत  में  गेंदबाजों  की  भी  अहम  भूमिका  होती  है .,1.744040521145674e-160,2.178230226050272e-154,2.2939242898639573e-187
प्रियंका  के  पड़ोस  में  प्रियांशु  नामक  किशोर  रहता  है ।,7.247551561404324e-74,1.4815254985620236e-71,2.8643539178739493e-86
तथा  इसके  Part - Time Teachers 15000 से  25000 एवं  Full - Time Teachers 75000 प्रति/ माह  तक  कमाते  हैं ।,9.043028145294316e-159,2.081623442808797e-154,8.199909284782145e-172
चकसेठवल  गांव  निवासी  स्व .,2.336153309648106e-42,4.664577243402246e-41,2.188407104373868e-47
.,6.154040685579025e-07,2.4595265958439747e-06,2.801504492783922e-16
"इसके  अलावा  कम्पनी  जोमैटो  गोल्ड’ की  भी  सुविधा  देती  है , जिसमें  कुछ  रेस्टोरेंट्स  के  द्वारा  एक  पर  एक  फ्री  जैसी  सुविधाओं  का  लाभ  ग्राहकों  को  दिया  जाता  है ।",5.211363267328832e-227,5.742912841760417e-221,1.0794042368500985e-258
लोगों  को  धैर्य  बनाये  रखने  की  जरूरत  है ।,3.129021331856215e-56,1.677859914848299e-53,1.7132558873887823e-78
रोजा ।,2.1556332967381916e-20,1.443401009911643e-19,4.678044693441177e-24
पुलिस  ने  इनकी  एक  कार  भी  जब्त  कर  ली  थी  जो  पश्चिम  विहार  से  चुराई  गई  थी ।,3.162685418572262e-123,1.2199588687653197e-118,1.7572753530752124e-148
धनबाद  के  भागा  स्टेशन  की  सूरत  आज  काफी  बदतर  है .,9.945211286609186e-85,3.3154667705951037e-82,4.789175874452799e-94
मंदिर  में  कुल  161 खंभे  हैं  जिनसे  आप  मधुर  संगीत  को  सुन  सकते  हैं ।,4.99111005872547e-107,1.3345221857768558e-103,3.751676681015089e-125
राज  वाल्मीकि  की  समीक्षा  आइए  महसूस  करिये  जिन्दगी  के  ताप  कोे ।,3.913808728833402e-95,1.0151586237278926e-92,8.009708088659669e-102
"इसे  तब  और  उस  वक्त  जारी  किया  जाना  था  जब  सरकार  वैक्सीन  को  मंजूरी  दे । """,6.442923699361578e-136,1.9275163505880504e-132,3.748262693615467e-149
शनिवार  शाम  सुधीर  नशे  की  हालत  में  घर  पहुंचा  और  कमरे  में  चला  गया ।,4.0835089080098135e-101,5.025434467201453e-97,3.747996997431612e-125
मुंबई  एजेंसी) ।,5.191019440705747e-23,7.928027607241113e-22,7.826226507150798e-32
वर्ष  1993 में  मुंबई  में  सिलसिलेवार  बम  धमाकों  के  दोषी  याकूब  मेमन  को  30 जुलाई  को  फांसी  देने  के  लिए  महाराष्ट्र  प्रशासन  तैयारियां  कर  रहा  हैं ।,1.4843402168346717e-184,3.631228069694122e-177,1.7947514323999279e-218
ये  बीज  आपको  एनर्जी  को  बढ़ाते  हैं  और  आपकी  ब्रेन  पावर  को  बूस्ट  करते  हैं ।,5.155932998196407e-116,2.6736664591711987e-112,6.2762074480176175e-133
थाना  सरहिद  के  एएसआइ  जसविदर  सिंह  ने  कहा  कि  दविंदर  के  भाई  सर्बजीत  सिंह  ने  उन्हें  बताया  कि  दविदर  नशे  करने  का  आदी  था ।,3.062613740899836e-180,1.2595002199468358e-174,6.416984711524542e-203
पं .,1.5883100543988657e-15,1.2678852197575721e-14,4.678197650665971e-24
होटल  मालिकों  का  कहना  है  कि  लखनऊ  में  शासन  ने  स्टार  श्रेणी  के  होटल्स  को  कोविड  केयर  सेंटर  बनाया  है ।,2.5128477992869717e-145,5.103086270270586e-140,8.207579771059518e-172
मंगलवार  को  पुलिस  अधीक्षक  रियाज  इकबाल  ने  इस  वारदत  का  खुलासा  करते  हुए  बताया  कि  दो  आरोपियों  को  पुलिस  ने  पकड़  लिया  है ।,6.22592575136749e-153,2.6016477247035746e-146,3.839385430952588e-195
आज  सुबह  किसी  मरीज  को  पानी  चढ़ाने  की  व्यवस्था  हुई .,6.590522150682468e-83,2.1866118882129592e-80,4.7923026818234733e-94
"कोतवाली  पुलिस  मौके  पर  पहुंची  और  जेवर , मूर्ति  का  वीडियो  बनाने  के  बाद  इन्हें  मंदिर  के  पुजारी  को  सौंप  दिया ।",5.398765403017027e-168,2.5030174933887764e-163,1.7530998736980494e-196
पीढ़ियों  से  प्राप्त  रोग  को  भुगतना  या  ऐसे  रोग  होना  जो  पीढ़ी  दर  पीढ़ी  चलता  रहे ।,4.713477548115713e-132,1.6710237375056863e-128,1.0480474574143645e-140
एसिड  से  आग  नहीं  लगती ।,2.616633086873737e-48,1.1597043235388184e-46,3.660022454697526e-55
न्‍ होंने  कहा  कि  अगले  20 वर्षों  में  भारत  दुनिया  का  सबसे  बड़ा  ऊर्जा  बाजार  बनने  वाला  है ।,1.0641843063432665e-131,1.431264883870156e-126,2.931975194233508e-156
बिलासपुर( निप्र) ।,2.012682833695497e-21,3.2041466422785313e-20,7.824011091370019e-32
सामाजिक  प्रतिष्ठा  निखरेगी ।,1.9105357585742534e-33,2.5620386033052127e-32,1.3085485959366152e-39
"लेकिन , इसके  खिलाफ  भी  सुप्रीम  कोर्ट  में  पुनर्विचार  याचिका  दायर  हुई ।",9.193519403050107e-113,3.292723777107318e-110,1.7151408389415063e-126
"उन्होंने  मीडिया  से  अपील  की  कि  वो  "" उनकी  निजता  का  सम्मान  करें  और  परिवार  को  इस  दुख  के  पल  में  अकेला  छोड़  दें . """,3.852514785668931e-211,6.137694792249538e-206,4.92191704137723e-236
ऐसे  में  गणेश  चतुर्थी  Ganesh Chaturthi का  आगाज  हो  चुका  है .,1.7701728925630282e-77,4.34313547353687e-74,8.02412475551893e-102
वेब  श्रृंखला  द  ट्रिप’ में  नजर  आ  चुकीं  अभिनेत्री  श्वेता  त्रिपाठी  इसके  दूसरे  सत्र  में  भी  नजर  आएंगी ।,9.380631209596108e-136,1.037217441489223e-130,2.9315855606288043e-156
मिशन  शक्ति  के  तहत  जागरुकता  कार्यक्रम  को  आगे  बढ़ाने  वाली  महिला  शक्ति  केंद्र  की  जिला  समन्वयक  अनीसा  व  दीपिका  ने  कहा  कि  बेटी  बचाओ - बेटी  पढ़ाओ  अभियान  का  नारा  बुलंद  होना  चाहिए ।,2.8602276880318433e-240,2.7721833352656633e-232,6.568698502385511e-273
उसके  पास  से  कुछ  सर्जिकल  ब्लेड  बरामद  हुए  थे ।,9.021104746269e-68,4.03968984047138e-65,2.8653153074640923e-86
"मामले  में  तत्कालीन  तहसीलदार  रमेश  वर्मा , पटवारी  जसवीर  सिंह , हाकम  सिंह  निवासी  भड़ी , दीदार  सिंह , जोगिंदरपाल  सिंह , सुरजीत  सिंह  निवासी  समाणा  खुर्द , मेवा  सिंह  निवासी  भोले  कालेवाल , सुच्चा  सिंह  संतोखगढ़  टप्परियां , अमर  सिंह  निवासी  ठौणा  और  कंडी  फ्रेंड्स  एजुकेशनल  ट्रस्ट  के  स्व .",0.0,0.0,0.0
उनके  समर्थन  के  बिना  यह  संभव  नहीं  था .,1.9637870060222738e-61,1.2329548535702662e-58,1.713097032908808e-78
"इस  साइट  पर  मेरे  अन्य  लेख  भी  देखें , और  मेरे  अनुसरण  करने  से  न  चूकें  फेसबुक  पर  ग्रुप  साथ  ही  मेरे  बाइनरी  विकल्प  रणनीति  फैनपेज !",2.0724884213502088e-219,1.0464298944054666e-214,2.308552974993212e-235
अगर  वे  भाजपा) वोट  खरीदना  चाहते  हैं  तो  पैसे  ले  लों  और  वोट  टीएमसी  के  लिए  करो । ',1.0014899144645762e-137,3.942775159619458e-133,2.9336985903121757e-156
"डिजिटल  डेस्क , नागपुर ।",6.32676834231004e-57,2.5299526243466386e-56,2.7975527026976373e-64
इसमें  अनियमितताएं  पाई  गई  थीं ।,1.7180062450927434e-43,9.441959006237732e-42,3.664093277323038e-55
इस  मौके  कलक्टर  ने  टास्क  फोर्स  के  अधिकारियों  के  साथ  बैठक  कर  अभियान  के  दौरान  हुए  कार्यों  की  समीक्षा  की ।,3.033772385136608e-137,8.19402088276196e-132,8.255893595012215e-172
मुरादाबाद  डिपो  और  पीतलनगरी  डिपो  पर  सबसे  ज्यादा  भीड़  दोपहर  11 बजे  से  साढ़े  तीन  बजे  तक  रही ।,3.1917208778097886e-140,1.0599224504318185e-135,2.931576195740901e-156
सेवा  का  निजी  प्रबंधक  2 पहलुओं  के  दो  गुना  और  बहुत  ईर्ष्यापूर्ण  है ।,1.0156030575567604e-108,8.68369001255383e-106,2.2403873121602967e-117
बाजार  में  खरीदारी  के  लिए  आने  वालों  को  ई  रिक्शा  की  सुविधा  देने  की  भी  नगर  निगम  तैयारी  कर  रहा  है ।,1.410283201459353e-146,5.233064962553159e-141,1.3762933272271809e-179
मान्यता  है  कि  रात  के  समय  पूजा  करने  से  देवी - देवताओं  की  निद्रा  बाधित  हो  जाती  है ।,1.6470199017686138e-125,1.7806108176098185e-120,2.933681501400682e-156
"संक्रमण , चोट , रिएक्शन , सूजन , जलन  आदि  के  कारण  भी  दर्द  हो  सकता  है ।",1.3522544617864742e-173,2.976634851519941e-171,1.0253284599602256e-190
इस  बार  कुंभ  मेले  के  दौरान  किसी  भी  स्थान  पर  संगठित  रूप  से  भजन  एवं  भंडारे  की  अनुमति  नहीं  होगी ।,7.3923770181364385e-140,1.4739819965732442e-134,8.255819308235364e-172
बढ़ती  रिश्वत  खोरी  के  मामले  को  लेकर  पुलिस  आयुक्त  ने  कहा  का  डिफॉल्टर  पुलिस  कर्मचारियों  की  सूची  तैयार  की  गई  है ।,6.859795702553406e-148,2.1612746103099984e-142,1.3744513075009118e-179
1 .,1.1901303264441126e-12,9.516269353722907e-12,4.67960875865039e-24
"पेंशनरों  को  सूचित  किया  गया  कि  जो  पेंशनर  आयकर  के  दायरे  में  आते  हैं  वे  इस  वर्ष  में  की  गई  अपनी  बचत  का  ब्यौरा  कोषागार  कार्यालय  में  नोट  करवाएं , ताकि  उनसे  आयकर  अधिक  कटौती  न  हो ।",2.452133782634946e-294,9.255325712490351e-287,6.566e-321
योजना  के  तहत  कॉलेज  में  इन  नए  कक्षों  के  निर्माण  पर  70 लाख  रुपए  खर्च  होंगे ।,2.4967875513916976e-120,3.7623921108118135e-116,1.0481275628824116e-140
नई  दिल्ली| प्रधानमंत्री  नरेंद्र  मोदी  अंतर्राष्ट्रीय  महिला  दिवस  पर  रविवार  को  यहां  नारी  शक्ति  पुरस्कार  विजेताओं  के  साथ  संवाद  करेंगे ।,1.4539379863928406e-147,3.2837516545252355e-142,8.208781013739623e-172
बेहतर  होता  वे  दोनों  मसलों  के  अलग  अलग  रखते ।,9.674322696768491e-79,1.4732308140699793e-76,2.8635735877920305e-86
दिल  से  सबको  प्यार  और  सेहत ।,1.9659220931164144e-56,8.884330988672424e-55,6.121271093091667e-63
डाक  कर्मियों  ने  आरोपियों  की  गिरफ्तारी  और  कड़ी  कार्रवाई  की  मांग  की  है ।,7.32531852482e-91,4.6958627082783944e-87,2.243439547085193e-117
फिर  दिन  या  रात  के  वक्त  टारगेट  किए  आलीशान  सूने  घरों  व  दुकानों  में  चोरी  की  वारदात  को  अंजाम  देकर  वापस  अजमेर  भाग  जाते  है ।,3.5422725104635084e-182,4.9799034951867256e-176,1.0733832833720938e-210
बिलासपुर  नईदुनिया  प्रतिनिधि) । N,3.350224517547971e-37,1.4597908816694908e-35,2.188545050341874e-47
इसलिए  सेक्‍ स  के  दौरान  सहभागियों  को  सेक्‍ स  के  अलावा  किसी  अन्‍ य  विषय  के  बारे  में  सोचने  से  बचना  चाहिए ।,1.474046206815623e-164,2.5623647385138756e-159,2.2947357448036227e-187
जल  प्रदान  करनेवाला  के  अर्थ  में  बादल  के  कई  नाम  है  जैसे  वारिधर  यानी  पानी  को  धारण  करनेवाला ।,1.180331598593834e-146,6.975645452057501e-143,2.931596395048566e-156
बिछिया  से  लेकर  मंगतखेड़ा  तक  वाहनों  की  लंबी - लंबी  कतारें  लगी  रही ।,9.764162455296517e-100,5.06772764269293e-96,2.2404040235357483e-117
वहीं  सोपोर  में  पथराव  के  दौरान  पत्थर  एक  सीधे  व्यक्ति  की  आँख  में  जाकर  लगा .,1.8804448868813224e-121,4.919232041064528e-118,6.2783849791176846e-133
आरएलडी  के  कद्दावर  नेता  रहे  मुन्ना  सिंह . . .,1.786931652003319e-73,6.053584464253879e-71,2.8671519614213204e-86
अमेरिकी  राष्‍ ट्रपति  डोनाल्‍ ड  ट्रंप  द्वारा  वहां  कंपनियों  को  निवेश  एवं  रोजगार  बढ़ाने  के  लिए  टैक्‍ स  दरों  में  भारी  कमी  के  बाद  अब  चीन  ने  भी  विदेशी  इन्‍ वेस्‍ टर्स  को  लुभाने  और  अपने  साथ  जोड़ने  के  लिए  हर  संभव  कोशिश  शुरू  कर  दी  गई  है ।,0.0,5.786e-321,0.0
16 पटना  बिहार  विधानसभा  चुनाव  में  नीतीश  कुमार  को  मुख्यमंत्री  का  चेहरा  बनाए  जाने  को  लेकर  अटकलें  लगाई  जा  रही  है ।,9.265346597288267e-141,2.0218542911799428e-134,1.3760430091092648e-179
बीएसएफ  का  आठ  मंजिला  मुख्यालय  लोधी  रोड  पर  सीजीओ  कॉम्प्लेक्स  में  स्थित  है .,1.4366858505170352e-104,2.6356150395914188e-101,2.240402412427025e-117
साथ  ही  प्रारंभिक  परीक्षा  के  प्रवेश  पत्र  16 जनवरी  तक  डाउनलोड  किए  जा  सकेंगे .,1.338615918485869e-105,8.047312523130626e-102,3.7524032537140547e-125
कार्यक्रम  के  दूसरे  चरण  में  मुंशी  प्रेमचंद  की  कहानी  नरक  के  द्वार  पर  भानुप्रताप  तिवारी  ने  एकल  अभिनय  कर  समाज  में  व्याप्त  लिंग  भेद  की  कुरीती  पर  कटाक्ष  किया ।,2.2734210685539986e-217,7.25777636432122e-211,8.396664249461788e-242
"हालांकि , सुबह  सर्द  मौसम  से  ठिठुरन  बनी  हुई  थी ।",1.1157865623328014e-96,1.2374386797653272e-94,6.130530762604398e-111
यह  लंबे  समय  से  नकली  घी  के  कारोबार  को  चला  रहा  है ।,7.996811124994553e-87,2.9566689424018545e-83,1.3475130759886624e-109
उन्होंने  कहा  कि  ग्रामीणों  को  भयभीत  होने  की  जरूरत  नहीं  है ।,4.764905647897547e-66,1.97632272920461e-62,8.07554437213262e-102
"भारत  में  केंद्रीय  स्वास्थ्य  एवं  परिवार  कल्याण  मंत्रालय  की  ओर  से  शनिवार  को  जारी  आंकड़ों  के  मुताबिक  संक्रमितों  की  कुल  संख्या  अब  64 , 73 , 545 हो  गई  है ।",9.524786437806251e-221,1.6779015883521478e-213,6.435495821136346e-275
हत्या  की  खबर  फैलते  ही  तमाम  व्यापारी  राजकीय  मेडिकल  कॉलेज  पहुंच  गए ।,9.048887963226622e-92,2.3791118235178148e-88,1.339743685107013e-109
इसके  परिणामस्वरूप  रीढ़  की  हड्डी  हमेशा  के  लिए  कार्य  करना  बंद  कर  देती  है  या  फिर  इसमें  अकड़न  रह  जाती  है ।,7.798572304071643e-152,1.6327496412735852e-146,1.3772948117334496e-179
इसके  दो  सिर  और  चार  आंखें  हैं ।,5.514485227862467e-60,5.298079261620969e-58,1.027590167035996e-70
मेलाधिकारी  अरविंद  कुमार  द्विवेदी  ने  बताया  कि  सदर  बाजार  के  बराबर  से  ही  120 फुट  चौड़े  वीआईपी  रोड  का  निर्माण  होगा ।,6.942421431020486e-161,7.913669013864358e-156,1.371386510969576e-179
पंजाब  के  मुख्यमंत्री  प्रकाश  सिंह  बादल  ने  कहा  है  कि  वह  राज्य  विधानसभा  चुनाव  में  लोगों  के  फैसले  को  मंजूर  करते  हैं ।,2.7960349488431133e-144,9.615345544553369e-138,2.2962495825124216e-187
रिलायंस  जियो  के  टेलीकॉम  सेक्टर  में  उतरने  के  बाद  अन्य  टेलीकॉम  कंपनियों  के  सामने  अपने  ग्राहक  बचाए  रखने  की  चुनौती  अभी  भी  बनी  हुई  है ।,1.2362033859484508e-178,6.402122941059183e-172,1.073777621662685e-210
इस  संबंध  में  लीड  कालेज  के  प्राचार्य  डा .,2.1517469863738247e-56,8.388742944463403e-54,1.7238084990626957e-78
पलजोर  ने  बताया  कि  मातृ  मृत्यु  दर  को  कम  करने  के  उद्देश्य  से  नौ  अगस्त  से  प्रधानमंत्री  सुरक्षित  मातृत्व  अभियान  चलाया  जा  रहा  है ।,2.649179923594788e-165,5.015120386334973e-159,6.44407876415461e-203
"वॉट्सएप , फेसबुक , ऐपल  और  गूगल  के  बाद  आखिरकार  माइक्रोसॉफ्ट  ने  भी  अपने  प्लेटफॉर्म  से  गन  का  इमोजी  हटा  लिया  है ।",2.34729843412711e-199,1.2911788708914613e-195,1.0485542133675576e-212
जोकि  सोशल  मीडिया  पर  खूब  वायरल  हो  रहा .,3.0665575514373617e-61,1.3620595741984902e-58,1.712235168998534e-78
ाष्ट्रपति  पद  की  शपथ  लेने  के  तीसरे  दिन  बाइडन  ने  अमेरिकियों  के  लिए  बचाव  योजना’ की  घोषणा  की ।,6.634814006417348e-138,1.2679101385880723e-133,2.931801732941641e-156
इसमें  कहा  गया  है  कि  धर्मस्‍ थलों  को  खोलने  से  पहले  प्रशासन  और  पुलिस  अधिकारी  उनके  प्रबंधन  से  जुड़ें  लोगों  से  संवाद  करते  हुए  उन्‍ हें  सभी  सावधानियां  बरतने  की  जानकारी  देंगे ।,9.316373301871333e-229,3.6983487698473247e-221,3.932303603220545e-265
"धार्मिक  मान्यताओं  के  अनुसार , सूतक  के  समय  को  अशुभ  मूहुर्त  माना  जाता  है .",1.122222285905875e-122,9.001385679915379e-120,4.790717643251182e-142
उनके  बाद  करुण  नायर  और  मनीष  पांडे  भी  क्रमशः  18 और  13 रन  बनाकार  चलते  बने ।,1.620000685811897e-126,6.779032934935168e-123,1.0485871345147492e-140
उनके  साथ  मिशेल  सैंटनर  आठ  रन  बनाकर  नाबाद  हैं ।,8.239034657176995e-71,3.892009279936788e-68,2.8650852304434162e-86
"जिनके  बीच  वन  नाइट  स्टैंड  होता  है , मगर  उसके  बाद  इन  दोनों  क  जिंदगी  में  काफी  उलटफेर  शुरू  हो  जाते  है ।",1.7998970077820398e-187,3.2604009663048517e-183,2.931683962503771e-204
इसके  अलावा  वहां  और  भी  कई  तरीकों  से  अत्याचार  किए  जाते  हैं ।,1.3941385491131625e-85,4.158164807348984e-82,1.346259823753161e-109
प्रिंस  मोहम्मद  ने  डिप्टी  किंग  के  फरमान  को  23 फरवरी  को  हस्ताक्षरित  किया  था .,8.897485227325019e-114,1.4083605507007252e-110,3.7475608455180304e-125
लेकिन  अब  आधुनिक  टेक्‍ नोलॉजी  की  वजह  से  दुनियाभर  में  कई  महिलाएं  सी - सेक्‍ शन  के  द्वारा  ही  शिशु  को  जन्‍ म  दे  रही  हैं ।,2.732288950551016e-189,4.9666006954280735e-183,1.7987245025185966e-218
"अस्थाना  ने  कहा , मैं  ज्यादा  सूचनाएं  साझा  नहीं  कर  सकता , क्योंकि  यह  महत्वपूर्ण  जांच  है ।",3.9157077443987643e-174,1.3144715183427782e-171,2.8635173158649145e-182
"इस  जहाज  को  किसने  मार  गिराया  था , यह  अब  तक  साबित  नहीं  हो  सका  है , लेकिन  कुछ  लोग  इसके  लिए  रवांडा  के  हूतू  चरमपंथियों  को  जिम्मेदार  ठहराते  हैं  जबकि  कुछ  का  मानना  है  कि  रवांडा  पैट्रिएक  फ्रंट  आरपीएफ) ने  ये  काम  किया  था ।",0.0,0.0,0.0
"मुख्यमंत्री  शिवराजसिंह  चौहान  ने  कहा  कि  विकास  के  साथ  ही  प्रदेशवासियों  के  जीवन  में  खुशियाँ  आयें , इस  दिशा  में  प्रदेश  सरकार  ने  हैपीनेस  मिनिस्ट्री  शुरू  करने  का  निर्णय  लिया  है ।",2.9575770356840776e-226,9.693021617829946e-219,3.004216349106592e-274
शरद  पवार  इस  गठबंधन  की  सरकार  बनाने  कोशिश  कर  रहे  थे .,1.867642608280244e-82,2.6854339464927434e-79,8.011017449469609e-102
और  टकराव  कैसे  टालें  की  जीवन  क्लेश  रहित  हो  जाए ।,2.3032263474951968e-83,5.308560222572611e-81,4.7913343501818174e-94
"अंतिम  रिपोर्ट  में  कहा  गया  है , अंसल  ने  हालांकि  14 अगस्त  2017 को  अपना  पासपोर्ट  जमा  कर  दिया  क्योंकि  वह  जानता  था  कि  उसके  खिलाफ  प्रतिकूल  आदेश  पारित  किया  जा  सकता  है ।",8.812288468532724e-250,2.3315653289586183e-242,8.413054210343309e-290
लोगों  का  प्रवेश  दरगाह  में  वर्जित  रहेगा .,1.22640346900266e-60,1.0238511333223114e-58,1.0240362793985042e-70
अमेरिका  के  राष्ट्रपति  डोनाल्ड  ट्रंप  ने  मंगलवार  को  कहा  कि  होंडुरास  से  अमेरिका  की  ओर  बढ़  रहे  हजारों  शरणार्थियों  के  काफिले  में  आतंकवादी  भी  शामिल  हो  सकते  हैं ।,8.157586895414745e-185,1.7048946189628534e-177,5.027182198476914e-234
शनि  को  मनाने  के  लिए  शनि  प्रदोष  व्रत  बहुत  फलदायी  है ।,3.662854483390233e-90,2.440787991987626e-87,8.009729924401586e-102
वह  घर  पर  ही  था ।,7.760072801458292e-38,9.565348899751978e-36,3.663570082624591e-55
फिल्म  के  प्रोमो  में  दिखाए  गए  चरित्र  एकदम  आम  जिंदगी  से  लगते  हैं ।,6.35645179929903e-100,1.731349829727073e-96,2.241212364594015e-117
सेना  नियंत्रण  रेखा  पर  पाकिस्तानी  गोलाबारी  का  जवाब  देने  में  एक  सूझ  बूझ  भरी  रणनीति  के  तहत  काम  कर  रही  है . A,7.054128435555081e-158,3.827856637940225e-152,2.2940643664945584e-187
सोहन  लाल  द्विवेदी  की  कविताओं  में  वो  भाव  हुआ  करते  थे  जिनके  हरिवंशराय  बच्चन’ भी  कायल  हो  जाते  थे ।,8.433850865357358e-150,1.424927352179178e-145,4.9030344038546095e-164
फिल्म  100 करोड़  क्लब  में  शामिल  होगी  या  नहीं ?,1.928859740607828e-70,1.9755173851512267e-67,2.864402688503524e-86
"फोटो  से  पता  चल  रहा  है  कि  जब  यह  फोटो  क्लिक  की  जा  रही  थी , उन्हें  इस  बात  का  बिल्कुल  भी  नहीं  पता  था  कि  वह  भी  कैमरे  में  कैद  हो  रहे  हैं .",4.152730971119891e-248,1.354008884076835e-239,1.4049509040477216e-297
बीआरए  बिहार  विश्वविद्यालय  में  स्नातक  में  एडमिशन  को  लेकर  आठ  सितंबर  को  होने  वाली  प्रवेश  परीक्षा  स्थगित  कर  दी  गई  है ।,2.0047422622520072e-145,1.6304097094666596e-139,1.3744414668245664e-179
एक  सप्ताह  तक  हुई  मूसलाधार  बारिश  से  चेन्नई  व  चेन्नई  के  अन्य  इलाके  व  आंध्र  प्रदेश  पानी - पानी  हो  गया ।,1.5173656287611602e-150,9.560618364913191e-145,1.3741261085733857e-179
लेकिन  जब  रणवीर  सिंह  से  इस  बारे  में  पूछा  गया  तो  उन्होनें  इस  मामले  में  चुप्पी  साध  ली ।,1.9724603262344657e-125,2.9549676408382074e-120,2.936802458901653e-156
बाड़मेर .,1.3997548146653252e-17,1.1061849680793764e-16,4.6780753628354744e-24
लॉकडाउन  को  लेकर  गैस  की  बुकिंग  में  रोजाना  20 - 30 प्रतिशत  इजाफा  होने  से  गैस  एजेंसियों  पर  बैकलॉग  इन  दिनों  46 हजार  का  आंकड़ा  पार  कर  गया  है ।,1.1952052901116786e-212,7.02177430021541e-206,8.42284943498756e-242
"UK Board class 12 th Results 2019 उत्तराखंड  बोर्ड  ऑफ  स्कूल  एजुकेशन  यूबीएसई) ने  कक्षा  12 वीं  बोर्ड  के  परीक्षा  आज  यानी  30 मई , 2019 को  जारी  कर  दिए  हैं ।",2.43434620280099e-244,1.6921121216963014e-237,3.001846228256947e-274
आज  विधान  भवन  सहित  आसपास  के  क्षेत्रों  में  रंग  खेला  गया ।,3.1289941988458342e-86,2.5402921075949613e-83,8.015082723163026e-102
जिसके  बाद  अक्षय  ने  अपनी  शादीशुदा  लाइफ  और  परिवार  को  बचाने  के  लिए  प्रियंका  के  साथ  कभी  काम  न  करने  की  कसम  खाई  थी ।,3.00297814031566e-172,1.206461263970764e-165,6.41950294297724e-203
महात्मा  गांधी  को  भारत  रत्न  देने  संबंधी  ये  याचिका  ऐसे  समय  पर  दायर  की  गई  थी  जब  वैचारिक  रूप  से  उनके  खिलाफ  रहे  वीडी  सावरकर  को  भारत  रत्न  देने  की  मांग  भी  उठ  रही  है ।,2.310711740572728e-247,1.503076359028492e-238,1.8418052200407466e-288
"इस  पर  रश्मि  ने  सही  जवाब  दिया , लेकिन  अमिताभ  अभिषेक  की  आवाज  नहीं  पहचान  पाए .",2.190438263383018e-142,2.5759872090234738e-139,1.3487362107769455e-157
विकास  के  नाम  पर  लोगों  को  ठगती  रहीं ।,5.037247052848376e-62,1.6072843993433864e-59,1.7122967930688935e-78
प्रापर्टी  डीलर  के  स्वजन  ने  बताया  कि  एक  बदमाश  ने  मास्क  के  साथ  हेलमेट  पहना  हुआ  था ।,5.333595401940707e-127,2.387151778702993e-122,1.7534962105900752e-148
एक्सपर्ट  ने  माना  है  कि  यह  बच्चों  समेत  युवाओं  के  लिए  भी  घातक  है ।,2.2342086126947578e-107,2.3771206874609974e-103,3.746947413497938e-125
साइबर  सेल  की  टीम  ने  उसे  नोएडा  से  गिरफ्तार  किया  है .,1.1613711953447039e-77,3.649317382909592e-74,8.012775699791604e-102
हेशाम  शरफ़  ने  ट्रम्प  के  व्यवहार  को  राष्ट्रपति  चुनाव  के  प्रचार  के  दौरान  दिए  गए  उनके  वादों  से  विरोधाभासी  बताते  हुए  कहा  कि  ट्रम्प  ने  अपने  प्रचार  के  दौरान  सऊदियों  पर  हमला  करते  हुए  उन्हें  11 सितंबर  2001 की  घटना  का  ज़िम्मेदार  कहा  था ।,0.0,5.520162e-317,0.0
यही  अमरता  होगी .,3.8006012519183035e-34,3.846834749532806e-33,1.3088931157303006e-39
यद्यापि  मुस्कान  उसके  चेहरे  से  कोसों  दूर  जा  चुकी  थी ।,2.042865404119276e-84,7.247335297709461e-82,4.789341191997052e-94
शेयर  बाजार  में  शाम  के  पहर  तक  बीएसई  हेल्थकेयर  198 अंकों  की  बढत  के  साथ  बंद  हुआ  है ।,5.38506009497672e-132,2.033447247589858e-127,2.933744403683744e-156
इस  तरह  वे  छोटे - छोटे  से  साधन  से  आगे  बढ़ने  और  काम  करते  रहने  के  लिए  प्रोत्साहित  करते  हैं ।,1.9485702720746244e-140,5.675851634009543e-135,8.260244503976913e-172
इस  दौरान  वे  दिल्ली  में  थे ।,7.606323530507334e-44,9.883906232444816e-42,6.166812573207376e-63
आलू  में  भरपूर  मात्रा  में  फाइबर  की  मात्रा  होती  है .,2.154129884810889e-75,3.2117632288353913e-72,4.78977379804808e-94
संभव  है  कि  किसी  में  अहंकार  अधिक  हो ।,1.0100803518889358e-65,2.912297723129319e-63,1.7121944201856719e-78
वक्रोक्तिजीवित  में  वक्रोक्ति  को  ही  काव्य  की  आत्मा  माना  गया  है  जिसका  और  आचार्यों  ने  खंडन  किया  है ।,6.756658817051928e-141,1.0944065139836126e-136,2.9357565301289434e-156
- चलते  वाहनों  से  चोरी  और  चालकों  के  साथ  वारदात  के  प्रयास  ने  बढ़ाई  चिंता  शाजापुर  नईदुनिया  प्रतिनिधि) ।,3.3025121269291e-141,2.8701650189329126e-137,2.93280593322437e-156
"लेकिन  भारत  की  राजनीति  में  ज्‍ योति  बासु  के  समय  में  एक  दौर  ऐसा  भी  था , जब  कुछ  राज्यों  में  लेफ्ट  विचार  धारा  वाली  पार्टियों  का  बोलबाला  था ।",1.4902027805518014e-232,1.867804034377318e-226,1.0748049655542888e-258
ऐसे  में  मेकर्स  चाहते  हैं  कि  फिल्म  की  टीज़र  या  फर्स्ट  लुक  के  पहले  सलमान  का  कोई  भी  लुक  सामने  आकर  फिल्म  की  एक्साइटमेंट  ना  खराब  कर  दे ।,6.838928279500469e-209,1.5685237997011999e-202,5.027821844335079e-234
इस  दौरान  उम्मीदवारों  के  चयन  के  लिए  उम्र  की  सीमा  तय  करने  को  लेकर  चर्चा  हुई ।,3.016164746769961e-109,1.945010544573516e-104,1.0558325437374426e-140
खजूरबानी  पहले  जैसा  नहीं  रह  गया  है ।,9.825797217756213e-57,1.4303631067869663e-54,1.0271356638997703e-70
इसे  साल  2013 में  यूनेस्को  विश्व  विरासत  स्थल  घोषित  किया  गया  था ।,4.559544081249687e-87,1.388836674778371e-83,1.3420179959399564e-109
अगर  शरीर  में  कार्ब्स  जमा  है  तो  लिवर  किटोन  का  उत्पादन  करता  है .,2.8828703034698164e-100,6.43998549287763e-97,2.242248793250752e-117
जनपद  में  विधानसभा  चुनाव  2017 की  घोषणा  होते  ही  सियायतदां  एक - दूसरे  के  खिलाफ  बयानबाजी  करने  लगे  हैं ।,1.074753416335184e-134,1.742176073933409e-129,4.903965001238877e-164
डेंगू  संदिग्ध  महिला  का  नाम  तारा  अख्तर  49 पति  कृष्ण  कुमार  अख्तर  बताया  गया  है ।,3.790026397487688e-117,8.813767437732237e-114,6.2874111772606074e-133
आज  दस  जनपथ  पर  कांग्रेस  अध्यक्ष  सोनिया  गांधी  की  अध्यक्षता  में  पार्टी  कार्यसमिति  की  बैठक  में  राहुल  गांधी  को  कांग्रेसअध्यक्ष  बनाने  पर  मुहर  लगा  दी  गयी .,2.803970392862338e-183,2.6258076437519823e-176,1.795673497750462e-218
तैमूर  खिड़की  साफ  कर  रहा  होता  है .,4.182450904618234e-59,4.994220632750456e-57,1.0239392092092948e-70
आज  अगर  मैं  स्कूलों  में  भोजपुरी  को  पढ़ाना  चाहूं  तो  नहीं  कर  सकता  क्योंकि  वह  संविधान  की  अनुसूची  में  नहीं  है ।,1.8698935421202176e-156,1.5578766089584714e-151,1.3739360163542145e-179
भारत  ने  मैदान  पर  आते  ही  सबसे  अधिक  जोर  फिटनेस  पर  दिया ।,2.416941570989736e-95,2.3949817089625496e-92,1.3406351234512482e-109
उन्होंने  यह  साफ़  तौर  पर  कहा  था  कि  सरकार  द्वारा  इस  व्यवस्था  के  लिए  किसी  भी  प्रकार  का  कोई  अतिरिक्त  फण्ड  प्रदान  नहीं  किया  जायेगा .,7.33501537015219e-171,5.165973499407245e-164,1.07721081383519e-210
"गावस्कर  ने  ' स्पोर्ट्स  तक ' से  कहा , ' जिस  तरह  से  पाकिस्तान  और  न्यूजीलैंड  के  गेंदबाजों  ने  हमारे  बल्लेबाजों  पर  अंकुश  लगाया , उन्हें  खुलकर  नहीं  खेलने  दिया , यही  मुख्य  कारण  था  कि  भारत  आगे  नहीं  बढ़  पाया ।",0.0,0.0,0.0
अधिकांशतः  समय  की  कमी  का  बहाना  कर  लोग  शारीरिक  क्रियाकलापों  से  दूर  भागते  हैं ।,3.0855934520355444e-114,9.616703547447439e-111,3.7469031716834494e-125
नौकरशाही  के  संगठन  के  स्वरूप; प्रक्रिया  दृष्टिकोण  आदि  पर  सम्बन्धित  देश  और  काल  का  महत्वपूर्ण  प्रभाव  पड़ता  है ।,3.603737719309799e-141,5.040506492054984e-137,2.9318728176606163e-156
"मौसम  विशेषज्ञों  के  अनुसार , नवंबर  15 को  घने  कोहरे  की  उम्मीद  है ।",1.0552595277561498e-115,6.221460331415298e-113,2.864331584551129e-134
सैंपल  वाले  व्यक्तियों  को  क्वारंटीन  किया  जा  रहा  है ।,6.0479827245438906e-65,3.206179099003056e-62,2.8776920720179946e-86
इससे  लगातार  घरेलू  गैस  सिलेंडरों  की  कालाबाजारी  की  बात  भी  सामने  आ  रही  थी ।,2.3367570480815656e-99,2.33703204113723e-95,3.753108165211816e-125
परिवार  के  लोग  रोडू  के  बारे  में  थाने  में  आए  थे ।,2.483880689313099e-82,3.028825126842073e-79,8.011651970770466e-102
विरोध  को  देख  अफसरों  ने  कंटेनर  को  सील  कर  जब्त  कर  दिया  है ।,3.255347902318015e-100,4.3835332845171615e-97,2.243908077691203e-117
हाल  में  ही  फिल्म  वीरे  दी  वेडिंग’ में  करीना  कपूर  ने  अपनी  मम्मी  के  गाउन  को  री - डिजाइन  करके  पहनती  है ।,4.220571465463746e-165,9.513490181257201e-160,2.294219390841099e-187
न्यास  ने  इस  भूमि  को  मंदिर  के  निर्माण  के  उद्देश्य  से  लिया  था ।,5.115763625826302e-100,2.8956977203235033e-96,2.2407484029137404e-117
उन्‍ होंने  यह  भी  निर्णय  कर  लिया  कि  फिल्‍ म  का  निर्देशन  रंजीत  तिवारी  करेंगे ।,2.725307514254521e-114,2.3302922505314538e-110,6.267746324787717e-133
"1999 में , SRK ने  अभिनेत्री  जूही  चावला  और  निर्देशक  अज़ीज़  मिर्ज़ा  के  साथ  प्रोडक्शन  हाउस , ड्रीमज़  अनलिमिटेड  की  स्थापना  करके  एक  नई  भूमिका  में  कदम  रखा .",3.116397203493723e-252,1.5207352267324442e-247,8.199807803608561e-268
दो  बार  उन  लोगों  ने  आत्मसमर्पण  का  वादा  किया  लेकिन  फिर  पलट  गये ।,7.93968101939464e-105,1.2699225834621187e-101,2.240910270265295e-117
वे  भूल  जातीं  थीं  कि  उन्हें  तीव्रता  से  नहीं  उठना  है ।,3.719469073810706e-92,1.5545398450745e-89,8.013686184490149e-102
उन्होंने  दुकानदारों  से  मिलावटी  खाद्य  पदार्थ  की  बिक्री  न  करने  की  अपील  की ।,5.741905058443791e-93,4.052629942377142e-89,2.249333074752631e-117
पश्चिम  बंगाल  चुनावों  के  लिए  तृणमूल  कांग्रेस  ने  नया  चुनावी  नारा  ' बांग्ला  नीजेर  मेय  के  ई  चाए ' जारी  किया  है ।,3.0194340600452733e-161,7.215941105427289e-156,2.2973517273507961e-187
"अगर  आपको  अंडे  खाना  पसंद  है , तो  जरूर  इनका  सेवन  नियमित  करें , क्योंकि  अंडे  में  तमाम  पोषक  तत्व  पाए  जाते  हैं , जो  शरीर  के  लिए  आवश्यक  होते  हैं ।",6.266480228177211e-280,8.778686880941995e-275,4.908170991337161e-308
सिंधिया  को  पार्टी  चेहरा  घोषित  करती  है  तो  कांग्रेस  की  सत्ता  वापसी  तय  है ।,2.324900365408426e-110,1.1321109193008791e-106,3.7470384042083675e-125
"वहीं  से  रास्ता  खुलता  है , पुलिस  हाउसिंग  कॉलोनी  जाने  का .",2.128161245142344e-108,1.85695309803332e-106,1.0256845069070854e-118
गढ़वाल  स्पोर्टिंग  एफसी  की  ओर  से  शुभम  ने  61 वें  मिनट  में  मात्र  एक  गोल  किया ।,3.8365749758308316e-127,3.1295044792812313e-123,1.0480569401288599e-140
इस  दौरान  इनका  हाथ  में  चोट  लगी  थी ।,3.4606573219300024e-57,1.3095283703070583e-54,1.7248958315694239e-78
ढाका  बांग्लादेश  की  राजधानी  ढाका  में  ग्रामीण  विकास  मंत्री  ताज - उल  इसलाम  मंत्री  को  निशाना  बनाकर  किये  गये  बम  विस्फोट  में  दो  पुलसकर्मी  घायल  हो  गये .,4.242303453365545e-203,1.1176658628141612e-196,3.0011722613669964e-226
इस  अवसर  पर  दीपों  की  रोशनी  से  पूरे  सूर्यकुंड  परिसर  को  रोशन  किया  गया  तो  दर्शन  को  भक्तों  की  भीड़  उमड़  पड़ी ।,9.369704541663256e-158,3.088747721879244e-152,2.3094907822912465e-187
दीवारों  पर  पेंट्स  के  स्थान  पर  इस  बार  रॉयल  प्ले  के  नाम  से  प्रोडेक्ट  निकाला  गया  है  जो  मेटेलिक  व  नान  मेटेलिक  में  उपलब्ध  है ।,5.888445648512341e-192,1.8417499148026997e-186,1.0730105749635086e-210
राष्ट्रपति  की  सुरक्षा  के  लिए  15 सौ  से  अधिक  पुलिस  जवान  के  साथ - साथ  30 से  अधिक  आईपीएस  अधिकारी  तैनात  हैं ।,2.094639598786459e-159,1.579621718624271e-153,2.2945471629905128e-187
सैडलर  ने  गुरुकुल  का  खूब  गहरा  अवलोकन  करने  के  बाद  कहा  था - मातृभाषा  के  माध्यम  से  उच्च  शिक्षा  देने  के  परीक्षण  में  गुरुकुल  को  अभूतपूर्व  सफलता  प्राप्त  हुई  है ।,1.3626398268397028e-223,1.0281244104766847e-216,1.4048787023338839e-249
इसलिये  जिले  में  अपराध  कंट्रोल  करने  में  पुलिस  की  मदद  करना  पहला  कर्तव्य  है ।,2.1004173223738906e-111,9.840377579360254e-108,3.746968657094668e-125
महोत्सव  30 दिसंबर  से  12 जनवरी  तक  होगा ।,3.017581116201664e-68,7.009449127032183e-66,1.712188120348074e-78
फिल्म  इंडस्ट्री  में  सभी  सीनियर  एक्टर्स  में  वही  हैं  जो  सबसे  फिट  एंड  फाइन  हैं  और  अपनी  उम्र  से  काफी  यंग  नजर  आते  हैं .,4.608905282889606e-181,1.2305342029201655e-175,6.417431220457407e-203
डा .,1.3360448655250977e-13,1.0682012086088365e-12,4.6787514540968135e-24
जब  कोई  उनको  इसके  लिए  टोकता  था  तो  वो  ख़ुद  को  जस्टिफाई  करने  लगते  थे ।,5.075002584356885e-118,1.5390513140407103e-114,6.270914877033141e-133
इसको  1 मिनट  तक  छोड़ने  के  बाद  ठंडे  पानी  से  धो  लें ।,1.4304331408266063e-90,3.498661739481945e-87,1.339709270619583e-109
अंकशास्त्र  में  3 नंबर  बृहस्पति  का  होता  है ।,1.5432733501362707e-67,2.2233623393211247e-65,1.713685416345839e-78
इनको  अदिति  का  अवतार  भी  माना  जाता  है ।,5.9283708759105204e-61,1.7255536119520242e-58,1.7147455932663156e-78
rs . g,1.9715976402625217e-29,1.7799142088972072e-28,7.823803300161375e-32
इसका  प्रयोग  करने  के  लिए  खीरे  की  स्‍ लाइस  काट  कर  चेहरे  पर  लगा  लें  और  फिर  15 - 20 मिनट  तक  रखें ।,7.508746112123236e-169,8.55977423413988e-163,3.8373613561451086e-195
"यदि  आप  लंबी  अवधि  में  महंगाई  से  निपटना  चाहते  हैं , तो  इक्विटी  म्यूचुअल  फंड  आपके  पोर्टफोलियो  का  एक  हिस्सा  होना  चाहिए ।",2.6910236211756837e-182,1.1053718028311806e-177,2.933545776645661e-204
हम  केवल  हेकेन  आसि  मोमबत्तियों  का  इस्तेमाल  करते  हैं  वह  महत्वपूर्ण  है ।,1.976256567323747e-92,3.0487085125081986e-89,1.340336118113979e-109
जागरण  समूह  के  डायरेक्टर  संदीप  गुप्त  ने  कहा  कि  बरेली  के  रीडर्स  ने  दैनिक  जागरण  को  पहले  दिन  से  अपना  स्नेह  दिया  है  और  वह  आज  भी  बरकरार  है ।,4.069607251146496e-214,4.722011057182152e-207,8.39598286007001e-242
सुबह  भगवान  का  विधि - विधान  से  पूजा - अर्चना  करने  के  बाद  महाप्रसाद  का  भोग  लगाया  गया ।,8.724101027829357e-124,1.5168143515698997e-118,2.932245028043844e-156
बांध  के  ओवरफ्लो  से  यह  निश्चित  हो  गया  है  कि  अगले  दो  वर्षों  तक  गुजरात  में  पीने  और  सिंचाई  के  लिए  पानी  की  कोई  समस्या  नहीं  होगी ।,9.32210605081292e-190,1.9014823280510143e-182,3.0014389920267454e-226
अपने  एयरपॉड्स  प्रो  की  सर्विस  कराने  के  लिए” आप  नजदीकी  ऐप्पल  के  ऑथराइज्ड  अधिकृत) सर्विस  प्रोइवडर  के  पास  जा  सकते  हैं ।,1.4241682759953651e-158,7.425207507482833e-154,1.373529932583008e-179
"लेकिन , इसकी  लोकप्रियता  के  बावजूद , इस  तरह  के  कई  मैनीक्योर  अज्ञात  बनी  हुई  है ।",8.827271403641648e-157,2.0754052099046982e-154,1.716425099984975e-174
"जालंधर , जेएनएन ।",1.4232592573440035e-53,2.844846059626466e-53,1.6724788369092368e-56
मैं  धन  विरोधी  नहीं  हूं ।,1.250656866299567e-45,4.742920027016671e-44,3.662062429151672e-55
करीब  1.73 लाख  कैंडिडेट्स  ने  इसके  लिए  पंजीकरण  कराया  था ।,1.072149607620113e-80,5.482918613628101e-78,4.790096451168573e-94
"कृष्ण - सुदामा  से  लेकर  जय - वीरू  तक , दोस्ती  का  रिश्ता  पुरातनकाल  से  ही  सबसे  अनोखा  रिश्ता  रहा  है  और  बात  जब  सियासी  दोस्ती  की  हो  तब  तो  दोस्ती  देखते  ही  बनती  है ।",1.792705826107726e-283,1.244034165448692e-276,2.3480828449930755e-305
"इसमें  777 व्यक्ति  सर्दी - खांसी , बुखार  लक्षण  वाले  मिले ।",3.027156319397559e-110,2.5673503510888888e-108,1.02484126034933e-118
साथ  ही  फोंडा  में  बडा  आंदोलन  कर  राज्य  एवं  केंद्र  शासन  से  हात  कातरो’ खम्भे  को  संरक्षित  स्मारक  घोषित  करने  की  जोरदार  मांग  की  गई  है ।,1.6924515415243022e-187,1.762710088367979e-181,1.8010796774841428e-218
नई  दिल्ली .,8.217317061071547e-15,1.3120165481225312e-13,7.839594068567045e-32
26 सर्वोत्तम  प्रणालियों  में  १६० शब्द  प्रति  मिनट  से  अधिक  की  परिशुद्धता  को  पाया  गया  है ।,2.486387164018446e-123,1.3924110816469477e-119,1.0515549996069098e-140
फिर  मैंने  सलवार  सूट  पहन  लिया  और  फिर  मैं  किचन  में  आ  गयी . .,8.805519933680791e-111,2.847451547832929e-107,3.7482795595351537e-125
उन्होंने  ने  बताया  कि  जनपद  को  इसके  लिए  50 करोड़  का  लक्ष्य  शासन  से  निर्धारित  किया  गया  है ।,2.215987300926197e-123,2.406889570222895e-118,2.955114558361023e-156
गृह  मंत्री  ने  कहा  कि  असम  का  डिटेंशन  सेंटर  एक  निंरतर  चलने  वाली  प्रक्रिया  के  तहत  बना  है ।,1.9220100667522887e-131,8.152834941918474e-127,2.931956335731816e-156
शिकायतकर्ता  मो .,2.2673070263914263e-27,2.202927323336762e-26,7.823907718125534e-32
जो  मुस्लिम  एक  सच्चा  देश  भक्त  है  आज  तक  जो  भी  फैसला  सुप्रीम  कोर्ट  या  हाई  कोर्ट  ने  मुस्लिम  धर्म  को  सुनाये  उसे  हमारे  मुस्लिम  चाचा  भाई  सर  झुका  कर  स्वीकार  किया  फैसला  चाहे  जैसा  भी  हो  हिन्दुस्तान  में  मुस्लिम  धर्म  को  लोकतंत्र  पर  विश्वास  हैं  हिन्दुस्तान  में  एक  भी  मुस्लिम  धर्म  गुरु  अरबपति  नहीं  मिलेगा  नहीं  बलात्कारी  हिन्दू  धर्म  में  चार  बच्चा  पौदा  कर  बाबा  बना  हैं .,0.0,0.0,0.0
अब  बात  करते  हैं  मुजीब  के  प्रदर्शन  की ।,1.3395908367737388e-64,2.821334177512442e-62,1.71423621459276e-78
अमदाबाद  प्रखंड  के  उत्क्रमित  मध्यविद्यालय  झब्बू  टोला  के  समीप  गंगा  नदी  का  कटाव  आ  गया  है ।,1.4269794007329756e-124,1.0243539658893178e-120,1.0515458540492956e-140
"तब  तक  देर  न  हो  जाये , देश  में  दौलत  करने  वाले  संसाधन  व  सत्ता  में  सुस्थिरता  पैदा  करने  वाली  लोकास्था  पूरी  तरह  लुट  न  जाये , इसके  लिए  बुद्धिजीवी  वर्ग  की  कलम  व  वाणी  को  औजार  बनकर  सत्याग्रह  करने  रहना  है ।",0.0,0.0,0.0
"उद्घाटन  समारोह  में  बोलते  हुए  मुख्यमंत्री  उद्धव  ठाकरे  ने  कहा  कि , दूसरी  कोरोना  लहर  में  ऑक्सीजन  की  कमी  के  कारण  मरीज  को  कई  तरह  की  दिक्कतों  का  सामना  करना  पड़ा ।",2.6081250846368903e-221,2.4732447945107026e-213,3.0019045007824177e-274
एसपी  से  मुलाकात  करने  के  बाद  उन्होने  कलेक्टोरेट  जाकर  अपर  कलेक्टर  श्री  वैष्णव  से  मुलाकात  कर  पीड़ित  को  उचित  मुआवजा  दिए  जाने  की  मांग  की ।,2.5246480086191908e-177,6.755618159594606e-171,1.0733296055254191e-210
"हां  मैदान  में  पालतू  मवेशी  लगातार  इसका  सेवन  कर  रहे  है , जिसके  चलते  पालतू  मवेशीयो  के  बीमार  होने  की  आशंका  बनी  हुई  हैं ।",3.8159918622489916e-197,3.4176468840154205e-192,8.200986408636722e-220
इस  जीत  के  साथ  ही  वेस्टइंडीज  ने  लखनऊ  के  अटल  बिहारी  बाजपेयी  इकाना  इंटरनेशनल  स्टेडियम  पर  बुधवार  को  पहली  जीत  का  स्वाद  चखा ।,1.1518859065181405e-165,1.0555209100870434e-159,3.8610959462256185e-195
जब  कोई  यूजर  गूगल  पर  कुछ  सर्च  करता  है  तो  उससे  मिलते  जुलते  शब्दों  से  एक  ट्रेंड  बन  जाता  है  की  किस  टॉपिक  से  सम्बंधित  keywords यूजर  अधिक  सर्च  कर  रहे  है .,2.1743313457278219e-237,4.410207168937354e-230,3.9298669142382567e-265
उन्होंने  अपनी  मांगों  को  लेकर  सोमवार  को  शहर  में  लक्ष्मण  मंदिर  चैक  से  रैली  निकालने  और  इसके  बाद  मांगों  के  संदर्भ  में  जिला  कलक्टर  को  ज्ञापन  देने  की  बात  भी  कही ।,2.7668505805511365e-216,3.0389240320855664e-208,2.357270771917558e-257
वहां  उसे  रस्सी  से  खंभे  में  बांधा  और  फिर  कुल्हाड़ी  से  उसका  सिर  अलग  कर  दिया .,1.8463706348025975e-124,1.2062219486726435e-120,1.0484383665982532e-140
मास्टर  ऑफ़  रोल्स’ का  मतलब  मुख्य  न्यायाधीश  के  बाद  दूसरा  सबसे  बड़ा  न्यायाधीश  होता  है .,2.0963905662317534e-119,7.535143185725392e-116,6.26773956403138e-133
इसका  मतलब  यह  है  कि  पेमेंट  के  लिए  इसका  इस्तेमाल  नहीं  किया  जा  सकता ।,1.7891865681734197e-91,4.216207679375451e-87,3.7491662144202686e-125
एक  सप्ताह  के  अन्तराल  पर  1.0 लाख  प्रति  हे .,2.4672643887523974e-72,7.914927386760892e-70,2.867490315551142e-86
उन्होंने  रोग  उत्पन्न  करने  वाले  जीवों  को  नष्ट  करने  के  लिए  पाश्चुरीकरण( निर्जीवीकरण) प्रक्रम  को  विकसित  किया ।,4.637908970521977e-130,7.185965852730349e-126,1.7596271777100663e-148
"जांच  का  एक  अन्य  क्षेत्र  है  बिग  फ़ाइव  सिद्धांत  का  अधोगामी  विस्तार , या  बचपन  में , पांच  कारक  मॉडल .",1.6932169096697013e-195,1.2920251672291237e-192,1.339743343526531e-205
यमुना  एक्सप्रेसवे  इंडिस्ट्रयल  डेवलेपमेंट  अथॉरिटी  का  काम  चल  रहा  था ।,7.064766524215369e-74,5.0953917520812716e-71,4.7923298535860695e-94
मनसे  के  एक  वरिष्ठ  नेता  ने  राज  ठाकरे  के  नया  हिंदू  हृदय  सम्राट’ होने  का  दावा  किया .,1.4965948602337506e-129,2.989073634995637e-125,1.7528478342057017e-148
"लंबे  समय  में  वजन  कम  करने  के  लिए  Hourglass उत्कृष्ट  है , ऐसा  क्यों  है ?",2.195212774257576e-128,4.4524879803872926e-125,8.010636055481388e-150
ऐसे  में  एक  महिला  अभ्यर्थी  मूल  शैक्षिक  प्रमाण  पत्र  के  बजाय  फोटो  स्टेट  कॉपी  लेकर  पहुंची ।,1.188552724010207e-121,6.747285119633291e-118,1.049848609522744e-140
"अंजलि  गुप्ता , मेडिकल  कॉलेज  के  आचार्य  डॉ .",2.1970197870834878e-89,5.622520656207353e-88,2.1884090075772298e-95
प्रियंका  गांधी  फिलहाल  देश  से  बाहर  हैं  और  फरवरी  में  कामकाज  संभालेंगी .,2.476510398937426e-96,2.96334352111836e-93,1.3396612802602414e-109
बिहार  माध्यमिक  शिक्षक  संघ  के  मनोरंजन  कुमार  ने  इस  संबंध  में  बताया  कि  परीक्षक  की  कॉपियों  की  संख्या  भी  देखी  जा  रही  है  कि  किन  कॉपियों  की  जांच  में  उनसे  गड़बड़ी  हुई  है ।,3.5050050183416147e-233,4.396588196012615e-225,6.574130359287133e-273
चिंता  करने  से  बचें .,2.3303356292149271e-38,8.931480755808432e-37,2.1884320291103286e-47
"मुख्यमंत्री  ने  कहा  कि  कोविड - 19 पर  नियंत्रण  के  लिए  एग्रेसिव  ट्रेसिंग , टेस्टिंग  और  ट्रीटमेंट  के  साथ - साथ  तेज  टीकाकरण  की  नीति  को  उत्तर  प्रदेश  ने  बेहतर  ढंग  से  काम  किया  है ।",1.1960537000582135e-248,4.476631027536936e-240,2.35389037321997e-305
बुधवार  की  शाम  घटना  के  वक्त  वह  ट्रैक्टर  पर  सवार  था ।,9.54843361369374e-85,1.2903467559465583e-81,8.011548026001313e-102
"बाद  में  फ्रीडम  हाउस  में  उन्होंने  ट्रंप  से  कहा , ' मुझे  नहीं  लगता  कि  आपके  और  हमारे  बीच  उत्कृष्ट  व्यक्तिगत  संबंधों  के  बिना  ऐसी  अप्रत्याशित  बैठक  हो  पाती । '",1.767037441738881e-244,8.784780334137796e-239,1.7952259938104798e-266
छठ  पूजा  चार  दिवसीय  उत्सव  है ।,1.3931263467806644e-52,1.8106993298024746e-50,6.12130835773342e-63
"आरोपित  पर  हत्या , लूट , चोरी  डकैती  के  एक  दर्जन  भर  मामले  दर्ज  है ।",1.041315431230813e-145,3.443387152652616e-143,2.8637106073191877e-158
"मवेशी  में  25 बैल , 17 केड़े , जब्त  किए  गए ।",1.321120758976825e-122,3.532358753338812e-121,2.1886479333221242e-131
"बलविन्द्र  सिंह  सिद्दू , डायरेैक्टर  बागवानी  डा .",9.421167795583494e-86,8.832343922057781e-85,1.3084958116564162e-87
ओखला  से  कैनाल  में  पानी  का  डिस्चार्ज  कम  कराने  के  साथ  एकत्र  पानी  भरतपुर  फीडर  में  डायवर्ट  किया  गया ।,9.438364976636689e-149,2.3288561340963225e-144,4.908472700544574e-164
लेकिन  बारिश  और  एमएनएनआईटी  एडमिनिस्ट्रेशन  की  सख्ती  के  चलते  स्टूडेंट्स  प्रोटेस्ट  नहीं  कर  सके ।,9.018960110056164e-107,3.0189849975269235e-103,3.753603923603197e-125
DD - WRT डिफ़ॉल्ट  में  प्रवेश  करके  अपने  ब्राउज़र  के  कंट्रोल  पैनल  पर  पहुँचें  राउटर  आईपी  एड्रेस  आपके  ब्राउज़र  के  पता  बार  में ।,2.011084959159908e-185,1.140769904133662e-180,3.8358516948240255e-195
नोटिस  16 मई  को  दिया  गया ।,5.851786209854032e-51,4.257079642175907e-49,6.124209191515196e-63
जनसहयोग  और  प्रशासकीय  टीम  के  प्रयासों  से  जिला  कोरोनामुक्त  हुआ  है ।,2.1540214970873722e-91,1.1911304483069242e-88,8.015348045349503e-102
"हालांकि  बाबूलाल  गौर  से  जब  मत्रिमंडल  को  लेकर  सवाल  किया  गया , तो  उन्होंने  कुछ  भी  बोलने  से  इंकार  किया ।",1.5818490796131998e-165,4.552804615765073e-161,1.0493205219616828e-188
यहां  के  नेता  अपनी  हवा’ बनाने  के  लिए  भागे - भागे  फिरते  हैं ।,1.1227488771232114e-103,1.3738811716483743e-100,2.242532846323954e-117
महिला  की  तहरीर  के  आधार  पर  आरोपी  यात्री  को  गिरफ्तार  कर  लिया  गया ।,5.586998807252027e-84,6.416243504126564e-80,2.2416869264958838e-117
पीयूष  ने  जो  मुकाम  पाया  है  वो  इसलिए  भी  तारीफ  के  काबिल  है  क्‍ योंकि  यह  संघर्षों  से  मिला  है ।,3.3848303095329616e-153,1.6897386562593384e-148,8.201116233860281e-172
अशोकनगर .,8.1967577748402e-18,6.457037259847903e-17,4.6780714509098234e-24
पूर्व  निर्धारित  कार्यक्रम  के  तहत  शुक्रवार  को  तहसील  परिसर  में  बार  एसोसिएशन  के  नवनिर्वाचित  पदाधिकारियों  के  शपथ  ग्रहण  समारोह  का  आयोजन  किया  गया ।,2.3286839259369267e-149,1.466399232481082e-142,3.842655142986459e-195
सद्गुरु  स्वामीगल  ने  देवभूमि  उत्तराखंड  को  और  विशेष  रूप  से  तीर्थनगरी  ऋषिकेश  के  अनुभवों  को  बेहद  दिव्य  एवं  अनुपम  बताया ।,4.89733844344721e-161,7.544863338488624e-157,8.199759942636663e-172
टीकमगढ़ ।,9.640225305348385e-18,7.621093275983146e-17,4.678063783578152e-24
यह  ध्यान  रखने  की  बात  है  कि  रेलवे  द्वारा  हमेशा  यात्री  परिचालन  को  सस्ता  बनाए  रखा  गया  है ।,4.551410147850886e-126,3.341599429969258e-121,2.949483775348999e-156
"हिमपात  से  लेकर  रेतीली  आँधी  में  पानी  का  काम , तालाबों  का  काम  करने  वाले  गजधरों  का  कितना  बड़ा  संगठन  खड़ा  किया  गया  होगा ।",1.1553129205461448e-205,3.4179189963620924e-201,8.199823985755885e-220
