Sentence,Add-One,Add-K,Token-Type
उसे  तत्काल  ट्रेन  के  शौचालय  में  बंद  कर  दिया  गया  और  रायगंज  स्टेशन  पर  उसे  उतार  कर  सीधे  अपने  घर  ले  गई ।,1.0000000000000227e-288,1.0000000000000227e-288,1.0000000000000227e-288
ऐसे  ही  एक  कार्यक्रम  का  एक  वीडियो  सोशल  मीडिया  में  सामने  आया  है ।,1.0000000000000141e-180,1.0000000000000141e-180,1.0000000000000141e-180
आरबीजीडी  की  टीम  ने  टास  जीत  कर  पहले  खेलते  हुए  निर्धारित  20 ओवर  में  174 रन  का  लक्ष्य  रखा ।,1.0000000000000199e-252,1.0000000000000199e-252,1.0000000000000199e-252
इससे  आम  आदमी  की  गाढ़ी  कमाई  को  फर्जी  और  योग्य  कंपनियों  के  नाम  पर  लुटाया  जा  रहा  है ।,1.000000000000019e-240,1.000000000000019e-240,1.000000000000019e-240
विधि  शिक्षा  एवं  विधि  सहायता  केन्द्र  सेंटर  ऑफ  लीगल  एजुकेशन  एण्ड  लीगल  एड  क्लिनिक  द्वारा  विधिक  जागरूकता  में  प्रेस - मीडिया  की  भूमिका  पर  विचार  विमर्श  करने  के  लिए  एक  दिवसीय  कार्यशाला  का  आयोजन  किया  गया ।,0.0,0.0,0.0
गैंजेज  क्लब  में  मना  जश्न  गैंजेज  क्लब  में  लोहड़ी  सेलेब्रेशन  एंड  म्यूजिकल  नाइट  का  आयोजन  किया  गया ।,1.000000000000018e-228,1.000000000000018e-228,1.000000000000018e-228
बबीता  खोसला  तथा  डा .,1.0000000000000057e-72,1.0000000000000057e-72,1.0000000000000057e-72
सीएम  उद्धव  ठाकरे  ने  कहा  कि  15 दिन  तक  केवल  जरूरी  सेवाएं  जारी  रहेंगी ।,1.000000000000015e-192,1.000000000000015e-192,1.000000000000015e-192
"जो  मरीज  होश  में  दिखे , आसपास  का  हाल  देखकर  उनके  होश  उडे  हुए  हैं ।",1.0000000000000161e-204,1.0000000000000161e-204,1.0000000000000161e-204
"रायपुर , ब्यूरो  छत्तीसगढ़) ।",1.0000000000000057e-72,1.0000000000000057e-72,1.0000000000000057e-72
आयुसीमा  न्यूनतम  21 और  अधिकतम  30 वर्ष ।,1.0000000000000085e-108,1.0000000000000085e-108,1.0000000000000085e-108
"पूर्ण  मैराथन  के  विजेताओं  को  दो - दो  लाख  रुपए , दूसरे  स्थान  को  एक  एक  लाख  रुपए  और  तीसरे  स्थान  को  50 - 50 हजार  रुपए  की  पुरस्कार  राशि  दी  जाएगी ।",0.0,0.0,0.0
वशिष्ठ  नारायण  सिंह  बचपन  से  ही  होनहार  व  विलक्षण  प्रतिभा  के  धनी  थे ।,1.0000000000000141e-180,1.0000000000000141e-180,1.0000000000000141e-180
यूट्यूब  पर  वीडियो  अगस्त  2019 से  मौजूद  है ।,1.0000000000000094e-120,1.0000000000000094e-120,1.0000000000000094e-120
"कार्यवाही  खत्म  होने  के  बाद  बाहर  जाते  समय  आसाराम  ने  कॉन्सटेबल  से  कहा  कि  ' खाएंगे , पिएंगे  और  जेल  में  मौज  करेंगे . '",1e-312,1e-312,1e-312
इसके  बाद  उन्हें  तत्काल  नजदीक  के  एक  अस्पताल  में  ले  जाया  गया ।,1.0000000000000132e-168,1.0000000000000132e-168,1.0000000000000132e-168
वीडियो  में  प्रत्याशी  विरोधियों  और  पुलिस  को  धमकाते  हुए  दिखाई  पड़  रहे  हैं ।,1.0000000000000141e-180,1.0000000000000141e-180,1.0000000000000141e-180
निकटतम  प्रतिद्वंद्वी  की  पार्टी  सीपीआई - एम  थी .,1.0000000000000094e-120,1.0000000000000094e-120,1.0000000000000094e-120
व्रत  वाले  श्रद्धालुओं  के  लिए  फलाहार  व  अन्य  भक्तों  के  लिए  भंडारे  का  आयोजन  भी  किया  गया  है ।,1.000000000000019e-240,1.000000000000019e-240,1.000000000000019e-240
इसके  अलावा  इसमें  राइड  मोड  भी  दिया  गया  है ।,1.0000000000000105e-132,1.0000000000000105e-132,1.0000000000000105e-132
"इससे  पहले  सिर्फ  Continue reading जिंदगी  वापस  लौटी  पटरी  पर , जानिए  कैसे  मिलेगा  टिकट  और  क्या  होगा  किराया” पूर्व  प्रधानमंत्री  डॉ .",1.0000000000000227e-288,1.0000000000000227e-288,1.0000000000000227e-288
मौनी  की  ड्रेसेज  फैंस  को  खूब  पसंद  आती  हैं  और  जब  भी  मौनी  ऐसी  ड्रेसेज  पहनकर  सोशल  मीडिया  में  अपनी  फोटो  पोस्ट  करती  हैं  तो  लाइक्स  और  कमेंट्स  की  झड़ी  लग  जाती  है ।,0.0,0.0,0.0
बताया  कि  पाइल्स  के  80 फीसदी  मामलों  में  सर्जरी  की  जरूरत  नहीं  होती ।,1.0000000000000141e-180,1.0000000000000141e-180,1.0000000000000141e-180
जिसमें  उसने  खुद  को  और  बेटे  को  सचिन  बंसल  से  खतरा  बताया  है ।,1.0000000000000141e-180,1.0000000000000141e-180,1.0000000000000141e-180
ऐसे  में  सवाल  उठता  है  कि  एक  थाने  में  राधे  मां  के  प्रति  इतनी  श्रद्धा  कहां  तक  उचित  है ?,1.0000000000000199e-252,1.0000000000000199e-252,1.0000000000000199e-252
कार  के  कांच  बंद  थे  ड्रायविंग  सीट  पर  बैठी  शेहला  को  गले  के  बीचोंबीच  गोली  मारी  गई  और  वह  बाहर  निकलने  के  बजाए  उसकी  गर्दन  में  बाएं  हिस्से  में  धंसकर  रह  गई ।,0.0,0.0,0.0
भदोही .,1.0000000000000028e-36,1.0000000000000028e-36,1.0000000000000028e-36
"उन्होंने  कहा  कि  हमारी  भी  अभिलाषा  थी  कि  प्रदेश  में  चौमुखी  विकास  हो , लेकिन  15 महीने  में  कमलनाथ  और  दिग्विजयसिंह  ने  वल्लभ  भवन  को  भ्रष्टाचार  का  अड्डा  बना  डाला ।",0.0,0.0,0.0
शौचालय  का  लाभ  आधे  परिवारों  को  मिल  सका  है ।,1.0000000000000105e-132,1.0000000000000105e-132,1.0000000000000105e-132
मंगलवार  को  पटना  में  सुबह - सुबह  र  बिहार  विधानसभा  चुनाव  में  दूसरे  चरण  के  लिए  वोट  डाले  जा  रहे  हैं .,1.0000000000000217e-276,1.0000000000000217e-276,1.0000000000000217e-276
एयरपोर्ट  पर  एक  कार  उनका  इंतज़ार  कर  रही  थी  जिसमे  बैठ  कर  वो  सीधा  मेघन  के  घर  पहुंचे ।,1.000000000000019e-240,1.000000000000019e-240,1.000000000000019e-240
रुफिल  ने  खरीद  से  लेकर  प्रसंस्करण  तक  की  प्रक्रिया  में  कड़े  गुणवत्ता  मानकों  और  जांचों  को  लागू  किया  है ।,1.0000000000000199e-252,1.0000000000000199e-252,1.0000000000000199e-252
🔊 पूरी  खबर  सुने  हरदोई ।,1.0000000000000067e-84,1.0000000000000067e-84,1.0000000000000067e-84
"हर  वेबसाइट  में  बिल  का  भुगतान  होता  है  शायद  सबसे  अधिक  सामुदायिक - केंद्रित  मंच  है , रेडिट  विज्ञापनों  के  बारे  में  हमेशा  खुला  और  ईमानदार  रहा  है , और  इंस्टाग्राम  या  फेसबुक  की  तुलना  में  पैसे  से  कम  संचालित  होता  है ।",0.0,0.0,0.0
किसी  घटना  की  सूचना  देने  के  लिए  आपको  को  पहले  लोगो  report an incident पर  क्लिक  करना  है ।,1.000000000000019e-240,1.000000000000019e-240,1.000000000000019e-240
"सड़क  परिवहन , राजमार्ग  और  एमएसएमई  मंत्री  ने  आगे  कहा  कि  अगर  कंपनियां  इस  पर  अंकुश  लगाने  में  विफल  रहीं  तो  सरकार  को  नीतियों  में  बदलाव  करना  होगा  और  परियोजनाओं  में  वैकल्पिक  प्रौद्योगिकियों  को  बढ़ावा  देना  होगा ।",0.0,0.0,0.0
"भारत  में  इस  वक्त  11 राज्यों  के  बीच  जल  को  लेकर  आपस  में  विवाद  जारी  हैं , मसलन  कर्नाटक  और  तमिलनाडु  के  बीच  कावेरी  जल  विवाद ।",0.0,0.0,0.0
"अभिनेत्री  ने  फिल्म  का  हिस्सा  बनने  पर  खुशी  जाहिर  करते  हुए  कहा , यह  पसीना  निकालने  वाली  भूमिका  होगी ।",1.0000000000000199e-252,1.0000000000000199e-252,1.0000000000000199e-252
यह  सवाल  इसलिए  भी  जरूरी  है  कि  अगले  लोकसभा  के  चुनाव  के  तत्काल  बाद  प्रधानमंत्री  मोदी  के  सामने  अपने  ही  बनाए  75 वर्ष  की  उम्रसीमा  के  नियम  का  पालन  करने  की  चुनौती  होगी ।,0.0,0.0,0.0
नतीजतन  गुणवत्ता  में  गिरावट  आती  है  और  किसानों  को  आमदनी  का  नुकसान  उठाना  पड़ता  है ।,1.0000000000000161e-204,1.0000000000000161e-204,1.0000000000000161e-204
अवश्य  चाहते  हैं .,1.0000000000000048e-60,1.0000000000000048e-60,1.0000000000000048e-60
हिमेश  हर  वक्त  एक्टिंग  को  लेकर  टिप्स  देते  रहते  हैं ।,1.0000000000000113e-144,1.0000000000000113e-144,1.0000000000000113e-144
वर्तमान  समय  में  लोग  अपनी  डाइट  को  लेकर  बेहद  सजग  हो  गए  हैं ।,1.0000000000000141e-180,1.0000000000000141e-180,1.0000000000000141e-180
किडनी  की  क्षमता  को  बढाकर  मूत्राप्रवृति  को  नियमित  करना  अत्यंत  आवश्यक  होता  है ।,1.0000000000000141e-180,1.0000000000000141e-180,1.0000000000000141e-180
गिरफ्तार  आरोपियों  से  पूछताछ  की  जा  रही  है ।,1.0000000000000094e-120,1.0000000000000094e-120,1.0000000000000094e-120
महानगर  उपाध्यक्ष  सौरव  पोरवाल  ने  कहा  कि  हमारे  प्रदेश  अध्यक्ष  अजय  कुमार  लल्लू  को  सेवा  के  कारण  ही  प्रदेश  सरकार  ने  जेल  में  डालने  का  काम  किया  है  लेकिन  कांग्रेस  फर्जी  मुकदमे  लगाने  के  बावजूद  गरीब  मजदूरों  की  सेवा  को  जारी  रखेगी ।,0.0,0.0,0.0
"उन्होंने  बताया  कि  जिस  प्रकार  लॉकडाउन  से  पहले  पूरी  क्षमता  के  साथ  बसों  का  संचालन  किया  जा  रहा  था , 20 अगस्त  2020 से  उसी  प्रकार  किया  जा  सकता  है ।",0.0,0.0,0.0
शाह  ने  पुलवामा  हमले  पर  पाकिस्तानी  प्रधानमंत्री  की  चुप्पी  पर  सवाल  उठाया ।,1.0000000000000132e-168,1.0000000000000132e-168,1.0000000000000132e-168
"गणितीय  विज्ञान  संस्थान  में  अनुसंधान  टीम  का  नेतृत्व  करने  वाले  सीताभ्र  सिन्हा  ने  कहा , एक  विश्वसनीय  अनुमान  पाने  के  लिए  भारत  के  उपचाराधीन  मरीजों  की  संपूर्ण  संख्या  में  काफी  उतार - चढ़ाव  हो  रहा  है , लेकिन  आंकड़े  एक  करीब  मान  वैल्यू) रहने  की  ओर  इशारा  कर  रहे  हैं .",0.0,0.0,0.0
इससे  अनुमान  लगाया  जा  सकता  है  कि  इस  बार  त्योहारी  सीजन  के  चलते  निगम  ने  लाखों  रुपए  कमाए  हैं ।,1.0000000000000199e-252,1.0000000000000199e-252,1.0000000000000199e-252
हालांकि  कई  इलाकों  में  पुलिस  की  गश्ती  गाड़ी  को  देखते  ही  दुकानदार  स्वयं  से  दुकानें  बंद  करने  लगे  थे ।,1.0000000000000199e-252,1.0000000000000199e-252,1.0000000000000199e-252
धमतरी ।,1.0000000000000028e-36,1.0000000000000028e-36,1.0000000000000028e-36
इलाज  के  दौरान  उनका  आज  निधन  हो  गया  है .,1.0000000000000105e-132,1.0000000000000105e-132,1.0000000000000105e-132
उनके  मुवक्किल  का  नाम  किसी  डिसक्लोजर  स्टेटमेंट  में  भी  नहीं  है  और  न  ही  किसी  सह  आरोपी  ने  अपने  बयान  में  उनका  नाम  लिया  है ।,0.0,0.0,0.0
"दो  साल  में  हुई  कम  बारिश  में  जब  शहर  के  अलग - अलग  हिस्सों  में  भूजल  गिरने  से  जलसंकट  पैदा  हुआ , तो  लोगों  को  पानी  की  कीमत  समझ  में  आई ।",0.0,0.0,0.0
उसके  बाद  उसे  फिर  से  वार्ड  में  भर्ती  कर  दिया  गया  है .,1.0000000000000132e-168,1.0000000000000132e-168,1.0000000000000132e-168
उनका  कहना  है  कि  वह  इस  बार  भी  जनता  की  उम्मीदों  पर  खड़े  उतरेंगे ।,1.000000000000015e-192,1.000000000000015e-192,1.000000000000015e-192
डीएम  ने  जांच  के  लिए  जिला  भूमि  संरक्षण  अधिकारी  को  नामित  करते  हुए  रिपोर्ट  मांगी  थी ।,1.0000000000000171e-216,1.0000000000000171e-216,1.0000000000000171e-216
अंतरिक्ष  यात्रा  के  साथ  आबाद  या  मानव  रहित  अंतरिक्ष  स्टेशन  भी  बारीकी  से  जुड़े  हैं ।,1.0000000000000161e-204,1.0000000000000161e-204,1.0000000000000161e-204
दो  महीने  के  अंदर  चाचा - भतीजे  की  हत्या  से  कई  सवाल  खड़े  हो  गए  हैं .,1.0000000000000171e-216,1.0000000000000171e-216,1.0000000000000171e-216
खर्चों  में  अप्रत्याशित  बढ़ोत्तरी  आपके  मन  की  शांति  को  भंग  करेगी ।,1.0000000000000123e-156,1.0000000000000123e-156,1.0000000000000123e-156
इसी  के  तहत  लोकसभा  में  विपक्ष  की  सबसे  बड़ी  पार्टी  कांग्रेस  ने  13 मार्च  को  ' डिनर  डिप्लोमेसी ' के  तहत  तमाम  दलों  के  मुखियाओं  को  रात  के  खाने  के  लिए  बुलाया  था .,0.0,0.0,0.0
"निवेश , कोई  भी  व्यक्ति  इस  व्यवसाय  को  शुरू  कर  सकता  है , यहां  तक  कि  घर - आधारित  मसाला  बनाने  का  व्यवसाय  लाभदायक  है ।",0.0,0.0,0.0
"संवाद  सहयोगी , रूपनगर  रयात  बाहरा  यूनिवर्सिटी  के  वाइस  चांसलर  डा .",1.0000000000000123e-156,1.0000000000000123e-156,1.0000000000000123e-156
उनके  पति  इंडियन  आर्मी  के  साथ  पोर्टर  का  काम  करते  थे ।,1.0000000000000123e-156,1.0000000000000123e-156,1.0000000000000123e-156
एक  घंटे  की  मशक्कत  के  बाद  दमकल  जवानों  ने  आग  पर  काबू  पाया ।,1.0000000000000141e-180,1.0000000000000141e-180,1.0000000000000141e-180
बता  दे  की  इन्होने  फिल्म  निर्माता  महेश  भट्ट  से  शादी  की  थी ।,1.0000000000000132e-168,1.0000000000000132e-168,1.0000000000000132e-168
"गुजरात  से  रिटायर  होने  वाले  चार  राज्यसभा  सदस्य  हैं - कनिभाई  गोहिल , मधुसूदन  मिस्त्री , महंत  शंभुप्रसाद  टुंडिया  और  लाल  सिंह  वड़ोदिया ।",1.0000000000000237e-300,1.0000000000000237e-300,1.0000000000000237e-300
जब  हमने  पूछा  कि  क्या  राष्ट्रीय  स्वयंसेवक  संघ  की  बैठक  की  वजह  से  यह  सुरक्षा  घेरा  बनाया  गया  है ?,1.0000000000000199e-252,1.0000000000000199e-252,1.0000000000000199e-252
शौकत  खानुम  मेमोरियल  कैंसर  हॉस्पिटल  एंड  रिसर्च  सेंटर  प्रोजेक्ट  के  लिए  धन  जुटाने  में  मदद  करने  और  अपना  समय  देने  के  लिए  उनकी  उदारता  को  कभी  नहीं  भूल  सकते .,0.0,0.0,0.0
"उद्योग  संगठन  ने  इस  बारे  में  उपभोक्ता  मामलों  के  मंत्री  पीयूष  गोयल  को  पत्र  लिखकर  कहा  है  कि  बीआईएस  ने  अपनी  वेबसाइट  पर  जो  एफएक्यू  जारी  किया  है , उसमें  काफी  पेंच  है  और  अस्पष्टता  है ।",0.0,0.0,0.0
इस  बदलते  मौसम  में  सावधान  रहने  की  जरूरत  है ।,1.0000000000000105e-132,1.0000000000000105e-132,1.0000000000000105e-132
छत्तीसगढ़  प्रगतिशील  यादव  महासंघ  के  अध्यक्ष  राममणि  यादव  ने  बताया  कि  रामप्रसाद  यादव  रायपुर  अखबार  जगत  के  सच्चे  प्रहरी  थे ।,1.000000000000021e-264,1.000000000000021e-264,1.000000000000021e-264
"आज  तक  संक्रमित  रोगियों  की  संख्या  1 , 82 , 552 तक  पहुंच  गई  है ।",1.0000000000000161e-204,1.0000000000000161e-204,1.0000000000000161e-204
"देर  रात  होने  पर  उसने  मां  को  फोन  किया , लेकिन  उसने  कॉल  नहीं  उठाई ।",1.0000000000000161e-204,1.0000000000000161e-204,1.0000000000000161e-204
एक  सरकारी  अधिकारी  ने  कहा  कि  संबंधित  जिलों  के  अधिकारियों  को  स्थिति  पर  नजर  रखने  और  आपात  स्थिति  से  निपटने  के  लिए  कार्य  योजना  तैयार  करने  को  कहा  गया  है ।,0.0,0.0,0.0
with Indian CRPF . . A,1.0000000000000067e-84,1.0000000000000067e-84,1.0000000000000067e-84
मुझे  पता  होता  तो  मैं  पुलिसवालों  की  हत्या  नहीं  होने  देती ।,1.0000000000000123e-156,1.0000000000000123e-156,1.0000000000000123e-156
खानपान  की  सभी  चीजों  पर  इन  दिनों  काफी  महंगाई  है ।,1.0000000000000113e-144,1.0000000000000113e-144,1.0000000000000113e-144
वहां  उसने  आलू  की  टिक्की  का  खोमचा  सजा  लिया .,1.0000000000000105e-132,1.0000000000000105e-132,1.0000000000000105e-132
पाकिस्तान  के  सभी  ऐतिहासिक  गुरुद्वारा  साहिबान  में  श्री  गुरु  नानक  देव  के  550 वें  प्रकाश  पर्व  के  कार्यक्रम  के  आयोजनों  की  रूपरेखा  तय  करने  के  लिए  पाकिस्तान  सिख  गुरुद्वारा  प्रबंधक  कमेटी  के  अध्यक्ष  जसवंत  सिंह  की  अगुवाई  में  एक  बैठक  का  आयोजन  किया  गया ।,0.0,0.0,0.0
उन्हें  पहले  अपना  घर  ठीक  करना  चाहिए .,1.0000000000000085e-108,1.0000000000000085e-108,1.0000000000000085e-108
उल्लेखनीय  है  कि  ग्रामीणों  की  आपत्ति  के  बावजूद  वन  अधिकारियों  ने  सोमवार  को  बोलेपल्ली  के  पास  जमीन  के  एक  टुकड़े  में  पौधे  रोपे ।,1.0000000000000237e-300,1.0000000000000237e-300,1.0000000000000237e-300
मुख्यालय  अब  ऑनलाइन  ही  यह  तय  करेगा  कि  छात्र - शिक्षक  अनुपात  में  किस  स्कूल  में  शिक्षक  कम  हैं  या  कहां  पद  बढ़ाना  होगा ।,1e-312,1e-312,1e-312
लोक  उत्सव  के  रूप  में  मनाए  जाने  वाले  मैसूरु  दशहरा  महोत्सव  का  इस  साल  भी  विराट  आयोजन  नहीं  होगा ।,1.0000000000000199e-252,1.0000000000000199e-252,1.0000000000000199e-252
कफील  खान  पर  भड़काऊ  भाषण  देने  के  आरोप  में  मामला  दर्ज  किया  गया  था .,1.000000000000015e-192,1.000000000000015e-192,1.000000000000015e-192
"इंदौर  समाचार  डेस्क: मध्य  प्रदेश  के  इंदौर  और  धार  जिले  के  औद्योगिक  क्षेत्र  पीथमपुर  से  मंगलवार  को  236 किलोग्राम  ड्रग , एफ्रेडीन  बरामद  की  गई .",0.0,0.0,0.0
दूरसंचार  मंत्री  रवि  शंकर  प्रसाद  ने  आज  कहा  कि  देश  में  टेलीफोन  कनेक्शनों  की  संख्या  एक  अरब  के  आंकड़ें  को  पार  कर  गयी  है  जिसमें  मोबाइल  फोन  कनेक्शन  करीब  97.8 करोड़  है ।,0.0,0.0,0.0
"इसके  साथ  ही  सहायक  सम्भागीय  परिवहन  अधिकारी  को  निर्देश  दिए  कि  यातायात  के  नियमों  में  ध्यान  रखे  जाने  वाली  बातों  की  एक  चैक  लिस्ट  सभी  टैक्सी  यूनियन , कार्यालय  व  विद्यालयों  को  भेजी  जाए  ताकि  सड़क  दुर्घटनाएं  कम  हो  सके ।",0.0,0.0,0.0
अब  दीपक  चौरसिया  के  चेहरे  पर  हवाइयां  उड़  रही  थीं ।,1.0000000000000113e-144,1.0000000000000113e-144,1.0000000000000113e-144
कार्यक्रम  को  सम्बोधित  करते  हुए  राजभर  ने  कहा  कि  शासन  की  मंशा  है  कि  प्रदेश  का  हर  बच्चा  स्कूल  जाये  और  कोई  भी  बच्चा  शिक्षा  से  वंचित  न  रहे ।,0.0,0.0,0.0
प्रशासनिक  अधिकारी  आवास  से  बाहर  नहीं  निकले ।,1.0000000000000085e-108,1.0000000000000085e-108,1.0000000000000085e-108
ov . i,1.0000000000000038e-48,1.0000000000000038e-48,1.0000000000000038e-48
"खट्टर  ने  कहा , यह  कड़वी  सच्चाई  है .",1.0000000000000094e-120,1.0000000000000094e-120,1.0000000000000094e-120
जब  उन्हें  पता  चला  कि  24 घंटे  बाद  भी  पुलिस  मामला  दर्ज  नहीं  कर  रही  है  तो  वे  भी  हैरान  हो  गए .,1.0000000000000227e-288,1.0000000000000227e-288,1.0000000000000227e-288
इस  दौरान  माधोपाली  के  अन्य  किसान  तथा  आसपास  गांव  के  किसान  सम्मिलित  हुए ।,1.0000000000000141e-180,1.0000000000000141e-180,1.0000000000000141e-180
मुजफ्फरपुर  स्मार्ट  सिटी  के  पीडीएमसी  एजेंसी  श्रेया  ने  उसके  कामकाज  पर  विभाग  की  कड़ी  आपत्ति  के  बाद  अपने  टीम  लीडर  सुशील  भारद्वाज  को  हटाया  दिया  गया ।,0.0,0.0,0.0
डीसीएम  में  सवार  सभी  श्रमिकों  को  उतारकर  रोडवेज  बस  से  अमृतपुर  क्वारंटीन  सेंटर  भेजा  गया .,1.0000000000000161e-204,1.0000000000000161e-204,1.0000000000000161e-204
वहां  किशोरी  ने  समिति  के  अधिकारियों  को  घटना  के  बारे  में  बताया ।,1.0000000000000132e-168,1.0000000000000132e-168,1.0000000000000132e-168
"न्यूज़  ऑर  सबसे  लंबे  समय  तक  चलने  वाला  समाचार  विश्लेषण  है , इतना  लम्बा  समाचार  विश्लेषण  किसी  भी  और  चैनल  में  नहीं  दिखाया  जाता  था  १९९८ - २००३ ।",0.0,0.0,0.0
पिछली  वर्ष  भारत  117 देश  की  इस  लिस्ट  में  102 वें  स्थान  पर  मौजूद  था .,1.0000000000000161e-204,1.0000000000000161e-204,1.0000000000000161e-204
वह  अपनी  रेंज  में  रहकर  काम  करते  हैं  और  अरसे  बाद  ठीक  लगते  हैं ।,1.000000000000015e-192,1.000000000000015e-192,1.000000000000015e-192
स) ता .,1.0000000000000038e-48,1.0000000000000038e-48,1.0000000000000038e-48
पर  इस  साल  फरवरी  आते - आते  देश  में  जांचे  इतनी  घट  गईं  कि  हर  दिन  छह  से  आठ  लाख  नमूनों  की  ही  जांच  हो  रही  है ।,0.0,0.0,0.0
वर्ष  2018 - 19 तथा  2019 - 20 में  भारत  को  यूनाइटेड  किंगडम  से  क्रमश: 9.4 अरब  डॉलर  और  10 अरब  डॉलर  की  राशि  बतौर  प्रत्यक्ष  विदेशी  निवेश  हासिल  हुई ।,0.0,0.0,0.0
कांग्रेस  नेता  राहुल  गांधी  ने  प्रधानमंत्री  नरेंद्र  मोदी  को  चुनौती  देते  हुए  कहा  कि  वे  किसी  भी  यूनिवर्सिटी  में  जाकर  युवाओं  के  सवालों  के  जवाब  दे  दें .,0.0,0.0,0.0
पता  चला  कि  वादिनी  या  उसके  परिवार  के  किसी  भी  सदस्य  ने  कोई  हलफनामा  नहीं  दिया ।,1.0000000000000171e-216,1.0000000000000171e-216,1.0000000000000171e-216
शिक्षक  दिवस  पर  प्रयागराज  के  कुछ  विद्यालयों  के  उत्कृष्ट  सेवाएं  देने  वाले  शिक्षकों  को  रोटरी  प्लैटिनम  ने  सम्मानित  किया ।,1.0000000000000199e-252,1.0000000000000199e-252,1.0000000000000199e-252
"बहरहाल , वर्ल्ड  कप  सेमीफाइनल  में  भारत  की  हार  के  बाद  सूरज  तो  हर  दिन  निकलता  रहेगा  लेकिन  कोहली , धोनी  और  शास्त्री  की  तिकड़ी  अगले  आईसीसी  इवेंट  में  एक  साथ  ड्रेसिंग  रूम  में  नजर  नहीं  आएगी - अगला  आईसीसी  वर्ल्ड  टी - 20 अगले  साल  अक्टूबर - नवंबर  में  ऑस्ट्रेलिया  में  होना  है .",0.0,0.0,0.0
इसी  रकम  में  भव्य  समापन  समारोह  के  साथ  सभी  जोन  के  प्रतिभागियों  को  पुरस्कृत  करने  के  साथ  प्रशस्ति  पत्र  भी  देना  होता  है ।,1.0000000000000237e-300,1.0000000000000237e-300,1.0000000000000237e-300
बरेली .,1.0000000000000028e-36,1.0000000000000028e-36,1.0000000000000028e-36
लखनऊ  व्यापार  मंडल  के  वरिष्ठ  महामंत्री  अमरनाथ  मिश्रा  ने  बताया  कि  शुक्रवार  से  75 फीसदी  बाजारों  में  दोनों  तरफ  की  दुकानें  खुल  जाएंगी ।,1.0000000000000237e-300,1.0000000000000237e-300,1.0000000000000237e-300
यह  घटना  साल  2014 की  है  जब  उनकी  बीएमडब्ल्यू  कार  का  नवी  मुंबई  के  खारघर  इलाके  में  एक्सीडेंट  हो  गया ।,1.000000000000021e-264,1.000000000000021e-264,1.000000000000021e-264
इसी  प्रकार  जायोनी  सैनिकों  ने  राहतकर्मी  दल  को  भी  उस  क्षेत्र  में  जाने  की  अनुमति  नहीं  दी  और  अंततः  यह  बच्ची  गम्भीर  रूप  से  घायल  होने  के  कारण  शहीद  हो  गयी ।,0.0,0.0,0.0
3 .,1.0000000000000028e-36,1.0000000000000028e-36,1.0000000000000028e-36
"इसके  अंतर्गत  बूथ , मंडल , जिले  और  प्रदेश  स्तर  पर  सम्मेलन  आयोजित  किए  जाएंगे ।",1.0000000000000161e-204,1.0000000000000161e-204,1.0000000000000161e-204
इसके  बाद  स्टीव  ओ  कीफ  ने  उमेश  यादव  04 को  आउट  कर  भारतीय  पारी  को  समेट  दिया ।,1.000000000000018e-228,1.000000000000018e-228,1.000000000000018e-228
इसके  बाद  राष्ट्रीय  स्वयंसेव  संघ  की  भिवंडी  इकाई  के  सचिव  ने  राहुल  गांधी  पर  आरोप  लगाया  था  कि  उन्होंने  सोनाले  में  6 मार्च  2014 को  एक  रैली  में  कहा  था  कि  राष्ट्रीय  स्वयंसेवक  संघ  ने  गांधी  जी  की  हत्या  की ।,0.0,0.0,0.0
"देश  में  अबतक  कोरोनावायकस  के  126 पॉजिटिव  मामले  दर्ज  हुए  हैं , जबकि  3 की  मौत  हुई  है ।",1.000000000000019e-240,1.000000000000019e-240,1.000000000000019e-240
स्कैंडिनेवियाई  देशो  में  यह  इस  साल  भी  अपनी  टॉप  1 में  जगह  पाने  में  सफल  रहा ।,1.0000000000000171e-216,1.0000000000000171e-216,1.0000000000000171e-216
"कंपनी  न्यूट्रीशन  की  लागत  बढ़ाने  के  लिए  जो  न्यूट्रीशन  गाज़ियाबाद  में  तैयार  होता  है  उसे  सोनभद्र  भेजा  जाता  है , जो  महराजगंज  में  तैयार  होता  है  उसे  गाज़ियाबाद  भेजा  जाता  है .",0.0,0.0,0.0
"मां  को  तुरंत  अस्पताल  ले  गया , लेकिन  उनकी  मौत  हो  गई ।",1.0000000000000132e-168,1.0000000000000132e-168,1.0000000000000132e-168
वहां  मौजूद  लोगों  ने  आजादी  के  हक  में  नारे  बुलंद  किए ।,1.0000000000000123e-156,1.0000000000000123e-156,1.0000000000000123e-156
बेगूसराय  में  बेगूसराय  पुलिस  को  गुप्त  सूचना  एवं  मोबाइल  सर्विलांस  के  आधार  पर  एक  बड़ी  सफलता  हाथ  लगी  है ।,1.0000000000000199e-252,1.0000000000000199e-252,1.0000000000000199e-252
"पुराने  भवन  की  लाइन  पुरानी  है , इसे  बदलने  के  लिए  प्रयास  जारी  हैं ।",1.000000000000015e-192,1.000000000000015e-192,1.000000000000015e-192
"मुख्य  चुनाव  आयुक्त  सुनील  अरोड़ा  ने  चुनाव  तारीखों  का  ऐलान  करते  हुए  कहा  था  कि  बिहार  विधानसभा  चुनाव  की  तरह  बंगाल , असम , केरल , तमिलनाडु  और  पुडुचेरी  में  भी  मतदान  के  लिए  1 घंटा  अधिक  मिलेगा ।",0.0,0.0,0.0
उनके  स्टारडम  के  बल  पर  फिल्म  ने  100 करोड़  का  आंकड़ा  तो  छू  लिया  लेकिन  लगता  है  इसके  आगे  बढ़ने  में  फिल्म  को  बहुत  मुश्किल  होने  वाली  है ।,0.0,0.0,0.0
मृतका  के  मुंह  पर  टेप  चिपका  हुआ  था ।,1.0000000000000094e-120,1.0000000000000094e-120,1.0000000000000094e-120
संसद  में  भी  इस  मुद्दे  पर  फूट  पड़ने  लगी  है .,1.0000000000000113e-144,1.0000000000000113e-144,1.0000000000000113e-144
"इस  पेड़  के  कारण  तीन  साल  पहले  नगर  विकास  न्यास  प्रशासन  की  ओर  से  बनाए  गए  शौचालय  की  नींव  जर्जर  हो  गई  थी , इस  कारण  पुराना  शौचालय  की  सुविधा  बंद  कर  दी  गई  थी ।",0.0,0.0,0.0
कोरोना  संक्रमण  व  अन्य  बीमारी  से  गांव  में  एक  माह  में  करीब  40 लोगों  की  जान  चली  गई ।,1.000000000000019e-240,1.000000000000019e-240,1.000000000000019e-240
उन्होंने  कहा  कि  इसके  लिए  डिपो  का  समस्त  स्टाफ  बधाई  का  पात्र  है ।,1.0000000000000141e-180,1.0000000000000141e-180,1.0000000000000141e-180
"किसान  आंदोलन  में  खालिस्तानी  झंडों  के  साथ  उपद्रवी  तत्व  मौजूद  हैं , लेकिन  किसान  नेता  उन  लोगों  की  पहचान  के  लिए  क्या  कर  सकते  हैं ?",0.0,0.0,0.0
"इनमें  दो  वर्तमान  केंद्रीय  मंत्री , तीन  विपक्षी  नेता , एक  संवैधानिक  प्राधिकारी  अथॉरिटी) , सुरक्षा  से  जुड़े  संगठनों  के  पूर्व  एवं  वर्तमान  प्रमुख , कई  प्रशासक  और  40 से  भी  अधिक  वरिष्ठ  पत्रकार  और  कार्यकर्ताओं  के  नंबर  भी  शामिल  थे .",0.0,0.0,0.0
परिवार  के  सभी  लोग  वोट  डालने  जरूर  जाते  हैं ।,1.0000000000000105e-132,1.0000000000000105e-132,1.0000000000000105e-132
राजस्थान  में  रिक्त  हुई  राज्यसभा  की  सीट  के  लिए  कांग्रेस  की  तरफ  से  पूर्व  प्रधानमंत्री  मनमोहन  सिंह  प्रत्याशी  होंगे .,1.0000000000000199e-252,1.0000000000000199e-252,1.0000000000000199e-252
उन्होंने  आवेदन  में  लिखा  है  कि  मेरी  शादी  पांच  वर्ष  पूर्व  हुई  थी  उसी  समय  मेरे  ससुराल  वाले  दहेज  को  लेकर  प्रताड़ित  करते  हैं ।,1e-312,1e-312,1e-312
योजना  का  लाभ  सभी  जाति  धर्म  की  उन  छात्राओं  को  ही  मिलेगा  जिनके  अभिभावकों  की  वार्षिक  आय  35 हजार  रुपये  है ।,1.0000000000000217e-276,1.0000000000000217e-276,1.0000000000000217e-276
"याद  कीजिए , जब  पिछली  बार  आपके  घर  में  लगे  सीएफएल  ने  काम  करना  बंद  कर  दिया  था ।",1.000000000000019e-240,1.000000000000019e-240,1.000000000000019e-240
सड़क  दुर्घटना  में  घायल  ने  उपचार  के  दौरान  दम  तोड़  दिया ।,1.0000000000000123e-156,1.0000000000000123e-156,1.0000000000000123e-156
जो  बुधवार  को  प्रकाश  में  आया ।,1.0000000000000076e-96,1.0000000000000076e-96,1.0000000000000076e-96
बाइक  ने  लेंटर  को  रोक  लिया  था .,1.0000000000000085e-108,1.0000000000000085e-108,1.0000000000000085e-108
प्रशासन  ने  चिनाब  और  तवी  के  आसपास  के  निचले  क्षेत्रों  के  लोगों  को  सावधान  रहने  के  लिए  कहा  है ।,1.0000000000000199e-252,1.0000000000000199e-252,1.0000000000000199e-252
इसलिए  सुरक्षाबलों  को  खूली  छूट  दी  गई  है ।,1.0000000000000094e-120,1.0000000000000094e-120,1.0000000000000094e-120
मध्य  प्रदेश  के  संगठन  महामंत्री  की  जिम्मेदारी  संभाल  रहे  अरविंद  मेनन  को  हटाया  गया .,1.000000000000015e-192,1.000000000000015e-192,1.000000000000015e-192
अल्ट्रासाउंड  सेंटर  के  मालिक  को  हिदायत  दी  गई  कि  मानवीयता  दिखाते  हुए  रेट  कम  करें ।,1.0000000000000161e-204,1.0000000000000161e-204,1.0000000000000161e-204
एक  महिला  की  शिकायत  पर  पुलिस  ने  मामला  दर्ज  किया  है ।,1.0000000000000123e-156,1.0000000000000123e-156,1.0000000000000123e-156
कहते  हैं  कि  कन्हैया  यहां  स्लेट  पर  लिखे  अंक  धोकर  मिटाते  थे ।,1.0000000000000132e-168,1.0000000000000132e-168,1.0000000000000132e-168
स्वर्ण  बॉन्ड  योजना  के  तहत  सोने  की  खरीदारी  12 से  16 अक्‍ टूबर  के  बीच  की  जा  सकती  है ।,1.0000000000000199e-252,1.0000000000000199e-252,1.0000000000000199e-252
"और  उसे  टोका  जाता  है , बुलबुल  के  द्वारा  - औरत  क्यों  नहीं  कर  सकती ?",1.0000000000000161e-204,1.0000000000000161e-204,1.0000000000000161e-204
बावरिया  का  आरोप  है  कि  बीजेपी  में  ये  हालत  है  कि  मंत्रियों  का  जगह  जगह  विरोध  हो  रहा  है .,1.0000000000000199e-252,1.0000000000000199e-252,1.0000000000000199e-252
बागथन  के  दि  प्लेनम  स्कूल  में  इंटरनेशनल  आर्ट  फेस्ट  का  आज  से  आगाज  नाहन  हिमाचल  निर्माता  डा .,1.000000000000018e-228,1.000000000000018e-228,1.000000000000018e-228
"उन्होंने  बताया  कि  आला  हजरत  इमाम  अहमद  रजा  खान  एक  बड़े  धार्मिक  गुरु , इस्लामिक  स्कालर  व  पीर  थे ।",1.0000000000000199e-252,1.0000000000000199e-252,1.0000000000000199e-252
ये  आतंकवाद  को  खत्म  कर  सकते  है  क्या ।,1.0000000000000094e-120,1.0000000000000094e-120,1.0000000000000094e-120
"जिस  टैंक  में  गुड़ाखू  बनाने  के  लिए  केमिकल  रखा  जाता  है , उसी  टैंक  से  तीन  मजदूरों  को  निकाला  गया  है ।",1.0000000000000217e-276,1.0000000000000217e-276,1.0000000000000217e-276
तिरुवनंतपुरम  से  कांग्रेस  सांसद  शशि  थरूर  ने  बिल  का  यह  कहकर  विरोध  किया  कि  यह  समुदाय  के  आधार  पर  भेदभाव  करता  है ।,1.0000000000000227e-288,1.0000000000000227e-288,1.0000000000000227e-288
अब  आधे  कप  दूध  में  आधा  कप  पानी  मिलाकर  इसमें  कूटी  हुई  हल्दी  और  मिर्च  मिलाएं  और  खौला  लें ।,1.0000000000000199e-252,1.0000000000000199e-252,1.0000000000000199e-252
आज  आम  आदमी  यह  सवाल  कर  रहा  है  कि  पॉलिथिन  व  प्लास्टिक  कचरा  फैलाने  की  शुरुआत  सूर्योदय  होने  से  पूर्व  ही  हज़ारों  करोड़  थैलियों  को  आम  लोगों  के  घरों  तक  पहुंचाने  का  कारण  देश  का  डेयरी  मिल्क  व्यापार  ही  बनता  है ।,0.0,0.0,0.0
ट्रैफिक  पुलिस  की  ओर  से  वाहनों  को  एक  कतार  में  किया  जाता  रहा ।,1.0000000000000141e-180,1.0000000000000141e-180,1.0000000000000141e-180
विदित  हो  कि  नेवी  का  जवान  सूरज  कुमार  दुबे  गत  30 जनवरी  को  छुट्टी  बिताकर  ड्यूटी  जॉइन  करने  कोयंबटूर  जा  रहा  था .,1.0000000000000227e-288,1.0000000000000227e-288,1.0000000000000227e-288
"ग्लेशियर  टूटने  से  मची  तबाही , अलर्ट  पर  वायुसेना , पीएम  मोदी  और  गृहमंत्री  की  हालात  पर  नजर - Glacier breakdown caused havoc , presence on air force News 24 नई  दिल्ली: उत्तराखंड  के  चमोली  में  ग्लेशियर  टूटने  से  भारी  तबाही  हुई  है ।",0.0,0.0,0.0
जिले  में  अब  तक  कोरोना  से  ठीक  होने  वालों  की  कुल  संख्या  17 हजार  762 पर  पहुंच  गई  है ।,1.0000000000000199e-252,1.0000000000000199e-252,1.0000000000000199e-252
चलिए  दिवाली  को  लेकर  नई  परंपरा  की  शुरुआत  करते  हैं .,1.0000000000000113e-144,1.0000000000000113e-144,1.0000000000000113e-144
शिवपुरी  जिले  के  बदरवास  थाना  अंतर्गत  ग्राम  लिलवारा  में  स्थित  एक  कुएं  में  बुधवार  की  सुबह  4 माह  के  मासूम  का  शव  पानी  में  उतराता  हुआ  मिला ।,0.0,0.0,0.0
आईसीसी  लंबे  समय  से  सभी  प्रारूपों  में  कम  से  कम  एक  विश्व  प्रतियोगिता  शुरू  करने  की  योजना  बना  रहा  है ।,1.000000000000021e-264,1.000000000000021e-264,1.000000000000021e-264
रायसेन ।,1.0000000000000028e-36,1.0000000000000028e-36,1.0000000000000028e-36
जी .,1.0000000000000028e-36,1.0000000000000028e-36,1.0000000000000028e-36
"बगल  की  सीट  पर  बैठे  एक  पैसेंजर  ने  पांच  रुपए  के  चने  लिए  तो  दूसरी  सीट  पर  बैठे  76 वर्षीय  शिवनारायन  बोले , अरे  भइया  न  खाओ  परसों  जब  मैं  लखनऊ  जा  रहा  था  तो  ये  चने  खा  लिए  फूड  प्वाइजनिंग  हो  गई ।",0.0,0.0,0.0
निर्देशक  पराग  पाटिल  अपने  काम  में  मंझे  दीखते  है  वहीँ  खेसारी  का  यह  नाय  रूप  दर्शकों  को  अत्यधिक  प्रभावित  करेगा  साथ  ही  अभिनय  के  मास्टर  अवधेश  मिश्र  अपने  अभिनय  से  खासा  प्रभावित  करते  हैं .,0.0,0.0,0.0
खराब  मौसम  के  चलते  दिल्ली  आने  वाली  27 फ्लाइट  को  डायवर्ट  करना  पड़ा ।,1.0000000000000141e-180,1.0000000000000141e-180,1.0000000000000141e-180
एमपीपीजी  कॉलेज  के  पीआरओ  डॉ ।,1.0000000000000067e-84,1.0000000000000067e-84,1.0000000000000067e-84
दोनों  विभागों  ने  बैंकों  पर  राशि  वापस  करने  के  लिए  मनी  सूट  दायर  किया  है ।,1.0000000000000161e-204,1.0000000000000161e-204,1.0000000000000161e-204
"डीआईजी  के  अनुसार  यूरोप  के  शहरों  और  भारत  के  शहरों  की  तुलना  की  जाए  तो  वहां  बीमारियां  जीवनशैली  से  जुड़ी  होती  हैं  जबकि  हमारे  यहां  संक्रामक  होती  हैं , जो  गंदगी  के  कारण  फैलती  हैं ।",0.0,0.0,0.0
केंद्र  सरकार  द्वारा  किसानों  की  दशा  में  मूलभूत  सुधार  के  लिए  बनाए  गए  3 कानूनों  को  वापस  लेने  के  किसान  गर्मी - सरदी  और  बरसात  की  परवाह  न  करते  हुए  लगातार  धरने  पर  बैठे  हुए  हैं .,0.0,0.0,0.0
यह  नहीं  हो  पाता  था ।,1.0000000000000067e-84,1.0000000000000067e-84,1.0000000000000067e-84
शव  देखकर  वह  बेहोश  हो  गईं ।,1.0000000000000076e-96,1.0000000000000076e-96,1.0000000000000076e-96
इसके  बाद  बेहद  ही  सावधानी  व  सुरक्षित  तरीके  से  जच्चा - बच्चा  को  एंबुलेंस  से  डफरिन  अस्पताल  ले  जाया  गया ।,1.000000000000021e-264,1.000000000000021e-264,1.000000000000021e-264
उन्हें  होश  नहीं  आ  पा  रहा  है  और  नजर  बचाए  फिर  रहे  हैं ।,1.0000000000000141e-180,1.0000000000000141e-180,1.0000000000000141e-180
कोई  मिल  गया  फिल्म  के  बाद  हंसिका  को  लगातार  काम  मिलता  रहा  और  वो  सफलता  की  सीढ़ी  चढ़ती  गईं ।,1.0000000000000199e-252,1.0000000000000199e-252,1.0000000000000199e-252
बेर  सेब  की  तरह  रसीला  और  मीठा  होगा ।,1.0000000000000094e-120,1.0000000000000094e-120,1.0000000000000094e-120
स्टार  रेटिंग  वाले  एसी  कुछ  समय  पहले  ही  आने  से  शुरू  हुए  हैं ।,1.0000000000000141e-180,1.0000000000000141e-180,1.0000000000000141e-180
छोटी - मोटी  कुछ  उलझनों  को  यदि  दरकिनार  कर  दें  तो  घर  में  सामान्य  सुख  प्राप्त  होगा ।,1.000000000000018e-228,1.000000000000018e-228,1.000000000000018e-228
जिसे  बंद  कर  देने  से  नदी  के  रास्ते  से  कमर  भर  पानी  को  पार  कर  आते  जाते  हैं  तो  कई  शिक्षकों  व  व्यवसायियों  का  वाहन  पानी  में  चलने  के  कारण  खराब  हो  जाता  है ।,0.0,0.0,0.0
भोपाल ।,1.0000000000000028e-36,1.0000000000000028e-36,1.0000000000000028e-36
पढ़ें  अखिल  भारतीय  विद्यार्थी  परिषद  के  शील  प्रकल्प’ के  तहत  राष्ट्रीय  एकात्मता  यात्रा  के  चरण  में  पूर्वोत्तर  के  छात्रों  का  अजमेर . . .,1.0000000000000237e-300,1.0000000000000237e-300,1.0000000000000237e-300
1 .,1.0000000000000028e-36,1.0000000000000028e-36,1.0000000000000028e-36
मोनालिसा  ने  भले  ही  बिग  बॅास  के  बाद  लोकप्रियता  हासिल  की  हो ।,1.0000000000000132e-168,1.0000000000000132e-168,1.0000000000000132e-168
अब  खबर  है  कि  प्रेम  सोनी  अपनी  आगामी  फिल्म  में  यूलिया  और  एक्टर  रणदीप  हुड्डा  के  साथ  फिल्म  बनाने  का  मन  बनाया  है ।,1.0000000000000237e-300,1.0000000000000237e-300,1.0000000000000237e-300
"इस  बात  को  समझना  कि  उस  दिन  होटल  के  अंदर  क्या  चल  रहा  था , आज  भी  मेरी  रीढ़  की  हड्डी  में  सिहरन  पैदा  कर  देती  है । """,0.0,0.0,0.0
शनिवार  को  किसान  फूलों  से  लदी  ट्रैक्टर  ट्रॉलियों  के  काफिले  विजय  गीत’ बजाते  हुए  सिंघु  धरना  स्थल  Singhu Dharna Site से  बाहर  निकल  गए .,1e-312,1e-312,1e-312
सहायक  वन  संरक्षक  एसीएफ) क्षेत्रीय  वन  अधिकारी  आएफओ) - 2020 की  मुख्य  परीक्षा  13 फरवरी  से  शुरू  होने  जा  रही  है ।,1.0000000000000217e-276,1.0000000000000217e-276,1.0000000000000217e-276
"सिसोदिया  ने  कहा  असंगठित  क्षेत्र  के  ऐसे  श्रमिकों  के  महंगाई  भत्ते  पर  रोक  नहीं  लगाई  जा  सकती , जिन्हें  सामान्यतः  केवल  न्यूनतम  मजदूरी  मिलती  है ।",0.0,0.0,0.0
शिकायत  होने  पर  सदर  कोतवाली  पुलिस  संग  आबकारी  टीम  मौके  पर  पहुंच  गई ।,1.0000000000000141e-180,1.0000000000000141e-180,1.0000000000000141e-180
आर्थिक  क्षेत्र  में  बड़े  परिवर्तन  का  समय  है ।,1.0000000000000094e-120,1.0000000000000094e-120,1.0000000000000094e-120
"भाजपा  ने  दोनों  जगह  अकेले  जाने  का  जोखिम  उठाया , जो  एक  दांव  था  और  आज  कहा  जा  सकता  है  कि  वह  दांव  सफल  रहा ।",0.0,0.0,0.0
"भावानगर  निचार  खंड  एनपीएस , सीपीएस  कर्मचारी  संगठन  की  बैठक  का  आयोजन  भावानगर  में  किया  गया ।",1.0000000000000171e-216,1.0000000000000171e-216,1.0000000000000171e-216
लेकिन  ईमानदारी  से  कहूं  तो  मैं  अब  पढ़ता  नहीं  हूं ।,1.0000000000000113e-144,1.0000000000000113e-144,1.0000000000000113e-144
"बोनस  के  अतिरिक्त , MarketsWorld एक  भाग्यशाली  ट्रेडर  को , जो  कि  प्लेटफॉर्म  पर  सक्रिय  रहा  है , मासिक  लॉयल्टी  अवार्ड  भी  देता  है ।",1e-312,1e-312,1e-312
डॉ ।,1.0000000000000028e-36,1.0000000000000028e-36,1.0000000000000028e-36
परिजनों  को  वित्तीय  सुरक्षा  देने  या  किसी  आकस्मिक  स्थिति  में  बीमारी  के  बोझ  के  खर्च  से  राहत  दिलाने  के  लिए  बीमा  उत्पाद  को  निवेश  का  सबसे  लोकप्रिय  और  उपयुक्त  साधन  माना  जाता  है ।,0.0,0.0,0.0
तूफान  के  दौरान  तेज  हवाएं  चलने  की  भी  चेतावनी  जारी  की  गई  है ।,1.0000000000000141e-180,1.0000000000000141e-180,1.0000000000000141e-180
इंदौर  दिनांक  10 अक्टूबर  2021 - आज  दिनांक  10 - 10 - 2021 को  गोमा  की  फेल  निवासी  फरियादी  ने  थाना  तुकोगंज  मे  रिपोर्ट  किया  था  कि  उसकी  17 वर्ष  04 माह  की  नाबालिग  लडकी  को  कोई  अज्ञात  बदमाश  बहला  फुंसलाकर  अपने  साथ  ले  गया ।,0.0,0.0,0.0
तब  उन्होंने  पीड़िता  को  कोटा  थाना  भेजने  कहा ।,1.0000000000000094e-120,1.0000000000000094e-120,1.0000000000000094e-120
यहां  काम  करने  वाली  घरेलू  सहायिका  का  भी  कोरोना  टेस्ट  पॉजिटिव  आने  के  बाद  नगर  में  कम  से  कम  एक  सप्ताह  का  लॉक  डाउन  घोषित  करने  की  मांग  उठने  लगी  है ।,0.0,0.0,0.0
थोड़ी  ही  दूर  है  बरनावा ।,1.0000000000000067e-84,1.0000000000000067e-84,1.0000000000000067e-84
"केंद्रीय  रक्षा  मंत्री  राज  नाथ  सिंह , मानव  संसाधन  विकास  मंत्री  डॉ .",1.0000000000000132e-168,1.0000000000000132e-168,1.0000000000000132e-168
इस  कार्यक्रम  में  10 हजार  से  भी  अधिक  ब्रह्म  कुमार  भाई - बहनें  शामिल  होंगी ।,1.0000000000000161e-204,1.0000000000000161e-204,1.0000000000000161e-204
इसके  अलावा  मनमाने  रूप  से  सीनियरटी  और  नियुक्ति  की  प्रक्रिया  की  जा  रही  है ।,1.000000000000015e-192,1.000000000000015e-192,1.000000000000015e-192
उसने  बताया  कि  वह  दिल्ली  की  एक  इंश्योरेंस  कंपनी  से  बोल  रहा  है ।,1.0000000000000141e-180,1.0000000000000141e-180,1.0000000000000141e-180
"त्रिवेणी  सिंह , सुभाष  चंद्र  द्विवेदी , गायत्री  सिंह , डॉ .",1.0000000000000123e-156,1.0000000000000123e-156,1.0000000000000123e-156
"अगर  हम  उन  लोगों  तक  पहुंचें  तों  हमें  अच्छे  एथलीट  मिलेंगे . """,1.0000000000000132e-168,1.0000000000000132e-168,1.0000000000000132e-168
केंद्र  की  योजनाओं  पर  बात  की ।,1.0000000000000076e-96,1.0000000000000076e-96,1.0000000000000076e-96
इनको  सुरक्षित  रहना  मानव  जाति  के  लिए  ही  नहीं  बल्कि  पशु  पक्षी  और  वनस्पतियों  के  लिए  भी  जरूरी  है ।,1.0000000000000199e-252,1.0000000000000199e-252,1.0000000000000199e-252
लोग  घरों  में  कैद  है .,1.0000000000000067e-84,1.0000000000000067e-84,1.0000000000000067e-84
कानपुर  उत्तर  प्रदेश  ने  रणजी  ट्रॉफी  एलीट  ग्रुप  सी  के  मैच  में  रविवार  को  यहां  गोवा  को  पारी  और  247 रन  से  शिकस्त  देकर  सात  अंक  प्राप्त  किये .,0.0,0.0,0.0
"इस  साल  का  पहला  सूर्य  ग्रहण  उत्तरी  अमेरिका  के  उत्तरी  भाग , यूरोप  और  एशिया  में  आंशिक  रूप  में  दिखाई  देगा .",1.0000000000000217e-276,1.0000000000000217e-276,1.0000000000000217e-276
कोरोना  के  कहर  से  डाऊ  जोंस  20000 के  नीचे  आ  आ  गया  है ।,1.0000000000000141e-180,1.0000000000000141e-180,1.0000000000000141e-180
बालों  के  झड़ने  की  समस्या  का  समाधान  दो  तरीकों  से  होता  है - सर्जिकल  और  नॉन  सर्जिकल ।,1.000000000000018e-228,1.000000000000018e-228,1.000000000000018e-228
साथ  ही  ऐसे  अवसरों  पर  भाग  लेने  के  लिए  छात्राओं  को  प्रोत्साहित  किया ।,1.0000000000000141e-180,1.0000000000000141e-180,1.0000000000000141e-180
"अमेरिका  के  राष्ट्रपति  डोनाल्ड  ट्रंप  ने  चीन  से  चल  रहे  व्यापार  युद्ध  के  तहत  200 अरब  डॉलर  करीब  14 , 503 अरब  रुपये) के  चीनी  आयात  पर  10 प्रतिशत  शुल्क  लगा  दिया  है .",0.0,0.0,0.0
"िकायत  में  कहा  गया  है  कि  अर्नब  गोस्वामी  ने  उनके  बारे  में  घोर  झूठे , दुर्भावनापूर्ण  और  अपमानजनक  बयान  दिए  हैं , जो  उनके  अपने  चैनल  रिपब्लिक  भारत  पर  प्रसारित  किए  गए ।",0.0,0.0,0.0
एल्बर्टा  में  131 हजार  डालर  की  टैक्सेबल  आय  पर  10 प्रतिशत  अतिरिक्त  आयकर  वसूल  किया  जाता  है ।,1.000000000000018e-228,1.000000000000018e-228,1.000000000000018e-228
उन्होंने  बताया  कि  इन  मामलों  में  अब  तक  300 से  ज्यादा  व्यक्तियों  को  गिरफ्तार  किया  गया  है .,1.000000000000018e-228,1.000000000000018e-228,1.000000000000018e-228
प्रदेश  के  चार  जिलों  में  इस  टिंचर  की  खपत  बढ़  गई  है ।,1.0000000000000132e-168,1.0000000000000132e-168,1.0000000000000132e-168
नए  वर्ग  में  विनेश  को  मिश्रित  सफलता  मिली ।,1.0000000000000094e-120,1.0000000000000094e-120,1.0000000000000094e-120
आज  महिला  की  हालत  बिगडऩे  पर  जांच  की  गई  तो  पता  चला  कि  महिला  को  ओ  की  जगह  बी  पॉजिटिव  रक्त  चढ़ा  दिया  गया  था ।,0.0,0.0,0.0
"डीएसपी  ने  बताया  कि  नैन  डेरा  के  कृषि  विभाग  की  भी  जिम्मेदारी  संभाल  रहे  थे , उन्होंने  कहा  कि  कुछ  अनुयायी  अस्थियां  लाते  थे  और  अनुष्ठान  के  तहत  डेरा  परिसर  में  इसे  बिखेर  देते  थे .",0.0,0.0,0.0
गणतंत्र  दिवस  समारोह  के  मुख्य  अतिथि  फ्रांस  के  राष्ट्रपति  फ्रांस्वा  ओलांद  का  सोमवार  को  राष्ट्रपति  भवन  में  उनका  रस्मी  स्वागत  किया  गया .,1.0000000000000227e-288,1.0000000000000227e-288,1.0000000000000227e-288
"वे  सिर्फ  देखते  हैं  कि  इसके  पास  क्या  है , जबकि  देखना  चाहिए  इसके  पास  मोहब्बत  के  जज्बात  हैं  या  नहीं ।",1.0000000000000217e-276,1.0000000000000217e-276,1.0000000000000217e-276
"इसमें  प्रदेश  की  राजनीतिक  स्थिति , भौगोलिक  और  जातिगत  समीकरण  एवं  वोटर्स  की  स्थिति  का  ब्योरा  भी  दिया  गया ।",1.0000000000000199e-252,1.0000000000000199e-252,1.0000000000000199e-252
"स्वास्थ्य  मंत्रालय  के  मुताबिक , देश  में  पिछले  24 घंटे  में  2.76 लाख  केस  सामने  आए  हैं ।",1.000000000000018e-228,1.000000000000018e-228,1.000000000000018e-228
"पुन: प्रयास  किए  हैं , पत्र  लिखा  है ।",1.0000000000000094e-120,1.0000000000000094e-120,1.0000000000000094e-120
उन्होंने  सोशल  मीडिया  पर  कहा  कि  लॉकडाउन  की  सख्ती  से  महामारी  का  अंत  नहीं  होता  है ।,1.0000000000000171e-216,1.0000000000000171e-216,1.0000000000000171e-216
मृतक  अमीन  निवासी  युवक  रवि  उर्फ  गोरखा  सलारपुर  रोड  पर  यूनियन  बैंक  के  साथ  स्थित  एक  मोबाइल  की  दुकान  से  बाहर  निकला  था ।,1.0000000000000237e-300,1.0000000000000237e-300,1.0000000000000237e-300
जब  60 साल  सत्ता  में  रहने  के  बाद  कांग्रेस  सरकार  देश  को  कृषि  नीति  नहीं  दे  सके  किसान  कांग्रेस  से  क्या  उम्मीद  करेंगे ।,1.0000000000000237e-300,1.0000000000000237e-300,1.0000000000000237e-300
उपरांत  संगत  में  बैठकर  लंगर  छका ।,1.0000000000000076e-96,1.0000000000000076e-96,1.0000000000000076e-96
"हिंदू  पंचांग  के  अनुसार , हर  माह  में  कृष्ण  पक्ष  की  चतुर्दशी  तिथि  को  मासिक  शिवरात्रि  मनाई  जाती  है ।",1.0000000000000199e-252,1.0000000000000199e-252,1.0000000000000199e-252
जीएसटी  प्रणाली  को  मोदी  सरकार  ने  पुराने  कर  को  समाप्त  करने  का  आग्रह  करने  के  लिए  लागू  किया  था ।,1.0000000000000199e-252,1.0000000000000199e-252,1.0000000000000199e-252
नईदुनिया  प्रतिनि; घिळर् - ऊि्‌ ।,1.0000000000000067e-84,1.0000000000000067e-84,1.0000000000000067e-84
पुलिस  जानकारी  जुटाकर  पकड़े  गए  लोगों  को  सुरक्षित  स्थान  पर  भेज  रही  है ।,1.0000000000000141e-180,1.0000000000000141e-180,1.0000000000000141e-180
कोलकाता .,1.0000000000000028e-36,1.0000000000000028e-36,1.0000000000000028e-36
सामान्य  तौर  पर  गुजरात  में  15 सितंबर  के  बाद  मानसून  समाप्ति  की  घोषणा  हो  जाती  है ।,1.0000000000000171e-216,1.0000000000000171e-216,1.0000000000000171e-216
इसे  मंगल  का  चक्कर  काट  रहे  Mars Reconnaisance Orbiter के  जरिए  भेजा  गया  था ।,1.000000000000015e-192,1.000000000000015e-192,1.000000000000015e-192
जहां  उपचार  के  दौरान  पंकज  की  मौत  हो  गई ।,1.0000000000000105e-132,1.0000000000000105e-132,1.0000000000000105e-132
जिसे  ठीक  कराने  की  जगह  खानापूर्ति  कर  दी  गई ।,1.0000000000000105e-132,1.0000000000000105e-132,1.0000000000000105e-132
इससे  आप  अपने  आपको  धारा  से  अलग  पाएंगी  और  इसलिए  कंफर्टेबल  महसूस  नहीं  करेंगी ।,1.000000000000015e-192,1.000000000000015e-192,1.000000000000015e-192
"ईसा  पूर्व  चौथी  सदी  में  पंचारी  ने  कहा  था , भ्रष्ट  अधिकारियों  को  रंगे  हाथ  पकड़ना  उतना  ही  मुश्किल  है , जितना  मछलियों  को  पानी  पीते  हुए  और  मक्खियों  को  शहद  चाटते  हुए  पकड़ना ।",0.0,0.0,0.0
राज्य  की  200 विधानसभा  सीटों  में  से  कांग्रेस  के  पास  पिछले  वर्ष  बसपा  छोड़  कांग्रेस  में  शामिल  हुए  छह  विधायकों  समेत  107 विधायक  है .,1e-312,1e-312,1e-312
"केडी  सिंह  ने  कहा  कि  सम्मान  मिलने  की  अनुभूति  तो  सुखद  थी  ही , लेकिन  प्रकृति  की  गोद  मे  बसे  इस  विश्वविद्यालय  का  परिसर  और  पूरा  वातावरण  देख  कर  मन  प्रसन्न  हो  गया ।",0.0,0.0,0.0
यह  बात  है  कि  पिछले  वर्ष  की  तुलना  में  इस  बार  कोयले  का  प्रेषण  कम  रहा  है .,1.000000000000018e-228,1.000000000000018e-228,1.000000000000018e-228
नगर  पालिका  की  ओर  से  प्रत्येक  नये  वित्तीय  वर्ष  की  शुरुआत  में  बैठक  कर  साल  भर  विकास  में  होने  वाले  खर्च  व  विभिन्न  मदो  से  होने  वाली  संभावित  आय  का  खाका  खींचा  जाता  है ।,0.0,0.0,0.0
यूएस  में  लंबे  समय  से  बंद  वॉल्ट  डिज्नी  वल्र्ड  फि  र  से  खुलने  जा  रहा  है ।,1.0000000000000171e-216,1.0000000000000171e-216,1.0000000000000171e-216
"डीसी  ने  ICU , ICCU और  SDUC के  साथ  बच्चों  के  कोविड  वार्ड  का  भी  निरीक्षण  किया .",1.000000000000018e-228,1.000000000000018e-228,1.000000000000018e-228
जानकारी  मिलते  ही  प्रशासनिक  अधिकारी  हरकत  में  आए  और  जर्जर  पुलियाओं  का  निरीक्षण  कर  दुरुस्ती  कार्य  प्रारंभ  करवाया ।,1.000000000000019e-240,1.000000000000019e-240,1.000000000000019e-240
हालांकि  उसे  अस्पताल  ले  जाया  गया  लेकिन  उसकी  मौत  हो  गई ।,1.0000000000000123e-156,1.0000000000000123e-156,1.0000000000000123e-156
पीड़िता  ने  थाना  में  उसकी  रिपोर्ट  दर्ज  कराया ।,1.0000000000000094e-120,1.0000000000000094e-120,1.0000000000000094e-120
"हाईकोर्ट  में  शासन  के  मामलों  की  पैरवी  करने  के  लिए  अतिरिक्त  महाधिवक्ता , उपमहाधिवक्ता  व  शासकीय  अधिवक्ताओं  की  सूची  जारी  की  गई  है ।",1.0000000000000237e-300,1.0000000000000237e-300,1.0000000000000237e-300
उनके  अगले  क़दम  का  कोई  संकेत  नहीं  है .,1.0000000000000094e-120,1.0000000000000094e-120,1.0000000000000094e-120
भारतीय  ओलिंपिक  संघ  आईओए) के  नवनियुक्‍ त  अध्‍ यक्ष  एन  रामचंद्रन  ने  खेलों  में  पारदर्शिता  लाने  का  वादा  किया  है ।,1.000000000000021e-264,1.000000000000021e-264,1.000000000000021e-264
स्कूल  में  बरात  का  स्वागत  किया  गया ।,1.0000000000000085e-108,1.0000000000000085e-108,1.0000000000000085e-108
"वहीं  टेलर  के  दूसरे  एल्बम  ' फियरलेस’ ने  चार  ग्रैमी  अवॉर्ड  जीते  थे  जिनमें  ' यू  बिलोंग  विद  मी’ और  ' लव  स्टोरी ' जैसे  गाने  शामिल  थे| वह  कई  ग्रैमी  अवार्ड  जीत  चुकी  हैं , जिसमें  2010 एल्बम  ऑफ़  द  ईयर  अवार्ड  के  लिए  लोकप्रिय  एल्बम  फियरलेस  शामिल  हैं ।",0.0,0.0,0.0
नारियल  का  तेल  स्किन  से  लेकर  बालों  तक  के  लिए  खूब  फायदेमंद  होता  है ।,1.000000000000015e-192,1.000000000000015e-192,1.000000000000015e-192
वे  सिपाही  से  तेल  निकाल  लेने  की  बात  पूछ  बैठे ।,1.0000000000000113e-144,1.0000000000000113e-144,1.0000000000000113e-144
लकड़ियों  की  कटाई  से  जंगलों  को  भी  नुकसान  पहुंचता  है ।,1.0000000000000113e-144,1.0000000000000113e-144,1.0000000000000113e-144
इंजन  और  पावर  की  बात  की  जाए  तो  इस  बाइक  में  97.2 सीसी  का  इंजन  दिया  गया  है  जो  कि  8.24 बीएचपी  की  पावर  और  8.05 न्यूटन  मीटर  का  टार्क  जनरेट  करता  है ।,0.0,0.0,0.0
"पूर्णिमा  एक  साल  में  कई  बार  आती  है , लेकिन  शरद  पूर्णिमा  का  विशेष  महत्व  माना  जाता  है .",1.000000000000019e-240,1.000000000000019e-240,1.000000000000019e-240
"म्हाडा  जमीन  पर  अवैध  स्कूल - कॉलेज , बच्चों  की  जान  से  खिलवाड़  क्यों ?",1.000000000000015e-192,1.000000000000015e-192,1.000000000000015e-192
जो  आप  सभी  के  प्रतियोगी  परीक्षाओं  हेतु  बहुत  ही  beneficial है ।,1.0000000000000123e-156,1.0000000000000123e-156,1.0000000000000123e-156
गलत  निर्णय  से  बिजली  का  बिल  भी  अधिक  आ  सकता  है  और  उचित  ठंडक  से  भी  वंचित  रह  सकते  हैं ।,1.000000000000021e-264,1.000000000000021e-264,1.000000000000021e-264
शहर  में  भी  लोग  इस  तरह  की  समस्याओं  से  परेशान  हैं ।,1.0000000000000123e-156,1.0000000000000123e-156,1.0000000000000123e-156
इस  वर्ष  रेडक्रॉस  दिवस  के  100 वर्ष  पूर्ण  होने  पर  कीप  क्लेपिंग  फॉर  वॉलंटियर्स  थीम  के  तहत  स्वयंसेवकों  का  शारीरिक  दूरी  बनाए  रखते  हुए  एक  दूसरे  का  तालियां  बजाकर  अभिनंदन  किया  गया ।,0.0,0.0,0.0
इसके  साथ  ही  कोरोना  का  पहला  डोज  लेने  वालों  की  संख्या  4745494 तथा  दूसरा  डोज  लेने  वालों  की  संख्या  643855 है ।,1.0000000000000217e-276,1.0000000000000217e-276,1.0000000000000217e-276
जिले  भर  में  कोरोना  वायरस  संक्रमण  को  रोकने  के  पुख्ता  इंतजाम  किए  गए  हैं । ',1.0000000000000161e-204,1.0000000000000161e-204,1.0000000000000161e-204
छात्र  नेता  नमन  पुंज  का  कहना  है  कि  ऐसे  संवेदनशील  मामलों  में  प्रशासन  को  त्वरित  संज्ञान  लेने  की  जरूरत  है ।,1.000000000000021e-264,1.000000000000021e-264,1.000000000000021e-264
"जिसमें  10 रेड  बेल्ट , चार  ऑरेंज  बेल्ट , दो  येल्लो  बेल्ट , दो  ग्रीन  बेल्ट , दो  परपल  बेल्ट , दो  परपल  स्ट्रीप  बेल्ट , दो  ब्राउन  बेल्ट  दिया  गया ।",0.0,0.0,0.0
हाईस्कूल  के  970 और  इंटर  के  4398 परीक्षार्थी  अनुपस्थित  रहे ।,1.0000000000000113e-144,1.0000000000000113e-144,1.0000000000000113e-144
जिसे  वह  वही  छोड़़कर  फरार  हो  गए ।,1.0000000000000085e-108,1.0000000000000085e-108,1.0000000000000085e-108
कंकर - कंकर  में  शंकर  का  विज्ञान  क्या  है ?,1.0000000000000105e-132,1.0000000000000105e-132,1.0000000000000105e-132
"पानी  निकासी  की  व्यवस्था  ना  होने  के  कारण  घरों  का  पानी  खुले  प्लाटों  में  जमा  हो  रहा  है , जहां  गदंगी  पनप  रही  है ।",1e-312,1e-312,1e-312
"इसलिए , मुझे  लगता  है  कि  वह  इस  समय  पूरा  गेंदबाज  है । """,1.0000000000000141e-180,1.0000000000000141e-180,1.0000000000000141e-180
एजेंसी  चालकों  से  किसी  तरह  निगम  काम  चला  रहा  है ।,1.0000000000000113e-144,1.0000000000000113e-144,1.0000000000000113e-144
ऐसे  परीक्षार्थियों  को  अटेंडेंस  में  भी  50 प्रतिशत  तक  की  छूट  मिलेगी ।,1.0000000000000132e-168,1.0000000000000132e-168,1.0000000000000132e-168
बिग  बॉस  OTT की  ट्रॉफी  जीतने  के  बाद  दिव्या  अग्रवाल  को  लेकर  खबरें  हैं  कि  सलमान  खान  के  शो  बिग  बॉस  सीजन  15 में  भी  एक्ट्रेस  नजर  आ  सकती  हैं ।,0.0,0.0,0.0
लक्ष्य  का  पीछा  करने  उतरी  इंडसवैली  की  टीम  महज  81 रन  ही  बना  सकी ।,1.000000000000015e-192,1.000000000000015e-192,1.000000000000015e-192
यह  प्रतिकूल  दिशा  में  जा  रही  है ।,1.0000000000000085e-108,1.0000000000000085e-108,1.0000000000000085e-108
"मार्को , डॉ .",1.0000000000000048e-60,1.0000000000000048e-60,1.0000000000000048e-60
"जियो  के  पास  2 , 599 रुपये , 2 , 399 रुपये  और  2121 रुपये  के  प्लान  हैं .",1.000000000000019e-240,1.000000000000019e-240,1.000000000000019e-240
ग्रामीण  कार्य  विभाग  के  प्रमंडल  एक  और  दो  के  तहत  फेज  वन  में  बनायी  गयी  नई  सड़कों  के  चौड़ीकरण  का  प्रस्ताव  फेज  टू  के  तहत  लिया  गया ।,0.0,0.0,0.0
एसपी  सिटी  रणविजय  सिंह  का  कहना  है  कि  पूरी  घटना  के  संबंध  में  एफआईआर  दर्ज  कर  ली  गई  है  और  जल्द  ही  होटल  मालिक  और  दूसरे  आरोपियों  को  गिरफ्तार  किया  जाएगा .,0.0,0.0,0.0
श्री  कृष्ण  जन्म  स्थान  पर  त्रिस्तरीय  सुरक्षा  व्यवस्था  के  अलावा  कमांडो  हर  संदिग्ध  पर  नजर  बनाए  हुए  हैं ।,1.000000000000019e-240,1.000000000000019e-240,1.000000000000019e-240
इसमें  पांच  लाख  52 हजार  के  करीब  पुरुषों  और  पांच  लाख  78 हजार  के  करीब  महिलाओं  ने  अपने  मत  का  प्रयोग  किया  है ।,1.0000000000000237e-300,1.0000000000000237e-300,1.0000000000000237e-300
फिर  से  मार्शल  लॉ  की  वापसी  हुई .,1.0000000000000085e-108,1.0000000000000085e-108,1.0000000000000085e-108
भरोसे  में  आकर  डिलेवरी  बॉय  ने  उसे  कैमरा  दे  दिया ।,1.0000000000000113e-144,1.0000000000000113e-144,1.0000000000000113e-144
"मेरा  छोटा  भाई  है , तो  उसे  राखी  बांधने  के  बाद  उसे  गिफ्ट  देती  हूं ।",1.0000000000000161e-204,1.0000000000000161e-204,1.0000000000000161e-204
ये  स्टडी  हेल्थ  जर्नल  गट  में  प्रकाशित  हुई  है .,1.0000000000000105e-132,1.0000000000000105e-132,1.0000000000000105e-132
भारत  की  ओर  से  युजवेंद्र  चहल  सबसे  कामयाब  गेंदबाज़  रहे .,1.0000000000000113e-144,1.0000000000000113e-144,1.0000000000000113e-144
उन्होंने  कहा  कि  इंटर  पास  सभी  छात्र - छात्राओं  को  बीए  और  बीएससी  में  प्रवेश  दें ।,1.0000000000000171e-216,1.0000000000000171e-216,1.0000000000000171e-216
मंगलवार  को  विशेष  आवासीय  विद्यालय  नाभा  हाउस  ऋषिकेश  में  पूर्व  पीएम  स्व .,1.0000000000000132e-168,1.0000000000000132e-168,1.0000000000000132e-168
"यही  कारण  है  कि  केरजीराव  सरकार  ने  अनुमति  नहीं  दी  थी , जिसके  खिलाफ  हाई  कोर्ट  का  दरवाजा  खटखटाया  गया  था ।",1.0000000000000217e-276,1.0000000000000217e-276,1.0000000000000217e-276
बैठक  में  खासतौर  पर  दोनों  राज्यों  के  डेंगू  पीडि़तों  पर  विचार  किया  गया ।,1.0000000000000141e-180,1.0000000000000141e-180,1.0000000000000141e-180
"इसके  अलावा , यदि  यह  एक  ब्रांडेड  ट्रेवल  क्रेडिट  कार्ड  है  तो  आपको  एक्स्ट्रा  पॉइंट्स  मिलते  हैं  यदि  आप  उस  विशेष  ब्रांड  के  साथ  खर्च  या  खरीदारी  करते  हैं ।",0.0,0.0,0.0
करौली - धौलपुर  सांसद  डॉ  मनोज  राजोरिया  ने  सोमवार  को  केन्द्रीय  पर्यटन  एवं  संस्कृति  राज्यमंत्री  डॉ  महेश  शर्मा  से  मुलाकात  की  और . . . . . . . . . .,0.0,0.0,0.0
4 नवंबर  को  सुबह  3 बजकर  24 मिनट  से  चतुर्थी  तिथि  का  आरंभ  होगा .,1.000000000000015e-192,1.000000000000015e-192,1.000000000000015e-192
इस  अभियान  के  माध्यम  से  जन  जागरण  का  काम  भी  किया  जाएगा ।,1.0000000000000132e-168,1.0000000000000132e-168,1.0000000000000132e-168
एक  तरफ  तो  युद्ध  मे  विजयी  होने  पर  इस  पृथ्वी  का  सबसे  बड़ा  सम्राट  बनने  की  लालसा  और  दूसरी  तरफ  छल  से  गुरु  हत्या  करने  पर  नरक  वास !,0.0,0.0,0.0
"शुष्क , लुप्तप्राय  और  समस्याग्रस्त  त्वचा  के  लिए  इसका  उपयोग  करने  की  अनुशंसा  की  जाती  है ।",1.0000000000000171e-216,1.0000000000000171e-216,1.0000000000000171e-216
इससे  वह  बेहोश  हो  गए ।,1.0000000000000067e-84,1.0000000000000067e-84,1.0000000000000067e-84
इन  लोगों  ने  पूर्वी  क्षेत्र  को  तहस  नहस  कर  दिया  है ।,1.0000000000000123e-156,1.0000000000000123e-156,1.0000000000000123e-156
पार्क  में  गंदा  पानी  भरने  के  कारण  उसमें  मच्छर  पनप  रहे  हैं ।,1.0000000000000132e-168,1.0000000000000132e-168,1.0000000000000132e-168
राजनीति  में  ऐसे  सौ  फीसदी  परिणाम  कभी  नहीं  आते ।,1.0000000000000105e-132,1.0000000000000105e-132,1.0000000000000105e-132
वहीं  आगे  की  कहानी  इसी  घटना  के  इर्दगिर्द  घूमती  है ।,1.0000000000000113e-144,1.0000000000000113e-144,1.0000000000000113e-144
उन्होंने  कहा  है  कि  स्क्रिप्ट  पूरी  लिख  ली  गयी  है  और  कटरीना  इस  फिल्म  में  लीड  रोल  में  नजर  आएगी ।,1.000000000000021e-264,1.000000000000021e-264,1.000000000000021e-264
"ऐसे  में  तैयार  रहिए  नए  भाषण , घोषणा  और  वादों  के  लिए ।",1.0000000000000132e-168,1.0000000000000132e-168,1.0000000000000132e-168
इससे  पहले  बहनों  में  मंदिरों  में  जाकर  पूजा - अर्चना  की ।,1.0000000000000123e-156,1.0000000000000123e-156,1.0000000000000123e-156
नारायण  साई  की  तलाश  के  लिए  बनाई  गई  सूरत  पुलिस  की  छ: टीमों  ने  दावा  किया  है  कि  उन्हें  मामले  से  जुड़े  अहम  सुराग  हासिल  हुए  हैं ।,0.0,0.0,0.0
कितना  अच्छा  बदलाव  है !,1.0000000000000057e-72,1.0000000000000057e-72,1.0000000000000057e-72
जनपद  अध्यक्ष  देवेंद्र  प्रताप  सिंह  ने  फोन  कर  वन  अमला  को  इस  घटना  की  सूचना  दी ।,1.0000000000000171e-216,1.0000000000000171e-216,1.0000000000000171e-216
इंस्टेंट  मैसेजिंग  एप  व्हाट्सएप  Whatsapp लंबे  समय  से  चर्चा  में  बने  डार्क  मोड  Dark Mode को  लॉन्च  करने  की  तैयारी  है ।,1.0000000000000217e-276,1.0000000000000217e-276,1.0000000000000217e-276
बाल  विकास  कल्याण  के  लिए  भले  ही  सरकार  ने  बहुत  सी  योजनाएं  चलाई  हों  और  बाल  श्रम  उन्मूलन  के  लिए  भले  ही  कई  प्रावधान  किए  हों  लेकिन  यह  कटु  सत्य  है  कि  बच्चों  से  आज  भी  श्रम  करवाया  जाता  है ।,0.0,0.0,0.0
एकेडमी  के  अंदर  सियासत  और  इससे  जुड़े  विवादों  से  इतर  ऑस्कर्स  की  पूरी  दुनिया  में  शोहरत  है .,1.000000000000018e-228,1.000000000000018e-228,1.000000000000018e-228
लॉकडाउन  अवधि  का  बिजली  बिल  या  किसी  भी  तरह  का  बिल  माफ  की  करने  की  घोषणा  की  हवा  निकल  रही  है ।,1.0000000000000217e-276,1.0000000000000217e-276,1.0000000000000217e-276
शुक्रवार  को  तबियत  बिगड़ने  पर  यहां  से  जयपुर  ले  गए ।,1.0000000000000113e-144,1.0000000000000113e-144,1.0000000000000113e-144
"अधिक  विधायकों  के  जहाज  पर  कूदने  के  साथ , पुडुचेरी  सरकार  एक  बड़े  संकट  की  ओर  बढ़  रही  है ।",1.0000000000000199e-252,1.0000000000000199e-252,1.0000000000000199e-252
अब  जब  हड़ताल  खत्म  हुई  तो  सोने  के  भाव  बढ़  गए  हैं ।,1.0000000000000132e-168,1.0000000000000132e-168,1.0000000000000132e-168
भजनों  पर  भक्त  जमकर  नाचे ।,1.0000000000000067e-84,1.0000000000000067e-84,1.0000000000000067e-84
लोकल  को  वोकल  करने  के  साथ  साथ  ही  उसको  ग्लोबल  भी  किया  जा  सके  साथ  ही  मार्बल  एक्सपोर्ट  की  प्रक्रियाओं  को  सरल  किया  जाए ।,1e-312,1e-312,1e-312
झांसी ।,1.0000000000000028e-36,1.0000000000000028e-36,1.0000000000000028e-36
वे  ड्रग्स  की  डिलवरी  और  पैसों  की  वसूली  के  लिए  कम  उम्र  के  बच्चों  का  इस्तेमाल  करते  हैं ।,1.000000000000019e-240,1.000000000000019e-240,1.000000000000019e-240
"अभी  सरकार  न  ताे  न्यूनतम  समर्थन  मूल्य  का  कानून  बनाने  को  राजी  दिखाई  दे  रही  है , न  उक्त  कृषि  कानूनों  को  वापस  लेने  को  ही , जबकि  किसानों  का  कहना  है  कि  वे  उन्हें  वापस  लेने  के  तरीकों  पर  ही  बात  करेंगे  और  महज  कुछ  संशोधनों  के  सरकार  के  प्रस्ताव  को  मानकर  अपना  आन्दोलन  खत्म  नहीं  करेंगे ।",0.0,0.0,0.0
"उत्पाद  की  विशेषताएँ: 1 क्योंकि  फ़िल्टर  सामग्री  को  सिलेंडर  में  तब्दील  किया  जाता  है , फ़िल्टर  सामग्री  की  घनत्व  बड़ी  होती  है , इसलिए  धूल  कलेक्टर  में  कॉम्पैक्ट  संरचना  और  छोटी  मात्रा  होती  है ।",0.0,0.0,0.0
दरअसल  इस  खबर  के  आने  के  बाद  हुआवेई  को  चीनी  लोगों  का  काफी  विरोध  झेलना  पड़ा  था .,1.000000000000018e-228,1.000000000000018e-228,1.000000000000018e-228
"के  नाम  के  पश्चात्  पड़ा  जो  विद्या  एवं  गुण  दोनों  में  पूर्णताप्राप्त  प्रथम  एवं  सबसे  महान  गुरु  माना  जाता  था  और  जिसने  सबसे  पहले  साधारण  जनता  को  विद्या  और  सद्गुण  सिखलाया , जिसका  एकाधिकार  पहले  आभिजात्य  शासक  वर्ग  के  हाथ  में  था ।",0.0,0.0,0.0
वन  अरण्यपाल  सर्किल  धर्मशाला  में  प्रदीप  ठाकुर  ने  बताया  कि  वन  रक्षकों  की  भर्ती  में  फिजिकल  टेस्ट  पास  करने  वाले  अभ्यर्थियों  को  ऑनलाइन  एडमिट  कार्ड  जारी  कर  दिए  हैं ।,0.0,0.0,0.0
आंगन  के  दूसरे  ओर  का  दरवाजा  खुला  पड़ा  था ।,1.0000000000000105e-132,1.0000000000000105e-132,1.0000000000000105e-132
वित्तीय  रूप  से  आप  तेज  गति  से  आगे  बढ़ेंगे  और  प्रॉपर्टी  की  खरीद  का  संकेत  है ।,1.0000000000000171e-216,1.0000000000000171e-216,1.0000000000000171e-216
ऐसे  मामलों  का  सबसे  दुखद  पक्ष  यह  है  कि  वक्त  रहते  कोई  कार्रवाई  नहीं  की  जाती  है ।,1.000000000000018e-228,1.000000000000018e-228,1.000000000000018e-228
बम्बई  उच्च  न्यायालय  के  आदेश  के  बाद  पिछले  सप्ताह  मामले  की  जांच  का  जिम्मा  सीबीआई  को  सौंपा  गया  था ।,1.0000000000000199e-252,1.0000000000000199e-252,1.0000000000000199e-252
विधायक  पांचीलाल  मेड़ा  ने  कहा  कि  सरकार  ने  कि  सान  हित  में  योजनाएं  बनाई  हैं ।,1.0000000000000161e-204,1.0000000000000161e-204,1.0000000000000161e-204
बताया  कि  दुकानों  पर  कार्ड  धारकों  से  जानकारी  की  गई ।,1.0000000000000113e-144,1.0000000000000113e-144,1.0000000000000113e-144
विदिशा ।,1.0000000000000028e-36,1.0000000000000028e-36,1.0000000000000028e-36
बहुजन  समाज  पार्टी  की  प्रमुख  मायावती  के  उत्पीड़न  के  आरोप  को  भी  गंगवार  ने  नकार  दिया ।,1.0000000000000171e-216,1.0000000000000171e-216,1.0000000000000171e-216
"रेडमी  नोट  10 सीरीजरेडमी  नोट  10 कीमतरेडमी  नोट  10 सीरीज  लॉन्च  डेटरेडमी  नोट  10 लॉन्च  डेटरेडमी  नोट  10 फीचर्सरेडमी  नोट  10 प्रो  डिजिटल  डेस्क , नई  दिल्ली ।",0.0,0.0,0.0
एसडीएम  ने  मामले  को  दिखवाकर  शीघ्र  कार्रवाई  का  आश्वासन  दिया  है ।,1.0000000000000123e-156,1.0000000000000123e-156,1.0000000000000123e-156
रूस  की  वैक्‍ सीन  Sputnik V पर  कई  देश  सवाल  उठा  रहे  हैं ।,1.0000000000000141e-180,1.0000000000000141e-180,1.0000000000000141e-180
भारी  मात्रा  में  इस  तरह  की  पोस्ट्स  के  कारण  ही  वो  सुरक्षा  एजेंसियों  के  निशाने  पर  आया ।,1.000000000000018e-228,1.000000000000018e-228,1.000000000000018e-228
खुर्शीद  आलम  बाबरी  मस्जिद  गिराए  जाने  के  20 वर्ष  बाद  लगभग  सभी  उर्दू  अखबारों  ने  इस  पर  विशेष  रिपोर्ट  प्रकाशित  की  और  सम्पादकीय  लिखे ।,1e-312,1e-312,1e-312
.,1.000000000000002e-24,1.000000000000002e-24,1.000000000000002e-24
इन  कॉलोनीज़  के  लिए  सरकार  ने  अथॉरिटीज़  बनाई  हैं  जिनकी  स्वीकृति  से  ही  नए  प्रोजेक्ट्स  लांच  किए  जाते  हैं .,1.0000000000000199e-252,1.0000000000000199e-252,1.0000000000000199e-252
योग्यता  इंवायरमेंटल  इंजीनियरिंग/ इंवायरमेंटल  साइंस/ इंवायरमेंटल  प्लानिंग/ अर्बन  प्लानिंग/ लाइफ  साइंस/ माइक्रोबायोलपॉजी/ बायो  टेक्नोलॉजी/ फिजिक्स/ केमेस्ट्री  में  पीएचडी  हो ।,1.0000000000000199e-252,1.0000000000000199e-252,1.0000000000000199e-252
ईसीबी  के  मुख्य  कार्यकारी  टॉम  हैरिसन  ने  कहा  कि  इंग्लैंड  के  क्रिकेटर  और  उसके  क्रिकेट  निदेशक  व  पूर्व  कप्तान  एंड्रयू  स्ट्रास  समझते  हैं  कि  उनसे  क्या  उम्मीद  की  जाती  है ।,0.0,0.0,0.0
"मेरे  अंदर  जो  लेखक  व  कवि  का  व्यक्तित्व  था , वह  कहीं  न  कहीं  मुझे  बीएससी  करने  से  रोक  रहा  था .",1.0000000000000217e-276,1.0000000000000217e-276,1.0000000000000217e-276
एक  अमेरिकी  फेडरल  जज  ने  मंगलवार  को  आदेश  दिया  कि  फेसबुक  को  सामूहिक  मुकदमे  का  सामना  करना  पड़ेगा ।,1.000000000000019e-240,1.000000000000019e-240,1.000000000000019e-240
बात  जयपुरी  खाने  की  हो  और  जयपुरी  गट्टा  और  घेवर  न  हो  तो  बेकार  है ।,1.0000000000000161e-204,1.0000000000000161e-204,1.0000000000000161e-204
हनुमान  का  परिवार  लगभग  दस  साल  पहले  गांव  के  बाहर  अपने  खेतों  में  घर  बनवाकर  रहता  है ।,1.000000000000018e-228,1.000000000000018e-228,1.000000000000018e-228
हादसा  गुरुवार  को  नॉर्थ  कैरोलीना  में  हुआ ।,1.0000000000000085e-108,1.0000000000000085e-108,1.0000000000000085e-108
"हरहुआ  विकास  खंड  क्षेत्र  में  कुल  13 न्याय  पंचायतों  में  75 ग्राम  प्रधान , 959 ग्राम  पंचायतों  के  वार्ड  सदस्य , 100 क्षेत्र  पंचायत  सदस्य , 04 जिला  पंचायत  सदस्य  का  निर्वाचन  होगा ।",0.0,0.0,0.0
गाड़ी  चलाते  वक्त  सावधानी  बरतें ।,1.0000000000000067e-84,1.0000000000000067e-84,1.0000000000000067e-84
सबसे  अहम  बात  इस  बेटिओ  के  प्रति  लागए  गए  योजना  की  शुरुआत  भी  इसी  जगह  पौधे  लगाकर  की  गई  थी  तथा  पौधे  लगाकर  पूरा  वन  बेटिओ  को  समर्पित  कर  दिया  गया  था ।,0.0,0.0,0.0
"डिजिटल  डेस्क , ताइपे ।",1.0000000000000057e-72,1.0000000000000057e-72,1.0000000000000057e-72
मैं  अच्छा  और  ताजा  महसूस  कर  रहा  हूं  और  अगर  फिर  से  टीम  में  बुलाया  जाता  है  तो  मैं  जाने  के  लिए  तैयार  हूँ ।,1e-312,1e-312,1e-312
बेचते  समय  इन  चीनी  मिलो  की  कीमत  कितनी  थी  और  कितने  कीमत  पर  इन्हें  बेचा  गया  था ।,1.000000000000018e-228,1.000000000000018e-228,1.000000000000018e-228
इसके  बाद  शाहरुख - सलमान  के  बीच  दुश्मनी  शुरू  हो  गई ।,1.0000000000000123e-156,1.0000000000000123e-156,1.0000000000000123e-156
मुद्रा  कनवर्ट  करें  909 IQD में  SGD .,1.0000000000000085e-108,1.0000000000000085e-108,1.0000000000000085e-108
पूर्वी  नेपाल  के  लिम्बुवान  की  लिपि  का  लोप  हो  गया ।,1.0000000000000113e-144,1.0000000000000113e-144,1.0000000000000113e-144
बतादें  कि  वाराणसी  शक्तिनगर  मार्ग  पर  डाला  की  जा  रही  एक  कार  को  किसी  अज्ञात  वाहन  ने  टक्कर  मार  दिया ।,1.000000000000021e-264,1.000000000000021e-264,1.000000000000021e-264
इस  लिहाज  से  यह  दलितों  की  विरासत  पर  अपनी  मुहर  लगाने  की  कोशिश  है ।,1.000000000000015e-192,1.000000000000015e-192,1.000000000000015e-192
"स्कूल , कालेज , अस्पताल , बस  स्टैंड  सहित  कई  स्थानों  पर  लगे  बोर्ड  पर  भी  पंफलेट  चिपका  दिए  गए  हैं ।",1.0000000000000217e-276,1.0000000000000217e-276,1.0000000000000217e-276
रामभक्त  हनुमान  जी  के  स्मरण  मात्र  से  ही  लोगों  के  सारे  संकट  दूर  हो  जाते  हैं .,1.0000000000000171e-216,1.0000000000000171e-216,1.0000000000000171e-216
चायना  सिर  पर  मिट्टी  के  पानी  भरे  तीन  घड़ेभरकर  गुनगुनाती  हुई  घर  की  राह  पर  चल  पड़ती  है ।,1.000000000000019e-240,1.000000000000019e-240,1.000000000000019e-240
एक  जुलाई  को  डॉक्टर्स  डे  है ।,1.0000000000000076e-96,1.0000000000000076e-96,1.0000000000000076e-96
व्‍ यापार  और  व्‍ यवसाय  है  ही  नहीं ।,1.0000000000000094e-120,1.0000000000000094e-120,1.0000000000000094e-120
"नई  दिल्ली , मानसून  ने  जुलाई  में  रफ्तार  पकड़  ली  है  लेकिन  निजी  मौसम  पूर्वानुमान  एजेंसी  स्काईमेट  के  अनुसार , अल  नीनो  के  प्रभाव  की  आशंका  अभी  भी  मंडरा  रही  है ।",0.0,0.0,0.0
अब  एडवेंचर  गेम  को  दूसरी  जगह  भी  विस्तारित  करने  की  योजना  पर  काम  शुरू  किया  गया  है ।,1.000000000000018e-228,1.000000000000018e-228,1.000000000000018e-228
"3 घायलों  को  वायुसेना  के  हेलिकॉप्टर  से  रायपुर  लाया  गया , जिनमें  से  एक  ने  रास्ते  में  दम  तोड़  दिया ।",1.000000000000021e-264,1.000000000000021e-264,1.000000000000021e-264
अश्वघोष  की  यह  कविता  हमे  लड़ने  को  प्रेरित  करती  है  . . .,1.0000000000000132e-168,1.0000000000000132e-168,1.0000000000000132e-168
वृश्चिक  राशिफल— आज  के  दिन  आप  कोई  भी  महत्वपूर्ण  कार्य  न  करें  उसीमें  में  आपकी  भलाई  होगी ।,1.000000000000018e-228,1.000000000000018e-228,1.000000000000018e-228
जहां  अल्टो  वाहन  संख्या  यूके  05 बी  6825 को  रोक  जांच  की  गई ।,1.0000000000000141e-180,1.0000000000000141e-180,1.0000000000000141e-180
"यह  एक  शक्तिशाली  इंस्ट्रूमेंट  है , लेकिन  अगर  आप  सावधानी  से  सिस्टम  की  विदेशी  मुद्रा  व्यापार  के  लिए  मुफ्त  मेटाट्रेडर  4 मंच  क्षमताओं  को  ट्रैक  करते  हैं , तो  इस  क्षेत्र  में  बिना  अनुभव  के  लोग  भी  सर्विस  को  हैंडल  कर  पाएंगे , खासकर  अगर  उन्हें  पहले  से  ही  ट्रेडिंग  का  कुछ  ज्ञान  हो ।",0.0,0.0,0.0
"उसका  नारा  था  दुनिया  के  मजदूरों  एक  हो , तुम्हें  केवल  अपनी  जंजीरें  तोड़नी  हैं ।",1.0000000000000161e-204,1.0000000000000161e-204,1.0000000000000161e-204
एसएस  राजामौली  के  निर्देशन  में  दो  हिस्सों  में  बनी  ब्लॉकबस्टर  फिल्म  बाहुबली  की  प्रीक्वल  में  शिवगामी  की  यात्रा  दिखायी  जायेगी .,1.000000000000021e-264,1.000000000000021e-264,1.000000000000021e-264
इंडियन  रेलवे  Indian Railway किसानों  की  आय  बढ़ाने  के  लिए  किसान  स्पेशल  ट्रेन  चला  रही  है ।,1.0000000000000171e-216,1.0000000000000171e-216,1.0000000000000171e-216
"इन  तीन  मैस्कट  रोबोट  को  कांग्कोंग , लियानलियन  और  चेनचेन  नाम  दिया  गया ।",1.0000000000000141e-180,1.0000000000000141e-180,1.0000000000000141e-180
पशुओं  के  लिए  भी  यह  खरपतवार  अत्याधिक  विषाक्त  होता  है ।,1.0000000000000113e-144,1.0000000000000113e-144,1.0000000000000113e-144
इससे  ग्रामवासियों  को  बेहद  परेशानी  होती  है ।,1.0000000000000085e-108,1.0000000000000085e-108,1.0000000000000085e-108
"कैश  पर  लगी  पाबंधि  के  बाद  से  पूरे  देश  में  कई  जगह  लोग  परेशान  रहे  थे , वहीं  बैंकों  में  भी  पर्याप्त  धन  नहीं  होने  के  चलते  यह  दिक्कत  और  अधिक  विक्राल  हो  गई  थी ।",0.0,0.0,0.0
नागालैंड  के  बारे  में  कुछ  ऐसी  बातें  जो  भारत  में  कम  लोगों  को  पता  हैं !,1.0000000000000161e-204,1.0000000000000161e-204,1.0000000000000161e-204
वहीं  बड़े  व्यापारियों  को  अपने  साधन  से  कानपुर  और  मुगलसराय  से  पेट्रोल - डीजल  मंगाना  पड़  रहा  है ।,1.000000000000019e-240,1.000000000000019e-240,1.000000000000019e-240
वर्तमान  में  इमरजेंसी  के  दौरान  ही  जरूरतमंद  लोग  रक्तदान  करने  आ  रहे  हैं  जिसमें  रक्तदान  के  बाद  ही  रक्त  मिल  पा  रहा  है  जिसमें  एनजीओ  व  आमजन  पीछे  हट  गए  हैं ।,0.0,0.0,0.0
विभाग  द्वारा  सरस्वती  साइकिल  योजना  के  तहत  हायर  सेकेंडरी  स्कूल  सोरगा  में  पढऩे  वाली  9 वीं  की  31 बालिकाओं  को  साइकिल  दी  गई ।,1.0000000000000237e-300,1.0000000000000237e-300,1.0000000000000237e-300
मुझे  उम्मीद  है  कि  अबू  आसिम  आज़मी  के  मुट्ठी  भर  लोग  मुंबई  का  माहौल  खराब  नहीं  कर  पाएंगे ।,1.000000000000019e-240,1.000000000000019e-240,1.000000000000019e-240
"उन्होंने  वनवासी  बालिका  छात्रावास  भवन , व  श्रीराम  प्रिय  जन  चिकित्सालय  व  सबरी  सरोवर  बनाने  के  लिए  भूमि  पूजन  किया ।",1.000000000000021e-264,1.000000000000021e-264,1.000000000000021e-264
"इसमें  उत्तर  प्रदेश , उत्तराखंड , पंजाब , गोवा  और  मणिपुर  शामिल  है .",1.0000000000000141e-180,1.0000000000000141e-180,1.0000000000000141e-180
चुनाव  में  एनडीए  उम्मीदवार  को  126 और  महागठबंधन  के  प्रत्याशी  को  114 वोट  मिले  हैं .,1.0000000000000161e-204,1.0000000000000161e-204,1.0000000000000161e-204
फलस्तीनी  राष्ट्रपति  महमूद  अब्बास  ने  कहा  कि  इस्राइल  के  इस  कदम  के  बाद  भी  वह  उसके  साथ  समन्वय  पर  अपने  रूख  को  यथास्थिति  बनाए  रखेंगे ।,0.0,0.0,0.0
नीलामी  में  किंग्स  इलेवन  पंजाब  की  टीम  सर्वाधिक  23 करोड़  35 लाख  रुपए  की  राशि  के  साथ  उतरेगी .,1.000000000000019e-240,1.000000000000019e-240,1.000000000000019e-240
योगी  ने  कहा  कि  राज्य  में  कोरोना  वायरस  से  निपटने  को  लेकर  सदन  में  चर्चा  होनी  चाहिए ।,1.000000000000018e-228,1.000000000000018e-228,1.000000000000018e-228
आरोप  है  कि  निर्धारित  वक्त  बीतने  के  बाद  भी  जब  उसने  रकम  नहीं  दी  तो  नागफनी  थाने  में  रिपोर्ट  दर्ज  करा  दी ।,1.0000000000000227e-288,1.0000000000000227e-288,1.0000000000000227e-288
स्लीपर  की  जगह  एसी  थर्ड  श्रेणी  के  कोच  लगने  लगे  हैं ।,1.0000000000000123e-156,1.0000000000000123e-156,1.0000000000000123e-156
"बिजली  की  खराबी  का  मिनटों  में  पता  लगाने  के  लिए  रायपुर  में  स्कॉडा  सिस्टम  लगाया  गया  है  लेकिन  इसके  बाद  भी  बिजली  अमले  को  जब  भी  शहर  में  बिजली  की  खराबी  होती  है , तो  उसका  पता  इस  सिस्टम  से  बहुत  कम  लग  पाता  है ।",0.0,0.0,0.0
लेकिन  ऐसे  बहुत  कम  ही  हैं  जो  पूरी  दुनिया  घूमने  के  सपने  को  पूरा  कर  पाते  हैं ।,1.000000000000018e-228,1.000000000000018e-228,1.000000000000018e-228
पहला  भजन  मुझे  दे  दो  दया  का  दान  मेरे  शिरडी  के  साईं  बाबा  गाया ।,1.000000000000015e-192,1.000000000000015e-192,1.000000000000015e-192
उनके  पास  जवाब  देने  के  लिए  सिर्फ  24 घंटे  का  समय  दिया  गया  था .,1.000000000000015e-192,1.000000000000015e-192,1.000000000000015e-192
जिसमें  समिति  द्वारा  लोगों  से  चंदा  कर  50 रुपए  प्रति  कूपन  दिया  जाता  है ।,1.000000000000015e-192,1.000000000000015e-192,1.000000000000015e-192
रायन  रेनॉल्ड्स  ने  डेडपूल  1 में  कमाल  का  अभिनय  किया  था  और  वो  इस  बार  भी  जबर्दस्त  काम  कर  रहे  हैं .,1.0000000000000217e-276,1.0000000000000217e-276,1.0000000000000217e-276
अब  जांचें  कि  आपकी  नाक  की  किस  तरफ  से  आपकी  सांसे  अधिक  दृढ़ता  से  बह  रही  है ।,1.000000000000018e-228,1.000000000000018e-228,1.000000000000018e-228
"उन्होंने  मध्यप्रदेश  को  इसका  सर्वश्रेष्ठ  उदाहरण  बताया , जहाँ  दो  वर्ष  से  कमजोर  मानसून  और  ओला - वृष्टि  के  बावजूद  प्रदेश  अपनी  22 फीसदी  कृषि  विकास  दर  बनाये  रखने  में  सफल  रहा  है ।",0.0,0.0,0.0
"वह  सबसे  छोटी  संख्या  ज्ञात  कीजिए  जिसे  15 , 25 , 28 से  विभाजित  करने  पर  प्रत्येक  स्थिति  में  शेषफल  8 प्राप्त  हो ?",1.0000000000000237e-300,1.0000000000000237e-300,1.0000000000000237e-300
11 वां  ओवर  स्टोइनिस  ने  किया .,1.0000000000000076e-96,1.0000000000000076e-96,1.0000000000000076e-96
दोपहर  करीब  12.15 बजे  कुछ  मिनट  के  लिए  भारतीय  पोस्ट  निकोवाल  पर  पाकिस्तानी  रेंजर्स  ने  सीमा  सुरक्षा  बल  के  साथ  अचानक  संपर्क  किया ।,1.0000000000000237e-300,1.0000000000000237e-300,1.0000000000000237e-300
वर्तमान  में  केंद्र  सरकार  ने  मनरेगा  मजदूरों  का  मजदूरी  194 से  202 रुपये  कर  दिया  है ।,1.0000000000000171e-216,1.0000000000000171e-216,1.0000000000000171e-216
"ओएफडी  की  टीम  में  शामिल  पूनम  जोशी , पवन  पचारिया  और  रविकांत  शर्मा  ने  बताया  कि  राजस्थान  के  अन्य  जिले  में  इस  तकनीक  का  इस्तेमाल  किया  जा  चुका  है ।",0.0,0.0,0.0
उन्होंने  बताया  कि  बदमाशों  ने  पेट्रोल  पंप  के  कर्मचारियों  के  साथ  मारपीट  करके  उनकी  स्कूटी  लूट  ली  और  स्कूटी  में  आठ  लाख  रुपए  नगद  रखे  थे ।,0.0,0.0,0.0
देश  की  राजधानी  के  कई  इलाकों  में  पानी  भर  गया ।,1.0000000000000113e-144,1.0000000000000113e-144,1.0000000000000113e-144
दिसंबर  की  एक  रात  कड़कड़ाती  सर्दी  में  मैं  मंदिर  की  परिक्रमा  से  लौट  रहा  था .,1.0000000000000161e-204,1.0000000000000161e-204,1.0000000000000161e-204
असल  में  बलूच  लोगों  का  मानना  है  कि  भारत  से  अलग  होने  के  बाद  पाकिस्तान  ने  सिंध  और  पंजाब  प्रातों  का  तो  विकास  किया  लेकिन  बलूचिस्तान  पर  कभी  ध्यान  नहीं  दिया .,0.0,0.0,0.0
अन्य  विपक्षी  हस्तियों  ने  इस  मामले  में  क्रेमलिन  रूसी  राष्ट्रपति  का  कार्यालय) का  हाथ  होने  की  आशंका  जताई  है ।,1.0000000000000199e-252,1.0000000000000199e-252,1.0000000000000199e-252
"उधर , श्रीनगर  में  डल  झील  किनारे  भी  सुबह - शाम  रौनक  दिखने  लगी  है ।",1.0000000000000161e-204,1.0000000000000161e-204,1.0000000000000161e-204
शिवराज  ने  एक  बयान  से  कई  निशाने  साधने  की  कोशिश  की  है ।,1.0000000000000132e-168,1.0000000000000132e-168,1.0000000000000132e-168
उसके  बहनोई  राजू  सिंह  ने  बताया  कि  उसे  बार - बार  वह  फोन  कर  रहे  थे  तो  जवाब  आ  रहा  था  कि  थोड़ी  ही  देर  में  आ  जाएगा ।,0.0,0.0,0.0
पुलिस  अधिकारियों  ने  जब्त  सामग्री  का  पंचनामा  भी  तैयार  नहीं  किया .,1.0000000000000123e-156,1.0000000000000123e-156,1.0000000000000123e-156
जिला  मेरठ  केमिस्ट  एंड  ड्रगिस्ट  एसोसिएशन  को  राष्ट्रीय  व  प्रदेश  स्तर  से  मान्यता  प्राप्त  हो  गई  है ।,1.000000000000018e-228,1.000000000000018e-228,1.000000000000018e-228
"तजा  मामला  बरेली  का  है , यहां  एक  महिला  ने  अपनी  4 की  बेटी  को  स्कूल  में  दाखिला  दिलाने  की  मांग  करना  महंगा  पड़  गया .",0.0,0.0,0.0
प  मुझे  बता  सकते  कहाँ  बिक्री  पराग्वे  में  के  लिए  Clenbuterol Ambroxol डिस्कवर  के  लिए ?,1.0000000000000161e-204,1.0000000000000161e-204,1.0000000000000161e-204
"उन्होंने  चोरों  को  दौड़ाया  लेकिन , अंधेरे  का  फायदा  उठाकर  बदमाश  भाग  निकले ।",1.0000000000000141e-180,1.0000000000000141e-180,1.0000000000000141e-180
आज  का  दिन  आपके  लिए  कुछ  परेशानियां  लेकर  आ  रहा  है ।,1.0000000000000123e-156,1.0000000000000123e-156,1.0000000000000123e-156
थाना  प्रभारी  प्रेमचंद  शर्मा  ने  बताया  कि  दोनों  आरोपितों  पर  पशु  क्रूरता  अधिनियम  की  धाराओं  के  अंतर्गत  मुकदमा  दर्ज  किया  गया  है ।,1.0000000000000227e-288,1.0000000000000227e-288,1.0000000000000227e-288
कृष्णा  पब्लिक  स्कूल  के  बच्चों  ने  विश्व  पर्यावरण  दिवस  मनाया ।,1.0000000000000113e-144,1.0000000000000113e-144,1.0000000000000113e-144
पूर्णिया .,1.0000000000000028e-36,1.0000000000000028e-36,1.0000000000000028e-36
अंडर - 19 विश्व  कप  में  यश  ढुल  भारत  की  कप्तानी  करते  नजर  आएंगे ।,1.000000000000015e-192,1.000000000000015e-192,1.000000000000015e-192
हर  रोल  में  फिट  हो  जाने  वाली  मशहूर  अदाकारा  रत्ना  पाठक  आज  अपना  जन्मदिन  60 वां  जन्मदिन  मना  रही  हैं ।,1.000000000000021e-264,1.000000000000021e-264,1.000000000000021e-264
पांचवें  दिन  उमेश  यादव  ने  कप्तान  एंजेलो  मैथ्यूज  को  आउट  करके  श्रीलंका  को  तीसरा  झटका  दिया ।,1.0000000000000171e-216,1.0000000000000171e-216,1.0000000000000171e-216
"उषा  रानी , आई .",1.0000000000000057e-72,1.0000000000000057e-72,1.0000000000000057e-72
"Account बनाने  के  बाद  आपको  "" Offers "" Tab पर  क्लिक  करना  है  तो  तो  वहां  से  आपको  पता  चल  जाएगा  आप  कितने  तरीकों  से  इस  एप  से  पैसे  कमा  सकते  हैं ।",0.0,0.0,0.0
बदमाश  का  दूसरा  कारतूस  तमंचे  में  फंस  गया ।,1.0000000000000094e-120,1.0000000000000094e-120,1.0000000000000094e-120
सैकड़ों  की  संख्या  में  स्टूडेंट्स  धरने  पर  बैठ  गए  हैं ।,1.0000000000000113e-144,1.0000000000000113e-144,1.0000000000000113e-144
ने  कहा  कि; यह  एक  कहानी  है  . . .,1.0000000000000105e-132,1.0000000000000105e-132,1.0000000000000105e-132
जब  दिव्यांग  युवक  को  सच्चाई  का  पता  चला  तो  उसके  होश  उड़  गए ।,1.0000000000000141e-180,1.0000000000000141e-180,1.0000000000000141e-180
यह  एक  टॉप  विदेशी  वित्त  पोषित  संगठन  है ।,1.0000000000000094e-120,1.0000000000000094e-120,1.0000000000000094e-120
उन्होंने  सभी  प्रतिभागियों  और  विद्यार्थियों  के  साथ - साथ  कार्यक्रम  संयोजक  प्रोफेसर  मीरा  शर्मा  को  भी  बधाई  दी ।,1.000000000000019e-240,1.000000000000019e-240,1.000000000000019e-240
"राज्य  में  अब  तक  इस  घातक  वायरस  के  कारण  14 , 612 मरीजों  की  मौत  हो  चुकी  है .",1.000000000000019e-240,1.000000000000019e-240,1.000000000000019e-240
"इंदरजीत  सिंह  ने  खुशी  जाहिर  करते  हुए  फैकल्टी , स्टाफ  और  स्टूडेंट्स  को  बधाई  दी ।",1.0000000000000161e-204,1.0000000000000161e-204,1.0000000000000161e-204
जनादेश  बदलाव  का  स्पष्ट  संकेत  दे  रहा  है ।,1.0000000000000094e-120,1.0000000000000094e-120,1.0000000000000094e-120
गौरतलब  है  कि  22 नवंबर  को  उमरेड - करांडला  अभयारण्य  में  भी  एक  गर्भवती  बाघिन  का  शव  मिला  था ।,1.0000000000000199e-252,1.0000000000000199e-252,1.0000000000000199e-252
"1995 में  विक्टोरिया  सीक्रेट  ने  अपनी  - कॉमर्स  वेबसाइट  का  निर्माण  शुरू  किया , जिसे  कंपनी  ने  तीन  साल  के  विकास  के  बाद  शाम  6 बजे  लॉन्च  किया  4 दिसंबर  1998 , डोमेन  VictoriasSecret . c",0.0,0.0,0.0
सुरक्षा  का  व्यवस्था  की  कमान  विघार्थी  परिषद्  एवं  बजरंग  दल  के  सदस्यों  के  हाथों  में  होगी ।,1.0000000000000171e-216,1.0000000000000171e-216,1.0000000000000171e-216
गांधी  से  उनकी  मुलाकात  साउथ  अफ्रीका  में  हुई ।,1.0000000000000094e-120,1.0000000000000094e-120,1.0000000000000094e-120
अनिल  ओहरी  ने  चंबा  मेडिकल  कालेज  में  प्रिंसीपल  रहते  हुए  करीब  दो  करोड़  की  वित्तीय  अनियमितताएं  की  हैं ।,1.000000000000019e-240,1.000000000000019e-240,1.000000000000019e-240
इस  पूरे  मामले  को  ऐसे  समझने  की  कोशिश  करें  कि  विभाजन  के  बाद  पाकिस्तान  से  आए  लोग  दिल्ली  और  पंजाब  में  बस  गए  और  भारत  के  प्रधानमंत्री  इंद्र  कुमार  गुजराल) और  उप  प्रधानमंत्री  लाल  कृष्ण  आडवाणी) तक  बने ।,0.0,0.0,0.0
इस  मूवी  के  लीड  पेयर  यानी  खुद  सलमान  और  उनके  साथ  कटरीना  कैफ  मूवी  के  प्रमोशन  में  जुटे  हुए  हैं ।,1.000000000000021e-264,1.000000000000021e-264,1.000000000000021e-264
नयी  दिल्ली ।,1.0000000000000038e-48,1.0000000000000038e-48,1.0000000000000038e-48
डीएम  ने  जांच  कराई  तो  युवक  ड्यूटी  करता  मिला ।,1.0000000000000105e-132,1.0000000000000105e-132,1.0000000000000105e-132
शनिवार  रात  वह  अपने  पूरे  परिवार  के  साथ  घर  पर  ही  थे ।,1.0000000000000132e-168,1.0000000000000132e-168,1.0000000000000132e-168
फोटो  में  शायद  आपको  ये  दृश्य  अच्छे  लग  रहे  होंगे ।,1.0000000000000113e-144,1.0000000000000113e-144,1.0000000000000113e-144
"यह  शहर  के  बीच  है , इसको  लेकर  भी  कर्मियों  में  नाराजगी  है ।",1.0000000000000141e-180,1.0000000000000141e-180,1.0000000000000141e-180
्बठ्ठ) पर  देख  सकते  हैं ।,1.0000000000000067e-84,1.0000000000000067e-84,1.0000000000000067e-84
आई  रेड  इंटीग्रेटेड  रोड  एक्सीडेंट  डेटाबेस) एप  के  प्रथम  चरण  के  कार्य  पूर्ण  होने  के  बाद  अब  दूसरे  चरण  की  तैयारी  शुरू  हो  गई  है ।,0.0,0.0,0.0
"पूर्वी  सिंहभूम  जिला  अध्यक्ष  वलिराम  यादव , जिला  मंत्री  अभिमन्यु  सिंह , जिला  उपाध्यक्ष  वाई  शुक्ला , जिला  कोषाध्यक्ष  मुकेश  कुमार , सहायक  सचिव  सिंहभूम  ठेकेदार  मजदूर  संघ  अनिमेष  कुमार  दास , मंडल  सचिव  पोस्टल  कर्मचारी  संघ  सह  कार्यसमिति  सदस्य  भा  म  संघ  झारखंड  प्रदेश  अमरेन्द्र  कुमार  सिंह  एवं  अन्य  सदस्य  उपस्थित  हुए ।",0.0,0.0,0.0
स्मार्टफोन  में  वॉटरड्रॉप  नॉच  के  साथ  पांच  होल  डिस्प्ले  डिजाइन  दिया  जा  सकता  है ।,1.000000000000015e-192,1.000000000000015e-192,1.000000000000015e-192
जिला  स्वास्थ्य  एवं  महामारी  नियंत्रण  अधिकारी  डॉ .,1.0000000000000085e-108,1.0000000000000085e-108,1.0000000000000085e-108
"इस  तरह  धन  एवं  संपदा  पर  कुछ  ही  लोगों  का  कब्जा  होना , अनेक  समस्याओं  का  कारक  हैं , जिनमें  बेरोजगारी , भूख , अभाव  जैसी  समस्याएं  हिंसा , युद्ध  एवं  आतंकवाद  का  कारण  बनी  है ।",0.0,0.0,0.0
ये  काम  1 मार्च  से  जिले  में  शुरू  होगा ।,1.0000000000000105e-132,1.0000000000000105e-132,1.0000000000000105e-132
"बीते  23 अक्तूबर  को  छात्रा  स्कूल  ड्रेस  पहनकर  घर  से  स्कूल  के  लिए  निकली , लेकिन  वह  घर  वापस  नहीं  लौटी ।",1.0000000000000217e-276,1.0000000000000217e-276,1.0000000000000217e-276
"इसके  साथ  ही  अगर  आप  अपने  नाभि  में  नियमित  रूप  से  नारियल  का  तेल  लगाते  हैं , तो  इससे  आपकी  हड्डियों  और  घुटनों  का  दर्द  दूर  होता  है ।",0.0,0.0,0.0
साथ  ही  इस्लामिक  तहजीब  में  पूरी  तरह  से  ढ़लने  की  बात  करते  हुए  मौजूदा  दौर  के  हालात  मसलन  शादी  विवाह  के  मौके  पर  फिजुलखर्ची  पर  रोक  लगाने  को  कहा  गया ।,0.0,0.0,0.0
इसी  कारण  Motherboard का  चयन  काफी  सोच  विचार  करके  ही  करना  चाहिए  सभी  Motherboard सभी  प्रकार  के  components को  सपोर्ट  नहीं  करते .,1.0000000000000227e-288,1.0000000000000227e-288,1.0000000000000227e-288
आम्रपाली  दुबे  के  साथ  उनकी  जोड़ी  दर्शकों  को  खूब  पसंद  आती  है ।,1.0000000000000132e-168,1.0000000000000132e-168,1.0000000000000132e-168
वो  एक  आकर्षक  व्यक्ति  हैं  और  मैं  उनसे  मिलना  पसंद  करती  हूँ ।,1.0000000000000132e-168,1.0000000000000132e-168,1.0000000000000132e-168
"ाजपूत , दिलीप  कानाणी , हितेष  जोतासणा  व  अन्य  को  आरोपी  बनाया  गया  है ।",1.000000000000015e-192,1.000000000000015e-192,1.000000000000015e-192
"सूरए  निसा  की  29 वीं  और  30 वीं  आयतों  में  क़ुरान  कहता  है , हे  ईमान  लाने  वालों , आत्महत्या  न  करो , ईश्वर  तुम्हारे  प्रति  दयालु  है ।",0.0,0.0,0.0
वो  अपने  पीछे  दो  मासूम  बच्चों  को  छोड़  गई  है  जबकि  तीन  माह  पूर्व  ही  उसके  पति  की  मौत  हो  चुकी  है .,1.0000000000000227e-288,1.0000000000000227e-288,1.0000000000000227e-288
"प्रदर्शन  में  भुवन  राम , विरेंद्र  कुमार , उमेश  कुमार , सरस्वती  देवी , कंचन , जसप्रीत  कौर , गुरू  तिब्बत , मो .",1.0000000000000237e-300,1.0000000000000237e-300,1.0000000000000237e-300
इस  लिहाज  से  देखा  जाए  तो  2020 भी  मुंबई  इंडियंस  के  लिए  अशुभ  साबित  हो  सकता  है ।,1.000000000000018e-228,1.000000000000018e-228,1.000000000000018e-228
पैरों  में  कॉर्न  होने  की  समस्या  से  निजात  पाने  के  लिए  उस  जगह  पर  दबाव  की  वजह  को  दूर  करना  जरूरी  है ।,1.0000000000000227e-288,1.0000000000000227e-288,1.0000000000000227e-288
रेलवे  प्रशासन  ने  बताया  कि  प्रवासी  मजदूर  इस  ट्रेन  से  गाजीपुर  पहुंचाए  गए  हैं ।,1.000000000000015e-192,1.000000000000015e-192,1.000000000000015e-192
अलग - अलग  मंदिरों  की  जमीनों  की  जमीनों  के  अधिकार  में  यहां  करीब  तीन  लाख  एकड़  की  जमीन  है ।,1.0000000000000199e-252,1.0000000000000199e-252,1.0000000000000199e-252
जिज्ञासा  और  विनीत  भाव  के  मेल  से  ही  आध्यात्मिक  ज्ञान  की  प्राप्ति  संभव  है ।,1.000000000000015e-192,1.000000000000015e-192,1.000000000000015e-192
प्लेनेटरी  रिसोर्सेस’ के  सह  संस्थापक  एरिक  एंडरसन  ने  कहा  कि  सौरमंडल  में  पृथ्वी  से  कई  गुना  बेशकीमती  संसाधन  मौजूद  हैं ।,1.000000000000021e-264,1.000000000000021e-264,1.000000000000021e-264
गौरतलब  है  कि  चुनाव  से  ठीक  पहले  प्रियंका  गांधी  उत्तर  प्रदेश  में  काफी  एक्टिव  दिखीं .,1.0000000000000161e-204,1.0000000000000161e-204,1.0000000000000161e-204
हालांकि  कश्मीर  से  सेना  की  संख्या  कम  किए  जाने  की  कांग्रेस  की  घोषणा  पर  उन्होंने  कहा  कि  कश्मीर  से  सेना  को  हटाना  इतना  आसान  नहीं  है ।,0.0,0.0,0.0
"० बजे  से  कक्षा  प्रारंभ  होती  है  जिसमें  हाथ  से  करने  के  विविध  कार्य  जैसे  की  कण्डे  बनाना , चरखा  चलाना , बाती  बनाना , कापड़  बनाना , मिट्टी  से  गमले  और  दिया  बनाके  उसे  रंग  से  सुशोभित  करना  ऐसे  अनेक  कार्य  में  जुड़  जाते  हैं ।",0.0,0.0,0.0
"दरअसल , अलवर  अपने  आप  में  ही  बहुत  खूबसूरत  है ।",1.0000000000000113e-144,1.0000000000000113e-144,1.0000000000000113e-144
महिंद्रा  ग्रुप  के  चेयरमैन  आनंद  महिंद्रा  ने  ट्विटर  पर  कबड्डी  खेलते  हुए  लड़कों  का  एक  वीडियो  शेयर  किया  है ।,1.0000000000000199e-252,1.0000000000000199e-252,1.0000000000000199e-252
2 संघ  पर  गांधीजी  की  हत्या  के  अन्यायपूर्ण  आरोप  के  विरोध  में  कोई  भी  राजनैतिक  दल  सामने  नहीं  आया  था ।,1.000000000000021e-264,1.000000000000021e-264,1.000000000000021e-264
वर्ष  1993 में  भूपेन्द्र  की  मौत  के  बाद  उनके  पुत्र  हर्षवर्धन  को  सम्पत्ति  की  देखरेख  के  लिए  अधिकृत  किया  गया  था ।,1.0000000000000217e-276,1.0000000000000217e-276,1.0000000000000217e-276
ऐसे  में  उनकी  यह  कन्वर्टेड  किट  पुराने  वाहनों  को  इलैक्ट्रिक  वाहन  के  रूप  में  नए  सिरे  से  रोड़  उतारने  में  मददगार  साबित  हो  सकती  है ।,0.0,0.0,0.0
कोर्ट  ने  कहा  है  कि  नेपाल  की  तरह  अगर  दिल्ली  में  भूकंप  आया  तो  मरने  वालों  की  संख्या  लाखों  में  होगी ।,1.0000000000000217e-276,1.0000000000000217e-276,1.0000000000000217e-276
यूपी  के  महोबा  जिले  में  नशे  की  हालत  में  गुस्साए  पति  ने  पत्नी  को  लाठी - डंडों  से  मारपीट  कर  घायल  कर  दिया ।,1.0000000000000237e-300,1.0000000000000237e-300,1.0000000000000237e-300
इस  घटना  से  यहां  रह  रहे  लोगों  में  भय  व्याप्त  हो  गया  है ।,1.0000000000000141e-180,1.0000000000000141e-180,1.0000000000000141e-180
"नई  दिल्ली , भाषा) ।",1.0000000000000057e-72,1.0000000000000057e-72,1.0000000000000057e-72
राज्य  की  अर्थव्यवस्था  के  लिए  आय  का  मुख्य  स्रोत  कृषि  रही  है ।,1.0000000000000132e-168,1.0000000000000132e-168,1.0000000000000132e-168
बायर्न  म्यूनिख  के  कोच  जुप  हेंक्स  इस  बात  को  समझ  चुके  हैं  कि  कोलंबिया  के  जेम्स  रोड्रिगेज  क्लब  के  लिए  भविष्य  में  महत्वपूर्ण  भूमिका  निभाएंगे ।,0.0,0.0,0.0
जब  कोई  इंसान  अधिक  तनाव  में  होता  है  तो  वो  अपने  खाने - पीने  का  सही  तरीके  से  ख्याल  नहीं  रख  पाता  है ।,1.0000000000000237e-300,1.0000000000000237e-300,1.0000000000000237e-300
03:16 PM चौका !,1.0000000000000048e-60,1.0000000000000048e-60,1.0000000000000048e-60
अधिकारियों  ने  आक्रोशित  लोगों  को  समझाने - बुझाने  का  काफी  प्रयास  किया ।,1.0000000000000132e-168,1.0000000000000132e-168,1.0000000000000132e-168
"शहर  में  सबसे  अच्छी  आइसक्रीम  Tamu इतालवी  आइसक्रीम  में  कोशिश  की  जा  सकती  है  - बजट  प्रकार  का  एक  परिवार  कैफे , किसी  भी  स्वाद  की  गेंद  के  लिए  2500 शिलिंग्स ।",0.0,0.0,0.0
"नेताजी - "" सुनो  गंगाराम , यह  खाने  का  सारा  सामान  अपने  पास  रखो  और  पानी  रुक  जाने  के  बाद  यहाँ  उपस्थित  सभी  लोगों  को  बाँट  देना  , मुझे  जरूरी  काम  से  जाना  है । """,0.0,0.0,0.0
रीद  3 बोतलों  3 बोतलों  नि: शुल्क  प्राप्तमैं  Nootropics Piracetam वैकल्पिक  सस्ते  या  बिक्री  पर  खरीदें  कर  सकते  हैं ?,1.0000000000000199e-252,1.0000000000000199e-252,1.0000000000000199e-252
"वर्तमान  में , कोटिंग  विधि  का  मुख्य  रूप  से  दो  तरीकों  से  उपयोग  किया  जाता  है: एक  स्क्रीन  कोटिंग  पायस  पर  कई  गीला  दबाव  ऑपरेशन  के  माध्यम  से  होता  है; सुखाने  की  प्रक्रिया  के  साथ  प्रत्येक  कोटिंग  के  बाद  दूसरा  है ।",0.0,0.0,0.0
और  अंतत: हम  ऐसी  यथास्थिति  को  भी  चुनौती  देने  जा  रहे  हैं  जो  असहाय  नागरिकों  और  शासन  के  प्रावधानों  के  विपरीत  औजार  बने ।,1.0000000000000237e-300,1.0000000000000237e-300,1.0000000000000237e-300
दरअसल  प्राइवेट  स्कूलों  के  संचालकों  ने  सरकार  से  आर्थिक  मदद  की  मांग  की  है .,1.000000000000015e-192,1.000000000000015e-192,1.000000000000015e-192
"उन्होंने  कहा , "" राष्ट्रपति  शी  और  मैं , द्विपक्षीय  और  अंतर्राष्ट्रीय  महत्व  के  वृहद  मुद्दे  पर  अपने  विचारों  का  आदान - प्रदान  करेंगे । """,0.0,0.0,0.0
कई  स्कूटी  और  बाइक  पानी  में  बह  गई ।,1.0000000000000094e-120,1.0000000000000094e-120,1.0000000000000094e-120
मंगल  पर  पहुंचने  वाले  अमेरिका  और  पूर्व  सोवियत  संघ  जैसे  देशों  को  कई  प्रयासों  में  सफलता  मिली  थी .,1.000000000000019e-240,1.000000000000019e-240,1.000000000000019e-240
राज्य  शासन  द्वारा  एक  दिसंबर  से  समर्थन  मूल्य  पर  धान  की  खरीदी  की  शुरूआत  हो  रही  है ।,1.000000000000018e-228,1.000000000000018e-228,1.000000000000018e-228
एसडीएम  प्रियंका  सिंह  ने  गुरुवार  को  नवीन  मंडी  स्थल  पर  खोले  गए  मार्केटिग  के  धान  खरीद  केंद्र  का  निरीक्षण  किया ।,1.000000000000021e-264,1.000000000000021e-264,1.000000000000021e-264
BHU Recruitment 2019 के  लिए  कुल  भर्तियों  की  संख्या  1305 है ।,1.0000000000000123e-156,1.0000000000000123e-156,1.0000000000000123e-156
मस्जिद  के  सौ  मीटर  के  दायरे  में  कई  जगह  लोग  मजमा  लगाए  बैठे  रहे ।,1.000000000000015e-192,1.000000000000015e-192,1.000000000000015e-192
नड्डा  ने  कहा  जिस  वक्त  भारतीय  सेना  चीनी  सेना  से  मुकाबला  कर  रही  थी ।,1.000000000000015e-192,1.000000000000015e-192,1.000000000000015e-192
"एकजुट  होकर  काम  करने  पर  हम  अमेरिका  में  कभी  भी , कभी  भी , एक  बार  भी  विफल  नहीं  रहे  हैं ।",1.0000000000000217e-276,1.0000000000000217e-276,1.0000000000000217e-276
फतेहपुर: उत्‍ तर  प्रदेश  के  फतेहपुर  जिले  में  एक  सनसनीखेज  मामला  सामने  आया  है .,1.000000000000015e-192,1.000000000000015e-192,1.000000000000015e-192
वाशिंगटन .,1.0000000000000028e-36,1.0000000000000028e-36,1.0000000000000028e-36
सुरभि  चंदना  ने  अपने  शो  ' नागिन  5 ' से  खूब  वाहवाही  लूटी  थी .,1.000000000000015e-192,1.000000000000015e-192,1.000000000000015e-192
चेतावनी: केवल  विनियमित  और  लाइसेंस  प्राप्त  विदेशी  मुद्रा  दलालों  FXTM प्रमोशन  और  कांटेस्ट  के  साथ  व्यापार ।,1.0000000000000171e-216,1.0000000000000171e-216,1.0000000000000171e-216
"उन्होंने  कहा , इंदिरा  जी  जब  झंडा  फहरा  रहीं  थीं  तो  वह  कह  रही  थीं  कि  उनका  पूरा  परिवार  देश  के  लिए  समर्पित  रहा  है ।",0.0,0.0,0.0
कृष्णा  और  दिशा  दोनों  ही  काफी  अच्छी  दोस्त  हैं ।,1.0000000000000105e-132,1.0000000000000105e-132,1.0000000000000105e-132
आज  आपको  अपने  कुछ  महत्वपूर्ण  कामों  को  थोड़ा  टालना  पड़  सकता  है ।,1.0000000000000132e-168,1.0000000000000132e-168,1.0000000000000132e-168
सरकारी  और  गैर  सरकारी  संस्थाओं  में  नौकरियां  खत्म  कर  दी  गई  हैं ।,1.0000000000000132e-168,1.0000000000000132e-168,1.0000000000000132e-168
वीके  सिंह  अपनी  पत्नी  के  साथ  दरगाह  में  उर्स  समापन  समारोह  में  शिरकत  करने  अजमेर  आये  थे ।,1.000000000000018e-228,1.000000000000018e-228,1.000000000000018e-228
"दरअसल , इतिहासकारों  के  मुताबिक  बक्सर  के  राजा  राव  रामबख्श  सिंह  1857 में  आजादी  की  जंग  में  अंग्रेजों  से  पराजित  हो  गए  थे ।",1.0000000000000237e-300,1.0000000000000237e-300,1.0000000000000237e-300
संघ  का  मत  है  कि  लैंगिक  आधार  पर  अन्याय  नहीं  होना  चाहिए .,1.0000000000000132e-168,1.0000000000000132e-168,1.0000000000000132e-168
शरीर  को  बनाए  रखने  कि  लिये  भोजन  ईधंन  का  काम  देता  है ।,1.0000000000000132e-168,1.0000000000000132e-168,1.0000000000000132e-168
कर्नाटक  मेडिकल  एसोसिएशन  के  सदस्य  व  एसीइ  सुहास  अस्पताल  के  प्रबंध  निदेशक  डॉ .,1.0000000000000141e-180,1.0000000000000141e-180,1.0000000000000141e-180
इस  मौके  पर  युवाओं  ने  केंद्र  सरकार  से  आंतकवादी  संगठनों  और  उनके  पनाहगार  पाकिस्तान  को  जल्द  सबक  सिखाने  की  मांग  की ।,1.0000000000000217e-276,1.0000000000000217e-276,1.0000000000000217e-276
"अलविदा , आन्ना  अंद्रेयेव्ना !",1.0000000000000057e-72,1.0000000000000057e-72,1.0000000000000057e-72
इस  दौरान  तीन  लोगों  की  जान  चली  गयी .,1.0000000000000094e-120,1.0000000000000094e-120,1.0000000000000094e-120
"दरवाजा  पत्ती  की  समग्र  सतह  चिकनी  और  चिकनी  है , कोई  छेद  नहीं , कोई  धूल  नहीं , साफ  करने  में  आसान ।",1.0000000000000227e-288,1.0000000000000227e-288,1.0000000000000227e-288
दिल्ली  की  एक  अदालत  ने  किसानों  के  प्रदर्शन  से  जुड़े  टूलकिट’ मामले  Toolkit Case में  आरोपी  निकिता  जैकब  की  अग्रिम  जमानत  पर  9 मार्च  को  सुनवाई  करने  का  फैसला  किया  है .,0.0,0.0,0.0
"सभी  अधिकारी , संबंधित  विभाग  के  मंत्री  और  आदिवासियों  के  अधिकारियों  के  लिए  लड़  रहे  लोगों  के  साथ  बैठ  रहे  हैं .",1.0000000000000217e-276,1.0000000000000217e-276,1.0000000000000217e-276
क्योंकि  दिनभर  आपकी  बॉडी  किसी  न  किसी  एक्टिविटी  में  बिजी  रहती  है  जो  वॉर्मअप  करने  जैसा  ही  है ।,1.000000000000019e-240,1.000000000000019e-240,1.000000000000019e-240
कुछ  दिन  पहले  कंगना  ने  कहाकि  अगर  करणी  सेना  ने  मणिकर्णिका  को  नुकसान  पहुंचाने  की  कोशिश  की  तो  वह  सबको  बर्बाद  कर  देंगी ।,1.0000000000000237e-300,1.0000000000000237e-300,1.0000000000000237e-300
"दरअसल , काजोल  के  एक  फैन  ने  पूछा  था  कि  क्या  अगर  वो  अपनी  लाइफ  में  अजय  देवगन  से  नहीं  मिली  होतीं  तो  क्या  शाहरुख  से  शादी  कर  लेतीं ?",0.0,0.0,0.0
नई  दिल्ली ।,1.0000000000000038e-48,1.0000000000000038e-48,1.0000000000000038e-48
उन्होंने  बताया  कि  अगर  तीन  चार  दिनों  तक  लगातार  बारिश  का  दौर  चलता  है  तो  इससे  मानसून  के  कमजोर  पड़ने  की  संभावना  बलवती  हो  जाती  है ।,0.0,0.0,0.0
पैरा  खेल  में  जब  से  उतरा  हूं  तब  से  लेकर  अब  तक  कोच  डॉ .,1.000000000000015e-192,1.000000000000015e-192,1.000000000000015e-192
यह  सब  एक  संयुक्त  परिवार  की  तरह  होगा  और  इसके  बाद  दोनों  तरफ  की  परेशानियां  खत्म  हो  जाएंगे ।,1.000000000000019e-240,1.000000000000019e-240,1.000000000000019e-240
"घायलों  की  संख्या  11 , 500 से  ज्यादा  है .",1.0000000000000105e-132,1.0000000000000105e-132,1.0000000000000105e-132
घटना  सुबह  चार  बजे  के  करीब  की  है ।,1.0000000000000094e-120,1.0000000000000094e-120,1.0000000000000094e-120
ये  किताब  बेस्ट  सेलर  बन  गई  है .,1.0000000000000085e-108,1.0000000000000085e-108,1.0000000000000085e-108
सत्यमेव  जयते  के  पहले  सीजन  के  बाद  आमिर  खान  को  लगातार  जान  से  मारने  की  धमकियां  मिलने  लगी  थीं ।,1.0000000000000199e-252,1.0000000000000199e-252,1.0000000000000199e-252
सामान्यतः  इस  प्रक्रिया  में  प्रचलित  पुरानी  मुद्रा  की  जगह  नई  मुद्राएं  लाई  जाती  हैं ।,1.000000000000015e-192,1.000000000000015e-192,1.000000000000015e-192
.,1.000000000000002e-24,1.000000000000002e-24,1.000000000000002e-24
लोग  सड़कों  पर  आकर  हिंसा  कर  रहे  हैं ।,1.0000000000000094e-120,1.0000000000000094e-120,1.0000000000000094e-120
हॉस्पिटल  की  यह  पहली  गलती  नहीं  है .,1.0000000000000085e-108,1.0000000000000085e-108,1.0000000000000085e-108
साथ  ही  धार्मिक  स्थलों  पर  गाना  गाने  की  भी  अनुमति  नहीं  दी  गयी  है .,1.000000000000015e-192,1.000000000000015e-192,1.000000000000015e-192
इसे  अमल  करने  में  दिक्कत  होती  है .,1.0000000000000085e-108,1.0000000000000085e-108,1.0000000000000085e-108
किसानों  के  हितों  की  सुरक्षा  के  लिए  सहकारी  बैंक  का  भरोसा  बेहद  जरूरी  है ।,1.000000000000015e-192,1.000000000000015e-192,1.000000000000015e-192
लोगों  ने  इसकी  सूचना  पुलिस  को  दी ।,1.0000000000000085e-108,1.0000000000000085e-108,1.0000000000000085e-108
डैनी  बॉलीवुड  के  एक  ऐसे  कलाकार  रहे  जिन्होंने  अपनी  नायक  और  खलनायक  दोनों  किरदारों  से  लोगों  को  अपना  दीवाना  बनाया ।,1.000000000000021e-264,1.000000000000021e-264,1.000000000000021e-264
किशोरियों  को  माहवारी  स्वच्छता  की  जानकारी  पहले  से  ही  देना  शुरू  करने  के  लिए  माताओं  को  प्रेरित  करें ।,1.000000000000019e-240,1.000000000000019e-240,1.000000000000019e-240
"हमारे  नेताओं  का , बुद्धिजीवी  वर्ग  का  और  मीडिया  का  ध्यान  इन  मुद्दों  से  क्यों  भटक  जाता  है ?",1.000000000000019e-240,1.000000000000019e-240,1.000000000000019e-240
यह  वेयर  2.0 प्लेटफार्म  पर  बेस्ड  है  साथ  ही  इसमें  बिल्ट - इन  GPS और  हार्ट  रेट  डिटेक्शन  सिस्टम  के  साथ  आता  है .,1.0000000000000237e-300,1.0000000000000237e-300,1.0000000000000237e-300
वह  शिकायत  लेकर  थाना  सिकंदरा  पहुंचे  तो  वहां  से  घटनास्थल  थाना  हरीपर्वत  बता  दिया ।,1.000000000000015e-192,1.000000000000015e-192,1.000000000000015e-192
बोलने  और  सुनने  में  पूरी  तरह  से  अक्षम  नसीमा  बेगम  की  खुद  की  माली  हालत  ज्यादा  ठीक  नहीं  है .,1.0000000000000199e-252,1.0000000000000199e-252,1.0000000000000199e-252
अमेरिका  सरकार  के  अफगान  सुलह  मामलों  के  विशेष  प्रतिनिधि  जालमे  खलीलजाद  ने  कहा  कि  दोनों  की  वार्ता  में  अहम  प्रगतियां  मिली  हैं ।,1.0000000000000227e-288,1.0000000000000227e-288,1.0000000000000227e-288
मेट्राे  रेल  का  मुख्यालय  दीक्षाभूमि  के  सामने  तैयार  हो  रहा  है ।,1.0000000000000123e-156,1.0000000000000123e-156,1.0000000000000123e-156
पहले  कुछ  रिपोर्ट्स  में  दावा  किया  गया  था  कि  हेसन  ने  भारत  के  अलावा  पाकिस्तान  और  बांग्लादेश  के  प्रशिक्षक  के  लिए  भी  आवेदन  किया  था ।,0.0,0.0,0.0
इस  पूरे  क्षेत्र  में  भी  बाढ़  होने  से  यहां  के  वन्यप्राणी  खुद  ही  सुरक्षित  स्थानों  पर  पहुंच  गए  हैं ।,1.0000000000000199e-252,1.0000000000000199e-252,1.0000000000000199e-252
खुलेआम  देश  का  अपमान  किया  गया .,1.0000000000000076e-96,1.0000000000000076e-96,1.0000000000000076e-96
देशी  शराब  की  दुकान  सूनसान  स्थान  पर  थी ।,1.0000000000000094e-120,1.0000000000000094e-120,1.0000000000000094e-120
मैंने  संसद  में  जब  सरकार  से  पूछा  तो  पता  चला  कि  पिछले  8 साल  में  सबसे  ज्यादा  बेरोजगारी  अभी  है ।,1.000000000000021e-264,1.000000000000021e-264,1.000000000000021e-264
"कसन  गांव  के  सरपंच  रमेश  सिंह  चौहान  ने  कहा , ' हम  कंपनी  की  मदद  और  स्थिति  को  सामान्य  बनाने  के  लिए  जितनी  मदद  संभव  होगी , करेंगे । '",0.0,0.0,0.0
उसे  और  उसके  दोस्तों  को  घरातियों  ने  रोका  तो  मारपीट  शुरू  कर  दी ।,1.0000000000000141e-180,1.0000000000000141e-180,1.0000000000000141e-180
हनुमान  जयंती  के  मौके  पर  आप  घर  पर  मोतीचूर  के  लड्डू  बनाकर  भोग  लगा  सकते  हैं .,1.0000000000000171e-216,1.0000000000000171e-216,1.0000000000000171e-216
"उन्होंने  कहा , हमारे  देश  में  ऐसे  कई  कानून  हैं , जिनकी  आज  कोई  प्रासंगिकता  नहीं , कोई  उपयोग  नहीं  है ।",1.0000000000000217e-276,1.0000000000000217e-276,1.0000000000000217e-276
जल्द  ही  अभ्यर्थियों  का  चयन  भी  कर  लिया  जाएगा ।,1.0000000000000105e-132,1.0000000000000105e-132,1.0000000000000105e-132
टीकाकरण  हेतु  48 चिकित्सीय  टीम  बनायए  गए  हैं ।,1.0000000000000094e-120,1.0000000000000094e-120,1.0000000000000094e-120
दुनिया  का  सबसे  पवित्र  रिश्ता  होता  है  भाई - बहन  का ।,1.0000000000000123e-156,1.0000000000000123e-156,1.0000000000000123e-156
बाद  में  अन्य  लोग  भी  जुड़ने  लगे  और  अब  दर्जनों  लोग  छठ  पूजा  कर  रहे  हैं ।,1.0000000000000171e-216,1.0000000000000171e-216,1.0000000000000171e-216
पटना .,1.0000000000000028e-36,1.0000000000000028e-36,1.0000000000000028e-36
"सीपीएम  के  एक  युवा  कार्यकर्ता  कहते  हैं , "" ये  कहना  सही  नहीं  है  कि  हम  राज्य  से  मिट  चुके  हैं .",1.0000000000000217e-276,1.0000000000000217e-276,1.0000000000000217e-276
हरिद्वार  में  21 जून  को  गंगा  और  योग  गंगा  की  धारा  एक  साथ  लोगों  को  प्रवाहित  होती  हुई  दिखाई  देगी ।,1.000000000000021e-264,1.000000000000021e-264,1.000000000000021e-264
पिछले  दिनों  निजी  कंपनी  के  एक्सपर्ट  ने  इसको  तैयार  करने  के  लिए  काफी  मशक्कत  की  है ।,1.0000000000000171e-216,1.0000000000000171e-216,1.0000000000000171e-216
उसने  पुलिस  को  बताया  कि  उसका  मकसद  कर्ज  से  भागकर  जाना  नहीं  था ।,1.0000000000000141e-180,1.0000000000000141e-180,1.0000000000000141e-180
्र .,1.0000000000000028e-36,1.0000000000000028e-36,1.0000000000000028e-36
वहीं  कई  स्थानों  पर  बड़े - बड़े  ल्हासे  गिरने  से  आवाजाही  में  दिक्कतें  पेश  आ  रही  हैं ।,1.000000000000018e-228,1.000000000000018e-228,1.000000000000018e-228
जहां  एक1 1 साल  का  बच्चा  रिक्शा  चला  रहा  है ।,1.0000000000000113e-144,1.0000000000000113e-144,1.0000000000000113e-144
प्रखंड  प्रमुख  ने  यह  भी  कहा  कि  लोग  ट्रैक्टर  पर  उनके  सामने  लकड़ी  लाद  कर  ले  जा  रहे  थे ।,1.0000000000000199e-252,1.0000000000000199e-252,1.0000000000000199e-252
समय - समय  पर  किए  जाने  वाले  कार्यो  की  उपयोगिता  प्रमाणपत्र  भी  जमा  करवाएं ।,1.000000000000015e-192,1.000000000000015e-192,1.000000000000015e-192
"प्लास्टिक  की  थैलियों  या  प्लास्टिक  के  डिब्बे  में  खाना  खाने  से  प्लास्टिक  के  साथ  ही  हमारे  शरीर  में  कई  हानिकारक  केमिकल  पहुंच  जाते  हैं , जो  हार्मोस  को  असंतुलित  कर  देते  है ।",0.0,0.0,0.0
एक  रात  वे  शाही  महल  बहुत  सुन्दर  तरीके  से  सजा  हुआ  था ।,1.0000000000000132e-168,1.0000000000000132e-168,1.0000000000000132e-168
लेकिन  क्या  आपने  सोचा  है  कि  क्या  होगा  अगर  एक  स्मार्टफोन  से  दूसरा  स्मार्टफोन  वायरलेस  चार्ज  किया  जा  सकता  है ?,1.000000000000021e-264,1.000000000000021e-264,1.000000000000021e-264
"उदाहरण  के  लिए; अमेरिका , दक्षिण  अफ्रीका , रूस  आदि  के  संविधानों  में  इस  सिद्धान्त  का  समावेश  किया  गया  है ।",1.000000000000021e-264,1.000000000000021e-264,1.000000000000021e-264
पूर्व  राष्‍ ट्रपति  रहे  बाइडेन  ने  अपनी  टीम  में  कई  भारतीयों  को  अहम  पद  से  नवाजा  है  और  ऐसे  में  भारत  के  साथ  उनका  कनेक्‍ शन  और  ज्‍ यादा  गहरा  हो  गया  है .,0.0,0.0,0.0
उसे  वेंटीलेटर  पर  रखा  गया  था ।,1.0000000000000076e-96,1.0000000000000076e-96,1.0000000000000076e-96
परीक्षा  के  दौरान  सचल  दस्ता  की  टीम  सूरज  बाबा  उच्चत्तर  माध्यमिक  विद्यालय  देवकली  नवानगर  परीक्षा  केंद्र  पर  पहुंची ।,1.000000000000019e-240,1.000000000000019e-240,1.000000000000019e-240
"इस  तरह  के  अल्प  जमा , यह  भी  मिनि  या  माइक्रो  खातों  कहा  जाता  है ।",1.0000000000000161e-204,1.0000000000000161e-204,1.0000000000000161e-204
"मिंट’ की  एक  रिपोर्ट  के  मुताबिक , इस  बेमेल  आंकड़े  के  चलते  लोगों  को  धड़ाधड़  नोटिस  मिल  रहे  हैं .",1.0000000000000199e-252,1.0000000000000199e-252,1.0000000000000199e-252
केरल  बाढ़  पीड़ितों  की  सहायता  के  लिए  पंजाब  एवं  हरियाणा  हाईकोर्ट  ने  एक  महत्वपूर्ण  कदम  उठाया  है .,1.000000000000018e-228,1.000000000000018e-228,1.000000000000018e-228
फिर  उतारकर  ऐसे  बर्तन  में  दाल  दें  जिसमें  ठंडा  पानी  भरा  हो ।,1.0000000000000132e-168,1.0000000000000132e-168,1.0000000000000132e-168
विभाग  ने  कलेक्टरों  एवं  जिला  दंडाधिकारियों  द्वारा  घोषित  कोविड - 19 प्रभावित  कंटेनमेंट  जोन  की  सूची  भी  जारी  की  है ।,1.000000000000021e-264,1.000000000000021e-264,1.000000000000021e-264
जिससे  उनको  दिक्कत  होती  है ।,1.0000000000000067e-84,1.0000000000000067e-84,1.0000000000000067e-84
"बजट  में  आठ  फीसदी  आर्थिक  वृद्धि  दर  की  बात  कही  गई  है , जो  समझ  में  नहीं  आता  है ।",1.0000000000000199e-252,1.0000000000000199e-252,1.0000000000000199e-252
.,1.000000000000002e-24,1.000000000000002e-24,1.000000000000002e-24
रतलाम ।,1.0000000000000028e-36,1.0000000000000028e-36,1.0000000000000028e-36
तभी  अचानक  शोरूम  के  तृतीय  तल  पर  आग  लग  गई ।,1.0000000000000113e-144,1.0000000000000113e-144,1.0000000000000113e-144
परिवार  के  सहयोग  से  ही  कार्यक्षेत्र  में  आपका  प्रदर्शन  अच्छा  होगा ।,1.0000000000000123e-156,1.0000000000000123e-156,1.0000000000000123e-156
उन्होंने  बताया  कि  कई  केंद्रों  पर  टीकाकरण  अभी  भी  जारी  है  और  हम  आज  8 लाख  का  आंकड़ा  पार  कर  सकते  हैं ।,1.0000000000000227e-288,1.0000000000000227e-288,1.0000000000000227e-288
"वीरपाल  सिंह  ने  आरोप  लगाया  है  कि  क्षेत्र  में  कई  जगह  मिट्टी  का  खनन  हो  रहा  है , जिसके  वह  खिलाफ  हैं ।",1.0000000000000227e-288,1.0000000000000227e-288,1.0000000000000227e-288
"खबरों  की  मानें  तो  इस  फिल्म  में  शाहरूख  खान  मुख्य  किरदार  में  हैं , लेकिन  अभी  तक  इसकी  आधिकारिक  पुष्टि  नहीं  की  गई  है ।",1e-312,1e-312,1e-312
शाम  होते  हाते  सर्दी  बढती  चली  गई  और  लोगो  का  घरों  से  निकलना  दूभर  हो  गया ।,1.0000000000000171e-216,1.0000000000000171e-216,1.0000000000000171e-216
"जिससे  आसपास  के  क्षेत्र  में  दहशत  फैल  गयी , जिस  समय  सिलेंडर  फटा  तो  आसपास  भूकंप  की  तरह  कंपन  महसूस  किए  गए ।",1.0000000000000227e-288,1.0000000000000227e-288,1.0000000000000227e-288
पिछले  साल  निगम  ने  करीब  80 हजार  टन  कच्चा  जूट  खरीदा  था ।,1.0000000000000132e-168,1.0000000000000132e-168,1.0000000000000132e-168
इसके  चलते  कई  जगहों  पर  यातायात  भी  प्रभावित  हुआ  है ।,1.0000000000000113e-144,1.0000000000000113e-144,1.0000000000000113e-144
"बलवीर  सिंह  चौहान , मैनेजिंग  ट्रस्टी  मुंबई  जितेंद्र  सिंह  कुशवाह  ने  भी  शुभकामनाएं  दी ।",1.000000000000015e-192,1.000000000000015e-192,1.000000000000015e-192
आईपीएस  बनकर  लखनऊ  में  2 साल  तक  अंडर  ट्रेनी  एएसपी  तैनात  रहीं .,1.0000000000000132e-168,1.0000000000000132e-168,1.0000000000000132e-168
महागठबंधन  की  अभी  तक  स्थिति  स्‍ पष्‍ ट  नहीं  है ।,1.0000000000000113e-144,1.0000000000000113e-144,1.0000000000000113e-144
"रश्मि  सिंह , डा .",1.0000000000000057e-72,1.0000000000000057e-72,1.0000000000000057e-72
स  और  एम .,1.0000000000000048e-60,1.0000000000000048e-60,1.0000000000000048e-60
"एक  वीडियो  संबोधन  केे  माध्‍ यम  से  जिलाधिकारी  राजेश  नरवेकर  ने  कहा  कि  गैर - नियंत्रण  क्षेत्रों  में  छूट  दी  जाएगी  और  ठाणे  ग्रामीण , नगरपालिका  और  नगर  पंचायत  की  सीमा  में  आने  वाले  इलाकों  में  राज्य  सरकार  के  दिशा - निर्देश  लागू  होंगे ।",0.0,0.0,0.0
बिष्टुपुर  स्थित  गोपाल  मैदान  में  सुबह  क्0 से  लेकर  रात  क्0 बजे  तक  गेम्स  और  एक्टिविटीज  का  दौर  चलता  रहा .,1.000000000000021e-264,1.000000000000021e-264,1.000000000000021e-264
लोकसभा  चुनाव  में  भाजपा  ने  भारी  जीत  दर्ज  की  है .,1.0000000000000113e-144,1.0000000000000113e-144,1.0000000000000113e-144
मैंने  लोगों  की  परवाह  नहीं  की ।,1.0000000000000076e-96,1.0000000000000076e-96,1.0000000000000076e-96
उन्हें  गिरफ्तार  करने  के  बाद  यूएस  मार्शल्स  सर्विस  ःयूएसएमएसः  को  सौंप  दिया  गया  था ।,1.000000000000015e-192,1.000000000000015e-192,1.000000000000015e-192
वन  रेंज  अधिकारी  गोपाल  सिंह  बिष्ट  एवं  फारेस्टर  खीमानंद  खंडूडी  ने  बताया  कि  शनिवार  से  वन  विभाग  ने  अलग - अलग  स्थानों  पर  पिंजरे  लगाए  हैं ।,0.0,0.0,0.0
बस  आग  लग  गई  और  सारा  रूपया  जलकर  राख  हो  गया ।,1.0000000000000123e-156,1.0000000000000123e-156,1.0000000000000123e-156
ये  कीट  कोमल  पत्तियों  और  फूलों  का  रस  चूस  लेते  हैं .,1.0000000000000123e-156,1.0000000000000123e-156,1.0000000000000123e-156
क्योंकि  सरकार  30 करोड़  डोज  के  लिए  कंपनी  पर  निर्भर  है .,1.0000000000000123e-156,1.0000000000000123e-156,1.0000000000000123e-156
उसने  हापुड़  के  अंग्रेज  अधिकारी  विल्सन  की  सहायता  से  चौधरी  जबरस्त  खाँ  तथा  उनके  भाई  उल्फत  खाँ  को  अनेक  समर्थको  सहित  गिरफ्तार  कर  लिया ।,1e-312,1e-312,1e-312
"रांची: - झारखंड  प्रदेश  कांग्रेस  कमेटी  के  प्रवक्ता  आलोक  कुमार  दूबे , लाल  किशोरनाथ  शाहदेव  और  राजेश  गुप्ता  छोटू  ने  कहा  कि  एक  ओर  देश  के  अन्नदाता  किसान  सड़कों  पर  है , वहीं  दूसरी  ओर  से  पेट्रोलियम  पदार्थां  और  आवश्यक  वस्तुओं  की  कीमतों  में  बढ़ोत्तरी  से  आमजन  परेशान  है ।",0.0,0.0,0.0
वॉशिंगटन: स्नैपचैट  वीडियो  में  अपने  ही  स्टूडेंट  के  साथ  सेक्स  करती  नजर  आई  20 वर्षीय  स्कूल  टीचर  Teacher को  पुलिस  ने  गिरफ्तार  कर  लिया  है .,0.0,0.0,0.0
दर  थाना  पुलिस  एसएचओ  अनिल  कुमार  ने  बताया  कि  रेवाड़ी  जिला  के  माहेश्वरी  गांव  निवासी  लक्ष्मण  सिंह  ने  पुलिस  को  दी  शिकायत  में  कहा  है  कि  उसका  31 वर्षीय  पुत्र  सतीश  विवाह - शादी  आदि  सामाजिक  समारोह  में  बैंडबाजा  बजाने  का  काम  करता  था ।,0.0,0.0,0.0
लीवर  संबंधी  दिक्कतों  को  लेकर  सजग  रहें .,1.0000000000000085e-108,1.0000000000000085e-108,1.0000000000000085e-108
्काई  न्यूज  टीवी  चैनल  ने  लीबियाई  राष्ट्रीय  सेना  एलएनए) के  हवाले  से  रविवार  को  यह  जानकारी  दी ।,1.000000000000018e-228,1.000000000000018e-228,1.000000000000018e-228
मी .,1.0000000000000028e-36,1.0000000000000028e-36,1.0000000000000028e-36
मुख्य  अतिथि  एके  सिंह  ने  कहा  कि  सीएसआर  के  तहत  महिलाओं  के  उत्थान  हेतु  रोजगार  से  जुड़ने  के  लिए  सिलाई  मशीन  का  वितरण  किया  जा  रहा  है ।,0.0,0.0,0.0
इसी  बीच  कुछ  स्थानीय  लोगों  द्वारा  कार्य  करने  में  व्यवधान  उत्पन्न  किया  जा  रहा  है ।,1.0000000000000161e-204,1.0000000000000161e-204,1.0000000000000161e-204
"हालांकि  जो  नुकसान  होना  था , सो  हो  चुका .",1.0000000000000105e-132,1.0000000000000105e-132,1.0000000000000105e-132
"हालांकि  पिछले  सालों  में  स्थिर  आर्थिक  विकास  के  कारण  कुछ  इलाकों  में  स्थिति  सुधरी  है , लेकिन  न्यूरेमबर्ग  के  मेयर  ऊलरिष  माली  का  कहना  है  कि  जर्मनी  के  शहर  धनी  और  गरीब  दो  खेमों  में  बंटते  जा  रहे  हैं .",0.0,0.0,0.0
वीडियो  टेप  में  पहले  पीडि़त  महिला  रमनजीत  कौर  हेड  कांस्टेबल  सतीश  की  बाइक  पर  ईंट  मारती  हुई  दिखाई  पड़  रही  है ।,1.0000000000000217e-276,1.0000000000000217e-276,1.0000000000000217e-276
पानी  भरने  की  बात  पर  गुलशननगर  में  मंगलवार  को  दो  पक्षों  में  विवाद  हो  गया ।,1.0000000000000161e-204,1.0000000000000161e-204,1.0000000000000161e-204
जिस  कारण  किसानों  को  घोर  कठिनाई  हो  रही  थी ।,1.0000000000000105e-132,1.0000000000000105e-132,1.0000000000000105e-132
एक - दूसरे  की  पसंद - नापसंद  जानना  भी  जरूरी  है .,1.0000000000000123e-156,1.0000000000000123e-156,1.0000000000000123e-156
आपकी  अपनों  से  भेंट  होगी ।,1.0000000000000067e-84,1.0000000000000067e-84,1.0000000000000067e-84
"सुशी  कई  लोगों  का  पसंदीदा  भोजन  है , और  यह  बस  स्वस्थ  विकल्पों  में  से  एक  होने  के  लिए  होता  है !",1.0000000000000217e-276,1.0000000000000217e-276,1.0000000000000217e-276
"एक  अन्य  पोस्टर  में  लिखा  है , दिल्ली  का  मुख्यमंत्री  अरविंद  केजरीवाल - सिंघम  रिटर्न्‍ स  3 ।",1.000000000000018e-228,1.000000000000018e-228,1.000000000000018e-228
मोदी  सरकार  के  पहले  बजट  पर  पूरे  देश  की  उम्मीद  टिकी  है ।,1.0000000000000132e-168,1.0000000000000132e-168,1.0000000000000132e-168
"दरअसल  आॅटोमेटिक  कार  गियर  लीवर  ये  चार  चिन्ह  बने  होते  हैं , P , R , N , D जिनका  अपना  अलग  मतलब  होता  है ।",0.0,0.0,0.0
उनका  कहना  है  कि  उनके  देश  में  शिक्षा  का  व्यावसायीकरण  हो  गया  है  और  वह  अर्थव्यवस्था  के  उदारीकरण  से  प्रेरित  है .,1.0000000000000217e-276,1.0000000000000217e-276,1.0000000000000217e-276
ऐसा  ही  वे  मंत्रियों  से  भी  चाहते  हैं ।,1.0000000000000094e-120,1.0000000000000094e-120,1.0000000000000094e-120
"प्राकृतिक  सामग्रियों  की  तुलना  में , इनमें  से  किसी  भी  प्रकार  की  टाइलों  का  काफी  सस्ती  मूल्य  है ।",1.000000000000019e-240,1.000000000000019e-240,1.000000000000019e-240
हालांकि  कोरोना  के  बाद  अब  डेंगू  और  वायरल  फीवर  ने  स्वास्थ्य  विभाग  की  चिंता  बढ़ा  दी  है ।,1.000000000000018e-228,1.000000000000018e-228,1.000000000000018e-228
न्यायिक  हितों  के  कारण  उन्होंने  कहा  कि  घोषणा  उस  समय  निष्पादित  नहीं  की  जा  सकती ।,1.0000000000000161e-204,1.0000000000000161e-204,1.0000000000000161e-204
सांसद  पीएन  सिंह  के  पुत्र  प्रशांत  सिंह  ने  धनबाद  विधानसभा  के  लिए  भाजपा  से  टिकट  की  दावेदारी  पेश  की  है .,1.000000000000021e-264,1.000000000000021e-264,1.000000000000021e-264
वह  कहती  हैं  कि  ' जब  ये  वाक्या  हुआ  था  तब  मेरी  उम्र  काफी  छोटी  थी  और  मुझे  समझ  नहीं  आया .,1.0000000000000217e-276,1.0000000000000217e-276,1.0000000000000217e-276
मेष: - आज  के  दिन  व्यापार  में  थोड़ी  मंदी  का  सामना  करना  पड़  सकता  है ।,1.0000000000000161e-204,1.0000000000000161e-204,1.0000000000000161e-204
लेकिन  शिक्षक  व  कर्मचारियों  को  मुख्यालय  में  रहना  होगा ।,1.0000000000000105e-132,1.0000000000000105e-132,1.0000000000000105e-132
ेबी  अरिक  रामपाल  को  हैलो  कहिए । ',1.0000000000000085e-108,1.0000000000000085e-108,1.0000000000000085e-108
E 471 halal .,1.0000000000000048e-60,1.0000000000000048e-60,1.0000000000000048e-60
एसपी  वेस्ट  डॉ ।,1.0000000000000048e-60,1.0000000000000048e-60,1.0000000000000048e-60
सहायक  संचालक  एनके  चंद्रा  ने  बताया  कि  हिंदी  मुद्र  लेखन  परीक्षा  के  लिए  10 मिनट  का  समय  ही  तय  किया  गया  था ।,1.0000000000000227e-288,1.0000000000000227e-288,1.0000000000000227e-288
उन्होंने  बताया  कि  जन्म  के  6 माह  बाद  ही  उनकी  नेत्र  ज्योति  चली  गई ।,1.000000000000015e-192,1.000000000000015e-192,1.000000000000015e-192
इस  तरह  टोल  प्लाजा  पर  रुके  बगैर  शुल्क  का  भुगतान  हो  जाता  है ।,1.0000000000000141e-180,1.0000000000000141e-180,1.0000000000000141e-180
जिसमे  उन्होंने  कहा  है  कि  जियो  ने  सफलता  के  नए  प्रतिमान  गढे  हैं .,1.0000000000000141e-180,1.0000000000000141e-180,1.0000000000000141e-180
शासकीय  जमीन  से  एक  झोपड़ी  को  भी  हटाया  गया ।,1.0000000000000105e-132,1.0000000000000105e-132,1.0000000000000105e-132
आपको  बता  दें  आईएसआईएस  के  ये  आतंकी  अमेरिका  के  अंदर  घुसकर  किसी  बडी  घटना  को  अंजाम  देने  की  फिराक  में  हैं ।,1.0000000000000217e-276,1.0000000000000217e-276,1.0000000000000217e-276
लेकिन  2019 के  बाद  जिले  में  पेट्रोलियम  का  कारोबार  खूब  फला  फूला ।,1.0000000000000132e-168,1.0000000000000132e-168,1.0000000000000132e-168
"बता  दें  कि  हरियाणा  के  अलावा  पंजाब , उत्तर  प्रदेश , राजस्थान , दिल्ली  और  कई  राज्यों  में  भी  डेरा  की  संपत्तियां  हैं ।",1.0000000000000237e-300,1.0000000000000237e-300,1.0000000000000237e-300
मैं  आपसे  माफी  मांगती  हूं  कि  आपको  इस  तरह  से  रहना  पड़ा ।,1.0000000000000132e-168,1.0000000000000132e-168,1.0000000000000132e-168
- कॉमर्स  वेबसाइट  फ्लिपकार्ट  की  बिग  दिवाली  सेल  का  आगाज़  हो  चुका  है ।,1.0000000000000141e-180,1.0000000000000141e-180,1.0000000000000141e-180
सच  में  पोरिवर्तन’ है .,1.0000000000000057e-72,1.0000000000000057e-72,1.0000000000000057e-72
इस  दौरान  इंडस्ट्री  के  तमाम  सितारों  से  लेकर  उनके  फैंस  तक  ने  उन्हें  बधाई  दी .,1.0000000000000161e-204,1.0000000000000161e-204,1.0000000000000161e-204
मां  भी  उनके  पास  सो  गई ।,1.0000000000000076e-96,1.0000000000000076e-96,1.0000000000000076e-96
क्राइम  ब्रांच  ने  तिहाड़  जेल  से  रिमांड  पर  लेकर  उससे  पूछताछ  की  थी ।,1.0000000000000141e-180,1.0000000000000141e-180,1.0000000000000141e-180
इसके  साथ  ही  आक्सीजन  सिलेंडर  का  भंडारण  एवं  कालाबाजारी  की  जा  रही  है ।,1.0000000000000141e-180,1.0000000000000141e-180,1.0000000000000141e-180
गर्भनिरोधकों  के  इस्तेमाल  का  अधिक  सामाजिक  दबाव  महिलाएं  ही  झेल  रही  हैं ।,1.0000000000000132e-168,1.0000000000000132e-168,1.0000000000000132e-168
जो  दूर - दूर  तक  संदेश  का  आदान - प्रदान  करते  थे ।,1.0000000000000132e-168,1.0000000000000132e-168,1.0000000000000132e-168
वह  मेरी  माता  जी  के  साथ  भी  सांसद  रहे  हैं ।,1.0000000000000113e-144,1.0000000000000113e-144,1.0000000000000113e-144
"जवाब  में  बताया  गया  कि  पहले  एसआईटी  की  तरफ  से  थे , अब  राज्य  सरकार  की  ओर  से  हैं ।",1.0000000000000199e-252,1.0000000000000199e-252,1.0000000000000199e-252
नड्डा  2019 के  लोकसभा  चुनाव  में  राजनीतिक  रूप  से  महत्वपूर्ण  राज्य  उत्तर  प्रदेश  में  भाजपा  के  चुनाव  अभियान  के  प्रभारी  थे ।,1.0000000000000217e-276,1.0000000000000217e-276,1.0000000000000217e-276
राकेश  रंजन  बागी  हो  गए  हैं ।,1.0000000000000076e-96,1.0000000000000076e-96,1.0000000000000076e-96
भ्रष्टाचार  के  खिलाफ  सरकार  शून्य  सहनशीलता  की  नीति  पर  चल  रही  है ।,1.0000000000000132e-168,1.0000000000000132e-168,1.0000000000000132e-168
"डीसीपी  ने  लिखा , तबलीग़ी  जमात  का  इसमें  अलग़  से  कोई  ज़िक्र  नहीं  है .",1.000000000000015e-192,1.000000000000015e-192,1.000000000000015e-192
इस  कला  में  प्रत्येक  विषय  अलग - अलग  ढंग  से  दर्शाया  जाता  है ।,1.0000000000000141e-180,1.0000000000000141e-180,1.0000000000000141e-180
उत्तर  प्रदेश  में  महिलाओं  और  बच्चियों  पर  अत्याचार  की  घटनाएँ  लगातार  बढ़  रही  हैं ।,1.000000000000015e-192,1.000000000000015e-192,1.000000000000015e-192
पार्टी  के  संसदीय  दल  के  नेता  और  राष्ट्रीय  अध्यक्ष  पद  से  हटाए  जाने  के  बाद  अब  चिराग  पासवान  ने  पार्टी  की  राष्ट्रीय  कार्यकारिणी  की  बैठक  बुलाई  है ।,0.0,0.0,0.0
इसमें  लाल  इंसर्ट  के  साथ  साइड  सिल  गार्निश  भी  दिया  गया  है ।,1.0000000000000132e-168,1.0000000000000132e-168,1.0000000000000132e-168
उल्लेखनीय  है  कि  पूर्व  में  यह  भर्ती  रैली  कवर्धा  में  आयोजित  होने  वाली  थी ।,1.000000000000015e-192,1.000000000000015e-192,1.000000000000015e-192
"वहीं , गुर्जर  आंदोलन  के  मद्देनजर  राजधानी  जयपुर  में  उच्चस्तरीय  बैठकें  हो  रही  हैं  ताकि  आंदोलनकारियों  से  बातचीत  की  कोई  राह  निकाली  जा  सके ।",1e-312,1e-312,1e-312
राहुल  ने  काम  उम्र  में  ही  2010 मे  Thailand मे  टीम  की  कप्तानी  की .,1.000000000000015e-192,1.000000000000015e-192,1.000000000000015e-192
इसमें  एक  मिनी  स्कूटर  पर  एक  व्यक्‍ ित  पंचर  मिनीवैन  लादकर  जाते  हुए  दिख  रहा  है ।,1.0000000000000171e-216,1.0000000000000171e-216,1.0000000000000171e-216
"उन्होंने  कहा , ' नहीं , मैंने  उनसे  कहा  कि  मैंने  उनके  बारे  में  सुना  है  कि  वो  प्रैंक  करते  हैं  और  अब  जब  मैं  इसके  बारे  में  जानती  हूं , तो  उन्हें  मुझे  अपनी  टीम  में  लेना  चाहिए .",0.0,0.0,0.0
वे  पशुचिकित्सा  veterinary sciences के  जनक  माने  जाते  हैं ।,1.0000000000000105e-132,1.0000000000000105e-132,1.0000000000000105e-132
"एक  रिपोर्ट  में  कहा  गया  है  कि  मॉस्को  के  कई  केंद्रों  में  स्पूतनिक  वी  वैक्सीन  के  तीसरे  चरण  का  क्लिीनिकल  ट्रायल  को  रोक  दिया  गया , क्योंकि  ट्रायल  के  लिए  वालंटियर्स  को  दिए  जाने  वाले  खुराक  की  कमी  हो  गई  थी ।",0.0,0.0,0.0
पुलिस  ने  बच्ची  की  मां  के  बयान  पर  पीड़िता  को  मेडिकल  जांच  के  लिए  नजदीकी  अस्पताल  में  भेजा ।,1.000000000000019e-240,1.000000000000019e-240,1.000000000000019e-240
खुद  खेल  मंत्रालय  ने  स्टेडियम  प्रशासन  से  इसका  प्रस्ताव  मंगवाया  है ।,1.0000000000000123e-156,1.0000000000000123e-156,1.0000000000000123e-156
इसी  दौरान  उच्च  न्यायालय  दो  साल  पहले  शुरू  हुए  ड्रग्स  जांच  पर  से  भी  पर्दा  हटा  सकता  है .,1.000000000000019e-240,1.000000000000019e-240,1.000000000000019e-240
"om पर  आत्म  ड्रिलिंग  पेंच  बनाने  की  मशीन  के  लिए  स्वयं  ड्रिलिंग  पेंच  उत्पादन , Tainwanese प्रकार , आत्म  ड्रिलिंग  पेंच  Alibaba . c",1.0000000000000237e-300,1.0000000000000237e-300,1.0000000000000237e-300
"हालांकि , 10 खिलाड़ियों  वाली  युनाइटेड  पर  यंग  ब्वायज  का  पलड़ा  भारी  रहा  और  उसकी  तरफ  से  मैच  के  अंतिम  समय  90 + 5 मिनट) में  जार्डन  सीबाचेउ  ने  विकेटकीपर  डेविड  गिया  को  चकमा  देते  हुए  दूसरा  गोल  किया  और  टीम  को  2 - 1 से  जीत  दिला  दी ।",0.0,0.0,0.0
भाजपा  के  राष्ट्रीय  महासचिव  ने  बिहार  चुनाव  से  जुड़ी  जानकारियां  समर्थकों  तक  पहुंचाने  के  लिए  डायरी  लिखना  शुरू  किया  है ।,1.000000000000021e-264,1.000000000000021e-264,1.000000000000021e-264
जानकारी  के  अनुसार  विद्युत  कर्मचारी  ने  सहायक  के  रूप  में  शांतिलाल  नामक  युवक  को  रखा  था ।,1.0000000000000171e-216,1.0000000000000171e-216,1.0000000000000171e-216
पुलिस  का  कहना  है  कि  घायल  की  हालत  स्थिर  है ।,1.0000000000000113e-144,1.0000000000000113e-144,1.0000000000000113e-144
शेफाली  ने  कहा  कि  बॉलीवुड  में  अभिनेत्रियों  को  भूमिका  उनकी  उम्र  देखकर  नहीं  दी  जाती ।,1.0000000000000161e-204,1.0000000000000161e-204,1.0000000000000161e-204
नई  दिल्‍ ली  ऑनलाइन  डेस्‍ क) ।,1.0000000000000076e-96,1.0000000000000076e-96,1.0000000000000076e-96
इससे  पूर्व  वह  केवलानंद  फुलारा  व  प्रेमबल्लभ  की  गायों  को  निवाला  बना  चुका  है ।,1.000000000000015e-192,1.000000000000015e-192,1.000000000000015e-192
पृथ्वीराज  धूमल  के  नामांकन  के  दौरान  वह  नदारद  रहे  थे ।,1.0000000000000113e-144,1.0000000000000113e-144,1.0000000000000113e-144
उस  समय  विकेटकीपर  बल्लेबाज  ऋषभ  पंत  14 और  तेज  गेंदबाज  ईशांत  शर्मा  4 रन  बनाकर  नाबाद  हैं ।,1.000000000000018e-228,1.000000000000018e-228,1.000000000000018e-228
"कमिश्नर , डीएम  और  सीएमओ  लगातार  हॉस्पिटल  का  निरीक्षण  कर  व्यवस्थाओं  को  दुरुस्त  करने  का  असर  भी  दिखने  लगा  है ।",1.000000000000021e-264,1.000000000000021e-264,1.000000000000021e-264
बक्सर  स्थित  गंगा  नदी  की  कोठी  के  पास  रविवार  देर  शाम  मछुवारे  ने  एक  युवक  का  शव  फंसा  देखा ।,1.0000000000000199e-252,1.0000000000000199e-252,1.0000000000000199e-252
इनसे  राजधानी  के  अधिकतर  चौराहों  पर  वाहनों  के  - चालान  किए  जाएंगे ।,1.0000000000000132e-168,1.0000000000000132e-168,1.0000000000000132e-168
गोंडा  में  पढ़ाई  कर  रहे  मेडिकल  छात्र  के  अपहरण  का  खुलासा  शुक्रवार  को  यूपी  एसटीएफ  ने  कर  दिया ।,1.000000000000019e-240,1.000000000000019e-240,1.000000000000019e-240
देसाई  की  ससून  चिकित्सालय  में  तत्काल  एमआरआय  वैद्यकीय  जांच  करना  एवं  उन्हें  अच्छे  वैद्यकीय  उपचार  न  देने  के  संदर्भ  में  कारागृह  अधीक्षक  को  कारण  बताओ’ नोटिस  देकर  स्पष्टिकरण  मंगवाने  की  मांग  की  गई ।,0.0,0.0,0.0
विरासत  वृक्षों  की  सूची  में  जिले  से  सात  बरगद  आठ  पीपल  चार  पाकड़  के  वृक्ष  शामिल  हैं ।,1.000000000000018e-228,1.000000000000018e-228,1.000000000000018e-228
सामाजिक  रूप  से  मान - प्रतिष्ठा  में  वृद्धि  होगी ।,1.0000000000000105e-132,1.0000000000000105e-132,1.0000000000000105e-132
इमरान  की  जीत  के  समय  यह  उम्मीद  जताई  गई  थी  कि  उनके  प्रधानमंत्री  बनने  से  पाकिस्तानी  क्रिकेट  का  बुरा  वक्त  समाप्त  हो  जाएगा ।,1.0000000000000237e-300,1.0000000000000237e-300,1.0000000000000237e-300
वैसे  भी  इक्विटी  फंड  में  पांच  या  आठ  या  दस  साल  के  लिए  ही  निवेश  करना  चाहिए .,1.000000000000018e-228,1.000000000000018e-228,1.000000000000018e-228
"शुरुआत  में  असली  सोना  देकर  भरोसा  जीता , फिर  नकली  सोना  खपाने  लगी ।",1.0000000000000141e-180,1.0000000000000141e-180,1.0000000000000141e-180
"अब  कंपनी  इसके  नेक्स्ट  जनरेशन  मॉडल  को  उतारने  की  तैयारी  में  है , जिसमें  अपडेट  डिजाइन , री - डिजाइन  केबिन  व  कई  सारे  एडवांस्ड  विशेषता  मिलेंगे .",0.0,0.0,0.0
यह  फिल्म  आगामी  वर्ष  17 मार्च  को  प्रदर्शित  होगी ।,1.0000000000000105e-132,1.0000000000000105e-132,1.0000000000000105e-132
"तालिबान  के  पास  पहले  कांम्बैट  एयरक्राफ्ट  नहीं  था , लेकिन  अब  उसके  पास  सुपर  टुकानो  अटैक  एयरक्राफ्ट  है .",1.000000000000019e-240,1.000000000000019e-240,1.000000000000019e-240
इनके  अलावा  3 और  वीकली  प्लान  भी  हैं ।,1.0000000000000094e-120,1.0000000000000094e-120,1.0000000000000094e-120
जो  सुनकर  कानों  के  पर्दे  हिलेंगे । ।,1.0000000000000085e-108,1.0000000000000085e-108,1.0000000000000085e-108
पुलिस  ने  इस  मामले  में  घटना  की  रात  ही  तीनों  आरोपियों  को  हिरासत  में  ले  लिया  था ।,1.000000000000018e-228,1.000000000000018e-228,1.000000000000018e-228
सुंदरनगर  भाजपा  मंडल  अध्यक्ष  बैरागी  राम  की  अध्यक्षता  में  लोक  निर्माण  विभाग  के  विश्राम  गृह  में  देश  के  पूर्व  प्रधानमंत्री  अटल  बिहारी  वाजपेयी  के  जन्मदिवस  के  उपलक्ष्य  पर  कार्यक्रम  का  आयोजन  किया  गया ।,0.0,0.0,0.0
खजियार  मार्ग  की  हालत  भी  खराब  होने  से  वाहन  चालकों  को  काफी  परेशानी  आती  है ।,1.0000000000000161e-204,1.0000000000000161e-204,1.0000000000000161e-204
"विश्वविद्यालय  मेट्रो  स्टेशन  से  दुर्गाबाई  देशमुख  दक्षिणी  परिसर  जाने  में  करीब  40 मिनट  लगेंगे , जिसमें  आजादपुर  स्टेशन  पर  इंटरचेंज  में  लगने  वाला  वक्त  भी  शामिल  है ।",0.0,0.0,0.0
बवाना  विधानसभा  क्षेत्र  से  38 वर्षीय  जय  भगवान  उपकार  आप  की  टिकट  पर  चुनाव  मैदान  में  हैं  इनके  खिलाफ  कांग्रेस  के  रवींद्र  कुमार  इंद्राज  चुनाव  लड़  रहे  हैं  जिनकी  उम्र  45 वर्ष  है .,0.0,0.0,0.0
इसके  मुताबिक  ' जल  प्रबंधन  गतिविधियों  को  संपूर्णतावादी  तरीके  से  देखने  पर  ही  बेहतर  समन्वय  एवं  प्रयास  सुनिश्चित  किए  जा  सकते  हैं । ',1.0000000000000237e-300,1.0000000000000237e-300,1.0000000000000237e-300
जहां  स्किल  सेल  बीमारी  से  पीड़ित  एक  बच्चा  भर्ती  था .,1.0000000000000113e-144,1.0000000000000113e-144,1.0000000000000113e-144
हंगामा  करते  हुए  मुख्यमंत्री  उत्तर  प्रदेश  के  नाम  अपनी  मांगों  का  मांग  पत्र  उपजिलाधिकारी  को  सौंपा ।,1.0000000000000171e-216,1.0000000000000171e-216,1.0000000000000171e-216
आधुनिक  युग  में  तो  कम्प्यूटर  में  ऐसा  साफ्टवेयर  डवलप  कर  लिया  गया  है  कि  किसी  भी  भाषा  की  सामग्री  को  हिन्दी  में  रूपान्तरित  किया  जा  सकता  है ।,0.0,0.0,0.0
उसने  पहले  भी  कई  लोगों  के  खिलाफ  इस  प्रकार  की  शिकायतें  दर्ज  कराई  हैं .,1.000000000000015e-192,1.000000000000015e-192,1.000000000000015e-192
करतारपुर  कारिडोर  बंद  करके  केंद्र  सरकार  कर  रही  धक्का  शिरोमणि  गुरुद्वारा  प्रबंधक  कमेटी  अ) के  प्रधान  जगीर  कौर  से  बातचीत  की  गई  तो  उन्होंने  कहा  कि  केंद्र  सरकार  कारिडोर  न  खोलकर  लोगों  से  धक्का  कर  रही  है ।,0.0,0.0,0.0
.,1.000000000000002e-24,1.000000000000002e-24,1.000000000000002e-24
कलाकारों  ने  श्रीराम  के  बाल  लीला  के  कई  प्रसंगों  का  मंचन  किया ।,1.0000000000000132e-168,1.0000000000000132e-168,1.0000000000000132e-168
सोशल  मीडिया  की  ताकत  जितनी  मजबूत  है  उतनी  ही  आशंकित  करने  वाली  भी  है .,1.000000000000015e-192,1.000000000000015e-192,1.000000000000015e-192
किसने  रिकॉर्ड  किये  और  एसओजी  को  कहां  से  मिली .,1.0000000000000105e-132,1.0000000000000105e-132,1.0000000000000105e-132
उन्हें  रिहा  होना  भी  था ।,1.0000000000000067e-84,1.0000000000000067e-84,1.0000000000000067e-84
टीम  लगातार  दो  बार  प्लेऑफ  तक  पहुंचने  के  साथ  ही  आईपीएल  2020 की  फाइनलिस्ट  थी .,1.0000000000000161e-204,1.0000000000000161e-204,1.0000000000000161e-204
हम  इन  मुद्दों  पर  चुनाव  लड़ेंगे .,1.0000000000000076e-96,1.0000000000000076e-96,1.0000000000000076e-96
आगामी  विधानसभा  सामान्य  निर्वाचन  2022 के  लिए  विभिन्न  व्यवस्थाओं  की  तैयारियों  के  संबंध  में  13 दिसंबर  को  दोपहर  1 बजे  विकास  भवन  के  सभागार  में  बैठक  बुलाई  गई  है ।,0.0,0.0,0.0
यह  किला  1710 में  बना  था ।,1.0000000000000076e-96,1.0000000000000076e-96,1.0000000000000076e-96
' दबंग ' के  निर्देशक  अभिनव  कश्यप  हैं  जबकि  इस  फिल्म  के  निर्माता  सलमान  खान  के  छोटे  भाई  अरबाज  खान  हैं ।,1.0000000000000217e-276,1.0000000000000217e-276,1.0000000000000217e-276
हिंदुस्तानी  ने  आरोप  लगाया  कि  अमर  सिंह  ने  ही  उसे  बताया  था  कि  वह  प्रधानमंत्री  के  निर्देशों  पर  अहमद  पटेल  के  साथ  मिलकर  सरकार  को  बचाने  का  काम  कर  रहे  हैं ।,0.0,0.0,0.0
पुलिस  ने  बताया  कि  पिछले  10 साल  से  कराक्टुपारम्ब  के  व्यक्ति  के  घर  में  वह  रह  रही  थी  और  वह  इतने  वर्षों  से  अपनी  प्रेमिका  को  छुपाकर  रखने  में  सफल  रहा  था ।,0.0,0.0,0.0
दिल्ली  के  स्वास्थ्य  मंत्री  सत्येंद्र  जैन  ने  कहा  है  कि  केंद्र  सरकार  ने  दोनों  टीकों  को  मंजूरी  दी  है ।,1.0000000000000199e-252,1.0000000000000199e-252,1.0000000000000199e-252
विदित  हो  कि  दुमका  में  पुलिस  ने  शिकारीपाड़ा  थाना  के  छातुपाड़ा  गांव  के  समीप  जंगल  में  भाकपा  माओवादी  का  जोनल  कमांड़र  शहदेव  राय  उर्फ  ताला  दा  को  शनिवार  की  देर  रात  मार  गया .,0.0,0.0,0.0
जिसके  बाद  ईडी  ने  नोरा  से  पूछताछ  की  लेकिन  नोरा  ने  सभी  आरोपों  को  झूठा  करार  दिया  था ।,1.000000000000019e-240,1.000000000000019e-240,1.000000000000019e-240
"तो , जो  लोग  सभी  फिल्मों  को  Online Download करने  या  Streaming करने  में  रुचि  रखते  हैं , तो  आप  फिल्मों  की  लकड़ी  जैसी  साइट  के  साथ  आगे  बढ़  सकते  हैं ।",0.0,0.0,0.0
छत्‍ तीसगढ़  के  सुकमा  में  जो  हमला  हुआ  है  वह  दरअसल  सरकार  की  ओर  से  कराए  जा  रहे  विकास  कार्यों  की  वजह  से  हुआ  है ।,0.0,0.0,0.0
एक  तेज  डम्पर  ने  मोटरसाइकिल  सवार  को  पीछे  से  टक्कर  मार  दी ।,1.0000000000000132e-168,1.0000000000000132e-168,1.0000000000000132e-168
यह  पिछले  चार  महीने  में  सबसे  कम  है .,1.0000000000000094e-120,1.0000000000000094e-120,1.0000000000000094e-120
"शमशीर  मंसूरी  वर्तमान  समय  में  ग्राम  सोरगा , विकासखंड  बैकुंठपुर  में  शिक्षक  एलबी) के  पद  पर  पदस्थ  है ।",1.000000000000019e-240,1.000000000000019e-240,1.000000000000019e-240
जंगल  में  पिंजरा  लगा  गया  है ।,1.0000000000000076e-96,1.0000000000000076e-96,1.0000000000000076e-96
निवेश  इस  योजना  Nasdaq वायदा  अनुबंध  के  लिए  आपको  56 हजार  रुपये  की  निवेश  राशि  की  आवश्यकता  है ।,1.000000000000019e-240,1.000000000000019e-240,1.000000000000019e-240
यहां  पर  दोस्त  की  अस्थियां  विसर्जन  के  बाद  उन्होंने  घाट  के  कई  दृश्यों  को  अपने  कैमरे  में  कैद  किया ।,1.0000000000000199e-252,1.0000000000000199e-252,1.0000000000000199e-252
िर्भया  केस  के  चारों  दोषियों  को  आख़िरकार  दी  गई  फांसी ।,1.0000000000000113e-144,1.0000000000000113e-144,1.0000000000000113e-144
जबकि  भारत  के  प्रधानमंत्री  अपने  देश  में  रिकॉर्ड  तोड़  संक्रमण  होने  के  बावजूद  चुनावी  रैली  को  संबोधित  कर  रहे  हैं ।,1.000000000000021e-264,1.000000000000021e-264,1.000000000000021e-264
उपमुख्यमंत्री  दुष्यंत  चौटाला  जेजेपी  कोटे  से  एक  और  मंत्री  बनवाना  चाहते  हैं  ताकि  उनकी  अपनी  पार्टी  में  असंतोष  को  रोका  जा  सके ।,1.0000000000000227e-288,1.0000000000000227e-288,1.0000000000000227e-288
ध्रुव  त्यागी  की  क्या  गलती  थी ?,1.0000000000000076e-96,1.0000000000000076e-96,1.0000000000000076e-96
मारिया  पहली  बार  फरवरी  महीने  में  कोरोना  पॉजिटिव  पाई  गई  थीं  और  दूसरी  बार  सितंबर  महीने  में .,1.000000000000018e-228,1.000000000000018e-228,1.000000000000018e-228
सुल्तानगढ़  वॉटर  फॉल  में  आई  बाढ़  और  09 मौतों  ने  पूरे  प्रदेश  को  हिलाकर  रख  दिया ।,1.0000000000000171e-216,1.0000000000000171e-216,1.0000000000000171e-216
शनिवार  को  आयोजित  अंडर  21 बालक  वर्ग  के  फुटबाल  में  पहला  मैच  कोट  व  जयहरीखाल  के  बीच  खेला  गया ।,1.0000000000000199e-252,1.0000000000000199e-252,1.0000000000000199e-252
पंचायतीराज  विभाग  के  सूत्रों  की  मानें  तो  पं1 5 वें  वित्त  से  जिला  पंचायत  को  दो  करोड़  32 लाख  रुपये  से  अधिक  धनराशि  आवंटित  की  है ।,0.0,0.0,0.0
"style "" text - align justify "" सेब  के  बारे  में  अंग्रेजी  की  कहावत  तो  अपने  सुनी  ही  होगी  और  अगर  नहीं  सुनी  तो  हम  आपको  बता  देते  है . ,",0.0,0.0,0.0
"एलऐंडटी  रियल्टी  लिमिटेड  के  मुख्य  कार्यकारी  अधिकारी  और  प्रबंध  निदेशक  श्रीकांत  जोशी  ने  कहा , ' वित्त  वर्ष  17 - 18 की  तीसरी  तिमाही  में  आवासीय  क्षेत्र  में  बिक्री  बहाल  हुई  है ।",0.0,0.0,0.0
प्रो .,1.0000000000000028e-36,1.0000000000000028e-36,1.0000000000000028e-36
इसको  लेकर  जेडीए  को  जिम्मेदारी  बेचने  की  सौंपी  गई  थी ।,1.0000000000000113e-144,1.0000000000000113e-144,1.0000000000000113e-144
क्रिकेट  को  बल्लेबाजों  का  खेल  माना  जाता  है  जबकि  टीम  की  हार  और  जीत  में  गेंदबाजों  की  भी  अहम  भूमिका  होती  है .,1.0000000000000227e-288,1.0000000000000227e-288,1.0000000000000227e-288
प्रियंका  के  पड़ोस  में  प्रियांशु  नामक  किशोर  रहता  है ।,1.0000000000000105e-132,1.0000000000000105e-132,1.0000000000000105e-132
तथा  इसके  Part - Time Teachers 15000 से  25000 एवं  Full - Time Teachers 75000 प्रति/ माह  तक  कमाते  हैं ।,1.000000000000021e-264,1.000000000000021e-264,1.000000000000021e-264
चकसेठवल  गांव  निवासी  स्व .,1.0000000000000057e-72,1.0000000000000057e-72,1.0000000000000057e-72
.,1.000000000000002e-24,1.000000000000002e-24,1.000000000000002e-24
"इसके  अलावा  कम्पनी  जोमैटो  गोल्ड’ की  भी  सुविधा  देती  है , जिसमें  कुछ  रेस्टोरेंट्स  के  द्वारा  एक  पर  एक  फ्री  जैसी  सुविधाओं  का  लाभ  ग्राहकों  को  दिया  जाता  है ।",0.0,0.0,0.0
लोगों  को  धैर्य  बनाये  रखने  की  जरूरत  है ।,1.0000000000000094e-120,1.0000000000000094e-120,1.0000000000000094e-120
रोजा ।,1.0000000000000028e-36,1.0000000000000028e-36,1.0000000000000028e-36
पुलिस  ने  इनकी  एक  कार  भी  जब्त  कर  ली  थी  जो  पश्चिम  विहार  से  चुराई  गई  थी ।,1.000000000000018e-228,1.000000000000018e-228,1.000000000000018e-228
धनबाद  के  भागा  स्टेशन  की  सूरत  आज  काफी  बदतर  है .,1.0000000000000113e-144,1.0000000000000113e-144,1.0000000000000113e-144
मंदिर  में  कुल  161 खंभे  हैं  जिनसे  आप  मधुर  संगीत  को  सुन  सकते  हैं ।,1.000000000000015e-192,1.000000000000015e-192,1.000000000000015e-192
राज  वाल्मीकि  की  समीक्षा  आइए  महसूस  करिये  जिन्दगी  के  ताप  कोे ।,1.0000000000000123e-156,1.0000000000000123e-156,1.0000000000000123e-156
"इसे  तब  और  उस  वक्त  जारी  किया  जाना  था  जब  सरकार  वैक्सीन  को  मंजूरी  दे । """,1.0000000000000171e-216,1.0000000000000171e-216,1.0000000000000171e-216
शनिवार  शाम  सुधीर  नशे  की  हालत  में  घर  पहुंचा  और  कमरे  में  चला  गया ।,1.000000000000015e-192,1.000000000000015e-192,1.000000000000015e-192
मुंबई  एजेंसी) ।,1.0000000000000038e-48,1.0000000000000038e-48,1.0000000000000038e-48
वर्ष  1993 में  मुंबई  में  सिलसिलेवार  बम  धमाकों  के  दोषी  याकूब  मेमन  को  30 जुलाई  को  फांसी  देने  के  लिए  महाराष्ट्र  प्रशासन  तैयारियां  कर  रहा  हैं ।,0.0,0.0,0.0
ये  बीज  आपको  एनर्जी  को  बढ़ाते  हैं  और  आपकी  ब्रेन  पावर  को  बूस्ट  करते  हैं ।,1.0000000000000161e-204,1.0000000000000161e-204,1.0000000000000161e-204
थाना  सरहिद  के  एएसआइ  जसविदर  सिंह  ने  कहा  कि  दविंदर  के  भाई  सर्बजीत  सिंह  ने  उन्हें  बताया  कि  दविदर  नशे  करने  का  आदी  था ।,1e-312,1e-312,1e-312
पं .,1.0000000000000028e-36,1.0000000000000028e-36,1.0000000000000028e-36
होटल  मालिकों  का  कहना  है  कि  लखनऊ  में  शासन  ने  स्टार  श्रेणी  के  होटल्स  को  कोविड  केयर  सेंटर  बनाया  है ।,1.000000000000021e-264,1.000000000000021e-264,1.000000000000021e-264
मंगलवार  को  पुलिस  अधीक्षक  रियाज  इकबाल  ने  इस  वारदत  का  खुलासा  करते  हुए  बताया  कि  दो  आरोपियों  को  पुलिस  ने  पकड़  लिया  है ।,1.0000000000000237e-300,1.0000000000000237e-300,1.0000000000000237e-300
आज  सुबह  किसी  मरीज  को  पानी  चढ़ाने  की  व्यवस्था  हुई .,1.0000000000000113e-144,1.0000000000000113e-144,1.0000000000000113e-144
"कोतवाली  पुलिस  मौके  पर  पहुंची  और  जेवर , मूर्ति  का  वीडियो  बनाने  के  बाद  इन्हें  मंदिर  के  पुजारी  को  सौंप  दिया ।",1.0000000000000217e-276,1.0000000000000217e-276,1.0000000000000217e-276
पीढ़ियों  से  प्राप्त  रोग  को  भुगतना  या  ऐसे  रोग  होना  जो  पीढ़ी  दर  पीढ़ी  चलता  रहे ।,1.0000000000000171e-216,1.0000000000000171e-216,1.0000000000000171e-216
एसिड  से  आग  नहीं  लगती ।,1.0000000000000067e-84,1.0000000000000067e-84,1.0000000000000067e-84
न्‍ होंने  कहा  कि  अगले  20 वर्षों  में  भारत  दुनिया  का  सबसे  बड़ा  ऊर्जा  बाजार  बनने  वाला  है ।,1.000000000000019e-240,1.000000000000019e-240,1.000000000000019e-240
बिलासपुर( निप्र) ।,1.0000000000000038e-48,1.0000000000000038e-48,1.0000000000000038e-48
सामाजिक  प्रतिष्ठा  निखरेगी ।,1.0000000000000048e-60,1.0000000000000048e-60,1.0000000000000048e-60
"लेकिन , इसके  खिलाफ  भी  सुप्रीम  कोर्ट  में  पुनर्विचार  याचिका  दायर  हुई ।",1.0000000000000132e-168,1.0000000000000132e-168,1.0000000000000132e-168
"उन्होंने  मीडिया  से  अपील  की  कि  वो  "" उनकी  निजता  का  सम्मान  करें  और  परिवार  को  इस  दुख  के  पल  में  अकेला  छोड़  दें . """,0.0,0.0,0.0
ऐसे  में  गणेश  चतुर्थी  Ganesh Chaturthi का  आगाज  हो  चुका  है .,1.0000000000000123e-156,1.0000000000000123e-156,1.0000000000000123e-156
वेब  श्रृंखला  द  ट्रिप’ में  नजर  आ  चुकीं  अभिनेत्री  श्वेता  त्रिपाठी  इसके  दूसरे  सत्र  में  भी  नजर  आएंगी ।,1.000000000000019e-240,1.000000000000019e-240,1.000000000000019e-240
मिशन  शक्ति  के  तहत  जागरुकता  कार्यक्रम  को  आगे  बढ़ाने  वाली  महिला  शक्ति  केंद्र  की  जिला  समन्वयक  अनीसा  व  दीपिका  ने  कहा  कि  बेटी  बचाओ - बेटी  पढ़ाओ  अभियान  का  नारा  बुलंद  होना  चाहिए ।,0.0,0.0,0.0
उसके  पास  से  कुछ  सर्जिकल  ब्लेड  बरामद  हुए  थे ।,1.0000000000000105e-132,1.0000000000000105e-132,1.0000000000000105e-132
"मामले  में  तत्कालीन  तहसीलदार  रमेश  वर्मा , पटवारी  जसवीर  सिंह , हाकम  सिंह  निवासी  भड़ी , दीदार  सिंह , जोगिंदरपाल  सिंह , सुरजीत  सिंह  निवासी  समाणा  खुर्द , मेवा  सिंह  निवासी  भोले  कालेवाल , सुच्चा  सिंह  संतोखगढ़  टप्परियां , अमर  सिंह  निवासी  ठौणा  और  कंडी  फ्रेंड्स  एजुकेशनल  ट्रस्ट  के  स्व .",0.0,0.0,0.0
उनके  समर्थन  के  बिना  यह  संभव  नहीं  था .,1.0000000000000094e-120,1.0000000000000094e-120,1.0000000000000094e-120
"इस  साइट  पर  मेरे  अन्य  लेख  भी  देखें , और  मेरे  अनुसरण  करने  से  न  चूकें  फेसबुक  पर  ग्रुप  साथ  ही  मेरे  बाइनरी  विकल्प  रणनीति  फैनपेज !",0.0,0.0,0.0
अगर  वे  भाजपा) वोट  खरीदना  चाहते  हैं  तो  पैसे  ले  लों  और  वोट  टीएमसी  के  लिए  करो । ',1.000000000000019e-240,1.000000000000019e-240,1.000000000000019e-240
"डिजिटल  डेस्क , नागपुर ।",1.0000000000000057e-72,1.0000000000000057e-72,1.0000000000000057e-72
इसमें  अनियमितताएं  पाई  गई  थीं ।,1.0000000000000067e-84,1.0000000000000067e-84,1.0000000000000067e-84
इस  मौके  कलक्टर  ने  टास्क  फोर्स  के  अधिकारियों  के  साथ  बैठक  कर  अभियान  के  दौरान  हुए  कार्यों  की  समीक्षा  की ।,1.000000000000021e-264,1.000000000000021e-264,1.000000000000021e-264
मुरादाबाद  डिपो  और  पीतलनगरी  डिपो  पर  सबसे  ज्यादा  भीड़  दोपहर  11 बजे  से  साढ़े  तीन  बजे  तक  रही ।,1.000000000000019e-240,1.000000000000019e-240,1.000000000000019e-240
सेवा  का  निजी  प्रबंधक  2 पहलुओं  के  दो  गुना  और  बहुत  ईर्ष्यापूर्ण  है ।,1.0000000000000141e-180,1.0000000000000141e-180,1.0000000000000141e-180
बाजार  में  खरीदारी  के  लिए  आने  वालों  को  ई  रिक्शा  की  सुविधा  देने  की  भी  नगर  निगम  तैयारी  कर  रहा  है ।,1.0000000000000217e-276,1.0000000000000217e-276,1.0000000000000217e-276
मान्यता  है  कि  रात  के  समय  पूजा  करने  से  देवी - देवताओं  की  निद्रा  बाधित  हो  जाती  है ।,1.000000000000019e-240,1.000000000000019e-240,1.000000000000019e-240
"संक्रमण , चोट , रिएक्शन , सूजन , जलन  आदि  के  कारण  भी  दर्द  हो  सकता  है ।",1.000000000000018e-228,1.000000000000018e-228,1.000000000000018e-228
इस  बार  कुंभ  मेले  के  दौरान  किसी  भी  स्थान  पर  संगठित  रूप  से  भजन  एवं  भंडारे  की  अनुमति  नहीं  होगी ।,1.000000000000021e-264,1.000000000000021e-264,1.000000000000021e-264
बढ़ती  रिश्वत  खोरी  के  मामले  को  लेकर  पुलिस  आयुक्त  ने  कहा  का  डिफॉल्टर  पुलिस  कर्मचारियों  की  सूची  तैयार  की  गई  है ।,1.0000000000000217e-276,1.0000000000000217e-276,1.0000000000000217e-276
1 .,1.0000000000000028e-36,1.0000000000000028e-36,1.0000000000000028e-36
"पेंशनरों  को  सूचित  किया  गया  कि  जो  पेंशनर  आयकर  के  दायरे  में  आते  हैं  वे  इस  वर्ष  में  की  गई  अपनी  बचत  का  ब्यौरा  कोषागार  कार्यालय  में  नोट  करवाएं , ताकि  उनसे  आयकर  अधिक  कटौती  न  हो ।",0.0,0.0,0.0
योजना  के  तहत  कॉलेज  में  इन  नए  कक्षों  के  निर्माण  पर  70 लाख  रुपए  खर्च  होंगे ।,1.0000000000000171e-216,1.0000000000000171e-216,1.0000000000000171e-216
नई  दिल्ली| प्रधानमंत्री  नरेंद्र  मोदी  अंतर्राष्ट्रीय  महिला  दिवस  पर  रविवार  को  यहां  नारी  शक्ति  पुरस्कार  विजेताओं  के  साथ  संवाद  करेंगे ।,1.000000000000021e-264,1.000000000000021e-264,1.000000000000021e-264
बेहतर  होता  वे  दोनों  मसलों  के  अलग  अलग  रखते ।,1.0000000000000105e-132,1.0000000000000105e-132,1.0000000000000105e-132
दिल  से  सबको  प्यार  और  सेहत ।,1.0000000000000076e-96,1.0000000000000076e-96,1.0000000000000076e-96
डाक  कर्मियों  ने  आरोपियों  की  गिरफ्तारी  और  कड़ी  कार्रवाई  की  मांग  की  है ।,1.0000000000000141e-180,1.0000000000000141e-180,1.0000000000000141e-180
फिर  दिन  या  रात  के  वक्त  टारगेट  किए  आलीशान  सूने  घरों  व  दुकानों  में  चोरी  की  वारदात  को  अंजाम  देकर  वापस  अजमेर  भाग  जाते  है ।,0.0,0.0,0.0
बिलासपुर  नईदुनिया  प्रतिनिधि) । N,1.0000000000000057e-72,1.0000000000000057e-72,1.0000000000000057e-72
इसलिए  सेक्‍ स  के  दौरान  सहभागियों  को  सेक्‍ स  के  अलावा  किसी  अन्‍ य  विषय  के  बारे  में  सोचने  से  बचना  चाहिए ।,1.0000000000000227e-288,1.0000000000000227e-288,1.0000000000000227e-288
जल  प्रदान  करनेवाला  के  अर्थ  में  बादल  के  कई  नाम  है  जैसे  वारिधर  यानी  पानी  को  धारण  करनेवाला ।,1.000000000000019e-240,1.000000000000019e-240,1.000000000000019e-240
बिछिया  से  लेकर  मंगतखेड़ा  तक  वाहनों  की  लंबी - लंबी  कतारें  लगी  रही ।,1.0000000000000141e-180,1.0000000000000141e-180,1.0000000000000141e-180
वहीं  सोपोर  में  पथराव  के  दौरान  पत्थर  एक  सीधे  व्यक्ति  की  आँख  में  जाकर  लगा .,1.0000000000000161e-204,1.0000000000000161e-204,1.0000000000000161e-204
आरएलडी  के  कद्दावर  नेता  रहे  मुन्ना  सिंह . . .,1.0000000000000105e-132,1.0000000000000105e-132,1.0000000000000105e-132
अमेरिकी  राष्‍ ट्रपति  डोनाल्‍ ड  ट्रंप  द्वारा  वहां  कंपनियों  को  निवेश  एवं  रोजगार  बढ़ाने  के  लिए  टैक्‍ स  दरों  में  भारी  कमी  के  बाद  अब  चीन  ने  भी  विदेशी  इन्‍ वेस्‍ टर्स  को  लुभाने  और  अपने  साथ  जोड़ने  के  लिए  हर  संभव  कोशिश  शुरू  कर  दी  गई  है ।,0.0,0.0,0.0
16 पटना  बिहार  विधानसभा  चुनाव  में  नीतीश  कुमार  को  मुख्यमंत्री  का  चेहरा  बनाए  जाने  को  लेकर  अटकलें  लगाई  जा  रही  है ।,1.0000000000000217e-276,1.0000000000000217e-276,1.0000000000000217e-276
बीएसएफ  का  आठ  मंजिला  मुख्यालय  लोधी  रोड  पर  सीजीओ  कॉम्प्लेक्स  में  स्थित  है .,1.0000000000000141e-180,1.0000000000000141e-180,1.0000000000000141e-180
साथ  ही  प्रारंभिक  परीक्षा  के  प्रवेश  पत्र  16 जनवरी  तक  डाउनलोड  किए  जा  सकेंगे .,1.000000000000015e-192,1.000000000000015e-192,1.000000000000015e-192
कार्यक्रम  के  दूसरे  चरण  में  मुंशी  प्रेमचंद  की  कहानी  नरक  के  द्वार  पर  भानुप्रताप  तिवारी  ने  एकल  अभिनय  कर  समाज  में  व्याप्त  लिंग  भेद  की  कुरीती  पर  कटाक्ष  किया ।,0.0,0.0,0.0
"हालांकि , सुबह  सर्द  मौसम  से  ठिठुरन  बनी  हुई  थी ।",1.0000000000000113e-144,1.0000000000000113e-144,1.0000000000000113e-144
यह  लंबे  समय  से  नकली  घी  के  कारोबार  को  चला  रहा  है ।,1.0000000000000132e-168,1.0000000000000132e-168,1.0000000000000132e-168
उन्होंने  कहा  कि  ग्रामीणों  को  भयभीत  होने  की  जरूरत  नहीं  है ।,1.0000000000000123e-156,1.0000000000000123e-156,1.0000000000000123e-156
"भारत  में  केंद्रीय  स्वास्थ्य  एवं  परिवार  कल्याण  मंत्रालय  की  ओर  से  शनिवार  को  जारी  आंकड़ों  के  मुताबिक  संक्रमितों  की  कुल  संख्या  अब  64 , 73 , 545 हो  गई  है ।",0.0,0.0,0.0
हत्या  की  खबर  फैलते  ही  तमाम  व्यापारी  राजकीय  मेडिकल  कॉलेज  पहुंच  गए ।,1.0000000000000132e-168,1.0000000000000132e-168,1.0000000000000132e-168
इसके  परिणामस्वरूप  रीढ़  की  हड्डी  हमेशा  के  लिए  कार्य  करना  बंद  कर  देती  है  या  फिर  इसमें  अकड़न  रह  जाती  है ।,1.0000000000000217e-276,1.0000000000000217e-276,1.0000000000000217e-276
इसके  दो  सिर  और  चार  आंखें  हैं ।,1.0000000000000085e-108,1.0000000000000085e-108,1.0000000000000085e-108
मेलाधिकारी  अरविंद  कुमार  द्विवेदी  ने  बताया  कि  सदर  बाजार  के  बराबर  से  ही  120 फुट  चौड़े  वीआईपी  रोड  का  निर्माण  होगा ।,1.0000000000000217e-276,1.0000000000000217e-276,1.0000000000000217e-276
पंजाब  के  मुख्यमंत्री  प्रकाश  सिंह  बादल  ने  कहा  है  कि  वह  राज्य  विधानसभा  चुनाव  में  लोगों  के  फैसले  को  मंजूर  करते  हैं ।,1.0000000000000227e-288,1.0000000000000227e-288,1.0000000000000227e-288
रिलायंस  जियो  के  टेलीकॉम  सेक्टर  में  उतरने  के  बाद  अन्य  टेलीकॉम  कंपनियों  के  सामने  अपने  ग्राहक  बचाए  रखने  की  चुनौती  अभी  भी  बनी  हुई  है ।,0.0,0.0,0.0
इस  संबंध  में  लीड  कालेज  के  प्राचार्य  डा .,1.0000000000000094e-120,1.0000000000000094e-120,1.0000000000000094e-120
पलजोर  ने  बताया  कि  मातृ  मृत्यु  दर  को  कम  करने  के  उद्देश्य  से  नौ  अगस्त  से  प्रधानमंत्री  सुरक्षित  मातृत्व  अभियान  चलाया  जा  रहा  है ।,1e-312,1e-312,1e-312
"वॉट्सएप , फेसबुक , ऐपल  और  गूगल  के  बाद  आखिरकार  माइक्रोसॉफ्ट  ने  भी  अपने  प्लेटफॉर्म  से  गन  का  इमोजी  हटा  लिया  है ।",1.0000000000000227e-288,1.0000000000000227e-288,1.0000000000000227e-288
जोकि  सोशल  मीडिया  पर  खूब  वायरल  हो  रहा .,1.0000000000000094e-120,1.0000000000000094e-120,1.0000000000000094e-120
ाष्ट्रपति  पद  की  शपथ  लेने  के  तीसरे  दिन  बाइडन  ने  अमेरिकियों  के  लिए  बचाव  योजना’ की  घोषणा  की ।,1.000000000000019e-240,1.000000000000019e-240,1.000000000000019e-240
इसमें  कहा  गया  है  कि  धर्मस्‍ थलों  को  खोलने  से  पहले  प्रशासन  और  पुलिस  अधिकारी  उनके  प्रबंधन  से  जुड़ें  लोगों  से  संवाद  करते  हुए  उन्‍ हें  सभी  सावधानियां  बरतने  की  जानकारी  देंगे ।,0.0,0.0,0.0
"धार्मिक  मान्यताओं  के  अनुसार , सूतक  के  समय  को  अशुभ  मूहुर्त  माना  जाता  है .",1.000000000000015e-192,1.000000000000015e-192,1.000000000000015e-192
उनके  बाद  करुण  नायर  और  मनीष  पांडे  भी  क्रमशः  18 और  13 रन  बनाकार  चलते  बने ।,1.0000000000000171e-216,1.0000000000000171e-216,1.0000000000000171e-216
उनके  साथ  मिशेल  सैंटनर  आठ  रन  बनाकर  नाबाद  हैं ।,1.0000000000000105e-132,1.0000000000000105e-132,1.0000000000000105e-132
"जिनके  बीच  वन  नाइट  स्टैंड  होता  है , मगर  उसके  बाद  इन  दोनों  क  जिंदगी  में  काफी  उलटफेर  शुरू  हो  जाते  है ।",1.0000000000000227e-288,1.0000000000000227e-288,1.0000000000000227e-288
इसके  अलावा  वहां  और  भी  कई  तरीकों  से  अत्याचार  किए  जाते  हैं ।,1.0000000000000132e-168,1.0000000000000132e-168,1.0000000000000132e-168
प्रिंस  मोहम्मद  ने  डिप्टी  किंग  के  फरमान  को  23 फरवरी  को  हस्ताक्षरित  किया  था .,1.000000000000015e-192,1.000000000000015e-192,1.000000000000015e-192
लेकिन  अब  आधुनिक  टेक्‍ नोलॉजी  की  वजह  से  दुनियाभर  में  कई  महिलाएं  सी - सेक्‍ शन  के  द्वारा  ही  शिशु  को  जन्‍ म  दे  रही  हैं ।,0.0,0.0,0.0
"अस्थाना  ने  कहा , मैं  ज्यादा  सूचनाएं  साझा  नहीं  कर  सकता , क्योंकि  यह  महत्वपूर्ण  जांच  है ।",1.000000000000018e-228,1.000000000000018e-228,1.000000000000018e-228
"इस  जहाज  को  किसने  मार  गिराया  था , यह  अब  तक  साबित  नहीं  हो  सका  है , लेकिन  कुछ  लोग  इसके  लिए  रवांडा  के  हूतू  चरमपंथियों  को  जिम्मेदार  ठहराते  हैं  जबकि  कुछ  का  मानना  है  कि  रवांडा  पैट्रिएक  फ्रंट  आरपीएफ) ने  ये  काम  किया  था ।",0.0,0.0,0.0
"मुख्यमंत्री  शिवराजसिंह  चौहान  ने  कहा  कि  विकास  के  साथ  ही  प्रदेशवासियों  के  जीवन  में  खुशियाँ  आयें , इस  दिशा  में  प्रदेश  सरकार  ने  हैपीनेस  मिनिस्ट्री  शुरू  करने  का  निर्णय  लिया  है ।",0.0,0.0,0.0
शरद  पवार  इस  गठबंधन  की  सरकार  बनाने  कोशिश  कर  रहे  थे .,1.0000000000000123e-156,1.0000000000000123e-156,1.0000000000000123e-156
और  टकराव  कैसे  टालें  की  जीवन  क्लेश  रहित  हो  जाए ।,1.0000000000000113e-144,1.0000000000000113e-144,1.0000000000000113e-144
"अंतिम  रिपोर्ट  में  कहा  गया  है , अंसल  ने  हालांकि  14 अगस्त  2017 को  अपना  पासपोर्ट  जमा  कर  दिया  क्योंकि  वह  जानता  था  कि  उसके  खिलाफ  प्रतिकूल  आदेश  पारित  किया  जा  सकता  है ।",0.0,0.0,0.0
लोगों  का  प्रवेश  दरगाह  में  वर्जित  रहेगा .,1.0000000000000085e-108,1.0000000000000085e-108,1.0000000000000085e-108
अमेरिका  के  राष्ट्रपति  डोनाल्ड  ट्रंप  ने  मंगलवार  को  कहा  कि  होंडुरास  से  अमेरिका  की  ओर  बढ़  रहे  हजारों  शरणार्थियों  के  काफिले  में  आतंकवादी  भी  शामिल  हो  सकते  हैं ।,0.0,0.0,0.0
शनि  को  मनाने  के  लिए  शनि  प्रदोष  व्रत  बहुत  फलदायी  है ।,1.0000000000000123e-156,1.0000000000000123e-156,1.0000000000000123e-156
वह  घर  पर  ही  था ।,1.0000000000000067e-84,1.0000000000000067e-84,1.0000000000000067e-84
फिल्म  के  प्रोमो  में  दिखाए  गए  चरित्र  एकदम  आम  जिंदगी  से  लगते  हैं ।,1.0000000000000141e-180,1.0000000000000141e-180,1.0000000000000141e-180
सेना  नियंत्रण  रेखा  पर  पाकिस्तानी  गोलाबारी  का  जवाब  देने  में  एक  सूझ  बूझ  भरी  रणनीति  के  तहत  काम  कर  रही  है . A,1.0000000000000227e-288,1.0000000000000227e-288,1.0000000000000227e-288
सोहन  लाल  द्विवेदी  की  कविताओं  में  वो  भाव  हुआ  करते  थे  जिनके  हरिवंशराय  बच्चन’ भी  कायल  हो  जाते  थे ।,1.0000000000000199e-252,1.0000000000000199e-252,1.0000000000000199e-252
फिल्म  100 करोड़  क्लब  में  शामिल  होगी  या  नहीं ?,1.0000000000000105e-132,1.0000000000000105e-132,1.0000000000000105e-132
"फोटो  से  पता  चल  रहा  है  कि  जब  यह  फोटो  क्लिक  की  जा  रही  थी , उन्हें  इस  बात  का  बिल्कुल  भी  नहीं  पता  था  कि  वह  भी  कैमरे  में  कैद  हो  रहे  हैं .",0.0,0.0,0.0
बीआरए  बिहार  विश्वविद्यालय  में  स्नातक  में  एडमिशन  को  लेकर  आठ  सितंबर  को  होने  वाली  प्रवेश  परीक्षा  स्थगित  कर  दी  गई  है ।,1.0000000000000217e-276,1.0000000000000217e-276,1.0000000000000217e-276
एक  सप्ताह  तक  हुई  मूसलाधार  बारिश  से  चेन्नई  व  चेन्नई  के  अन्य  इलाके  व  आंध्र  प्रदेश  पानी - पानी  हो  गया ।,1.0000000000000217e-276,1.0000000000000217e-276,1.0000000000000217e-276
लेकिन  जब  रणवीर  सिंह  से  इस  बारे  में  पूछा  गया  तो  उन्होनें  इस  मामले  में  चुप्पी  साध  ली ।,1.000000000000019e-240,1.000000000000019e-240,1.000000000000019e-240
बाड़मेर .,1.0000000000000028e-36,1.0000000000000028e-36,1.0000000000000028e-36
लॉकडाउन  को  लेकर  गैस  की  बुकिंग  में  रोजाना  20 - 30 प्रतिशत  इजाफा  होने  से  गैस  एजेंसियों  पर  बैकलॉग  इन  दिनों  46 हजार  का  आंकड़ा  पार  कर  गया  है ।,0.0,0.0,0.0
"UK Board class 12 th Results 2019 उत्तराखंड  बोर्ड  ऑफ  स्कूल  एजुकेशन  यूबीएसई) ने  कक्षा  12 वीं  बोर्ड  के  परीक्षा  आज  यानी  30 मई , 2019 को  जारी  कर  दिए  हैं ।",0.0,0.0,0.0
आज  विधान  भवन  सहित  आसपास  के  क्षेत्रों  में  रंग  खेला  गया ।,1.0000000000000123e-156,1.0000000000000123e-156,1.0000000000000123e-156
जिसके  बाद  अक्षय  ने  अपनी  शादीशुदा  लाइफ  और  परिवार  को  बचाने  के  लिए  प्रियंका  के  साथ  कभी  काम  न  करने  की  कसम  खाई  थी ।,1e-312,1e-312,1e-312
महात्मा  गांधी  को  भारत  रत्न  देने  संबंधी  ये  याचिका  ऐसे  समय  पर  दायर  की  गई  थी  जब  वैचारिक  रूप  से  उनके  खिलाफ  रहे  वीडी  सावरकर  को  भारत  रत्न  देने  की  मांग  भी  उठ  रही  है ।,0.0,0.0,0.0
"इस  पर  रश्मि  ने  सही  जवाब  दिया , लेकिन  अमिताभ  अभिषेक  की  आवाज  नहीं  पहचान  पाए .",1.0000000000000171e-216,1.0000000000000171e-216,1.0000000000000171e-216
विकास  के  नाम  पर  लोगों  को  ठगती  रहीं ।,1.0000000000000094e-120,1.0000000000000094e-120,1.0000000000000094e-120
प्रापर्टी  डीलर  के  स्वजन  ने  बताया  कि  एक  बदमाश  ने  मास्क  के  साथ  हेलमेट  पहना  हुआ  था ।,1.000000000000018e-228,1.000000000000018e-228,1.000000000000018e-228
एक्सपर्ट  ने  माना  है  कि  यह  बच्चों  समेत  युवाओं  के  लिए  भी  घातक  है ।,1.000000000000015e-192,1.000000000000015e-192,1.000000000000015e-192
साइबर  सेल  की  टीम  ने  उसे  नोएडा  से  गिरफ्तार  किया  है .,1.0000000000000123e-156,1.0000000000000123e-156,1.0000000000000123e-156
हेशाम  शरफ़  ने  ट्रम्प  के  व्यवहार  को  राष्ट्रपति  चुनाव  के  प्रचार  के  दौरान  दिए  गए  उनके  वादों  से  विरोधाभासी  बताते  हुए  कहा  कि  ट्रम्प  ने  अपने  प्रचार  के  दौरान  सऊदियों  पर  हमला  करते  हुए  उन्हें  11 सितंबर  2001 की  घटना  का  ज़िम्मेदार  कहा  था ।,0.0,0.0,0.0
यही  अमरता  होगी .,1.0000000000000048e-60,1.0000000000000048e-60,1.0000000000000048e-60
यद्यापि  मुस्कान  उसके  चेहरे  से  कोसों  दूर  जा  चुकी  थी ।,1.0000000000000113e-144,1.0000000000000113e-144,1.0000000000000113e-144
शेयर  बाजार  में  शाम  के  पहर  तक  बीएसई  हेल्थकेयर  198 अंकों  की  बढत  के  साथ  बंद  हुआ  है ।,1.000000000000019e-240,1.000000000000019e-240,1.000000000000019e-240
इस  तरह  वे  छोटे - छोटे  से  साधन  से  आगे  बढ़ने  और  काम  करते  रहने  के  लिए  प्रोत्साहित  करते  हैं ।,1.000000000000021e-264,1.000000000000021e-264,1.000000000000021e-264
इस  दौरान  वे  दिल्ली  में  थे ।,1.0000000000000076e-96,1.0000000000000076e-96,1.0000000000000076e-96
आलू  में  भरपूर  मात्रा  में  फाइबर  की  मात्रा  होती  है .,1.0000000000000113e-144,1.0000000000000113e-144,1.0000000000000113e-144
संभव  है  कि  किसी  में  अहंकार  अधिक  हो ।,1.0000000000000094e-120,1.0000000000000094e-120,1.0000000000000094e-120
वक्रोक्तिजीवित  में  वक्रोक्ति  को  ही  काव्य  की  आत्मा  माना  गया  है  जिसका  और  आचार्यों  ने  खंडन  किया  है ।,1.000000000000019e-240,1.000000000000019e-240,1.000000000000019e-240
- चलते  वाहनों  से  चोरी  और  चालकों  के  साथ  वारदात  के  प्रयास  ने  बढ़ाई  चिंता  शाजापुर  नईदुनिया  प्रतिनिधि) ।,1.000000000000019e-240,1.000000000000019e-240,1.000000000000019e-240
"लेकिन  भारत  की  राजनीति  में  ज्‍ योति  बासु  के  समय  में  एक  दौर  ऐसा  भी  था , जब  कुछ  राज्यों  में  लेफ्ट  विचार  धारा  वाली  पार्टियों  का  बोलबाला  था ।",0.0,0.0,0.0
ऐसे  में  मेकर्स  चाहते  हैं  कि  फिल्म  की  टीज़र  या  फर्स्ट  लुक  के  पहले  सलमान  का  कोई  भी  लुक  सामने  आकर  फिल्म  की  एक्साइटमेंट  ना  खराब  कर  दे ।,0.0,0.0,0.0
इस  दौरान  उम्मीदवारों  के  चयन  के  लिए  उम्र  की  सीमा  तय  करने  को  लेकर  चर्चा  हुई ।,1.0000000000000171e-216,1.0000000000000171e-216,1.0000000000000171e-216
खजूरबानी  पहले  जैसा  नहीं  रह  गया  है ।,1.0000000000000085e-108,1.0000000000000085e-108,1.0000000000000085e-108
इसे  साल  2013 में  यूनेस्को  विश्व  विरासत  स्थल  घोषित  किया  गया  था ।,1.0000000000000132e-168,1.0000000000000132e-168,1.0000000000000132e-168
अगर  शरीर  में  कार्ब्स  जमा  है  तो  लिवर  किटोन  का  उत्पादन  करता  है .,1.0000000000000141e-180,1.0000000000000141e-180,1.0000000000000141e-180
जनपद  में  विधानसभा  चुनाव  2017 की  घोषणा  होते  ही  सियायतदां  एक - दूसरे  के  खिलाफ  बयानबाजी  करने  लगे  हैं ।,1.0000000000000199e-252,1.0000000000000199e-252,1.0000000000000199e-252
डेंगू  संदिग्ध  महिला  का  नाम  तारा  अख्तर  49 पति  कृष्ण  कुमार  अख्तर  बताया  गया  है ।,1.0000000000000161e-204,1.0000000000000161e-204,1.0000000000000161e-204
आज  दस  जनपथ  पर  कांग्रेस  अध्यक्ष  सोनिया  गांधी  की  अध्यक्षता  में  पार्टी  कार्यसमिति  की  बैठक  में  राहुल  गांधी  को  कांग्रेसअध्यक्ष  बनाने  पर  मुहर  लगा  दी  गयी .,0.0,0.0,0.0
तैमूर  खिड़की  साफ  कर  रहा  होता  है .,1.0000000000000085e-108,1.0000000000000085e-108,1.0000000000000085e-108
आज  अगर  मैं  स्कूलों  में  भोजपुरी  को  पढ़ाना  चाहूं  तो  नहीं  कर  सकता  क्योंकि  वह  संविधान  की  अनुसूची  में  नहीं  है ।,1.0000000000000217e-276,1.0000000000000217e-276,1.0000000000000217e-276
भारत  ने  मैदान  पर  आते  ही  सबसे  अधिक  जोर  फिटनेस  पर  दिया ।,1.0000000000000132e-168,1.0000000000000132e-168,1.0000000000000132e-168
उन्होंने  यह  साफ़  तौर  पर  कहा  था  कि  सरकार  द्वारा  इस  व्यवस्था  के  लिए  किसी  भी  प्रकार  का  कोई  अतिरिक्त  फण्ड  प्रदान  नहीं  किया  जायेगा .,0.0,0.0,0.0
"गावस्कर  ने  ' स्पोर्ट्स  तक ' से  कहा , ' जिस  तरह  से  पाकिस्तान  और  न्यूजीलैंड  के  गेंदबाजों  ने  हमारे  बल्लेबाजों  पर  अंकुश  लगाया , उन्हें  खुलकर  नहीं  खेलने  दिया , यही  मुख्य  कारण  था  कि  भारत  आगे  नहीं  बढ़  पाया ।",0.0,0.0,0.0
अधिकांशतः  समय  की  कमी  का  बहाना  कर  लोग  शारीरिक  क्रियाकलापों  से  दूर  भागते  हैं ।,1.000000000000015e-192,1.000000000000015e-192,1.000000000000015e-192
नौकरशाही  के  संगठन  के  स्वरूप; प्रक्रिया  दृष्टिकोण  आदि  पर  सम्बन्धित  देश  और  काल  का  महत्वपूर्ण  प्रभाव  पड़ता  है ।,1.000000000000019e-240,1.000000000000019e-240,1.000000000000019e-240
"मौसम  विशेषज्ञों  के  अनुसार , नवंबर  15 को  घने  कोहरे  की  उम्मीद  है ।",1.0000000000000141e-180,1.0000000000000141e-180,1.0000000000000141e-180
सैंपल  वाले  व्यक्तियों  को  क्वारंटीन  किया  जा  रहा  है ।,1.0000000000000105e-132,1.0000000000000105e-132,1.0000000000000105e-132
इससे  लगातार  घरेलू  गैस  सिलेंडरों  की  कालाबाजारी  की  बात  भी  सामने  आ  रही  थी ।,1.000000000000015e-192,1.000000000000015e-192,1.000000000000015e-192
परिवार  के  लोग  रोडू  के  बारे  में  थाने  में  आए  थे ।,1.0000000000000123e-156,1.0000000000000123e-156,1.0000000000000123e-156
विरोध  को  देख  अफसरों  ने  कंटेनर  को  सील  कर  जब्त  कर  दिया  है ।,1.0000000000000141e-180,1.0000000000000141e-180,1.0000000000000141e-180
हाल  में  ही  फिल्म  वीरे  दी  वेडिंग’ में  करीना  कपूर  ने  अपनी  मम्मी  के  गाउन  को  री - डिजाइन  करके  पहनती  है ।,1.0000000000000227e-288,1.0000000000000227e-288,1.0000000000000227e-288
न्यास  ने  इस  भूमि  को  मंदिर  के  निर्माण  के  उद्देश्य  से  लिया  था ।,1.0000000000000141e-180,1.0000000000000141e-180,1.0000000000000141e-180
उन्‍ होंने  यह  भी  निर्णय  कर  लिया  कि  फिल्‍ म  का  निर्देशन  रंजीत  तिवारी  करेंगे ।,1.0000000000000161e-204,1.0000000000000161e-204,1.0000000000000161e-204
"1999 में , SRK ने  अभिनेत्री  जूही  चावला  और  निर्देशक  अज़ीज़  मिर्ज़ा  के  साथ  प्रोडक्शन  हाउस , ड्रीमज़  अनलिमिटेड  की  स्थापना  करके  एक  नई  भूमिका  में  कदम  रखा .",0.0,0.0,0.0
दो  बार  उन  लोगों  ने  आत्मसमर्पण  का  वादा  किया  लेकिन  फिर  पलट  गये ।,1.0000000000000141e-180,1.0000000000000141e-180,1.0000000000000141e-180
वे  भूल  जातीं  थीं  कि  उन्हें  तीव्रता  से  नहीं  उठना  है ।,1.0000000000000123e-156,1.0000000000000123e-156,1.0000000000000123e-156
उन्होंने  दुकानदारों  से  मिलावटी  खाद्य  पदार्थ  की  बिक्री  न  करने  की  अपील  की ।,1.0000000000000141e-180,1.0000000000000141e-180,1.0000000000000141e-180
पश्चिम  बंगाल  चुनावों  के  लिए  तृणमूल  कांग्रेस  ने  नया  चुनावी  नारा  ' बांग्ला  नीजेर  मेय  के  ई  चाए ' जारी  किया  है ।,1.0000000000000227e-288,1.0000000000000227e-288,1.0000000000000227e-288
"अगर  आपको  अंडे  खाना  पसंद  है , तो  जरूर  इनका  सेवन  नियमित  करें , क्योंकि  अंडे  में  तमाम  पोषक  तत्व  पाए  जाते  हैं , जो  शरीर  के  लिए  आवश्यक  होते  हैं ।",0.0,0.0,0.0
सिंधिया  को  पार्टी  चेहरा  घोषित  करती  है  तो  कांग्रेस  की  सत्ता  वापसी  तय  है ।,1.000000000000015e-192,1.000000000000015e-192,1.000000000000015e-192
"वहीं  से  रास्ता  खुलता  है , पुलिस  हाउसिंग  कॉलोनी  जाने  का .",1.0000000000000123e-156,1.0000000000000123e-156,1.0000000000000123e-156
गढ़वाल  स्पोर्टिंग  एफसी  की  ओर  से  शुभम  ने  61 वें  मिनट  में  मात्र  एक  गोल  किया ।,1.0000000000000171e-216,1.0000000000000171e-216,1.0000000000000171e-216
इस  दौरान  इनका  हाथ  में  चोट  लगी  थी ।,1.0000000000000094e-120,1.0000000000000094e-120,1.0000000000000094e-120
ढाका  बांग्लादेश  की  राजधानी  ढाका  में  ग्रामीण  विकास  मंत्री  ताज - उल  इसलाम  मंत्री  को  निशाना  बनाकर  किये  गये  बम  विस्फोट  में  दो  पुलसकर्मी  घायल  हो  गये .,0.0,0.0,0.0
इस  अवसर  पर  दीपों  की  रोशनी  से  पूरे  सूर्यकुंड  परिसर  को  रोशन  किया  गया  तो  दर्शन  को  भक्तों  की  भीड़  उमड़  पड़ी ।,1.0000000000000227e-288,1.0000000000000227e-288,1.0000000000000227e-288
दीवारों  पर  पेंट्स  के  स्थान  पर  इस  बार  रॉयल  प्ले  के  नाम  से  प्रोडेक्ट  निकाला  गया  है  जो  मेटेलिक  व  नान  मेटेलिक  में  उपलब्ध  है ।,0.0,0.0,0.0
राष्ट्रपति  की  सुरक्षा  के  लिए  15 सौ  से  अधिक  पुलिस  जवान  के  साथ - साथ  30 से  अधिक  आईपीएस  अधिकारी  तैनात  हैं ।,1.0000000000000227e-288,1.0000000000000227e-288,1.0000000000000227e-288
सैडलर  ने  गुरुकुल  का  खूब  गहरा  अवलोकन  करने  के  बाद  कहा  था - मातृभाषा  के  माध्यम  से  उच्च  शिक्षा  देने  के  परीक्षण  में  गुरुकुल  को  अभूतपूर्व  सफलता  प्राप्त  हुई  है ।,0.0,0.0,0.0
इसलिये  जिले  में  अपराध  कंट्रोल  करने  में  पुलिस  की  मदद  करना  पहला  कर्तव्य  है ।,1.000000000000015e-192,1.000000000000015e-192,1.000000000000015e-192
महोत्सव  30 दिसंबर  से  12 जनवरी  तक  होगा ।,1.0000000000000094e-120,1.0000000000000094e-120,1.0000000000000094e-120
फिल्म  इंडस्ट्री  में  सभी  सीनियर  एक्टर्स  में  वही  हैं  जो  सबसे  फिट  एंड  फाइन  हैं  और  अपनी  उम्र  से  काफी  यंग  नजर  आते  हैं .,1e-312,1e-312,1e-312
डा .,1.0000000000000028e-36,1.0000000000000028e-36,1.0000000000000028e-36
जब  कोई  उनको  इसके  लिए  टोकता  था  तो  वो  ख़ुद  को  जस्टिफाई  करने  लगते  थे ।,1.0000000000000161e-204,1.0000000000000161e-204,1.0000000000000161e-204
इसको  1 मिनट  तक  छोड़ने  के  बाद  ठंडे  पानी  से  धो  लें ।,1.0000000000000132e-168,1.0000000000000132e-168,1.0000000000000132e-168
अंकशास्त्र  में  3 नंबर  बृहस्पति  का  होता  है ।,1.0000000000000094e-120,1.0000000000000094e-120,1.0000000000000094e-120
इनको  अदिति  का  अवतार  भी  माना  जाता  है ।,1.0000000000000094e-120,1.0000000000000094e-120,1.0000000000000094e-120
rs . g,1.0000000000000038e-48,1.0000000000000038e-48,1.0000000000000038e-48
इसका  प्रयोग  करने  के  लिए  खीरे  की  स्‍ लाइस  काट  कर  चेहरे  पर  लगा  लें  और  फिर  15 - 20 मिनट  तक  रखें ।,1.0000000000000237e-300,1.0000000000000237e-300,1.0000000000000237e-300
"यदि  आप  लंबी  अवधि  में  महंगाई  से  निपटना  चाहते  हैं , तो  इक्विटी  म्यूचुअल  फंड  आपके  पोर्टफोलियो  का  एक  हिस्सा  होना  चाहिए ।",1.0000000000000227e-288,1.0000000000000227e-288,1.0000000000000227e-288
हम  केवल  हेकेन  आसि  मोमबत्तियों  का  इस्तेमाल  करते  हैं  वह  महत्वपूर्ण  है ।,1.0000000000000132e-168,1.0000000000000132e-168,1.0000000000000132e-168
जागरण  समूह  के  डायरेक्टर  संदीप  गुप्त  ने  कहा  कि  बरेली  के  रीडर्स  ने  दैनिक  जागरण  को  पहले  दिन  से  अपना  स्नेह  दिया  है  और  वह  आज  भी  बरकरार  है ।,0.0,0.0,0.0
सुबह  भगवान  का  विधि - विधान  से  पूजा - अर्चना  करने  के  बाद  महाप्रसाद  का  भोग  लगाया  गया ।,1.000000000000019e-240,1.000000000000019e-240,1.000000000000019e-240
बांध  के  ओवरफ्लो  से  यह  निश्चित  हो  गया  है  कि  अगले  दो  वर्षों  तक  गुजरात  में  पीने  और  सिंचाई  के  लिए  पानी  की  कोई  समस्या  नहीं  होगी ।,0.0,0.0,0.0
अपने  एयरपॉड्स  प्रो  की  सर्विस  कराने  के  लिए” आप  नजदीकी  ऐप्पल  के  ऑथराइज्ड  अधिकृत) सर्विस  प्रोइवडर  के  पास  जा  सकते  हैं ।,1.0000000000000217e-276,1.0000000000000217e-276,1.0000000000000217e-276
"लेकिन , इसकी  लोकप्रियता  के  बावजूद , इस  तरह  के  कई  मैनीक्योर  अज्ञात  बनी  हुई  है ।",1.0000000000000171e-216,1.0000000000000171e-216,1.0000000000000171e-216
"जालंधर , जेएनएन ।",1.0000000000000048e-60,1.0000000000000048e-60,1.0000000000000048e-60
मैं  धन  विरोधी  नहीं  हूं ।,1.0000000000000067e-84,1.0000000000000067e-84,1.0000000000000067e-84
करीब  1.73 लाख  कैंडिडेट्स  ने  इसके  लिए  पंजीकरण  कराया  था ।,1.0000000000000113e-144,1.0000000000000113e-144,1.0000000000000113e-144
"कृष्ण - सुदामा  से  लेकर  जय - वीरू  तक , दोस्ती  का  रिश्ता  पुरातनकाल  से  ही  सबसे  अनोखा  रिश्ता  रहा  है  और  बात  जब  सियासी  दोस्ती  की  हो  तब  तो  दोस्ती  देखते  ही  बनती  है ।",0.0,0.0,0.0
"इसमें  777 व्यक्ति  सर्दी - खांसी , बुखार  लक्षण  वाले  मिले ।",1.0000000000000123e-156,1.0000000000000123e-156,1.0000000000000123e-156
साथ  ही  फोंडा  में  बडा  आंदोलन  कर  राज्य  एवं  केंद्र  शासन  से  हात  कातरो’ खम्भे  को  संरक्षित  स्मारक  घोषित  करने  की  जोरदार  मांग  की  गई  है ।,0.0,0.0,0.0
नई  दिल्ली .,1.0000000000000038e-48,1.0000000000000038e-48,1.0000000000000038e-48
26 सर्वोत्तम  प्रणालियों  में  १६० शब्द  प्रति  मिनट  से  अधिक  की  परिशुद्धता  को  पाया  गया  है ।,1.0000000000000171e-216,1.0000000000000171e-216,1.0000000000000171e-216
फिर  मैंने  सलवार  सूट  पहन  लिया  और  फिर  मैं  किचन  में  आ  गयी . .,1.000000000000015e-192,1.000000000000015e-192,1.000000000000015e-192
उन्होंने  ने  बताया  कि  जनपद  को  इसके  लिए  50 करोड़  का  लक्ष्य  शासन  से  निर्धारित  किया  गया  है ।,1.000000000000019e-240,1.000000000000019e-240,1.000000000000019e-240
गृह  मंत्री  ने  कहा  कि  असम  का  डिटेंशन  सेंटर  एक  निंरतर  चलने  वाली  प्रक्रिया  के  तहत  बना  है ।,1.000000000000019e-240,1.000000000000019e-240,1.000000000000019e-240
शिकायतकर्ता  मो .,1.0000000000000038e-48,1.0000000000000038e-48,1.0000000000000038e-48
जो  मुस्लिम  एक  सच्चा  देश  भक्त  है  आज  तक  जो  भी  फैसला  सुप्रीम  कोर्ट  या  हाई  कोर्ट  ने  मुस्लिम  धर्म  को  सुनाये  उसे  हमारे  मुस्लिम  चाचा  भाई  सर  झुका  कर  स्वीकार  किया  फैसला  चाहे  जैसा  भी  हो  हिन्दुस्तान  में  मुस्लिम  धर्म  को  लोकतंत्र  पर  विश्वास  हैं  हिन्दुस्तान  में  एक  भी  मुस्लिम  धर्म  गुरु  अरबपति  नहीं  मिलेगा  नहीं  बलात्कारी  हिन्दू  धर्म  में  चार  बच्चा  पौदा  कर  बाबा  बना  हैं .,0.0,0.0,0.0
अब  बात  करते  हैं  मुजीब  के  प्रदर्शन  की ।,1.0000000000000094e-120,1.0000000000000094e-120,1.0000000000000094e-120
अमदाबाद  प्रखंड  के  उत्क्रमित  मध्यविद्यालय  झब्बू  टोला  के  समीप  गंगा  नदी  का  कटाव  आ  गया  है ।,1.0000000000000171e-216,1.0000000000000171e-216,1.0000000000000171e-216
"तब  तक  देर  न  हो  जाये , देश  में  दौलत  करने  वाले  संसाधन  व  सत्ता  में  सुस्थिरता  पैदा  करने  वाली  लोकास्था  पूरी  तरह  लुट  न  जाये , इसके  लिए  बुद्धिजीवी  वर्ग  की  कलम  व  वाणी  को  औजार  बनकर  सत्याग्रह  करने  रहना  है ।",0.0,0.0,0.0
"उद्घाटन  समारोह  में  बोलते  हुए  मुख्यमंत्री  उद्धव  ठाकरे  ने  कहा  कि , दूसरी  कोरोना  लहर  में  ऑक्सीजन  की  कमी  के  कारण  मरीज  को  कई  तरह  की  दिक्कतों  का  सामना  करना  पड़ा ।",0.0,0.0,0.0
एसपी  से  मुलाकात  करने  के  बाद  उन्होने  कलेक्टोरेट  जाकर  अपर  कलेक्टर  श्री  वैष्णव  से  मुलाकात  कर  पीड़ित  को  उचित  मुआवजा  दिए  जाने  की  मांग  की ।,0.0,0.0,0.0
"हां  मैदान  में  पालतू  मवेशी  लगातार  इसका  सेवन  कर  रहे  है , जिसके  चलते  पालतू  मवेशीयो  के  बीमार  होने  की  आशंका  बनी  हुई  हैं ।",1e-312,1e-312,1e-312
इस  जीत  के  साथ  ही  वेस्टइंडीज  ने  लखनऊ  के  अटल  बिहारी  बाजपेयी  इकाना  इंटरनेशनल  स्टेडियम  पर  बुधवार  को  पहली  जीत  का  स्वाद  चखा ।,1.0000000000000237e-300,1.0000000000000237e-300,1.0000000000000237e-300
जब  कोई  यूजर  गूगल  पर  कुछ  सर्च  करता  है  तो  उससे  मिलते  जुलते  शब्दों  से  एक  ट्रेंड  बन  जाता  है  की  किस  टॉपिक  से  सम्बंधित  keywords यूजर  अधिक  सर्च  कर  रहे  है .,0.0,0.0,0.0
उन्होंने  अपनी  मांगों  को  लेकर  सोमवार  को  शहर  में  लक्ष्मण  मंदिर  चैक  से  रैली  निकालने  और  इसके  बाद  मांगों  के  संदर्भ  में  जिला  कलक्टर  को  ज्ञापन  देने  की  बात  भी  कही ।,0.0,0.0,0.0
वहां  उसे  रस्सी  से  खंभे  में  बांधा  और  फिर  कुल्हाड़ी  से  उसका  सिर  अलग  कर  दिया .,1.0000000000000171e-216,1.0000000000000171e-216,1.0000000000000171e-216
मास्टर  ऑफ़  रोल्स’ का  मतलब  मुख्य  न्यायाधीश  के  बाद  दूसरा  सबसे  बड़ा  न्यायाधीश  होता  है .,1.0000000000000161e-204,1.0000000000000161e-204,1.0000000000000161e-204
इसका  मतलब  यह  है  कि  पेमेंट  के  लिए  इसका  इस्तेमाल  नहीं  किया  जा  सकता ।,1.000000000000015e-192,1.000000000000015e-192,1.000000000000015e-192
एक  सप्ताह  के  अन्तराल  पर  1.0 लाख  प्रति  हे .,1.0000000000000105e-132,1.0000000000000105e-132,1.0000000000000105e-132
उन्होंने  रोग  उत्पन्न  करने  वाले  जीवों  को  नष्ट  करने  के  लिए  पाश्चुरीकरण( निर्जीवीकरण) प्रक्रम  को  विकसित  किया ।,1.000000000000018e-228,1.000000000000018e-228,1.000000000000018e-228
"जांच  का  एक  अन्य  क्षेत्र  है  बिग  फ़ाइव  सिद्धांत  का  अधोगामी  विस्तार , या  बचपन  में , पांच  कारक  मॉडल .",1.000000000000021e-264,1.000000000000021e-264,1.000000000000021e-264
यमुना  एक्सप्रेसवे  इंडिस्ट्रयल  डेवलेपमेंट  अथॉरिटी  का  काम  चल  रहा  था ।,1.0000000000000113e-144,1.0000000000000113e-144,1.0000000000000113e-144
मनसे  के  एक  वरिष्ठ  नेता  ने  राज  ठाकरे  के  नया  हिंदू  हृदय  सम्राट’ होने  का  दावा  किया .,1.000000000000018e-228,1.000000000000018e-228,1.000000000000018e-228
"लंबे  समय  में  वजन  कम  करने  के  लिए  Hourglass उत्कृष्ट  है , ऐसा  क्यों  है ?",1.0000000000000161e-204,1.0000000000000161e-204,1.0000000000000161e-204
ऐसे  में  एक  महिला  अभ्यर्थी  मूल  शैक्षिक  प्रमाण  पत्र  के  बजाय  फोटो  स्टेट  कॉपी  लेकर  पहुंची ।,1.0000000000000171e-216,1.0000000000000171e-216,1.0000000000000171e-216
"अंजलि  गुप्ता , मेडिकल  कॉलेज  के  आचार्य  डॉ .",1.0000000000000094e-120,1.0000000000000094e-120,1.0000000000000094e-120
प्रियंका  गांधी  फिलहाल  देश  से  बाहर  हैं  और  फरवरी  में  कामकाज  संभालेंगी .,1.0000000000000132e-168,1.0000000000000132e-168,1.0000000000000132e-168
बिहार  माध्यमिक  शिक्षक  संघ  के  मनोरंजन  कुमार  ने  इस  संबंध  में  बताया  कि  परीक्षक  की  कॉपियों  की  संख्या  भी  देखी  जा  रही  है  कि  किन  कॉपियों  की  जांच  में  उनसे  गड़बड़ी  हुई  है ।,0.0,0.0,0.0
चिंता  करने  से  बचें .,1.0000000000000057e-72,1.0000000000000057e-72,1.0000000000000057e-72
"मुख्यमंत्री  ने  कहा  कि  कोविड - 19 पर  नियंत्रण  के  लिए  एग्रेसिव  ट्रेसिंग , टेस्टिंग  और  ट्रीटमेंट  के  साथ - साथ  तेज  टीकाकरण  की  नीति  को  उत्तर  प्रदेश  ने  बेहतर  ढंग  से  काम  किया  है ।",0.0,0.0,0.0
बुधवार  की  शाम  घटना  के  वक्त  वह  ट्रैक्टर  पर  सवार  था ।,1.0000000000000123e-156,1.0000000000000123e-156,1.0000000000000123e-156
"बाद  में  फ्रीडम  हाउस  में  उन्होंने  ट्रंप  से  कहा , ' मुझे  नहीं  लगता  कि  आपके  और  हमारे  बीच  उत्कृष्ट  व्यक्तिगत  संबंधों  के  बिना  ऐसी  अप्रत्याशित  बैठक  हो  पाती । '",0.0,0.0,0.0
छठ  पूजा  चार  दिवसीय  उत्सव  है ।,1.0000000000000076e-96,1.0000000000000076e-96,1.0000000000000076e-96
"आरोपित  पर  हत्या , लूट , चोरी  डकैती  के  एक  दर्जन  भर  मामले  दर्ज  है ।",1.0000000000000161e-204,1.0000000000000161e-204,1.0000000000000161e-204
"मवेशी  में  25 बैल , 17 केड़े , जब्त  किए  गए ।",1.0000000000000123e-156,1.0000000000000123e-156,1.0000000000000123e-156
"बलविन्द्र  सिंह  सिद्दू , डायरेैक्टर  बागवानी  डा .",1.0000000000000085e-108,1.0000000000000085e-108,1.0000000000000085e-108
ओखला  से  कैनाल  में  पानी  का  डिस्चार्ज  कम  कराने  के  साथ  एकत्र  पानी  भरतपुर  फीडर  में  डायवर्ट  किया  गया ।,1.0000000000000199e-252,1.0000000000000199e-252,1.0000000000000199e-252
लेकिन  बारिश  और  एमएनएनआईटी  एडमिनिस्ट्रेशन  की  सख्ती  के  चलते  स्टूडेंट्स  प्रोटेस्ट  नहीं  कर  सके ।,1.000000000000015e-192,1.000000000000015e-192,1.000000000000015e-192
DD - WRT डिफ़ॉल्ट  में  प्रवेश  करके  अपने  ब्राउज़र  के  कंट्रोल  पैनल  पर  पहुँचें  राउटर  आईपी  एड्रेस  आपके  ब्राउज़र  के  पता  बार  में ।,1.0000000000000237e-300,1.0000000000000237e-300,1.0000000000000237e-300
नोटिस  16 मई  को  दिया  गया ।,1.0000000000000076e-96,1.0000000000000076e-96,1.0000000000000076e-96
जनसहयोग  और  प्रशासकीय  टीम  के  प्रयासों  से  जिला  कोरोनामुक्त  हुआ  है ।,1.0000000000000123e-156,1.0000000000000123e-156,1.0000000000000123e-156
"हालांकि  बाबूलाल  गौर  से  जब  मत्रिमंडल  को  लेकर  सवाल  किया  गया , तो  उन्होंने  कुछ  भी  बोलने  से  इंकार  किया ।",1.000000000000021e-264,1.000000000000021e-264,1.000000000000021e-264
यहां  के  नेता  अपनी  हवा’ बनाने  के  लिए  भागे - भागे  फिरते  हैं ।,1.0000000000000141e-180,1.0000000000000141e-180,1.0000000000000141e-180
महिला  की  तहरीर  के  आधार  पर  आरोपी  यात्री  को  गिरफ्तार  कर  लिया  गया ।,1.0000000000000141e-180,1.0000000000000141e-180,1.0000000000000141e-180
पीयूष  ने  जो  मुकाम  पाया  है  वो  इसलिए  भी  तारीफ  के  काबिल  है  क्‍ योंकि  यह  संघर्षों  से  मिला  है ।,1.000000000000021e-264,1.000000000000021e-264,1.000000000000021e-264
अशोकनगर .,1.0000000000000028e-36,1.0000000000000028e-36,1.0000000000000028e-36
पूर्व  निर्धारित  कार्यक्रम  के  तहत  शुक्रवार  को  तहसील  परिसर  में  बार  एसोसिएशन  के  नवनिर्वाचित  पदाधिकारियों  के  शपथ  ग्रहण  समारोह  का  आयोजन  किया  गया ।,1.0000000000000237e-300,1.0000000000000237e-300,1.0000000000000237e-300
सद्गुरु  स्वामीगल  ने  देवभूमि  उत्तराखंड  को  और  विशेष  रूप  से  तीर्थनगरी  ऋषिकेश  के  अनुभवों  को  बेहद  दिव्य  एवं  अनुपम  बताया ।,1.000000000000021e-264,1.000000000000021e-264,1.000000000000021e-264
टीकमगढ़ ।,1.0000000000000028e-36,1.0000000000000028e-36,1.0000000000000028e-36
यह  ध्यान  रखने  की  बात  है  कि  रेलवे  द्वारा  हमेशा  यात्री  परिचालन  को  सस्ता  बनाए  रखा  गया  है ।,1.000000000000019e-240,1.000000000000019e-240,1.000000000000019e-240
"हिमपात  से  लेकर  रेतीली  आँधी  में  पानी  का  काम , तालाबों  का  काम  करने  वाले  गजधरों  का  कितना  बड़ा  संगठन  खड़ा  किया  गया  होगा ।",1e-312,1e-312,1e-312
